# Blender 5.0.1
# www.blender.org
mtllib poop.mtl
o Cube.042
v 0.136701 -0.115983 0.662910
v 0.136701 0.155279 0.662910
v 0.136701 -0.115983 0.439796
v 0.136701 0.155279 0.439796
v 0.359815 -0.115983 0.662910
v 0.359815 0.155279 0.662910
v 0.359815 -0.115983 0.439796
v 0.359815 0.155279 0.439796
v 0.128865 -0.125509 0.457902
v 0.120428 -0.135767 0.485166
v 0.114471 -0.143010 0.517127
v 0.112255 -0.145704 0.551353
v 0.114471 -0.143010 0.585579
v 0.120428 -0.135767 0.617540
v 0.128865 -0.125509 0.644804
v 0.128865 -0.093970 0.670745
v 0.120428 -0.060822 0.679182
v 0.114471 -0.021964 0.685140
v 0.112255 0.019648 0.687356
v 0.114471 0.061260 0.685140
v 0.120428 0.100118 0.679182
v 0.128865 0.133266 0.670745
v 0.128865 0.164805 0.644804
v 0.120428 0.175063 0.617540
v 0.114471 0.182306 0.585579
v 0.112255 0.185001 0.551353
v 0.114471 0.182306 0.517127
v 0.120428 0.175063 0.485166
v 0.128865 0.164805 0.457902
v 0.128865 0.133266 0.431961
v 0.120428 0.100118 0.423523
v 0.114471 0.061260 0.417566
v 0.112255 0.019648 0.415350
v 0.114471 -0.021964 0.417566
v 0.120428 -0.060822 0.423523
v 0.128865 -0.093970 0.431961
v 0.341709 -0.125509 0.431961
v 0.314444 -0.135767 0.423524
v 0.282483 -0.143010 0.417566
v 0.248258 -0.145704 0.415350
v 0.214032 -0.143010 0.417566
v 0.182071 -0.135767 0.423523
v 0.154806 -0.125509 0.431961
v 0.154806 0.164805 0.431960
v 0.182071 0.175063 0.423523
v 0.214032 0.182306 0.417566
v 0.248258 0.185001 0.415350
v 0.282483 0.182306 0.417566
v 0.314444 0.175063 0.423523
v 0.341709 0.164805 0.431961
v 0.367650 0.133266 0.431961
v 0.376087 0.100118 0.423523
v 0.382045 0.061260 0.417566
v 0.384261 0.019648 0.415350
v 0.382045 -0.021964 0.417566
v 0.376087 -0.060822 0.423523
v 0.367650 -0.093970 0.431961
v 0.367650 -0.125509 0.644804
v 0.376087 -0.135767 0.617540
v 0.382045 -0.143010 0.585579
v 0.384261 -0.145704 0.551353
v 0.382045 -0.143010 0.517127
v 0.376087 -0.135767 0.485166
v 0.367650 -0.125509 0.457902
v 0.367650 0.164805 0.457902
v 0.376087 0.175063 0.485166
v 0.382045 0.182306 0.517127
v 0.384261 0.185001 0.551353
v 0.382045 0.182306 0.585579
v 0.376087 0.175063 0.617540
v 0.367650 0.164805 0.644804
v 0.367650 0.133266 0.670745
v 0.376087 0.100118 0.679182
v 0.382045 0.061260 0.685140
v 0.384261 0.019648 0.687356
v 0.382045 -0.021964 0.685140
v 0.376087 -0.060822 0.679182
v 0.367650 -0.093970 0.670745
v 0.154806 -0.125509 0.670745
v 0.182071 -0.135767 0.679182
v 0.214032 -0.143010 0.685140
v 0.248258 -0.145704 0.687356
v 0.282483 -0.143010 0.685140
v 0.314444 -0.135767 0.679182
v 0.341709 -0.125509 0.670745
v 0.341709 0.164805 0.670745
v 0.314444 0.175063 0.679182
v 0.282483 0.182306 0.685140
v 0.248258 0.185001 0.687356
v 0.214032 0.182306 0.685140
v 0.182071 0.175063 0.679182
v 0.154806 0.164805 0.670745
v 0.112055 -0.097472 0.647684
v 0.100080 -0.062540 0.652937
v 0.092518 -0.022693 0.657198
v 0.089858 0.019648 0.658891
v 0.092518 0.061990 0.657198
v 0.100080 0.101836 0.652937
v 0.112055 0.136768 0.647684
v 0.100080 -0.103858 0.618952
v 0.085610 -0.066113 0.621892
v 0.076807 -0.024273 0.624550
v 0.073821 0.019648 0.625681
v 0.076807 0.063570 0.624550
v 0.085610 0.105409 0.621892
v 0.100080 0.143154 0.618952
v 0.092518 -0.109039 0.586179
v 0.076807 -0.069345 0.587478
v 0.067343 -0.025811 0.588743
v 0.064175 0.019648 0.589308
v 0.067343 0.065107 0.588743
v 0.076807 0.108641 0.587478
v 0.092518 0.148335 0.586179
v 0.089858 -0.111097 0.551353
v 0.073821 -0.070720 0.551353
v 0.064175 -0.026498 0.551353
v 0.060952 0.019648 0.551353
v 0.064175 0.065794 0.551353
v 0.073821 0.110016 0.551353
v 0.089858 0.150393 0.551353
v 0.092518 -0.109039 0.516527
v 0.076807 -0.069345 0.515227
v 0.067343 -0.025811 0.513963
v 0.064175 0.019648 0.513398
v 0.067343 0.065107 0.513963
v 0.076807 0.108641 0.515227
v 0.092518 0.148335 0.516527
v 0.100080 -0.103858 0.483753
v 0.085610 -0.066113 0.480814
v 0.076807 -0.024273 0.478156
v 0.073821 0.019648 0.477024
v 0.076807 0.063570 0.478156
v 0.085610 0.105409 0.480814
v 0.100080 0.143154 0.483753
v 0.112055 -0.097472 0.455021
v 0.100080 -0.062540 0.449769
v 0.092518 -0.022694 0.445508
v 0.089858 0.019648 0.443815
v 0.092518 0.061990 0.445507
v 0.100080 0.101836 0.449768
v 0.112055 0.136768 0.455021
v 0.151926 -0.097472 0.415150
v 0.146673 -0.062540 0.403175
v 0.142412 -0.022694 0.395613
v 0.140719 0.019648 0.392953
v 0.142412 0.061990 0.395613
v 0.146673 0.101836 0.403175
v 0.151926 0.136768 0.415150
v 0.180658 -0.103858 0.403175
v 0.177719 -0.066113 0.388705
v 0.175061 -0.024273 0.379903
v 0.173929 0.019648 0.376916
v 0.175061 0.063570 0.379903
v 0.177719 0.105409 0.388705
v 0.180658 0.143154 0.403175
v 0.213432 -0.109039 0.395613
v 0.212132 -0.069345 0.379903
v 0.210868 -0.025811 0.370438
v 0.210303 0.019648 0.367270
v 0.210868 0.065107 0.370438
v 0.212132 0.108641 0.379903
v 0.213432 0.148335 0.395613
v 0.248258 -0.111097 0.392953
v 0.248258 -0.070720 0.376916
v 0.248258 -0.026498 0.367270
v 0.248258 0.019648 0.364047
v 0.248258 0.065794 0.367270
v 0.248258 0.110016 0.376916
v 0.248258 0.150393 0.392953
v 0.283084 -0.109039 0.395613
v 0.284383 -0.069345 0.379903
v 0.285648 -0.025811 0.370438
v 0.286213 0.019648 0.367270
v 0.285648 0.065107 0.370438
v 0.284383 0.108641 0.379903
v 0.283084 0.148335 0.395613
v 0.315857 -0.103858 0.403175
v 0.318797 -0.066113 0.388705
v 0.321455 -0.024273 0.379903
v 0.322586 0.019648 0.376916
v 0.321455 0.063570 0.379903
v 0.318797 0.105409 0.388705
v 0.315857 0.143154 0.403175
v 0.344589 -0.097472 0.415150
v 0.349842 -0.062540 0.403175
v 0.354103 -0.022694 0.395613
v 0.355796 0.019648 0.392953
v 0.354103 0.061990 0.395613
v 0.349842 0.101836 0.403175
v 0.344589 0.136768 0.415150
v 0.384460 -0.097472 0.455021
v 0.396435 -0.062540 0.449769
v 0.403997 -0.022694 0.445508
v 0.406657 0.019648 0.443815
v 0.403997 0.061990 0.445507
v 0.396435 0.101836 0.449768
v 0.384460 0.136768 0.455021
v 0.396435 -0.103858 0.483753
v 0.410905 -0.066113 0.480814
v 0.419708 -0.024273 0.478156
v 0.422695 0.019648 0.477024
v 0.419708 0.063570 0.478156
v 0.410905 0.105409 0.480814
v 0.396435 0.143154 0.483753
v 0.403997 -0.109039 0.516527
v 0.419708 -0.069345 0.515227
v 0.429172 -0.025811 0.513963
v 0.432341 0.019648 0.513398
v 0.429172 0.065107 0.513963
v 0.419708 0.108641 0.515227
v 0.403997 0.148335 0.516527
v 0.406657 -0.111097 0.551353
v 0.422695 -0.070720 0.551353
v 0.432341 -0.026498 0.551353
v 0.435563 0.019648 0.551353
v 0.432341 0.065794 0.551353
v 0.422695 0.110016 0.551353
v 0.406657 0.150393 0.551353
v 0.403997 -0.109039 0.586179
v 0.419708 -0.069345 0.587478
v 0.429172 -0.025811 0.588743
v 0.432341 0.019648 0.589308
v 0.429172 0.065107 0.588743
v 0.419708 0.108641 0.587478
v 0.403997 0.148335 0.586179
v 0.396435 -0.103858 0.618952
v 0.410905 -0.066113 0.621892
v 0.419708 -0.024273 0.624550
v 0.422695 0.019648 0.625681
v 0.419708 0.063570 0.624550
v 0.410905 0.105409 0.621892
v 0.396435 0.143154 0.618952
v 0.384460 -0.097472 0.647684
v 0.396435 -0.062540 0.652937
v 0.403997 -0.022693 0.657198
v 0.406657 0.019648 0.658891
v 0.403997 0.061990 0.657198
v 0.396435 0.101836 0.652937
v 0.384460 0.136768 0.647684
v 0.344589 -0.097472 0.687555
v 0.349842 -0.062540 0.699530
v 0.354103 -0.022693 0.707092
v 0.355796 0.019648 0.709752
v 0.354103 0.061990 0.707092
v 0.349842 0.101836 0.699530
v 0.344589 0.136768 0.687555
v 0.315857 -0.103858 0.699530
v 0.318797 -0.066113 0.714001
v 0.321455 -0.024273 0.722803
v 0.322586 0.019648 0.725790
v 0.321455 0.063570 0.722803
v 0.318797 0.105409 0.714001
v 0.315857 0.143154 0.699530
v 0.283084 -0.109039 0.707092
v 0.284383 -0.069345 0.722803
v 0.285648 -0.025811 0.732267
v 0.286213 0.019648 0.735436
v 0.285648 0.065107 0.732267
v 0.284383 0.108641 0.722803
v 0.283084 0.148335 0.707092
v 0.248258 -0.111097 0.709752
v 0.248258 -0.070720 0.725790
v 0.248258 -0.026498 0.735436
v 0.248258 0.019648 0.738658
v 0.248258 0.065794 0.735436
v 0.248258 0.110016 0.725790
v 0.248258 0.150393 0.709752
v 0.213432 -0.109039 0.707092
v 0.212132 -0.069345 0.722803
v 0.210868 -0.025811 0.732267
v 0.210303 0.019648 0.735436
v 0.210868 0.065107 0.732267
v 0.212132 0.108641 0.722803
v 0.213432 0.148335 0.707092
v 0.180658 -0.103858 0.699530
v 0.177719 -0.066113 0.714001
v 0.175061 -0.024273 0.722803
v 0.173929 0.019648 0.725790
v 0.175061 0.063570 0.722803
v 0.177719 0.105409 0.714001
v 0.180658 0.143154 0.699530
v 0.151926 -0.097472 0.687555
v 0.146673 -0.062540 0.699530
v 0.142412 -0.022693 0.707092
v 0.140719 0.019648 0.709752
v 0.142412 0.061990 0.707092
v 0.146673 0.101836 0.699530
v 0.151926 0.136768 0.687555
v 0.151926 -0.145947 0.455021
v 0.180658 -0.160506 0.449769
v 0.213432 -0.169700 0.445508
v 0.248258 -0.172934 0.443815
v 0.283084 -0.169700 0.445508
v 0.315857 -0.160506 0.449769
v 0.344589 -0.145947 0.455021
v 0.146673 -0.160506 0.483753
v 0.177719 -0.178099 0.480814
v 0.212132 -0.188801 0.478156
v 0.248258 -0.192432 0.477025
v 0.284383 -0.188801 0.478156
v 0.318797 -0.178099 0.480814
v 0.349842 -0.160506 0.483753
v 0.142412 -0.169700 0.516527
v 0.175061 -0.188801 0.515227
v 0.210868 -0.200308 0.513963
v 0.248258 -0.204160 0.513398
v 0.285648 -0.200308 0.513963
v 0.321455 -0.188801 0.515227
v 0.354103 -0.169700 0.516527
v 0.140719 -0.172934 0.551353
v 0.173929 -0.192432 0.551353
v 0.210303 -0.204160 0.551353
v 0.248258 -0.208078 0.551353
v 0.286213 -0.204160 0.551353
v 0.322586 -0.192432 0.551353
v 0.355796 -0.172934 0.551353
v 0.142412 -0.169700 0.586179
v 0.175061 -0.188801 0.587478
v 0.210868 -0.200308 0.588743
v 0.248258 -0.204160 0.589308
v 0.285648 -0.200308 0.588743
v 0.321455 -0.188801 0.587478
v 0.354103 -0.169700 0.586179
v 0.146673 -0.160506 0.618952
v 0.177719 -0.178099 0.621892
v 0.212132 -0.188801 0.624550
v 0.248258 -0.192432 0.625681
v 0.284383 -0.188801 0.624550
v 0.318797 -0.178099 0.621892
v 0.349842 -0.160506 0.618953
v 0.151926 -0.145947 0.647684
v 0.180658 -0.160506 0.652937
v 0.213432 -0.169700 0.657198
v 0.248258 -0.172934 0.658891
v 0.283084 -0.169700 0.657198
v 0.315857 -0.160506 0.652937
v 0.344589 -0.145947 0.647684
v 0.344589 0.185243 0.455021
v 0.315857 0.199802 0.449768
v 0.283084 0.208996 0.445507
v 0.248258 0.212230 0.443815
v 0.213432 0.208996 0.445507
v 0.180658 0.199802 0.449768
v 0.151926 0.185243 0.455021
v 0.349842 0.199802 0.483753
v 0.318797 0.217395 0.480814
v 0.284383 0.228097 0.478156
v 0.248258 0.231728 0.477024
v 0.212132 0.228097 0.478156
v 0.177719 0.217395 0.480814
v 0.146673 0.199802 0.483753
v 0.354103 0.208996 0.516527
v 0.321455 0.228097 0.515227
v 0.285648 0.239604 0.513963
v 0.248258 0.243456 0.513398
v 0.210868 0.239604 0.513963
v 0.175061 0.228097 0.515227
v 0.142412 0.208996 0.516527
v 0.355796 0.212230 0.551353
v 0.322586 0.231728 0.551353
v 0.286213 0.243456 0.551353
v 0.248258 0.247374 0.551353
v 0.210303 0.243456 0.551353
v 0.173929 0.231728 0.551353
v 0.140719 0.212230 0.551353
v 0.354103 0.208996 0.586179
v 0.321455 0.228097 0.587478
v 0.285648 0.239604 0.588743
v 0.248258 0.243456 0.589308
v 0.210868 0.239604 0.588743
v 0.175061 0.228097 0.587478
v 0.142412 0.208996 0.586179
v 0.349842 0.199802 0.618952
v 0.318797 0.217395 0.621892
v 0.284383 0.228097 0.624550
v 0.248258 0.231728 0.625681
v 0.212132 0.228097 0.624550
v 0.177719 0.217395 0.621892
v 0.146673 0.199802 0.618952
v 0.344589 0.185243 0.647684
v 0.315857 0.199802 0.652937
v 0.283084 0.208996 0.657198
v 0.248258 0.212230 0.658891
v 0.213432 0.208996 0.657198
v 0.180658 0.199802 0.652937
v 0.151926 0.185243 0.647684
vn -0.7623 -0.4113 0.4997
vn -0.8933 -0.2859 0.3468
vn -0.8301 -0.4378 0.3454
vn -0.8097 -0.2773 0.5172
vn -0.9266 -0.1430 0.3477
vn -0.8380 -0.1424 0.5268
vn -0.9377 -0.0000 0.3476
vn -0.8380 0.1424 0.5268
vn -0.8481 -0.0000 0.5299
vn -0.8097 0.2773 0.5172
vn -0.9266 0.1430 0.3477
vn -0.7623 0.4113 0.4997
vn -0.8933 0.2859 0.3468
vn -0.9403 -0.2914 0.1760
vn -0.8727 -0.4538 0.1802
vn -0.9745 -0.1428 0.1730
vn -0.9852 -0.0000 0.1716
vn -0.9745 0.1428 0.1730
vn -0.8301 0.4378 0.3454
vn -0.9403 0.2914 0.1760
vn -0.9561 -0.2931 -0.0000
vn -0.8881 -0.4596 -0.0000
vn -0.9898 -0.1425 -0.0000
vn -1.0000 -0.0000 -0.0000
vn -0.9898 0.1425 -0.0000
vn -0.8727 0.4538 0.1802
vn -0.9561 0.2931 -0.0000
vn -0.8727 -0.4538 -0.1802
vn -0.9403 -0.2914 -0.1760
vn -0.9745 -0.1428 -0.1730
vn -0.9745 0.1428 -0.1730
vn -0.9852 -0.0000 -0.1716
vn -0.9403 0.2914 -0.1760
vn -0.8727 0.4538 -0.1802
vn -0.8301 -0.4378 -0.3454
vn -0.8933 -0.2859 -0.3467
vn -0.9266 -0.1430 -0.3477
vn -0.9266 0.1430 -0.3477
vn -0.9377 -0.0000 -0.3476
vn -0.8933 0.2859 -0.3468
vn -0.8301 0.4378 -0.3454
vn -0.7623 -0.4113 -0.4997
vn -0.8097 -0.2773 -0.5172
vn -0.8380 -0.1424 -0.5268
vn -0.8380 0.1424 -0.5268
vn -0.8481 -0.0000 -0.5299
vn -0.8097 0.2773 -0.5172
vn -0.7623 0.4113 -0.4997
vn -0.6114 -0.5023 0.6114
vn -0.6722 -0.5556 0.4894
vn -0.6512 -0.3897 0.6512
vn -0.6804 -0.2724 0.6804
vn -0.6999 -0.1420 0.6999
vn -0.6999 0.1420 0.6999
vn -0.7071 -0.0000 0.7071
vn -0.6804 0.2724 0.6804
vn -0.6512 0.3897 0.6512
vn -0.6114 0.5023 0.6114
vn -0.6722 0.5556 0.4894
vn -0.7210 0.5969 0.3520
vn -0.7565 0.6267 0.1868
vn -0.8881 0.4596 -0.0000
vn -0.7565 0.6267 -0.1868
vn -0.7210 0.5969 -0.3520
vn -0.6722 0.5556 -0.4894
vn -0.6114 0.5023 -0.6114
vn -0.6512 0.3897 -0.6512
vn -0.6804 0.2724 -0.6804
vn -0.6999 0.1420 -0.6999
vn -0.7071 -0.0000 -0.7071
vn -0.6999 -0.1420 -0.6999
vn -0.6804 -0.2724 -0.6804
vn -0.6512 -0.3897 -0.6512
vn -0.6114 -0.5023 -0.6114
vn -0.6722 -0.5556 -0.4894
vn -0.7210 -0.5969 -0.3520
vn -0.7565 -0.6267 -0.1868
vn -0.7699 -0.6382 -0.0000
vn -0.7565 -0.6267 0.1868
vn -0.7210 -0.5969 0.3520
vn -0.4997 -0.4113 -0.7623
vn -0.3468 -0.2859 -0.8933
vn -0.3454 -0.4378 -0.8301
vn -0.5172 -0.2773 -0.8097
vn -0.3477 -0.1430 -0.9266
vn -0.5268 -0.1424 -0.8380
vn -0.3476 -0.0000 -0.9377
vn -0.5268 0.1424 -0.8380
vn -0.5299 -0.0000 -0.8481
vn -0.5172 0.2773 -0.8097
vn -0.3477 0.1430 -0.9266
vn -0.4997 0.4113 -0.7623
vn -0.3468 0.2859 -0.8933
vn -0.1760 -0.2914 -0.9403
vn -0.1802 -0.4538 -0.8727
vn -0.1730 -0.1428 -0.9745
vn -0.1716 -0.0000 -0.9852
vn -0.1730 0.1428 -0.9745
vn -0.3454 0.4378 -0.8301
vn -0.1760 0.2914 -0.9403
vn -0.0000 -0.2931 -0.9561
vn -0.0000 -0.4596 -0.8881
vn -0.0000 -0.1425 -0.9898
vn -0.0000 -0.0000 -1.0000
vn -0.0000 0.1425 -0.9898
vn -0.1802 0.4538 -0.8727
vn -0.0000 0.2931 -0.9561
vn 0.1802 -0.4538 -0.8727
vn 0.1760 -0.2914 -0.9403
vn 0.1730 -0.1428 -0.9745
vn 0.1730 0.1428 -0.9745
vn 0.1716 -0.0000 -0.9852
vn 0.1760 0.2914 -0.9403
vn 0.1802 0.4538 -0.8727
vn 0.3454 -0.4378 -0.8301
vn 0.3467 -0.2859 -0.8933
vn 0.3477 -0.1430 -0.9266
vn 0.3477 0.1430 -0.9266
vn 0.3476 -0.0000 -0.9377
vn 0.3468 0.2859 -0.8933
vn 0.3454 0.4378 -0.8301
vn 0.4997 -0.4113 -0.7623
vn 0.5172 -0.2773 -0.8097
vn 0.5268 -0.1424 -0.8380
vn 0.5268 0.1424 -0.8380
vn 0.5299 -0.0000 -0.8481
vn 0.5172 0.2773 -0.8097
vn 0.4997 0.4113 -0.7623
vn -0.4894 -0.5556 -0.6722
vn -0.4894 0.5556 -0.6722
vn -0.3520 0.5969 -0.7210
vn -0.1868 0.6267 -0.7565
vn -0.0000 0.4596 -0.8881
vn 0.1868 0.6267 -0.7565
vn 0.3520 0.5969 -0.7210
vn 0.4894 0.5556 -0.6722
vn 0.6114 0.5023 -0.6114
vn 0.6512 0.3897 -0.6512
vn 0.6804 0.2724 -0.6804
vn 0.6999 0.1420 -0.6999
vn 0.7071 -0.0000 -0.7071
vn 0.6999 -0.1420 -0.6999
vn 0.6804 -0.2724 -0.6804
vn 0.6512 -0.3897 -0.6512
vn 0.6114 -0.5023 -0.6114
vn 0.4894 -0.5556 -0.6722
vn 0.3520 -0.5969 -0.7210
vn 0.1868 -0.6267 -0.7565
vn -0.0000 -0.6382 -0.7699
vn -0.1868 -0.6267 -0.7565
vn -0.3520 -0.5969 -0.7210
vn 0.7623 -0.4113 -0.4997
vn 0.8933 -0.2859 -0.3468
vn 0.8301 -0.4378 -0.3454
vn 0.8097 -0.2773 -0.5172
vn 0.9266 -0.1430 -0.3477
vn 0.8380 -0.1424 -0.5268
vn 0.9377 -0.0000 -0.3476
vn 0.8380 0.1424 -0.5268
vn 0.8481 -0.0000 -0.5299
vn 0.8097 0.2773 -0.5172
vn 0.9266 0.1430 -0.3477
vn 0.7623 0.4113 -0.4997
vn 0.8933 0.2859 -0.3467
vn 0.9403 -0.2914 -0.1760
vn 0.8727 -0.4538 -0.1802
vn 0.9745 -0.1428 -0.1730
vn 0.9852 -0.0000 -0.1716
vn 0.9745 0.1428 -0.1730
vn 0.8301 0.4378 -0.3454
vn 0.9403 0.2914 -0.1760
vn 0.9561 -0.2931 -0.0000
vn 0.8881 -0.4596 -0.0000
vn 0.9898 -0.1425 -0.0000
vn 1.0000 -0.0000 -0.0000
vn 0.9898 0.1425 -0.0000
vn 0.8727 0.4538 -0.1802
vn 0.9561 0.2931 -0.0000
vn 0.8727 -0.4538 0.1802
vn 0.9403 -0.2914 0.1760
vn 0.9745 -0.1428 0.1730
vn 0.9745 0.1428 0.1730
vn 0.9852 -0.0000 0.1716
vn 0.9403 0.2914 0.1760
vn 0.8727 0.4538 0.1802
vn 0.8301 -0.4378 0.3454
vn 0.8933 -0.2859 0.3468
vn 0.9266 -0.1430 0.3477
vn 0.9266 0.1430 0.3477
vn 0.9377 -0.0000 0.3476
vn 0.8933 0.2859 0.3468
vn 0.8301 0.4378 0.3454
vn 0.7623 -0.4113 0.4997
vn 0.8097 -0.2773 0.5172
vn 0.8380 -0.1424 0.5268
vn 0.8380 0.1424 0.5268
vn 0.8481 -0.0000 0.5299
vn 0.8097 0.2773 0.5172
vn 0.7623 0.4113 0.4997
vn 0.6722 -0.5556 -0.4894
vn 0.6722 0.5556 -0.4894
vn 0.7210 0.5969 -0.3520
vn 0.7565 0.6267 -0.1868
vn 0.8881 0.4596 -0.0000
vn 0.7565 0.6267 0.1868
vn 0.7210 0.5969 0.3520
vn 0.6722 0.5556 0.4894
vn 0.6114 0.5023 0.6114
vn 0.6512 0.3897 0.6512
vn 0.6804 0.2724 0.6804
vn 0.6999 0.1420 0.6999
vn 0.7071 -0.0000 0.7071
vn 0.6999 -0.1420 0.6999
vn 0.6804 -0.2724 0.6804
vn 0.6512 -0.3897 0.6512
vn 0.6114 -0.5023 0.6114
vn 0.6722 -0.5556 0.4894
vn 0.7210 -0.5969 0.3520
vn 0.7565 -0.6267 0.1868
vn 0.7699 -0.6382 -0.0000
vn 0.7565 -0.6267 -0.1868
vn 0.7210 -0.5969 -0.3520
vn 0.4997 -0.4113 0.7623
vn 0.3468 -0.2859 0.8933
vn 0.3454 -0.4378 0.8301
vn 0.5172 -0.2773 0.8097
vn 0.3477 -0.1430 0.9266
vn 0.5268 -0.1424 0.8380
vn 0.3476 -0.0000 0.9377
vn 0.5268 0.1424 0.8380
vn 0.5299 -0.0000 0.8481
vn 0.5172 0.2773 0.8097
vn 0.3477 0.1430 0.9266
vn 0.4997 0.4113 0.7623
vn 0.3467 0.2859 0.8933
vn 0.1760 -0.2914 0.9403
vn 0.1802 -0.4538 0.8727
vn 0.1730 -0.1428 0.9745
vn 0.1716 -0.0000 0.9852
vn 0.1730 0.1428 0.9745
vn 0.3454 0.4378 0.8301
vn 0.1760 0.2914 0.9403
vn -0.0000 -0.2931 0.9561
vn -0.0000 -0.4596 0.8881
vn -0.0000 -0.1425 0.9898
vn -0.0000 -0.0000 1.0000
vn -0.0000 0.1425 0.9898
vn 0.1802 0.4538 0.8727
vn -0.0000 0.2931 0.9561
vn -0.1802 -0.4538 0.8727
vn -0.1760 -0.2914 0.9403
vn -0.1730 -0.1428 0.9745
vn -0.1730 0.1428 0.9745
vn -0.1716 -0.0000 0.9852
vn -0.1760 0.2914 0.9403
vn -0.1802 0.4538 0.8727
vn -0.3454 -0.4378 0.8301
vn -0.3467 -0.2859 0.8933
vn -0.3477 -0.1430 0.9266
vn -0.3477 0.1430 0.9266
vn -0.3476 -0.0000 0.9377
vn -0.3468 0.2859 0.8933
vn -0.3454 0.4378 0.8301
vn -0.4997 -0.4113 0.7623
vn -0.5172 -0.2773 0.8097
vn -0.5268 -0.1424 0.8380
vn -0.5268 0.1424 0.8380
vn -0.5299 -0.0000 0.8481
vn -0.5172 0.2773 0.8097
vn -0.4997 0.4113 0.7623
vn 0.4894 -0.5556 0.6722
vn 0.4894 0.5556 0.6722
vn 0.3520 0.5969 0.7210
vn 0.1868 0.6267 0.7565
vn -0.0000 0.4596 0.8881
vn -0.1868 0.6267 0.7565
vn -0.3520 0.5969 0.7210
vn -0.4894 0.5556 0.6722
vn -0.4894 -0.5556 0.6722
vn -0.3520 -0.5969 0.7210
vn -0.1868 -0.6267 0.7565
vn -0.0000 -0.6382 0.7699
vn 0.1868 -0.6267 0.7565
vn 0.3520 -0.5969 0.7210
vn -0.3708 -0.7352 -0.5674
vn -0.5674 -0.7352 -0.3708
vn -0.5279 -0.6652 -0.5279
vn -0.2016 -0.8921 -0.4043
vn -0.3911 -0.8331 -0.3911
vn -0.1948 -0.7815 -0.5928
vn -0.0000 -0.9127 -0.4087
vn 0.1948 -0.7815 -0.5928
vn -0.0000 -0.7986 -0.6018
vn 0.3708 -0.7352 -0.5674
vn 0.2016 -0.8921 -0.4043
vn 0.5674 -0.7352 -0.3708
vn 0.3911 -0.8331 -0.3911
vn -0.4043 -0.8921 -0.2016
vn -0.5928 -0.7815 -0.1948
vn -0.2052 -0.9569 -0.2052
vn -0.0000 -0.9785 -0.2061
vn 0.2052 -0.9569 -0.2052
vn 0.4043 -0.8921 -0.2016
vn -0.4087 -0.9127 -0.0000
vn -0.6018 -0.7986 -0.0000
vn -0.2061 -0.9785 -0.0000
vn -0.0000 -1.0000 -0.0000
vn 0.2061 -0.9785 -0.0000
vn 0.5928 -0.7815 -0.1948
vn 0.4087 -0.9127 -0.0000
vn -0.5928 -0.7815 0.1948
vn -0.4043 -0.8921 0.2016
vn -0.2052 -0.9569 0.2052
vn 0.2052 -0.9569 0.2052
vn -0.0000 -0.9785 0.2061
vn 0.4043 -0.8921 0.2016
vn 0.5928 -0.7815 0.1948
vn -0.5674 -0.7352 0.3708
vn -0.3911 -0.8331 0.3911
vn -0.2016 -0.8921 0.4043
vn 0.2016 -0.8921 0.4043
vn -0.0000 -0.9127 0.4087
vn 0.3911 -0.8331 0.3911
vn 0.5674 -0.7352 0.3708
vn -0.3708 -0.7352 0.5674
vn -0.5279 -0.6652 0.5279
vn -0.1948 -0.7815 0.5928
vn 0.1948 -0.7815 0.5928
vn -0.0000 -0.7986 0.6018
vn 0.3708 -0.7352 0.5674
vn 0.5279 -0.6652 -0.5279
vn 0.6018 -0.7986 -0.0000
vn 0.5279 -0.6652 0.5279
vn 0.3708 0.7352 -0.5674
vn 0.5674 0.7352 -0.3708
vn 0.5279 0.6652 -0.5279
vn 0.2016 0.8921 -0.4043
vn 0.3911 0.8331 -0.3911
vn 0.1948 0.7815 -0.5928
vn -0.0000 0.9127 -0.4087
vn -0.1948 0.7815 -0.5928
vn -0.0000 0.7986 -0.6018
vn -0.3708 0.7352 -0.5674
vn -0.2016 0.8921 -0.4043
vn -0.5674 0.7352 -0.3708
vn -0.3911 0.8331 -0.3911
vn 0.4043 0.8921 -0.2016
vn 0.5928 0.7815 -0.1948
vn 0.2052 0.9569 -0.2052
vn -0.0000 0.9785 -0.2061
vn -0.2052 0.9569 -0.2052
vn -0.4043 0.8921 -0.2016
vn 0.4087 0.9127 -0.0000
vn 0.6018 0.7986 -0.0000
vn 0.2061 0.9785 -0.0000
vn -0.0000 1.0000 -0.0000
vn -0.2061 0.9785 -0.0000
vn -0.5928 0.7815 -0.1948
vn -0.4087 0.9127 -0.0000
vn 0.5928 0.7815 0.1948
vn 0.4043 0.8921 0.2016
vn 0.2052 0.9569 0.2052
vn -0.2052 0.9569 0.2052
vn -0.0000 0.9785 0.2061
vn -0.4043 0.8921 0.2016
vn -0.5928 0.7815 0.1948
vn 0.5674 0.7352 0.3708
vn 0.3911 0.8331 0.3911
vn 0.2016 0.8921 0.4043
vn -0.2016 0.8921 0.4043
vn -0.0000 0.9127 0.4087
vn -0.3911 0.8331 0.3911
vn -0.5674 0.7352 0.3708
vn 0.3708 0.7352 0.5674
vn 0.5279 0.6652 0.5279
vn 0.1948 0.7815 0.5928
vn -0.1948 0.7815 0.5928
vn -0.0000 0.7986 0.6018
vn -0.3708 0.7352 0.5674
vn -0.0000 0.6382 -0.7699
vn -0.5279 0.6652 -0.5279
vn -0.7699 0.6382 -0.0000
vn -0.6018 0.7986 -0.0000
vn -0.5279 0.6652 0.5279
vn -0.0000 0.6382 0.7699
vn 0.7699 0.6382 -0.0000
vt 0.406250 0.031250
vt 0.437500 0.062500
vt 0.406250 0.062500
vt 0.437500 0.031250
vt 0.468750 0.062500
vt 0.468750 0.031250
vt 0.500000 0.062500
vt 0.531250 0.031250
vt 0.500000 0.031250
vt 0.562500 0.031250
vt 0.531250 0.062500
vt 0.593750 0.031250
vt 0.562500 0.062500
vt 0.437500 0.093750
vt 0.406250 0.093750
vt 0.468750 0.093750
vt 0.500000 0.093750
vt 0.531250 0.093750
vt 0.593750 0.062500
vt 0.562500 0.093750
vt 0.437500 0.125000
vt 0.406250 0.125000
vt 0.468750 0.125000
vt 0.500000 0.125000
vt 0.531250 0.125000
vt 0.593750 0.093750
vt 0.562500 0.125000
vt 0.406250 0.156250
vt 0.437500 0.156250
vt 0.468750 0.156250
vt 0.531250 0.156250
vt 0.500000 0.156250
vt 0.562500 0.156250
vt 0.593750 0.156250
vt 0.406250 0.187500
vt 0.437500 0.187500
vt 0.468750 0.187500
vt 0.531250 0.187500
vt 0.500000 0.187500
vt 0.562500 0.187500
vt 0.593750 0.187500
vt 0.406250 0.218750
vt 0.437500 0.218750
vt 0.468750 0.218750
vt 0.531250 0.218750
vt 0.500000 0.218750
vt 0.562500 0.218750
vt 0.593750 0.218750
vt 0.375000 0.000000
vt 0.375000 0.031250
vt 0.406250 0.000000
vt 0.437500 0.000000
vt 0.468750 0.000000
vt 0.531250 0.000000
vt 0.500000 0.000000
vt 0.562500 0.000000
vt 0.593750 0.000000
vt 0.625000 0.000000
vt 0.625000 0.031250
vt 0.625000 0.062500
vt 0.625000 0.093750
vt 0.593750 0.125000
vt 0.625000 0.156250
vt 0.625000 0.187500
vt 0.625000 0.218750
vt 0.625000 0.250000
vt 0.593750 0.250000
vt 0.562500 0.250000
vt 0.531250 0.250000
vt 0.500000 0.250000
vt 0.468750 0.250000
vt 0.437500 0.250000
vt 0.406250 0.250000
vt 0.375000 0.250000
vt 0.375000 0.218750
vt 0.375000 0.187500
vt 0.375000 0.156250
vt 0.375000 0.125000
vt 0.375000 0.093750
vt 0.375000 0.062500
vt 0.406250 0.281250
vt 0.437500 0.312500
vt 0.406250 0.312500
vt 0.437500 0.281250
vt 0.468750 0.312500
vt 0.468750 0.281250
vt 0.500000 0.312500
vt 0.531250 0.281250
vt 0.500000 0.281250
vt 0.562500 0.281250
vt 0.531250 0.312500
vt 0.593750 0.281250
vt 0.562500 0.312500
vt 0.437500 0.343750
vt 0.406250 0.343750
vt 0.468750 0.343750
vt 0.500000 0.343750
vt 0.531250 0.343750
vt 0.593750 0.312500
vt 0.562500 0.343750
vt 0.437500 0.375000
vt 0.406250 0.375000
vt 0.468750 0.375000
vt 0.500000 0.375000
vt 0.531250 0.375000
vt 0.593750 0.343750
vt 0.562500 0.375000
vt 0.406250 0.406250
vt 0.437500 0.406250
vt 0.468750 0.406250
vt 0.531250 0.406250
vt 0.500000 0.406250
vt 0.562500 0.406250
vt 0.593750 0.406250
vt 0.406250 0.437500
vt 0.437500 0.437500
vt 0.468750 0.437500
vt 0.531250 0.437500
vt 0.500000 0.437500
vt 0.562500 0.437500
vt 0.593750 0.437500
vt 0.406250 0.468750
vt 0.437500 0.468750
vt 0.468750 0.468750
vt 0.531250 0.468750
vt 0.500000 0.468750
vt 0.562500 0.468750
vt 0.593750 0.468750
vt 0.375000 0.281250
vt 0.625000 0.281250
vt 0.625000 0.312500
vt 0.625000 0.343750
vt 0.593750 0.375000
vt 0.625000 0.406250
vt 0.625000 0.437500
vt 0.625000 0.468750
vt 0.625000 0.500000
vt 0.593750 0.500000
vt 0.562500 0.500000
vt 0.531250 0.500000
vt 0.500000 0.500000
vt 0.468750 0.500000
vt 0.437500 0.500000
vt 0.406250 0.500000
vt 0.375000 0.500000
vt 0.375000 0.468750
vt 0.375000 0.437500
vt 0.375000 0.406250
vt 0.375000 0.375000
vt 0.375000 0.343750
vt 0.375000 0.312500
vt 0.406250 0.531250
vt 0.437500 0.562500
vt 0.406250 0.562500
vt 0.437500 0.531250
vt 0.468750 0.562500
vt 0.468750 0.531250
vt 0.500000 0.562500
vt 0.531250 0.531250
vt 0.500000 0.531250
vt 0.562500 0.531250
vt 0.531250 0.562500
vt 0.593750 0.531250
vt 0.562500 0.562500
vt 0.437500 0.593750
vt 0.406250 0.593750
vt 0.468750 0.593750
vt 0.500000 0.593750
vt 0.531250 0.593750
vt 0.593750 0.562500
vt 0.562500 0.593750
vt 0.437500 0.625000
vt 0.406250 0.625000
vt 0.468750 0.625000
vt 0.500000 0.625000
vt 0.531250 0.625000
vt 0.593750 0.593750
vt 0.562500 0.625000
vt 0.406250 0.656250
vt 0.437500 0.656250
vt 0.468750 0.656250
vt 0.531250 0.656250
vt 0.500000 0.656250
vt 0.562500 0.656250
vt 0.593750 0.656250
vt 0.406250 0.687500
vt 0.437500 0.687500
vt 0.468750 0.687500
vt 0.531250 0.687500
vt 0.500000 0.687500
vt 0.562500 0.687500
vt 0.593750 0.687500
vt 0.406250 0.718750
vt 0.437500 0.718750
vt 0.468750 0.718750
vt 0.531250 0.718750
vt 0.500000 0.718750
vt 0.562500 0.718750
vt 0.593750 0.718750
vt 0.375000 0.531250
vt 0.625000 0.531250
vt 0.625000 0.562500
vt 0.625000 0.593750
vt 0.593750 0.625000
vt 0.625000 0.656250
vt 0.625000 0.687500
vt 0.625000 0.718750
vt 0.625000 0.750000
vt 0.593750 0.750000
vt 0.562500 0.750000
vt 0.531250 0.750000
vt 0.500000 0.750000
vt 0.468750 0.750000
vt 0.437500 0.750000
vt 0.406250 0.750000
vt 0.375000 0.750000
vt 0.375000 0.718750
vt 0.375000 0.687500
vt 0.375000 0.656250
vt 0.375000 0.625000
vt 0.375000 0.593750
vt 0.375000 0.562500
vt 0.406250 0.781250
vt 0.437500 0.812500
vt 0.406250 0.812500
vt 0.437500 0.781250
vt 0.468750 0.812500
vt 0.468750 0.781250
vt 0.500000 0.812500
vt 0.531250 0.781250
vt 0.500000 0.781250
vt 0.562500 0.781250
vt 0.531250 0.812500
vt 0.593750 0.781250
vt 0.562500 0.812500
vt 0.437500 0.843750
vt 0.406250 0.843750
vt 0.468750 0.843750
vt 0.500000 0.843750
vt 0.531250 0.843750
vt 0.593750 0.812500
vt 0.562500 0.843750
vt 0.437500 0.875000
vt 0.406250 0.875000
vt 0.468750 0.875000
vt 0.500000 0.875000
vt 0.531250 0.875000
vt 0.593750 0.843750
vt 0.562500 0.875000
vt 0.406250 0.906250
vt 0.437500 0.906250
vt 0.468750 0.906250
vt 0.531250 0.906250
vt 0.500000 0.906250
vt 0.562500 0.906250
vt 0.593750 0.906250
vt 0.406250 0.937500
vt 0.437500 0.937500
vt 0.468750 0.937500
vt 0.531250 0.937500
vt 0.500000 0.937500
vt 0.562500 0.937500
vt 0.593750 0.937500
vt 0.406250 0.968750
vt 0.437500 0.968750
vt 0.468750 0.968750
vt 0.531250 0.968750
vt 0.500000 0.968750
vt 0.562500 0.968750
vt 0.593750 0.968750
vt 0.375000 0.781250
vt 0.625000 0.781250
vt 0.625000 0.812500
vt 0.625000 0.843750
vt 0.593750 0.875000
vt 0.625000 0.906250
vt 0.625000 0.937500
vt 0.625000 0.968750
vt 0.625000 1.000000
vt 0.593750 1.000000
vt 0.562500 1.000000
vt 0.531250 1.000000
vt 0.500000 1.000000
vt 0.468750 1.000000
vt 0.437500 1.000000
vt 0.406250 1.000000
vt 0.375000 1.000000
vt 0.375000 0.968750
vt 0.375000 0.937500
vt 0.375000 0.906250
vt 0.375000 0.875000
vt 0.375000 0.843750
vt 0.375000 0.812500
vt 0.187500 0.531250
vt 0.156250 0.562500
vt 0.156250 0.531250
vt 0.218750 0.562500
vt 0.187500 0.562500
vt 0.218750 0.531250
vt 0.250000 0.562500
vt 0.281250 0.531250
vt 0.250000 0.531250
vt 0.312500 0.531250
vt 0.281250 0.562500
vt 0.343750 0.562500
vt 0.312500 0.562500
vt 0.187500 0.593750
vt 0.156250 0.593750
vt 0.218750 0.593750
vt 0.250000 0.593750
vt 0.281250 0.593750
vt 0.312500 0.593750
vt 0.187500 0.625000
vt 0.156250 0.625000
vt 0.218750 0.625000
vt 0.250000 0.625000
vt 0.281250 0.625000
vt 0.343750 0.593750
vt 0.312500 0.625000
vt 0.156250 0.656250
vt 0.187500 0.656250
vt 0.218750 0.656250
vt 0.281250 0.656250
vt 0.250000 0.656250
vt 0.312500 0.656250
vt 0.343750 0.656250
vt 0.156250 0.687500
vt 0.187500 0.687500
vt 0.218750 0.687500
vt 0.281250 0.687500
vt 0.250000 0.687500
vt 0.312500 0.687500
vt 0.343750 0.687500
vt 0.187500 0.718750
vt 0.156250 0.718750
vt 0.218750 0.718750
vt 0.281250 0.718750
vt 0.250000 0.718750
vt 0.312500 0.718750
vt 0.125000 0.500000
vt 0.125000 0.531250
vt 0.187500 0.500000
vt 0.156250 0.500000
vt 0.218750 0.500000
vt 0.250000 0.500000
vt 0.281250 0.500000
vt 0.312500 0.500000
vt 0.343750 0.531250
vt 0.343750 0.500000
vt 0.343750 0.625000
vt 0.343750 0.718750
vt 0.343750 0.750000
vt 0.312500 0.750000
vt 0.281250 0.750000
vt 0.250000 0.750000
vt 0.218750 0.750000
vt 0.187500 0.750000
vt 0.156250 0.750000
vt 0.125000 0.750000
vt 0.125000 0.718750
vt 0.125000 0.687500
vt 0.125000 0.656250
vt 0.125000 0.625000
vt 0.125000 0.593750
vt 0.125000 0.562500
vt 0.687500 0.531250
vt 0.656250 0.562500
vt 0.656250 0.531250
vt 0.718750 0.562500
vt 0.687500 0.562500
vt 0.718750 0.531250
vt 0.750000 0.562500
vt 0.781250 0.531250
vt 0.750000 0.531250
vt 0.812500 0.531250
vt 0.781250 0.562500
vt 0.843750 0.562500
vt 0.812500 0.562500
vt 0.687500 0.593750
vt 0.656250 0.593750
vt 0.718750 0.593750
vt 0.750000 0.593750
vt 0.781250 0.593750
vt 0.812500 0.593750
vt 0.687500 0.625000
vt 0.656250 0.625000
vt 0.718750 0.625000
vt 0.750000 0.625000
vt 0.781250 0.625000
vt 0.843750 0.593750
vt 0.812500 0.625000
vt 0.656250 0.656250
vt 0.687500 0.656250
vt 0.718750 0.656250
vt 0.781250 0.656250
vt 0.750000 0.656250
vt 0.812500 0.656250
vt 0.843750 0.656250
vt 0.656250 0.687500
vt 0.687500 0.687500
vt 0.718750 0.687500
vt 0.781250 0.687500
vt 0.750000 0.687500
vt 0.812500 0.687500
vt 0.843750 0.687500
vt 0.687500 0.718750
vt 0.656250 0.718750
vt 0.718750 0.718750
vt 0.781250 0.718750
vt 0.750000 0.718750
vt 0.812500 0.718750
vt 0.687500 0.500000
vt 0.656250 0.500000
vt 0.718750 0.500000
vt 0.750000 0.500000
vt 0.781250 0.500000
vt 0.812500 0.500000
vt 0.843750 0.531250
vt 0.875000 0.500000
vt 0.843750 0.500000
vt 0.875000 0.562500
vt 0.875000 0.593750
vt 0.875000 0.625000
vt 0.843750 0.625000
vt 0.875000 0.656250
vt 0.875000 0.687500
vt 0.843750 0.718750
vt 0.875000 0.750000
vt 0.843750 0.750000
vt 0.812500 0.750000
vt 0.781250 0.750000
vt 0.750000 0.750000
vt 0.718750 0.750000
vt 0.687500 0.750000
vt 0.656250 0.750000
vt 0.625000 0.625000
vt 0.625000 0.125000
vt 0.625000 0.375000
vt 0.625000 0.875000
vt 0.875000 0.531250
vt 0.875000 0.718750
s 1
usemtl Eye
f 93/1/1 101/2/2 100/3/3
f 94/4/4 102/5/5 101/2/2
f 95/6/6 103/7/7 102/5/5
f 97/8/8 103/7/7 96/9/9
f 98/10/10 104/11/11 97/8/8
f 99/12/12 105/13/13 98/10/10
f 100/3/3 108/14/14 107/15/15
f 101/2/2 109/16/16 108/14/14
f 102/5/5 110/17/17 109/16/16
f 104/11/11 110/17/17 103/7/7
f 105/13/13 111/18/18 104/11/11
f 106/19/19 112/20/20 105/13/13
f 107/15/15 115/21/21 114/22/22
f 108/14/14 116/23/23 115/21/21
f 109/16/16 117/24/24 116/23/23
f 111/18/18 117/24/24 110/17/17
f 112/20/20 118/25/25 111/18/18
f 113/26/26 119/27/27 112/20/20
f 115/21/21 121/28/28 114/22/22
f 116/23/23 122/29/29 115/21/21
f 117/24/24 123/30/30 116/23/23
f 117/24/24 125/31/31 124/32/32
f 118/25/25 126/33/33 125/31/31
f 119/27/27 127/34/34 126/33/33
f 122/29/29 128/35/35 121/28/28
f 123/30/30 129/36/36 122/29/29
f 124/32/32 130/37/37 123/30/30
f 124/32/32 132/38/38 131/39/39
f 125/31/31 133/40/40 132/38/38
f 126/33/33 134/41/41 133/40/40
f 129/36/36 135/42/42 128/35/35
f 130/37/37 136/43/43 129/36/36
f 131/39/39 137/44/44 130/37/37
f 131/39/39 139/45/45 138/46/46
f 132/38/38 140/47/47 139/45/45
f 133/40/40 141/48/48 140/47/47
f 1/49/49 93/1/1 15/50/50
f 16/51/51 94/4/4 93/1/1
f 17/52/52 95/6/6 94/4/4
f 18/53/53 96/9/9 95/6/6
f 20/54/54 96/9/9 19/55/55
f 21/56/56 97/8/8 20/54/54
f 22/57/57 98/10/10 21/56/56
f 2/58/58 99/12/12 22/57/57
f 23/59/59 106/19/19 99/12/12
f 24/60/60 113/26/26 106/19/19
f 25/61/61 120/62/62 113/26/26
f 120/62/62 27/63/63 127/34/34
f 127/34/34 28/64/64 134/41/41
f 134/41/41 29/65/65 141/48/48
f 141/48/48 4/66/66 30/67/67
f 140/47/47 30/67/67 31/68/68
f 139/45/45 31/68/68 32/69/69
f 138/46/46 32/69/69 33/70/70
f 138/46/46 34/71/71 137/44/44
f 137/44/44 35/72/72 136/43/43
f 136/43/43 36/73/73 135/42/42
f 135/42/42 3/74/74 9/75/75
f 128/35/35 9/75/75 10/76/76
f 121/28/28 10/76/76 11/77/77
f 114/22/22 11/77/77 12/78/78
f 13/79/79 114/22/22 12/78/78
f 14/80/80 107/15/15 13/79/79
f 15/50/50 100/3/3 14/80/80
f 142/81/81 150/82/82 149/83/83
f 143/84/84 151/85/85 150/82/82
f 144/86/86 152/87/87 151/85/85
f 146/88/88 152/87/87 145/89/89
f 147/90/90 153/91/91 146/88/88
f 148/92/92 154/93/93 147/90/90
f 149/83/83 157/94/94 156/95/95
f 150/82/82 158/96/96 157/94/94
f 151/85/85 159/97/97 158/96/96
f 153/91/91 159/97/97 152/87/87
f 154/93/93 160/98/98 153/91/91
f 155/99/99 161/100/100 154/93/93
f 156/95/95 164/101/101 163/102/102
f 157/94/94 165/103/103 164/101/101
f 158/96/96 166/104/104 165/103/103
f 160/98/98 166/104/104 159/97/97
f 161/100/100 167/105/105 160/98/98
f 162/106/106 168/107/107 161/100/100
f 164/101/101 170/108/108 163/102/102
f 165/103/103 171/109/109 164/101/101
f 166/104/104 172/110/110 165/103/103
f 166/104/104 174/111/111 173/112/112
f 167/105/105 175/113/113 174/111/111
f 168/107/107 176/114/114 175/113/113
f 171/109/109 177/115/115 170/108/108
f 172/110/110 178/116/116 171/109/109
f 173/112/112 179/117/117 172/110/110
f 173/112/112 181/118/118 180/119/119
f 174/111/111 182/120/120 181/118/118
f 175/113/113 183/121/121 182/120/120
f 178/116/116 184/122/122 177/115/115
f 179/117/117 185/123/123 178/116/116
f 180/119/119 186/124/124 179/117/117
f 180/119/119 188/125/125 187/126/126
f 181/118/118 189/127/127 188/125/125
f 182/120/120 190/128/128 189/127/127
f 3/74/74 142/81/81 43/129/129
f 36/73/73 143/84/84 142/81/81
f 35/72/72 144/86/86 143/84/84
f 34/71/71 145/89/89 144/86/86
f 32/69/69 145/89/89 33/70/70
f 31/68/68 146/88/88 32/69/69
f 30/67/67 147/90/90 31/68/68
f 4/66/66 148/92/92 30/67/67
f 44/130/130 155/99/99 148/92/92
f 45/131/131 162/106/106 155/99/99
f 46/132/132 169/133/133 162/106/106
f 169/133/133 48/134/134 176/114/114
f 176/114/114 49/135/135 183/121/121
f 183/121/121 50/136/136 190/128/128
f 190/128/128 8/137/137 51/138/138
f 189/127/127 51/138/138 52/139/139
f 188/125/125 52/139/139 53/140/140
f 187/126/126 53/140/140 54/141/141
f 187/126/126 55/142/142 186/124/124
f 186/124/124 56/143/143 185/123/123
f 185/123/123 57/144/144 184/122/122
f 184/122/122 7/145/145 37/146/146
f 177/115/115 37/146/146 38/147/147
f 170/108/108 38/147/147 39/148/148
f 163/102/102 39/148/148 40/149/149
f 41/150/150 163/102/102 40/149/149
f 42/151/151 156/95/95 41/150/150
f 43/129/129 149/83/83 42/151/151
f 191/152/152 199/153/153 198/154/154
f 192/155/155 200/156/156 199/153/153
f 193/157/157 201/158/158 200/156/156
f 195/159/159 201/158/158 194/160/160
f 196/161/161 202/162/162 195/159/159
f 197/163/163 203/164/164 196/161/161
f 198/154/154 206/165/165 205/166/166
f 199/153/153 207/167/167 206/165/165
f 200/156/156 208/168/168 207/167/167
f 202/162/162 208/168/168 201/158/158
f 203/164/164 209/169/169 202/162/162
f 204/170/170 210/171/171 203/164/164
f 205/166/166 213/172/172 212/173/173
f 206/165/165 214/174/174 213/172/172
f 207/167/167 215/175/175 214/174/174
f 209/169/169 215/175/175 208/168/168
f 210/171/171 216/176/176 209/169/169
f 211/177/177 217/178/178 210/171/171
f 213/172/172 219/179/179 212/173/173
f 214/174/174 220/180/180 213/172/172
f 215/175/175 221/181/181 214/174/174
f 215/175/175 223/182/182 222/183/183
f 216/176/176 224/184/184 223/182/182
f 217/178/178 225/185/185 224/184/184
f 220/180/180 226/186/186 219/179/179
f 221/181/181 227/187/187 220/180/180
f 222/183/183 228/188/188 221/181/181
f 222/183/183 230/189/189 229/190/190
f 223/182/182 231/191/191 230/189/189
f 224/184/184 232/192/192 231/191/191
f 227/187/187 233/193/193 226/186/186
f 228/188/188 234/194/194 227/187/187
f 229/190/190 235/195/195 228/188/188
f 229/190/190 237/196/196 236/197/197
f 230/189/189 238/198/198 237/196/196
f 231/191/191 239/199/199 238/198/198
f 7/145/145 191/152/152 64/200/200
f 57/144/144 192/155/155 191/152/152
f 56/143/143 193/157/157 192/155/155
f 55/142/142 194/160/160 193/157/157
f 53/140/140 194/160/160 54/141/141
f 52/139/139 195/159/159 53/140/140
f 51/138/138 196/161/161 52/139/139
f 8/137/137 197/163/163 51/138/138
f 65/201/201 204/170/170 197/163/163
f 66/202/202 211/177/177 204/170/170
f 67/203/203 218/204/204 211/177/177
f 218/204/204 69/205/205 225/185/185
f 225/185/185 70/206/206 232/192/192
f 232/192/192 71/207/207 239/199/199
f 239/199/199 6/208/208 72/209/209
f 238/198/198 72/209/209 73/210/210
f 237/196/196 73/210/210 74/211/211
f 236/197/197 74/211/211 75/212/212
f 236/197/197 76/213/213 235/195/195
f 235/195/195 77/214/214 234/194/194
f 234/194/194 78/215/215 233/193/193
f 233/193/193 5/216/216 58/217/217
f 226/186/186 58/217/217 59/218/218
f 219/179/179 59/218/218 60/219/219
f 212/173/173 60/219/219 61/220/220
f 62/221/221 212/173/173 61/220/220
f 63/222/222 205/166/166 62/221/221
f 64/200/200 198/154/154 63/222/222
f 240/223/223 248/224/224 247/225/225
f 241/226/226 249/227/227 248/224/224
f 242/228/228 250/229/229 249/227/227
f 244/230/230 250/229/229 243/231/231
f 245/232/232 251/233/233 244/230/230
f 246/234/234 252/235/235 245/232/232
f 247/225/225 255/236/236 254/237/237
f 248/224/224 256/238/238 255/236/236
f 249/227/227 257/239/239 256/238/238
f 251/233/233 257/239/239 250/229/229
f 252/235/235 258/240/240 251/233/233
f 253/241/241 259/242/242 252/235/235
f 254/237/237 262/243/243 261/244/244
f 255/236/236 263/245/245 262/243/243
f 256/238/238 264/246/246 263/245/245
f 258/240/240 264/246/246 257/239/239
f 259/242/242 265/247/247 258/240/240
f 260/248/248 266/249/249 259/242/242
f 262/243/243 268/250/250 261/244/244
f 263/245/245 269/251/251 262/243/243
f 264/246/246 270/252/252 263/245/245
f 264/246/246 272/253/253 271/254/254
f 265/247/247 273/255/255 272/253/253
f 266/249/249 274/256/256 273/255/255
f 269/251/251 275/257/257 268/250/250
f 270/252/252 276/258/258 269/251/251
f 271/254/254 277/259/259 270/252/252
f 271/254/254 279/260/260 278/261/261
f 272/253/253 280/262/262 279/260/260
f 273/255/255 281/263/263 280/262/262
f 276/258/258 282/264/264 275/257/257
f 277/259/259 283/265/265 276/258/258
f 278/261/261 284/266/266 277/259/259
f 278/261/261 286/267/267 285/268/268
f 279/260/260 287/269/269 286/267/267
f 280/262/262 288/270/270 287/269/269
f 5/216/216 240/223/223 85/271/271
f 78/215/215 241/226/226 240/223/223
f 77/214/214 242/228/228 241/226/226
f 76/213/213 243/231/231 242/228/228
f 74/211/211 243/231/231 75/212/212
f 73/210/210 244/230/230 74/211/211
f 72/209/209 245/232/232 73/210/210
f 6/208/208 246/234/234 72/209/209
f 86/272/272 253/241/241 246/234/234
f 87/273/273 260/248/248 253/241/241
f 88/274/274 267/275/275 260/248/248
f 267/275/275 90/276/276 274/256/256
f 274/256/256 91/277/277 281/263/263
f 281/263/263 92/278/278 288/270/270
f 288/270/270 2/279/58 22/280/57
f 287/269/269 22/280/57 21/281/56
f 286/267/267 21/281/56 20/282/54
f 285/268/268 20/282/54 19/283/55
f 285/268/268 18/284/53 284/266/266
f 284/266/266 17/285/52 283/265/265
f 283/265/265 16/286/51 282/264/264
f 282/264/264 1/287/49 79/288/279
f 275/257/257 79/288/279 80/289/280
f 268/250/250 80/289/280 81/290/281
f 261/244/244 81/290/281 82/291/282
f 83/292/283 261/244/244 82/291/282
f 84/293/284 254/237/237 83/292/283
f 85/271/271 247/225/225 84/293/284
f 290/294/285 296/295/286 289/296/287
f 290/294/285 298/297/288 297/298/289
f 291/299/290 299/300/291 298/297/288
f 293/301/292 299/300/291 292/302/293
f 294/303/294 300/304/295 293/301/292
f 294/303/294 302/305/296 301/306/297
f 296/295/286 304/307/298 303/308/299
f 297/298/289 305/309/300 304/307/298
f 298/297/288 306/310/301 305/309/300
f 300/304/295 306/310/301 299/300/291
f 301/306/297 307/311/302 300/304/295
f 302/305/296 308/312/303 301/306/297
f 303/308/299 311/313/304 310/314/305
f 304/307/298 312/315/306 311/313/304
f 305/309/300 313/316/307 312/315/306
f 307/311/302 313/316/307 306/310/301
f 308/312/303 314/317/308 307/311/302
f 309/318/309 315/319/310 308/312/303
f 311/313/304 317/320/311 310/314/305
f 312/315/306 318/321/312 311/313/304
f 313/316/307 319/322/313 312/315/306
f 313/316/307 321/323/314 320/324/315
f 314/317/308 322/325/316 321/323/314
f 315/319/310 323/326/317 322/325/316
f 318/321/312 324/327/318 317/320/311
f 319/322/313 325/328/319 318/321/312
f 320/324/315 326/329/320 319/322/313
f 320/324/315 328/330/321 327/331/322
f 321/323/314 329/332/323 328/330/321
f 322/325/316 330/333/324 329/332/323
f 324/327/318 332/334/325 331/335/326
f 326/329/320 332/334/325 325/328/319
f 327/331/322 333/336/327 326/329/320
f 327/331/322 335/337/328 334/338/329
f 328/330/321 336/339/330 335/337/328
f 330/333/324 336/339/330 329/332/323
f 3/340/74 289/296/287 9/341/75
f 42/342/151 289/296/287 43/343/129
f 41/344/150 290/294/285 42/342/151
f 40/345/149 291/299/290 41/344/150
f 40/345/149 293/301/292 292/302/293
f 39/346/148 294/303/294 293/301/292
f 38/347/147 295/348/331 294/303/294
f 7/145/145 295/348/331 37/349/146
f 295/348/331 63/222/222 302/305/296
f 302/305/296 62/221/221 309/318/309
f 309/318/309 61/220/220 316/350/332
f 61/220/220 323/326/317 316/350/332
f 60/219/219 330/333/324 323/326/317
f 59/218/218 337/351/333 330/333/324
f 337/351/333 5/216/216 85/352/271
f 337/351/333 84/353/284 336/339/330
f 336/339/330 83/354/283 335/337/328
f 335/337/328 82/355/282 334/338/329
f 333/336/327 82/355/282 81/356/281
f 332/334/325 81/356/281 80/357/280
f 331/335/326 80/357/280 79/358/279
f 331/335/326 1/359/49 15/360/50
f 14/361/80 331/335/326 15/360/50
f 13/362/79 324/327/318 14/361/80
f 12/363/78 317/320/311 13/362/79
f 303/308/299 12/363/78 11/364/77
f 296/295/286 11/364/77 10/365/76
f 289/296/287 10/365/76 9/341/75
f 339/366/334 345/367/335 338/368/336
f 339/366/334 347/369/337 346/370/338
f 340/371/339 348/372/340 347/369/337
f 342/373/341 348/372/340 341/374/342
f 343/375/343 349/376/344 342/373/341
f 343/375/343 351/377/345 350/378/346
f 345/367/335 353/379/347 352/380/348
f 346/370/338 354/381/349 353/379/347
f 347/369/337 355/382/350 354/381/349
f 349/376/344 355/382/350 348/372/340
f 350/378/346 356/383/351 349/376/344
f 351/377/345 357/384/352 350/378/346
f 352/380/348 360/385/353 359/386/354
f 353/379/347 361/387/355 360/385/353
f 354/381/349 362/388/356 361/387/355
f 356/383/351 362/388/356 355/382/350
f 357/384/352 363/389/357 356/383/351
f 358/390/358 364/391/359 357/384/352
f 360/385/353 366/392/360 359/386/354
f 361/387/355 367/393/361 360/385/353
f 362/388/356 368/394/362 361/387/355
f 362/388/356 370/395/363 369/396/364
f 363/389/357 371/397/365 370/395/363
f 364/391/359 372/398/366 371/397/365
f 367/393/361 373/399/367 366/392/360
f 368/394/362 374/400/368 367/393/361
f 369/396/364 375/401/369 368/394/362
f 369/396/364 377/402/370 376/403/371
f 370/395/363 378/404/372 377/402/370
f 371/397/365 379/405/373 378/404/372
f 373/399/367 381/406/374 380/407/375
f 375/401/369 381/406/374 374/400/368
f 376/403/371 382/408/376 375/401/369
f 376/403/371 384/409/377 383/410/378
f 377/402/370 385/411/379 384/409/377
f 379/405/373 385/411/379 378/404/372
f 8/137/137 338/368/336 65/201/201
f 49/412/135 338/368/336 50/413/136
f 48/414/134 339/366/334 49/412/135
f 47/415/380 340/371/339 48/414/134
f 47/415/380 342/373/341 341/374/342
f 46/416/132 343/375/343 342/373/341
f 45/417/131 344/418/381 343/375/343
f 4/419/66 344/418/381 44/420/130
f 344/418/381 28/421/64 351/377/345
f 351/377/345 27/422/63 358/390/358
f 358/390/358 26/423/382 365/424/383
f 26/423/382 372/398/366 365/424/383
f 25/425/61 379/405/373 372/398/366
f 24/426/60 386/427/384 379/405/373
f 386/427/384 2/428/58 92/429/278
f 386/427/384 91/430/277 385/411/379
f 385/411/379 90/431/276 384/409/377
f 384/409/377 89/432/385 383/410/378
f 382/408/376 89/432/385 88/433/274
f 381/406/374 88/433/274 87/434/273
f 380/407/375 87/434/273 86/435/272
f 380/407/375 6/208/208 71/207/207
f 70/206/206 380/407/375 71/207/207
f 69/205/205 373/399/367 70/206/206
f 68/436/386 366/392/360 69/205/205
f 352/380/348 68/436/386 67/203/203
f 345/367/335 67/203/203 66/202/202
f 338/368/336 66/202/202 65/201/201
f 93/1/1 94/4/4 101/2/2
f 94/4/4 95/6/6 102/5/5
f 95/6/6 96/9/9 103/7/7
f 97/8/8 104/11/11 103/7/7
f 98/10/10 105/13/13 104/11/11
f 99/12/12 106/19/19 105/13/13
f 100/3/3 101/2/2 108/14/14
f 101/2/2 102/5/5 109/16/16
f 102/5/5 103/7/7 110/17/17
f 104/11/11 111/18/18 110/17/17
f 105/13/13 112/20/20 111/18/18
f 106/19/19 113/26/26 112/20/20
f 107/15/15 108/14/14 115/21/21
f 108/14/14 109/16/16 116/23/23
f 109/16/16 110/17/17 117/24/24
f 111/18/18 118/25/25 117/24/24
f 112/20/20 119/27/27 118/25/25
f 113/26/26 120/62/62 119/27/27
f 115/21/21 122/29/29 121/28/28
f 116/23/23 123/30/30 122/29/29
f 117/24/24 124/32/32 123/30/30
f 117/24/24 118/25/25 125/31/31
f 118/25/25 119/27/27 126/33/33
f 119/27/27 120/62/62 127/34/34
f 122/29/29 129/36/36 128/35/35
f 123/30/30 130/37/37 129/36/36
f 124/32/32 131/39/39 130/37/37
f 124/32/32 125/31/31 132/38/38
f 125/31/31 126/33/33 133/40/40
f 126/33/33 127/34/34 134/41/41
f 129/36/36 136/43/43 135/42/42
f 130/37/37 137/44/44 136/43/43
f 131/39/39 138/46/46 137/44/44
f 131/39/39 132/38/38 139/45/45
f 132/38/38 133/40/40 140/47/47
f 133/40/40 134/41/41 141/48/48
f 1/49/49 16/51/51 93/1/1
f 16/51/51 17/52/52 94/4/4
f 17/52/52 18/53/53 95/6/6
f 18/53/53 19/55/55 96/9/9
f 20/54/54 97/8/8 96/9/9
f 21/56/56 98/10/10 97/8/8
f 22/57/57 99/12/12 98/10/10
f 2/58/58 23/59/59 99/12/12
f 23/59/59 24/60/60 106/19/19
f 24/60/60 25/61/61 113/26/26
f 25/61/61 26/437/382 120/62/62
f 120/62/62 26/437/382 27/63/63
f 127/34/34 27/63/63 28/64/64
f 134/41/41 28/64/64 29/65/65
f 141/48/48 29/65/65 4/66/66
f 140/47/47 141/48/48 30/67/67
f 139/45/45 140/47/47 31/68/68
f 138/46/46 139/45/45 32/69/69
f 138/46/46 33/70/70 34/71/71
f 137/44/44 34/71/71 35/72/72
f 136/43/43 35/72/72 36/73/73
f 135/42/42 36/73/73 3/74/74
f 128/35/35 135/42/42 9/75/75
f 121/28/28 128/35/35 10/76/76
f 114/22/22 121/28/28 11/77/77
f 13/79/79 107/15/15 114/22/22
f 14/80/80 100/3/3 107/15/15
f 15/50/50 93/1/1 100/3/3
f 142/81/81 143/84/84 150/82/82
f 143/84/84 144/86/86 151/85/85
f 144/86/86 145/89/89 152/87/87
f 146/88/88 153/91/91 152/87/87
f 147/90/90 154/93/93 153/91/91
f 148/92/92 155/99/99 154/93/93
f 149/83/83 150/82/82 157/94/94
f 150/82/82 151/85/85 158/96/96
f 151/85/85 152/87/87 159/97/97
f 153/91/91 160/98/98 159/97/97
f 154/93/93 161/100/100 160/98/98
f 155/99/99 162/106/106 161/100/100
f 156/95/95 157/94/94 164/101/101
f 157/94/94 158/96/96 165/103/103
f 158/96/96 159/97/97 166/104/104
f 160/98/98 167/105/105 166/104/104
f 161/100/100 168/107/107 167/105/105
f 162/106/106 169/133/133 168/107/107
f 164/101/101 171/109/109 170/108/108
f 165/103/103 172/110/110 171/109/109
f 166/104/104 173/112/112 172/110/110
f 166/104/104 167/105/105 174/111/111
f 167/105/105 168/107/107 175/113/113
f 168/107/107 169/133/133 176/114/114
f 171/109/109 178/116/116 177/115/115
f 172/110/110 179/117/117 178/116/116
f 173/112/112 180/119/119 179/117/117
f 173/112/112 174/111/111 181/118/118
f 174/111/111 175/113/113 182/120/120
f 175/113/113 176/114/114 183/121/121
f 178/116/116 185/123/123 184/122/122
f 179/117/117 186/124/124 185/123/123
f 180/119/119 187/126/126 186/124/124
f 180/119/119 181/118/118 188/125/125
f 181/118/118 182/120/120 189/127/127
f 182/120/120 183/121/121 190/128/128
f 3/74/74 36/73/73 142/81/81
f 36/73/73 35/72/72 143/84/84
f 35/72/72 34/71/71 144/86/86
f 34/71/71 33/70/70 145/89/89
f 32/69/69 146/88/88 145/89/89
f 31/68/68 147/90/90 146/88/88
f 30/67/67 148/92/92 147/90/90
f 4/66/66 44/130/130 148/92/92
f 44/130/130 45/131/131 155/99/99
f 45/131/131 46/132/132 162/106/106
f 46/132/132 47/438/380 169/133/133
f 169/133/133 47/438/380 48/134/134
f 176/114/114 48/134/134 49/135/135
f 183/121/121 49/135/135 50/136/136
f 190/128/128 50/136/136 8/137/137
f 189/127/127 190/128/128 51/138/138
f 188/125/125 189/127/127 52/139/139
f 187/126/126 188/125/125 53/140/140
f 187/126/126 54/141/141 55/142/142
f 186/124/124 55/142/142 56/143/143
f 185/123/123 56/143/143 57/144/144
f 184/122/122 57/144/144 7/145/145
f 177/115/115 184/122/122 37/146/146
f 170/108/108 177/115/115 38/147/147
f 163/102/102 170/108/108 39/148/148
f 41/150/150 156/95/95 163/102/102
f 42/151/151 149/83/83 156/95/95
f 43/129/129 142/81/81 149/83/83
f 191/152/152 192/155/155 199/153/153
f 192/155/155 193/157/157 200/156/156
f 193/157/157 194/160/160 201/158/158
f 195/159/159 202/162/162 201/158/158
f 196/161/161 203/164/164 202/162/162
f 197/163/163 204/170/170 203/164/164
f 198/154/154 199/153/153 206/165/165
f 199/153/153 200/156/156 207/167/167
f 200/156/156 201/158/158 208/168/168
f 202/162/162 209/169/169 208/168/168
f 203/164/164 210/171/171 209/169/169
f 204/170/170 211/177/177 210/171/171
f 205/166/166 206/165/165 213/172/172
f 206/165/165 207/167/167 214/174/174
f 207/167/167 208/168/168 215/175/175
f 209/169/169 216/176/176 215/175/175
f 210/171/171 217/178/178 216/176/176
f 211/177/177 218/204/204 217/178/178
f 213/172/172 220/180/180 219/179/179
f 214/174/174 221/181/181 220/180/180
f 215/175/175 222/183/183 221/181/181
f 215/175/175 216/176/176 223/182/182
f 216/176/176 217/178/178 224/184/184
f 217/178/178 218/204/204 225/185/185
f 220/180/180 227/187/187 226/186/186
f 221/181/181 228/188/188 227/187/187
f 222/183/183 229/190/190 228/188/188
f 222/183/183 223/182/182 230/189/189
f 223/182/182 224/184/184 231/191/191
f 224/184/184 225/185/185 232/192/192
f 227/187/187 234/194/194 233/193/193
f 228/188/188 235/195/195 234/194/194
f 229/190/190 236/197/197 235/195/195
f 229/190/190 230/189/189 237/196/196
f 230/189/189 231/191/191 238/198/198
f 231/191/191 232/192/192 239/199/199
f 7/145/145 57/144/144 191/152/152
f 57/144/144 56/143/143 192/155/155
f 56/143/143 55/142/142 193/157/157
f 55/142/142 54/141/141 194/160/160
f 53/140/140 195/159/159 194/160/160
f 52/139/139 196/161/161 195/159/159
f 51/138/138 197/163/163 196/161/161
f 8/137/137 65/201/201 197/163/163
f 65/201/201 66/202/202 204/170/170
f 66/202/202 67/203/203 211/177/177
f 67/203/203 68/436/386 218/204/204
f 218/204/204 68/436/386 69/205/205
f 225/185/185 69/205/205 70/206/206
f 232/192/192 70/206/206 71/207/207
f 239/199/199 71/207/207 6/208/208
f 238/198/198 239/199/199 72/209/209
f 237/196/196 238/198/198 73/210/210
f 236/197/197 237/196/196 74/211/211
f 236/197/197 75/212/212 76/213/213
f 235/195/195 76/213/213 77/214/214
f 234/194/194 77/214/214 78/215/215
f 233/193/193 78/215/215 5/216/216
f 226/186/186 233/193/193 58/217/217
f 219/179/179 226/186/186 59/218/218
f 212/173/173 219/179/179 60/219/219
f 62/221/221 205/166/166 212/173/173
f 63/222/222 198/154/154 205/166/166
f 64/200/200 191/152/152 198/154/154
f 240/223/223 241/226/226 248/224/224
f 241/226/226 242/228/228 249/227/227
f 242/228/228 243/231/231 250/229/229
f 244/230/230 251/233/233 250/229/229
f 245/232/232 252/235/235 251/233/233
f 246/234/234 253/241/241 252/235/235
f 247/225/225 248/224/224 255/236/236
f 248/224/224 249/227/227 256/238/238
f 249/227/227 250/229/229 257/239/239
f 251/233/233 258/240/240 257/239/239
f 252/235/235 259/242/242 258/240/240
f 253/241/241 260/248/248 259/242/242
f 254/237/237 255/236/236 262/243/243
f 255/236/236 256/238/238 263/245/245
f 256/238/238 257/239/239 264/246/246
f 258/240/240 265/247/247 264/246/246
f 259/242/242 266/249/249 265/247/247
f 260/248/248 267/275/275 266/249/249
f 262/243/243 269/251/251 268/250/250
f 263/245/245 270/252/252 269/251/251
f 264/246/246 271/254/254 270/252/252
f 264/246/246 265/247/247 272/253/253
f 265/247/247 266/249/249 273/255/255
f 266/249/249 267/275/275 274/256/256
f 269/251/251 276/258/258 275/257/257
f 270/252/252 277/259/259 276/258/258
f 271/254/254 278/261/261 277/259/259
f 271/254/254 272/253/253 279/260/260
f 272/253/253 273/255/255 280/262/262
f 273/255/255 274/256/256 281/263/263
f 276/258/258 283/265/265 282/264/264
f 277/259/259 284/266/266 283/265/265
f 278/261/261 285/268/268 284/266/266
f 278/261/261 279/260/260 286/267/267
f 279/260/260 280/262/262 287/269/269
f 280/262/262 281/263/263 288/270/270
f 5/216/216 78/215/215 240/223/223
f 78/215/215 77/214/214 241/226/226
f 77/214/214 76/213/213 242/228/228
f 76/213/213 75/212/212 243/231/231
f 74/211/211 244/230/230 243/231/231
f 73/210/210 245/232/232 244/230/230
f 72/209/209 246/234/234 245/232/232
f 6/208/208 86/272/272 246/234/234
f 86/272/272 87/273/273 253/241/241
f 87/273/273 88/274/274 260/248/248
f 88/274/274 89/439/385 267/275/275
f 267/275/275 89/439/385 90/276/276
f 274/256/256 90/276/276 91/277/277
f 281/263/263 91/277/277 92/278/278
f 288/270/270 92/278/278 2/279/58
f 287/269/269 288/270/270 22/280/57
f 286/267/267 287/269/269 21/281/56
f 285/268/268 286/267/267 20/282/54
f 285/268/268 19/283/55 18/284/53
f 284/266/266 18/284/53 17/285/52
f 283/265/265 17/285/52 16/286/51
f 282/264/264 16/286/51 1/287/49
f 275/257/257 282/264/264 79/288/279
f 268/250/250 275/257/257 80/289/280
f 261/244/244 268/250/250 81/290/281
f 83/292/283 254/237/237 261/244/244
f 84/293/284 247/225/225 254/237/237
f 85/271/271 240/223/223 247/225/225
f 290/294/285 297/298/289 296/295/286
f 290/294/285 291/299/290 298/297/288
f 291/299/290 292/302/293 299/300/291
f 293/301/292 300/304/295 299/300/291
f 294/303/294 301/306/297 300/304/295
f 294/303/294 295/348/331 302/305/296
f 296/295/286 297/298/289 304/307/298
f 297/298/289 298/297/288 305/309/300
f 298/297/288 299/300/291 306/310/301
f 300/304/295 307/311/302 306/310/301
f 301/306/297 308/312/303 307/311/302
f 302/305/296 309/318/309 308/312/303
f 303/308/299 304/307/298 311/313/304
f 304/307/298 305/309/300 312/315/306
f 305/309/300 306/310/301 313/316/307
f 307/311/302 314/317/308 313/316/307
f 308/312/303 315/319/310 314/317/308
f 309/318/309 316/350/332 315/319/310
f 311/313/304 318/321/312 317/320/311
f 312/315/306 319/322/313 318/321/312
f 313/316/307 320/324/315 319/322/313
f 313/316/307 314/317/308 321/323/314
f 314/317/308 315/319/310 322/325/316
f 315/319/310 316/350/332 323/326/317
f 318/321/312 325/328/319 324/327/318
f 319/322/313 326/329/320 325/328/319
f 320/324/315 327/331/322 326/329/320
f 320/324/315 321/323/314 328/330/321
f 321/323/314 322/325/316 329/332/323
f 322/325/316 323/326/317 330/333/324
f 324/327/318 325/328/319 332/334/325
f 326/329/320 333/336/327 332/334/325
f 327/331/322 334/338/329 333/336/327
f 327/331/322 328/330/321 335/337/328
f 328/330/321 329/332/323 336/339/330
f 330/333/324 337/351/333 336/339/330
f 3/340/74 43/343/129 289/296/287
f 42/342/151 290/294/285 289/296/287
f 41/344/150 291/299/290 290/294/285
f 40/345/149 292/302/293 291/299/290
f 40/345/149 39/346/148 293/301/292
f 39/346/148 38/347/147 294/303/294
f 38/347/147 37/349/146 295/348/331
f 7/145/145 64/200/200 295/348/331
f 295/348/331 64/200/200 63/222/222
f 302/305/296 63/222/222 62/221/221
f 309/318/309 62/221/221 61/220/220
f 61/220/220 60/219/219 323/326/317
f 60/219/219 59/218/218 330/333/324
f 59/218/218 58/217/217 337/351/333
f 337/351/333 58/217/217 5/216/216
f 337/351/333 85/352/271 84/353/284
f 336/339/330 84/353/284 83/354/283
f 335/337/328 83/354/283 82/355/282
f 333/336/327 334/338/329 82/355/282
f 332/334/325 333/336/327 81/356/281
f 331/335/326 332/334/325 80/357/280
f 331/335/326 79/358/279 1/359/49
f 14/361/80 324/327/318 331/335/326
f 13/362/79 317/320/311 324/327/318
f 12/363/78 310/314/305 317/320/311
f 303/308/299 310/314/305 12/363/78
f 296/295/286 303/308/299 11/364/77
f 289/296/287 296/295/286 10/365/76
f 339/366/334 346/370/338 345/367/335
f 339/366/334 340/371/339 347/369/337
f 340/371/339 341/374/342 348/372/340
f 342/373/341 349/376/344 348/372/340
f 343/375/343 350/378/346 349/376/344
f 343/375/343 344/418/381 351/377/345
f 345/367/335 346/370/338 353/379/347
f 346/370/338 347/369/337 354/381/349
f 347/369/337 348/372/340 355/382/350
f 349/376/344 356/383/351 355/382/350
f 350/378/346 357/384/352 356/383/351
f 351/377/345 358/390/358 357/384/352
f 352/380/348 353/379/347 360/385/353
f 353/379/347 354/381/349 361/387/355
f 354/381/349 355/382/350 362/388/356
f 356/383/351 363/389/357 362/388/356
f 357/384/352 364/391/359 363/389/357
f 358/390/358 365/424/383 364/391/359
f 360/385/353 367/393/361 366/392/360
f 361/387/355 368/394/362 367/393/361
f 362/388/356 369/396/364 368/394/362
f 362/388/356 363/389/357 370/395/363
f 363/389/357 364/391/359 371/397/365
f 364/391/359 365/424/383 372/398/366
f 367/393/361 374/400/368 373/399/367
f 368/394/362 375/401/369 374/400/368
f 369/396/364 376/403/371 375/401/369
f 369/396/364 370/395/363 377/402/370
f 370/395/363 371/397/365 378/404/372
f 371/397/365 372/398/366 379/405/373
f 373/399/367 374/400/368 381/406/374
f 375/401/369 382/408/376 381/406/374
f 376/403/371 383/410/378 382/408/376
f 376/403/371 377/402/370 384/409/377
f 377/402/370 378/404/372 385/411/379
f 379/405/373 386/427/384 385/411/379
f 8/137/137 50/413/136 338/368/336
f 49/412/135 339/366/334 338/368/336
f 48/414/134 340/371/339 339/366/334
f 47/415/380 341/374/342 340/371/339
f 47/415/380 46/416/132 342/373/341
f 46/416/132 45/417/131 343/375/343
f 45/417/131 44/420/130 344/418/381
f 4/419/66 29/440/65 344/418/381
f 344/418/381 29/440/65 28/421/64
f 351/377/345 28/421/64 27/422/63
f 358/390/358 27/422/63 26/423/382
f 26/423/382 25/425/61 372/398/366
f 25/425/61 24/426/60 379/405/373
f 24/426/60 23/441/59 386/427/384
f 386/427/384 23/441/59 2/428/58
f 386/427/384 92/429/278 91/430/277
f 385/411/379 91/430/277 90/431/276
f 384/409/377 90/431/276 89/432/385
f 382/408/376 383/410/378 89/432/385
f 381/406/374 382/408/376 88/433/274
f 380/407/375 381/406/374 87/434/273
f 380/407/375 86/435/272 6/208/208
f 70/206/206 373/399/367 380/407/375
f 69/205/205 366/392/360 373/399/367
f 68/436/386 359/386/354 366/392/360
f 352/380/348 359/386/354 68/436/386
f 345/367/335 352/380/348 67/203/203
f 338/368/336 345/367/335 66/202/202
o NurbsPath.002
v -0.073691 -0.344031 0.348526
v -0.058009 -0.285905 0.404509
v -0.037383 -0.264629 0.481194
v -0.017340 -0.285904 0.558033
v -0.003249 -0.344031 0.614437
v 0.001113 -0.423432 0.635293
v -0.005423 -0.502834 0.615013
v -0.021105 -0.560960 0.559030
v -0.041730 -0.582236 0.482345
v -0.061774 -0.560961 0.405506
v -0.075864 -0.502834 0.349102
v -0.080226 -0.423433 0.328245
v 0.210876 -0.348462 0.249615
v 0.236347 -0.290063 0.302573
v 0.269992 -0.268858 0.375250
v 0.302798 -0.290529 0.448174
v 0.325973 -0.349270 0.501804
v 0.333308 -0.429340 0.521770
v 0.322838 -0.509286 0.502722
v 0.297367 -0.567685 0.449765
v 0.263722 -0.588890 0.377087
v 0.230916 -0.567218 0.304164
v 0.207741 -0.508478 0.250534
v 0.200406 -0.428408 0.230567
v 0.390850 -0.351695 0.142974
v 0.429150 -0.292452 0.189557
v 0.479844 -0.271278 0.253809
v 0.529348 -0.293844 0.318513
v 0.564398 -0.354104 0.366332
v 0.575603 -0.435913 0.384453
v 0.559959 -0.517348 0.368020
v 0.521659 -0.576591 0.321437
v 0.470966 -0.597766 0.257185
v 0.421461 -0.575199 0.192481
v 0.386411 -0.514939 0.144662
v 0.375207 -0.433130 0.126541
v 0.483568 -0.353555 0.043767
v 0.536747 -0.293258 0.076947
v 0.607192 -0.272341 0.123471
v 0.676029 -0.296407 0.170872
v 0.724813 -0.359009 0.206449
v 0.740472 -0.443372 0.220670
v 0.718809 -0.526892 0.209724
v 0.665631 -0.587189 0.176543
v 0.595185 -0.608106 0.130020
v 0.526348 -0.584040 0.082618
v 0.477565 -0.521438 0.047041
v 0.461906 -0.437075 0.032820
v 0.514859 -0.354057 -0.038336
v 0.579630 -0.292738 -0.027166
v 0.665450 -0.272444 -0.009753
v 0.749322 -0.298613 0.009236
v 0.808775 -0.364232 0.024713
v 0.827877 -0.451719 0.032532
v 0.801510 -0.537632 0.030597
v 0.736739 -0.598951 0.019426
v 0.650919 -0.619245 0.002014
v 0.567046 -0.593076 -0.016975
v 0.507594 -0.527457 -0.032453
v 0.488492 -0.439970 -0.040271
v 0.509749 -0.353808 -0.109403
v 0.577306 -0.291446 -0.123685
v 0.666817 -0.271909 -0.139901
v 0.754298 -0.300430 -0.153706
v 0.816308 -0.369369 -0.161400
v 0.836231 -0.460252 -0.160923
v 0.808730 -0.548727 -0.152402
v 0.741173 -0.611089 -0.138120
v 0.651662 -0.630626 -0.121904
v 0.564181 -0.602105 -0.108099
v 0.502171 -0.533167 -0.100405
v 0.482248 -0.442284 -0.100882
v 0.477339 -0.353574 -0.180831
v 0.540009 -0.289992 -0.216749
v 0.623061 -0.270997 -0.261491
v 0.704242 -0.301678 -0.303069
v 0.761798 -0.373815 -0.330342
v 0.780308 -0.468079 -0.336002
v 0.754813 -0.559211 -0.318533
v 0.692143 -0.622794 -0.282615
v 0.609091 -0.641789 -0.237873
v 0.527910 -0.611108 -0.196295
v 0.470354 -0.538970 -0.169022
v 0.451844 -0.444707 -0.163362
v 0.418489 -0.353625 -0.253180
v 0.472964 -0.288679 -0.304867
v 0.545210 -0.269943 -0.370338
v 0.615870 -0.302438 -0.432051
v 0.666009 -0.377456 -0.473468
v 0.682194 -0.474897 -0.483494
v 0.660086 -0.568650 -0.459440
v 0.605611 -0.633596 -0.407753
v 0.533364 -0.652332 -0.342282
v 0.462705 -0.619838 -0.280569
v 0.412566 -0.544820 -0.239152
v 0.396381 -0.447379 -0.229126
v 0.337411 -0.353903 -0.320190
v 0.382747 -0.287603 -0.383164
v 0.442980 -0.268954 -0.463419
v 0.501970 -0.302953 -0.539452
v 0.543910 -0.380489 -0.590890
v 0.557563 -0.480788 -0.603949
v 0.539271 -0.576973 -0.575131
v 0.493935 -0.643273 -0.512157
v 0.433702 -0.661922 -0.431902
v 0.374712 -0.627923 -0.355869
v 0.332772 -0.550387 -0.304431
v 0.319119 -0.450088 -0.291372
v 0.241378 -0.354320 -0.376164
v 0.277108 -0.286813 -0.447431
v 0.324754 -0.268188 -0.538514
v 0.371549 -0.303436 -0.625005
v 0.404954 -0.383113 -0.683731
v 0.416018 -0.485869 -0.698955
v 0.401777 -0.584171 -0.666599
v 0.366046 -0.651679 -0.595331
v 0.318400 -0.670304 -0.504249
v 0.271605 -0.635055 -0.417758
v 0.238200 -0.555378 -0.359032
v 0.227136 -0.452622 -0.343808
v 0.138012 -0.354832 -0.417691
v 0.163476 -0.286349 -0.495069
v 0.197711 -0.267754 -0.594104
v 0.231543 -0.304029 -0.688259
v 0.255907 -0.385454 -0.752306
v 0.264275 -0.490211 -0.769083
v 0.254405 -0.590231 -0.734095
v 0.228941 -0.658714 -0.656717
v 0.194707 -0.677310 -0.557683
v 0.160875 -0.641035 -0.463528
v 0.136510 -0.559610 -0.399481
v 0.128142 -0.454852 -0.382704
v 0.034010 -0.355419 -0.443351
v 0.048262 -0.286238 -0.524913
v 0.067889 -0.267712 -0.629379
v 0.087632 -0.304804 -0.728757
v 0.102200 -0.387576 -0.796418
v 0.107691 -0.493850 -0.814233
v 0.102633 -0.595148 -0.777428
v 0.088382 -0.664329 -0.695866
v 0.068755 -0.682855 -0.591401
v 0.049012 -0.645763 -0.492023
v 0.034443 -0.562991 -0.424362
v 0.028952 -0.456717 -0.406547
v -0.065416 -0.356075 -0.453280
v -0.063439 -0.286482 -0.536997
v -0.059770 -0.268073 -0.644251
v -0.055392 -0.305782 -0.746303
v -0.051478 -0.389504 -0.815809
v -0.049078 -0.496807 -0.834143
v -0.048833 -0.598938 -0.796395
v -0.050810 -0.668531 -0.712678
v -0.054479 -0.686940 -0.605424
v -0.058857 -0.649231 -0.503372
v -0.062770 -0.565508 -0.433866
v -0.065171 -0.458206 -0.415531
v -0.156922 -0.356796 -0.448755
v -0.168049 -0.287051 -0.532325
v -0.181386 -0.268799 -0.639382
v -0.193360 -0.306930 -0.741239
v -0.200762 -0.391226 -0.810604
v -0.201609 -0.499102 -0.828890
v -0.195674 -0.601651 -0.791198
v -0.184547 -0.671395 -0.707627
v -0.171210 -0.689647 -0.600571
v -0.159236 -0.651517 -0.498713
v -0.151834 -0.567220 -0.429349
v -0.150987 -0.459345 -0.411062
v -0.239282 -0.357568 -0.431600
v -0.263636 -0.287884 -0.512559
v -0.294116 -0.269804 -0.616230
v -0.322553 -0.308173 -0.714833
v -0.341328 -0.392709 -0.781949
v -0.345411 -0.500763 -0.799593
v -0.333707 -0.603380 -0.763038
v -0.309353 -0.673064 -0.682079
v -0.278874 -0.691144 -0.578408
v -0.250436 -0.652775 -0.479804
v -0.231661 -0.568239 -0.412689
v -0.227578 -0.460185 -0.395045
v -0.312921 -0.358356 -0.403591
v -0.349663 -0.288874 -0.479702
v -0.396176 -0.270956 -0.577099
v -0.439996 -0.309405 -0.669684
v -0.469382 -0.393917 -0.732651
v -0.476460 -0.501848 -0.749126
v -0.459334 -0.604277 -0.714695
v -0.422592 -0.673760 -0.638585
v -0.376079 -0.691677 -0.541188
v -0.332259 -0.653229 -0.448602
v -0.302873 -0.568717 -0.385636
v -0.295794 -0.460786 -0.369161
v -0.378375 -0.359090 -0.366385
v -0.426044 -0.289879 -0.435932
v -0.486683 -0.272097 -0.524848
v -0.544045 -0.310510 -0.609307
v -0.582758 -0.394824 -0.666680
v -0.592450 -0.502448 -0.681593
v -0.570524 -0.604545 -0.650050
v -0.522856 -0.673756 -0.580504
v -0.462216 -0.691538 -0.491588
v -0.404855 -0.653125 -0.407128
v -0.366142 -0.568811 -0.349756
v -0.356449 -0.461186 -0.334843
v -0.435386 -0.359693 -0.321694
v -0.492401 -0.290759 -0.383427
v -0.565110 -0.273078 -0.462257
v -0.634031 -0.311386 -0.537061
v -0.680698 -0.395419 -0.587796
v -0.692606 -0.502661 -0.600867
v -0.666563 -0.604375 -0.572773
v -0.609549 -0.673309 -0.511039
v -0.536840 -0.690990 -0.432210
v -0.467918 -0.652682 -0.357405
v -0.421252 -0.568649 -0.306671
v -0.409344 -0.461407 -0.293599
v -0.483392 -0.360091 -0.271382
v -0.548256 -0.291390 -0.324354
v -0.631096 -0.273766 -0.391881
v -0.709717 -0.311941 -0.455871
v -0.763051 -0.395687 -0.499176
v -0.776807 -0.502563 -0.510194
v -0.747301 -0.603932 -0.485972
v -0.682437 -0.672634 -0.433000
v -0.599597 -0.690258 -0.365472
v -0.520976 -0.652083 -0.301483
v -0.467642 -0.568338 -0.258177
v -0.453885 -0.461461 -0.247160
v -0.521879 -0.360225 -0.217435
v -0.593223 -0.291664 -0.260849
v -0.684427 -0.274045 -0.316047
v -0.771051 -0.312090 -0.368240
v -0.829887 -0.395604 -0.403442
v -0.845167 -0.502210 -0.412221
v -0.812799 -0.603343 -0.392224
v -0.741454 -0.671903 -0.348811
v -0.650251 -0.689522 -0.293613
v -0.563626 -0.651477 -0.241420
v -0.504791 -0.567963 -0.206218
v -0.489510 -0.461357 -0.197439
v -0.550556 -0.360042 -0.161886
v -0.627098 -0.291490 -0.194982
v -0.725010 -0.273816 -0.236863
v -0.818058 -0.311756 -0.276308
v -0.881310 -0.395144 -0.302747
v -0.897816 -0.501636 -0.309096
v -0.863155 -0.602697 -0.293654
v -0.786614 -0.671249 -0.260558
v -0.688701 -0.688922 -0.218677
v -0.595653 -0.650983 -0.179233
v -0.532402 -0.567595 -0.152794
v -0.515895 -0.461103 -0.146444
v -0.569464 -0.359504 -0.106687
v -0.649914 -0.290798 -0.128688
v -0.752878 -0.272996 -0.156231
v -0.850765 -0.310869 -0.181935
v -0.917347 -0.394268 -0.198914
v -0.934784 -0.500848 -0.202617
v -0.898402 -0.602050 -0.192053
v -0.817952 -0.670756 -0.170052
v -0.714988 -0.688558 -0.142509
v -0.617101 -0.650685 -0.116805
v -0.550519 -0.567286 -0.099827
v -0.533083 -0.460706 -0.096123
v -0.579006 -0.358585 -0.053557
v -0.661968 -0.289533 -0.063690
v -0.768179 -0.271516 -0.075861
v -0.869181 -0.309364 -0.086810
v -0.937909 -0.392933 -0.093602
v -0.955949 -0.499832 -0.094418
v -0.918465 -0.601418 -0.089040
v -0.835504 -0.670470 -0.078907
v -0.729292 -0.688487 -0.066736
v -0.628291 -0.650640 -0.055787
v -0.559563 -0.567070 -0.048995
v -0.541523 -0.460171 -0.048178
v -0.579916 -0.357267 -0.003809
v -0.663799 -0.287659 -0.001402
v -0.771196 -0.269328 0.002716
v -0.873332 -0.307185 0.007441
v -0.942840 -0.391086 0.011507
v -0.961093 -0.498551 0.013825
v -0.923203 -0.600784 0.013773
v -0.839321 -0.670392 0.011366
v -0.731923 -0.688723 0.007248
v -0.629787 -0.650866 0.002523
v -0.560280 -0.566964 -0.001544
v -0.542026 -0.459500 -0.003861
v -0.573116 -0.355542 0.041798
v -0.656121 -0.285158 0.057147
v -0.762359 -0.266397 0.078140
v -0.863365 -0.304286 0.099153
v -0.932074 -0.388674 0.114555
v -0.950075 -0.496948 0.120218
v -0.912545 -0.600096 0.114626
v -0.829540 -0.670480 0.099277
v -0.723302 -0.689241 0.078283
v -0.622296 -0.651351 0.057270
v -0.553587 -0.566964 0.041869
v -0.535586 -0.458690 0.036205
v -0.559483 -0.353405 0.083114
v -0.639704 -0.282023 0.111352
v -0.742272 -0.262708 0.149232
v -0.839704 -0.300635 0.186605
v -0.905894 -0.385642 0.213455
v -0.923105 -0.494952 0.222589
v -0.886726 -0.599274 0.211559
v -0.806506 -0.670656 0.183321
v -0.703938 -0.689971 0.145441
v -0.606506 -0.652044 0.108069
v -0.540316 -0.567037 0.081218
v -0.523105 -0.457728 0.072084
v -0.539616 -0.350850 0.120478
v -0.615245 -0.278263 0.160978
v -0.711727 -0.258265 0.215017
v -0.803210 -0.296217 0.268116
v -0.865181 -0.381948 0.306046
v -0.881035 -0.492487 0.318645
v -0.846524 -0.598215 0.302536
v -0.770895 -0.670802 0.262037
v -0.674413 -0.690799 0.207997
v -0.582930 -0.652848 0.154899
v -0.520959 -0.567117 0.116968
v -0.505105 -0.456578 0.104370
v -0.513717 -0.347861 0.154435
v -0.583296 -0.273890 0.206014
v -0.671698 -0.253091 0.274760
v -0.755235 -0.291037 0.342251
v -0.811523 -0.377560 0.390404
v -0.825481 -0.489477 0.406315
v -0.793368 -0.596799 0.385723
v -0.723790 -0.670770 0.334143
v -0.635388 -0.691569 0.265398
v -0.551851 -0.653623 0.197906
v -0.495562 -0.567100 0.149754
v -0.481604 -0.455183 0.133842
v -0.481704 -0.344413 0.185433
v -0.544317 -0.268927 0.246514
v -0.623316 -0.247226 0.327986
v -0.697534 -0.285123 0.408017
v -0.747083 -0.372465 0.465163
v -0.758688 -0.485848 0.484112
v -0.729238 -0.594891 0.459787
v -0.666625 -0.670377 0.398705
v -0.587626 -0.692078 0.317234
v -0.513408 -0.654181 0.237203
v -0.463858 -0.566839 0.180057
v -0.452254 -0.453456 0.161108
v -0.443494 -0.340477 0.213644
v -0.498815 -0.263407 0.282496
v -0.567832 -0.240731 0.374492
v -0.632053 -0.278525 0.464980
v -0.674270 -0.366661 0.529714
v -0.683170 -0.481524 0.551349
v -0.656370 -0.592336 0.524088
v -0.601049 -0.669405 0.455235
v -0.532032 -0.692081 0.363240
v -0.467811 -0.654288 0.272752
v -0.425594 -0.566152 0.208018
v -0.416694 -0.451289 0.186382
v -0.399393 -0.336031 0.238907
v -0.447524 -0.257376 0.313901
v -0.506531 -0.233682 0.414320
v -0.560603 -0.271297 0.513258
v -0.595250 -0.360142 0.584203
v -0.601191 -0.476412 0.608147
v -0.576831 -0.588952 0.578674
v -0.528700 -0.667607 0.503680
v -0.469693 -0.691302 0.403261
v -0.415621 -0.653687 0.304323
v -0.380973 -0.564841 0.233377
v -0.375033 -0.448571 0.209433
v -0.350162 -0.331073 0.260845
v -0.391394 -0.250889 0.340592
v -0.440612 -0.226152 0.447618
v -0.484629 -0.263489 0.553246
v -0.511650 -0.352898 0.629174
v -0.514435 -0.470419 0.655056
v -0.492238 -0.584564 0.623958
v -0.451006 -0.664748 0.544212
v -0.401788 -0.689486 0.437185
v -0.357771 -0.652148 0.331557
v -0.330750 -0.562740 0.255629
v -0.327965 -0.445218 0.229747
v -0.296809 -0.325612 0.279097
v -0.331468 -0.244002 0.362442
v -0.371184 -0.218210 0.474537
v -0.405315 -0.255147 0.585346
v -0.424716 -0.344916 0.665177
v -0.424188 -0.463462 0.692640
v -0.403873 -0.579023 0.660377
v -0.369214 -0.660632 0.577031
v -0.329498 -0.686424 0.464937
v -0.295367 -0.649487 0.354128
v -0.275966 -0.559718 0.274297
v -0.276494 -0.441172 0.246833
v -0.240421 -0.319669 0.293418
v -0.268813 -0.236774 0.379387
v -0.299300 -0.209924 0.495222
v -0.323713 -0.246314 0.609887
v -0.335511 -0.336193 0.692657
v -0.331533 -0.455478 0.721353
v -0.312844 -0.572207 0.688287
v -0.284453 -0.655102 0.602319
v -0.253966 -0.681952 0.486484
v -0.229552 -0.645563 0.371819
v -0.217754 -0.555683 0.289049
v -0.221733 -0.436398 0.260352
v -0.182098 -0.313278 0.303682
v -0.204479 -0.229264 0.391423
v -0.225962 -0.201355 0.509819
v -0.240789 -0.237030 0.627144
v -0.244990 -0.326730 0.711962
v -0.237437 -0.446419 0.741546
v -0.220155 -0.564028 0.707969
v -0.197774 -0.648042 0.620228
v -0.176292 -0.675951 0.501833
v -0.161464 -0.640276 0.384508
v -0.157263 -0.550576 0.299689
v -0.164816 -0.430887 0.270105
v -0.122914 -0.306482 0.309863
v -0.139483 -0.221532 0.398611
v -0.152125 -0.192562 0.518478
v -0.157452 -0.227335 0.637346
v -0.154037 -0.316533 0.723365
v -0.142795 -0.436256 0.753485
v -0.126739 -0.554424 0.719637
v -0.110170 -0.639374 0.630889
v -0.097528 -0.668343 0.511022
v -0.092201 -0.633571 0.392154
v -0.095616 -0.544372 0.306135
v -0.106858 -0.424650 0.276015
v -0.063899 -0.299337 0.312021
v -0.074797 -0.213641 0.401061
v -0.078700 -0.183600 0.521364
v -0.074562 -0.217265 0.640697
v -0.063492 -0.305614 0.727083
v -0.048456 -0.424974 0.757376
v -0.033483 -0.543364 0.723458
v -0.022585 -0.629060 0.634418
v -0.018682 -0.659100 0.514115
v -0.022820 -0.625436 0.394782
v -0.033890 -0.537087 0.308396
v -0.048926 -0.417726 0.278103
v -0.006023 -0.291912 0.310287
v -0.011338 -0.205655 0.398931
v -0.006549 -0.174520 0.518656
v 0.007060 -0.206852 0.637382
v 0.025843 -0.293986 0.723296
v 0.044767 -0.412575 0.753378
v 0.058761 -0.530843 0.719567
v 0.064076 -0.617100 0.630923
v 0.059288 -0.648235 0.511198
v 0.045679 -0.615903 0.392472
v 0.026896 -0.528769 0.306558
v 0.007972 -0.410180 0.276476
v 0.049805 -0.284289 0.304859
v 0.050032 -0.197639 0.392426
v 0.063511 -0.165369 0.510550
v 0.086630 -0.196126 0.627579
v 0.113195 -0.281668 0.712156
v 0.136088 -0.399074 0.741617
v 0.149174 -0.516886 0.708070
v 0.148947 -0.603535 0.620503
v 0.135469 -0.635805 0.502379
v 0.112349 -0.605049 0.385350
v 0.085784 -0.519507 0.300773
v 0.062892 -0.402101 0.271311
v 0.102746 -0.276565 0.295996
v 0.108513 -0.189664 0.381793
v 0.130715 -0.156190 0.497260
v 0.163404 -0.185112 0.611458
v 0.197821 -0.268679 0.693787
v 0.224744 -0.384501 0.722187
v 0.236958 -0.501543 0.689049
v 0.231192 -0.588443 0.603251
v 0.208990 -0.621917 0.487784
v 0.176300 -0.592996 0.373587
v 0.141884 -0.509428 0.291258
v 0.114961 -0.393606 0.262858
v 0.152042 -0.268847 0.284022
v 0.163374 -0.181799 0.367325
v 0.194350 -0.147020 0.479020
v 0.236670 -0.173829 0.589181
v 0.278994 -0.255043 0.668289
v 0.309982 -0.368900 0.695147
v 0.321330 -0.484893 0.662559
v 0.309998 -0.571941 0.579257
v 0.279022 -0.606720 0.467561
v 0.236702 -0.579911 0.357400
v 0.194378 -0.498697 0.278292
v 0.163390 -0.384840 0.251434
v 0.197032 -0.261257 0.269323
v 0.213967 -0.174114 0.349355
v 0.253758 -0.137891 0.456081
v 0.305742 -0.162295 0.560903
v 0.355992 -0.240785 0.635735
v 0.391043 -0.352332 0.660526
v 0.401502 -0.467045 0.628633
v 0.384567 -0.554188 0.548602
v 0.344776 -0.590411 0.441876
v 0.292791 -0.566007 0.337054
v 0.242542 -0.487516 0.262221
v 0.207491 -0.375970 0.237430
v 0.237180 -0.253917 0.252344
v 0.259739 -0.166672 0.328258
v 0.308337 -0.128826 0.428704
v 0.369951 -0.150520 0.526767
v 0.428074 -0.225940 0.596173
v 0.467129 -0.334878 0.618322
v 0.476653 -0.448145 0.587281
v 0.454094 -0.535389 0.511367
v 0.405496 -0.573235 0.410921
v 0.343881 -0.551541 0.312858
v 0.285759 -0.476121 0.243453
v 0.246704 -0.367183 0.221303
v 0.272108 -0.246946 0.233566
v 0.300259 -0.159527 0.304429
v 0.357547 -0.119840 0.397161
v 0.428624 -0.138519 0.486913
v 0.494443 -0.210559 0.549636
v 0.537369 -0.316657 0.568524
v 0.545900 -0.428384 0.538516
v 0.517749 -0.515803 0.467652
v 0.460461 -0.555489 0.374921
v 0.389384 -0.536810 0.285169
v 0.323565 -0.464771 0.222446
v 0.280639 -0.358673 0.203558
v 0.301667 -0.240431 0.213440
v 0.335243 -0.152706 0.278250
v 0.400894 -0.110940 0.361730
v 0.481028 -0.126324 0.441513
v 0.554173 -0.194736 0.496220
v 0.600731 -0.297845 0.511193
v 0.608226 -0.408024 0.482419
v 0.574650 -0.495749 0.417610
v 0.509000 -0.537515 0.334129
v 0.428866 -0.522131 0.254347
v 0.355720 -0.453719 0.199640
v 0.309162 -0.350610 0.184667
v 0.325998 -0.234392 0.192280
v 0.364602 -0.146196 0.250029
v 0.437941 -0.102131 0.322716
v 0.526364 -0.114004 0.390865
v 0.606177 -0.178633 0.436215
v 0.655995 -0.278702 0.446616
v 0.662469 -0.387397 0.419279
v 0.623865 -0.475593 0.361530
v 0.550526 -0.519658 0.288843
v 0.462104 -0.507785 0.220694
v 0.382291 -0.443156 0.175343
v 0.332472 -0.343087 0.164943
v 0.345488 -0.228763 0.170148
v 0.388429 -0.139938 0.219935
v 0.468352 -0.093419 0.280440
v 0.563842 -0.101672 0.335451
v 0.649311 -0.162484 0.370228
v 0.701859 -0.259561 0.375452
v 0.707406 -0.366892 0.349724
v 0.664464 -0.455717 0.299937
v 0.584541 -0.502235 0.239432
v 0.489052 -0.493983 0.184421
v 0.403582 -0.433171 0.149644
v 0.351034 -0.336094 0.144420
v 0.360589 -0.223405 0.146787
v 0.406895 -0.133830 0.187940
v 0.491884 -0.084807 0.235218
v 0.592784 -0.089470 0.275951
v 0.682558 -0.146572 0.299225
v 0.737151 -0.240811 0.298804
v 0.741936 -0.346936 0.274801
v 0.695630 -0.436512 0.233647
v 0.610641 -0.485535 0.186369
v 0.509741 -0.480872 0.145636
v 0.419967 -0.423770 0.122362
v 0.365374 -0.329531 0.122783
v 0.371608 -0.218150 0.121658
v 0.420110 -0.127756 0.153850
v 0.508361 -0.076295 0.187366
v 0.612713 -0.077555 0.213227
v 0.705206 -0.131199 0.224502
v 0.761057 -0.222853 0.218170
v 0.765299 -0.327958 0.195928
v 0.716797 -0.418352 0.163736
v 0.628547 -0.469813 0.130220
v 0.524194 -0.468553 0.104359
v 0.431701 -0.414909 0.093084
v 0.375851 -0.323255 0.099416
v 0.378539 -0.212854 0.094126
v 0.428014 -0.121624 0.117419
v 0.517647 -0.067898 0.137229
v 0.623422 -0.066071 0.148248
v 0.716996 -0.116633 0.147525
v 0.773297 -0.206035 0.135252
v 0.777237 -0.310323 0.114719
v 0.727762 -0.401553 0.091427
v 0.638129 -0.455279 0.071617
v 0.532354 -0.457106 0.060597
v 0.438780 -0.406544 0.061320
v 0.382480 -0.317142 0.073593
v 0.381045 -0.207453 0.063716
v 0.430364 -0.115399 0.078524
v 0.519651 -0.059645 0.085212
v 0.624983 -0.055130 0.081987
v 0.718135 -0.103063 0.069714
v 0.774147 -0.190601 0.051681
v 0.778012 -0.294288 0.032721
v 0.728693 -0.386342 0.017913
v 0.639405 -0.442096 0.011225
v 0.534074 -0.446611 0.014450
v 0.440922 -0.398678 0.026723
v 0.384910 -0.311140 0.044755
v 0.378595 -0.201976 0.030311
v 0.426827 -0.109114 0.037298
v 0.514343 -0.051585 0.031816
v 0.617691 -0.044804 0.015334
v 0.709181 -0.090588 -0.007731
v 0.764297 -0.176670 -0.031200
v 0.768271 -0.279983 -0.048784
v 0.720039 -0.372845 -0.055771
v 0.632524 -0.430374 -0.050289
v 0.529175 -0.437155 -0.033807
v 0.437685 -0.391371 -0.010742
v 0.382569 -0.305289 0.012727
v 0.370662 -0.196530 -0.005780
v 0.417111 -0.102858 -0.005833
v 0.501782 -0.043783 -0.022359
v 0.601987 -0.035135 -0.050930
v 0.690876 -0.079231 -0.083891
v 0.744631 -0.164256 -0.112409
v 0.748849 -0.267427 -0.128844
v 0.702399 -0.361099 -0.128791
v 0.617728 -0.420174 -0.112265
v 0.517523 -0.428822 -0.083693
v 0.428635 -0.384726 -0.050733
v 0.374879 -0.299701 -0.022214
v 0.356899 -0.191262 -0.043872
v 0.401082 -0.096752 -0.050176
v 0.482151 -0.036315 -0.076617
v 0.578385 -0.026145 -0.116111
v 0.663996 -0.068967 -0.158075
v 0.716047 -0.153307 -0.191264
v 0.720589 -0.256566 -0.206787
v 0.676407 -0.351076 -0.200482
v 0.595337 -0.411513 -0.174041
v 0.499104 -0.421684 -0.134547
v 0.413492 -0.378862 -0.092584
v 0.361442 -0.294522 -0.059394
v 0.337238 -0.186327 -0.083024
v 0.378828 -0.090930 -0.094857
v 0.455764 -0.029264 -0.130190
v 0.547433 -0.017853 -0.179557
v 0.629270 -0.059754 -0.229729
v 0.679349 -0.143740 -0.267264
v 0.684250 -0.247308 -0.282103
v 0.642660 -0.342705 -0.270271
v 0.565723 -0.404371 -0.234937
v 0.474055 -0.415782 -0.185571
v 0.392217 -0.373881 -0.135398
v 0.342139 -0.289894 -0.097864
v 0.311915 -0.181860 -0.122152
v 0.350680 -0.085515 -0.138889
v 0.423077 -0.022713 -0.182248
v 0.509706 -0.010283 -0.240611
v 0.587356 -0.051555 -0.298339
v 0.635219 -0.135470 -0.339965
v 0.640472 -0.239543 -0.354334
v 0.601706 -0.335889 -0.337596
v 0.529309 -0.398690 -0.294237
v 0.442680 -0.411121 -0.235874
v 0.365031 -0.369849 -0.178146
v 0.317167 -0.285933 -0.136521
v 0.281470 -0.177967 -0.160106
v 0.317216 -0.080617 -0.181232
v 0.384689 -0.016748 -0.231917
v 0.465812 -0.003472 -0.298579
v 0.538846 -0.044346 -0.363356
v 0.584223 -0.128419 -0.408892
v 0.589784 -0.233164 -0.422986
v 0.554039 -0.330513 -0.401860
v 0.486565 -0.394382 -0.351175
v 0.405443 -0.407659 -0.284514
v 0.332408 -0.366784 -0.219736
v 0.287031 -0.282711 -0.174200
v 0.246734 -0.174718 -0.195738
v 0.279246 -0.076330 -0.220830
v 0.341347 -0.011452 -0.278284
v 0.416398 0.002533 -0.352705
v 0.484289 -0.038123 -0.424153
v 0.526829 -0.122526 -0.473482
v 0.532618 -0.228060 -0.487475
v 0.500106 -0.326448 -0.462383
v 0.438004 -0.391326 -0.404929
v 0.362953 -0.405311 -0.330508
v 0.295062 -0.364655 -0.259060
v 0.252523 -0.280252 -0.209731
v 0.208787 -0.172147 -0.227953
v 0.237793 -0.072725 -0.256660
v 0.293935 -0.006907 -0.320428
v 0.362169 0.007670 -0.402170
v 0.424211 -0.032898 -0.479985
v 0.463438 -0.117743 -0.533021
v 0.469339 -0.224129 -0.547067
v 0.440333 -0.323551 -0.518361
v 0.384191 -0.389369 -0.454593
v 0.315957 -0.403946 -0.372851
v 0.253915 -0.363378 -0.295036
v 0.214688 -0.278533 -0.242000
v 0.168825 -0.170248 -0.255861
v 0.193972 -0.069847 -0.287860
v 0.243396 -0.003185 -0.357504
v 0.303854 0.011875 -0.446131
v 0.359147 -0.028702 -0.529994
v 0.394458 -0.114043 -0.586622
v 0.400326 -0.221282 -0.600842
v 0.375179 -0.321683 -0.568843
v 0.325755 -0.388345 -0.499199
v 0.265296 -0.403405 -0.410572
v 0.210004 -0.362828 -0.326709
v 0.174693 -0.277487 -0.270081
v 0.127965 -0.168986 -0.278898
v 0.148827 -0.067710 -0.313847
v 0.190634 -0.000332 -0.388853
v 0.242183 0.015095 -0.483816
v 0.289663 -0.025563 -0.573292
v 0.320351 -0.111412 -0.633306
v 0.326024 -0.219448 -0.647777
v 0.305163 -0.320723 -0.612827
v 0.263356 -0.388101 -0.537822
v 0.211807 -0.403528 -0.442859
v 0.164327 -0.362870 -0.353383
v 0.133639 -0.277022 -0.293369
v 0.087180 -0.168303 -0.296817
v 0.103289 -0.066306 -0.334309
v 0.136491 0.001627 -0.414003
v 0.177891 0.017292 -0.514547
v 0.216395 -0.023507 -0.608999
v 0.241687 -0.109838 -0.672052
v 0.246988 -0.218570 -0.686810
v 0.230880 -0.320566 -0.649319
v 0.197678 -0.388499 -0.569625
v 0.156278 -0.404164 -0.469081
v 0.117774 -0.363365 -0.374628
v 0.092482 -0.277034 -0.311576
v 0.047234 -0.168130 -0.309648
v 0.058125 -0.065605 -0.349171
v 0.081734 0.002689 -0.432663
v 0.111734 0.018450 -0.537752
v 0.140087 -0.022544 -0.636281
v 0.159196 -0.109308 -0.701847
v 0.163941 -0.218595 -0.716884
v 0.153049 -0.321121 -0.677361
v 0.129441 -0.389414 -0.593870
v 0.099440 -0.405175 -0.488780
v 0.071087 -0.364182 -0.390252
v 0.051979 -0.277417 -0.324685
v 0.008620 -0.168397 -0.317629
v 0.013892 -0.065565 -0.358556
v 0.027024 0.002871 -0.444703
v 0.044499 0.018574 -0.552986
v 0.061633 -0.022664 -0.654392
v 0.073835 -0.109793 -0.721748
v 0.077836 -0.219466 -0.737007
v 0.072564 -0.322298 -0.696080
v 0.059432 -0.390734 -0.609933
v 0.041958 -0.406438 -0.501650
v 0.024824 -0.365200 -0.400245
v 0.012621 -0.278071 -0.332888
v -0.028478 -0.169037 -0.321109
v -0.029102 -0.066142 -0.362703
v -0.027097 0.002206 -0.450125
v -0.023000 0.017692 -0.559948
v -0.017908 -0.023833 -0.662748
v -0.013186 -0.111242 -0.730977
v -0.010099 -0.221114 -0.746355
v -0.009475 -0.324009 -0.704761
v -0.011480 -0.392356 -0.617339
v -0.015577 -0.407843 -0.507515
v -0.020669 -0.366318 -0.404716
v -0.025391 -0.278909 -0.336487
v -0.064168 -0.169996 -0.320420
v -0.070784 -0.067287 -0.361871
v -0.080211 0.000741 -0.449018
v -0.089923 0.015858 -0.558509
v -0.097319 -0.025984 -0.661007
v -0.100416 -0.113575 -0.729046
v -0.098385 -0.223445 -0.744397
v -0.091770 -0.326155 -0.702945
v -0.082343 -0.394182 -0.615798
v -0.072630 -0.409301 -0.506307
v -0.065234 -0.367458 -0.403810
v -0.062137 -0.279867 -0.335770
v -0.098760 -0.171239 -0.315766
v -0.111243 -0.068958 -0.356252
v -0.131987 -0.001466 -0.441522
v -0.155433 0.013152 -0.548727
v -0.175297 -0.029020 -0.649143
v -0.186259 -0.116683 -0.715862
v -0.185380 -0.226347 -0.731008
v -0.172897 -0.328628 -0.690522
v -0.152153 -0.396120 -0.605253
v -0.128708 -0.410738 -0.498047
v -0.108843 -0.368566 -0.397631
v -0.097881 -0.280904 -0.330912
v -0.132604 -0.172741 -0.307167
v -0.150618 -0.071111 -0.345923
v -0.182138 -0.004341 -0.427797
v -0.218717 0.009677 -0.530853
v -0.250555 -0.032812 -0.627477
v -0.269121 -0.120424 -0.691778
v -0.269439 -0.229683 -0.706527
v -0.251425 -0.331313 -0.667771
v -0.219906 -0.398082 -0.585897
v -0.183326 -0.412101 -0.482841
v -0.151488 -0.369611 -0.386217
v -0.132923 -0.282000 -0.321916
v -0.165928 -0.174479 -0.294490
v -0.188957 -0.073694 -0.330867
v -0.230352 -0.007795 -0.408037
v -0.279023 0.005558 -0.505321
v -0.321928 -0.037210 -0.596652
v -0.347570 -0.124642 -0.657558
v -0.349079 -0.233309 -0.671720
v -0.326051 -0.334094 -0.635342
v -0.284655 -0.399992 -0.558172
v -0.235984 -0.413346 -0.460888
v -0.193079 -0.370578 -0.369557
v -0.167437 -0.283146 -0.308651
v -0.198707 -0.176424 -0.277555
v -0.226121 -0.076639 -0.311063
v -0.276254 -0.011718 -0.382501
v -0.335672 0.000944 -0.472726
v -0.388454 -0.042046 -0.557562
v -0.420458 -0.129169 -0.614278
v -0.423108 -0.237080 -0.627677
v -0.395694 -0.336864 -0.594169
v -0.345561 -0.401786 -0.522731
v -0.286143 -0.414448 -0.432507
v -0.233361 -0.371458 -0.347670
v -0.201357 -0.284335 -0.290954
v -0.230621 -0.178527 -0.256281
v -0.261749 -0.079856 -0.286588
v -0.319375 -0.015974 -0.351564
v -0.388060 -0.004000 -0.433799
v -0.449398 -0.047142 -0.511258
v -0.486954 -0.133839 -0.563186
v -0.490666 -0.240862 -0.575670
v -0.459539 -0.339533 -0.545363
v -0.401912 -0.403415 -0.480387
v -0.333228 -0.415389 -0.398152
v -0.271890 -0.372247 -0.320693
v -0.234333 -0.285550 -0.268765
v -0.261085 -0.180719 -0.230815
v -0.295273 -0.083225 -0.257724
v -0.359168 -0.020404 -0.315766
v -0.435650 -0.009090 -0.389389
v -0.504226 -0.052313 -0.458867
v -0.546520 -0.138492 -0.505581
v -0.551200 -0.244536 -0.517016
v -0.517012 -0.342030 -0.490108
v -0.453117 -0.404850 -0.432066
v -0.376635 -0.416165 -0.358442
v -0.308059 -0.372942 -0.288965
v -0.265765 -0.286762 -0.242250
v -0.289309 -0.182905 -0.201631
v -0.325969 -0.086600 -0.225040
v -0.395021 -0.024820 -0.275853
v -0.477961 -0.014120 -0.340453
v -0.552565 -0.057367 -0.401531
v -0.598845 -0.142972 -0.442722
v -0.604398 -0.247998 -0.452988
v -0.567737 -0.344303 -0.429579
v -0.498686 -0.406083 -0.378766
v -0.415746 -0.416783 -0.314166
v -0.341141 -0.373536 -0.253088
v -0.294862 -0.287931 -0.211897
v -0.314396 -0.184973 -0.169586
v -0.353037 -0.089811 -0.189431
v -0.426301 -0.029015 -0.232778
v -0.514557 -0.018875 -0.288012
v -0.594157 -0.062108 -0.340332
v -0.643773 -0.147129 -0.375720
v -0.650110 -0.251158 -0.384693
v -0.611470 -0.346320 -0.364848
v -0.538206 -0.407117 -0.321501
v -0.449949 -0.417257 -0.266268
v -0.370349 -0.374024 -0.213947
v -0.320733 -0.289003 -0.178559
v -0.335550 -0.186814 -0.135768
v -0.375766 -0.092698 -0.151972
v -0.452455 -0.032792 -0.187579
v -0.545069 -0.023149 -0.233048
v -0.628792 -0.066353 -0.276195
v -0.681190 -0.150826 -0.305461
v -0.688224 -0.253935 -0.313001
v -0.648008 -0.348051 -0.296797
v -0.571319 -0.407957 -0.261191
v -0.478705 -0.417600 -0.215722
v -0.394982 -0.374397 -0.172574
v -0.342584 -0.289923 -0.143309
v -0.352225 -0.188336 -0.101295
v -0.393667 -0.095123 -0.113748
v -0.473081 -0.035984 -0.141263
v -0.569190 -0.026765 -0.176467
v -0.656241 -0.069937 -0.209928
v -0.710909 -0.153932 -0.232679
v -0.718545 -0.256243 -0.238624
v -0.677103 -0.349456 -0.226170
v -0.597688 -0.408596 -0.198655
v -0.501580 -0.417815 -0.163451
v -0.414529 -0.374643 -0.129991
v -0.359861 -0.290648 -0.107240
v -0.364155 -0.189472 -0.067217
v -0.406491 -0.096980 -0.075782
v -0.487940 -0.038450 -0.094779
v -0.586678 -0.029567 -0.119116
v -0.676249 -0.072709 -0.142274
v -0.732652 -0.156318 -0.158047
v -0.740774 -0.257991 -0.162209
v -0.698438 -0.350483 -0.153644
v -0.616989 -0.409012 -0.134648
v -0.518251 -0.417896 -0.110310
v -0.428680 -0.374753 -0.087152
v -0.372277 -0.291144 -0.071379
v -0.371337 -0.190180 -0.034453
v -0.414221 -0.098194 -0.038976
v -0.496952 -0.040086 -0.048980
v -0.597361 -0.031426 -0.061784
v -0.688544 -0.074534 -0.073958
v -0.746069 -0.157860 -0.082240
v -0.754522 -0.259076 -0.084411
v -0.711638 -0.351062 -0.079888
v -0.628908 -0.409171 -0.069884
v -0.528498 -0.417831 -0.057080
v -0.437315 -0.374722 -0.044905
v -0.379790 -0.291396 -0.036624
v -0.373994 -0.190444 -0.003708
v -0.417043 -0.098722 -0.004046
v -0.500185 -0.040815 -0.004596
v -0.601142 -0.032237 -0.005211
v -0.692862 -0.075288 -0.005724
v -0.750769 -0.158432 -0.006000
v -0.759347 -0.259390 -0.005964
v -0.716297 -0.351112 -0.005625
v -0.633155 -0.409019 -0.005075
v -0.532199 -0.417597 -0.004461
v -0.440479 -0.374546 -0.003947
v -0.382572 -0.291402 -0.003672
v -0.372504 -0.190268 0.024600
v -0.415289 -0.098550 0.028538
v -0.497832 -0.040592 0.037804
v -0.598014 -0.031923 0.049914
v -0.688992 -0.074867 0.061623
v -0.746389 -0.157916 0.069795
v -0.754824 -0.258818 0.072239
v -0.712039 -0.350535 0.068301
v -0.629496 -0.408493 0.059035
v -0.529314 -0.417162 0.046925
v -0.438336 -0.374219 0.035216
v -0.380939 -0.291169 0.027044
v -0.367285 -0.189666 0.050380
v -0.409342 -0.097680 0.058597
v -0.490154 -0.039397 0.077838
v -0.588066 -0.030433 0.102949
v -0.676843 -0.073190 0.127201
v -0.732698 -0.156211 0.144096
v -0.740663 -0.257251 0.149107
v -0.698606 -0.349237 0.140890
v -0.617794 -0.407520 0.121649
v -0.519882 -0.416485 0.096538
v -0.431105 -0.373728 0.072286
v -0.375250 -0.290706 0.055391
v -0.358659 -0.188647 0.073845
v -0.399523 -0.096123 0.086214
v -0.477425 -0.037229 0.115302
v -0.571491 -0.027743 0.153315
v -0.656516 -0.070209 0.190067
v -0.709719 -0.153247 0.215711
v -0.716843 -0.254607 0.223375
v -0.675979 -0.347130 0.211006
v -0.598077 -0.406025 0.181918
v -0.504011 -0.415510 0.143905
v -0.418985 -0.373045 0.107153
v -0.365783 -0.290007 0.081509
v -0.346746 -0.187198 0.095390
v -0.385997 -0.093882 0.111648
v -0.459877 -0.034096 0.150121
v -0.548589 -0.023860 0.200502
v -0.628362 -0.065915 0.249289
v -0.677823 -0.148994 0.283411
v -0.683717 -0.250835 0.293725
v -0.644466 -0.344151 0.277467
v -0.570586 -0.403936 0.238994
v -0.481874 -0.414173 0.188614
v -0.402100 -0.372118 0.139826
v -0.352640 -0.289039 0.105704
v -0.331440 -0.185280 0.115428
v -0.368757 -0.090949 0.135188
v -0.437687 -0.030019 0.182280
v -0.519761 -0.018818 0.244085
v -0.592986 -0.060345 0.304042
v -0.637743 -0.143475 0.346087
v -0.642038 -0.245932 0.358953
v -0.604721 -0.340263 0.339192
v -0.535791 -0.401192 0.292101
v -0.453717 -0.412394 0.230296
v -0.380492 -0.370867 0.170338
v -0.335735 -0.287737 0.128294
v -0.312497 -0.182834 0.134227
v -0.347686 -0.087307 0.157021
v -0.411009 -0.025025 0.211743
v -0.485499 -0.012678 0.283730
v -0.551196 -0.053573 0.353693
v -0.590497 -0.136752 0.402885
v -0.592871 -0.239929 0.418126
v -0.557682 -0.335456 0.395331
v -0.494359 -0.397737 0.340609
v -0.419869 -0.410085 0.268622
v -0.354172 -0.369190 0.198660
v -0.314871 -0.286010 0.149468
v -0.289681 -0.179791 0.151837
v -0.322683 -0.082944 0.177166
v -0.380036 -0.019159 0.238422
v -0.446372 -0.005529 0.319192
v -0.503917 -0.045706 0.397833
v -0.537252 -0.128923 0.453275
v -0.537444 -0.232884 0.470660
v -0.504443 -0.329732 0.445332
v -0.447089 -0.393516 0.384076
v -0.380753 -0.407146 0.303306
v -0.323208 -0.366970 0.224664
v -0.289873 -0.283752 0.169222
v -0.262909 -0.176094 0.168107
v -0.293783 -0.077864 0.195482
v -0.345068 -0.012489 0.262171
v -0.403022 0.002514 0.350306
v -0.452117 -0.036873 0.436271
v -0.479198 -0.120099 0.497030
v -0.477008 -0.224862 0.516305
v -0.446134 -0.323091 0.488930
v -0.394849 -0.388466 0.422240
v -0.336895 -0.403470 0.334105
v -0.287800 -0.364082 0.248141
v -0.260719 -0.280857 0.187381
v -0.232397 -0.171712 0.182738
v -0.261277 -0.072108 0.211720
v -0.306571 -0.005114 0.282820
v -0.356144 0.011318 0.376988
v -0.396712 -0.027214 0.468990
v -0.417404 -0.110387 0.534176
v -0.412678 -0.215912 0.555078
v -0.383798 -0.315517 0.526097
v -0.338504 -0.382510 0.454996
v -0.288931 -0.398942 0.360829
v -0.248363 -0.360410 0.268826
v -0.227670 -0.277238 0.203640
v -0.198663 -0.166655 0.195371
v -0.225703 -0.065745 0.225587
v -0.265148 0.002847 0.300195
v -0.306429 0.020741 0.399205
v -0.338483 -0.016858 0.496086
v -0.352724 -0.099874 0.564879
v -0.345334 -0.206065 0.587152
v -0.318294 -0.306975 0.556937
v -0.278849 -0.375567 0.482329
v -0.237569 -0.393461 0.383319
v -0.205514 -0.355863 0.286438
v -0.191273 -0.272846 0.217644
v -0.162373 -0.160961 0.205694
v -0.187717 -0.058863 0.236833
v -0.221451 0.011273 0.314157
v -0.254535 0.030654 0.416947
v -0.278106 -0.005914 0.517661
v -0.285846 -0.088631 0.589312
v -0.275683 -0.195335 0.612702
v -0.250339 -0.297433 0.581563
v -0.216605 -0.367569 0.504239
v -0.183520 -0.386950 0.401449
v -0.159950 -0.350382 0.300735
v -0.152209 -0.267664 0.229084
v -0.124215 -0.154676 0.213492
v -0.147989 -0.051550 0.245290
v -0.176131 0.020050 0.324618
v -0.201101 0.040938 0.430219
v -0.216208 0.005518 0.533798
v -0.217404 -0.076721 0.607600
v -0.204368 -0.183741 0.631851
v -0.180595 -0.286867 0.600053
v -0.152453 -0.358467 0.520725
v -0.127483 -0.379355 0.415124
v -0.112376 -0.343934 0.311546
v -0.111180 -0.261696 0.237743
v -0.084877 -0.147859 0.218641
v -0.107186 -0.043897 0.250870
v -0.129831 0.029067 0.331542
v -0.146744 0.051483 0.439041
v -0.153393 0.017344 0.544563
v -0.147997 -0.064203 0.619833
v -0.132002 -0.171307 0.644683
v -0.109693 -0.275269 0.612454
v -0.087048 -0.348234 0.531782
v -0.070135 -0.370649 0.424283
v -0.063486 -0.336510 0.318761
v -0.068882 -0.254963 0.243491
v -0.045022 -0.140578 0.221092
v -0.065953 -0.035994 0.253549
v -0.083172 0.038223 0.334939
v -0.092066 0.062189 0.443455
v -0.090251 0.029481 0.550020
v -0.078214 -0.051136 0.626080
v -0.059179 -0.158062 0.651254
v -0.038248 -0.262645 0.618798
v -0.021029 -0.336863 0.537408
v -0.012135 -0.360829 0.428892
v -0.013950 -0.328121 0.322327
v -0.025987 -0.247504 0.246267
v -0.005284 -0.132906 0.220861
v -0.024908 -0.027932 0.253360
v -0.036756 0.047422 0.334859
v -0.037653 0.072966 0.443521
v -0.027358 0.041854 0.550230
v -0.008631 -0.037576 0.626394
v 0.013511 -0.144042 0.651603
v 0.033135 -0.249015 0.619105
v 0.044982 -0.324370 0.537606
v 0.045879 -0.349913 0.428943
v 0.035585 -0.318802 0.322234
v 0.016858 -0.239371 0.246071
v 0.033734 -0.124926 0.218017
v 0.015361 -0.019799 0.250388
v 0.008844 0.056575 0.331393
v 0.015930 0.083731 0.439326
v 0.034719 0.054393 0.545266
v 0.060178 -0.023578 0.620828
v 0.085484 -0.129289 0.645764
v 0.103857 -0.234416 0.613393
v 0.110375 -0.310790 0.532388
v 0.103289 -0.337946 0.424455
v 0.084500 -0.308609 0.318515
v 0.059041 -0.230638 0.242953
v 0.071467 -0.116730 0.212681
v 0.054300 -0.011685 0.244766
v 0.053079 0.065599 0.324668
v 0.068131 0.094414 0.430978
v 0.095424 0.067038 0.535211
v 0.127644 -0.009193 0.609436
v 0.156158 -0.113853 0.633766
v 0.173325 -0.218899 0.601681
v 0.174547 -0.296183 0.521779
v 0.159494 -0.324997 0.415468
v 0.132201 -0.297621 0.311236
v 0.099981 -0.221390 0.237011
v 0.107389 -0.108417 0.205022
v 0.091390 -0.003678 0.236670
v 0.095428 0.074420 0.314850
v 0.118421 0.104952 0.418615
v 0.154207 0.079735 0.520159
v 0.193198 0.005527 0.592276
v 0.224946 -0.097788 0.615640
v 0.240944 -0.202528 0.583992
v 0.236906 -0.280626 0.505811
v 0.213914 -0.311157 0.402047
v 0.178128 -0.285941 0.300502
v 0.139137 -0.211733 0.228386
v 0.141018 -0.100095 0.195254
v 0.126158 0.004132 0.226322
v 0.135408 0.082970 0.302141
v 0.166288 0.115292 0.402396
v 0.210526 0.092439 0.500223
v 0.256266 0.020534 0.569410
v 0.291254 -0.081157 0.591418
v 0.306113 -0.185384 0.560351
v 0.296864 -0.264221 0.484531
v 0.265983 -0.296544 0.384277
v 0.221746 -0.273691 0.286449
v 0.176005 -0.201786 0.217262
v 0.171926 -0.091878 0.183638
v 0.158176 0.011660 0.213986
v 0.172568 0.091187 0.286778
v 0.211243 0.125393 0.382509
v 0.263841 0.105112 0.475528
v 0.316266 0.035780 0.540910
v 0.354472 -0.064027 0.561137
v 0.368221 -0.167565 0.530788
v 0.353830 -0.247092 0.457996
v 0.315154 -0.281298 0.362265
v 0.262557 -0.261017 0.269247
v 0.210132 -0.191685 0.203864
v 0.199750 -0.083884 0.170476
v 0.187082 0.018824 0.199969
v 0.206506 0.099022 0.269035
v 0.252820 0.135222 0.359168
v 0.313612 0.117723 0.446215
v 0.372594 0.051216 0.506854
v 0.413962 -0.046480 0.524835
v 0.426631 -0.149188 0.495342
v 0.407206 -0.229386 0.426275
v 0.360892 -0.265586 0.336143
v 0.300100 -0.248088 0.249096
v 0.241118 -0.181580 0.188457
v 0.224212 -0.076230 0.156103
v 0.212588 0.025549 0.184608
v 0.236879 0.106437 0.249214
v 0.290577 0.144759 0.332609
v 0.359293 0.130246 0.412447
v 0.424614 0.066789 0.467337
v 0.469039 -0.028611 0.482571
v 0.480663 -0.130391 0.454066
v 0.456372 -0.211278 0.389460
v 0.402674 -0.249600 0.306065
v 0.333958 -0.235088 0.226226
v 0.268636 -0.171630 0.171336
v 0.245152 -0.069020 0.140848
v 0.234520 0.031786 0.168235
v 0.263417 0.113415 0.227620
v 0.324100 0.153995 0.303090
v 0.400309 0.142653 0.374423
v 0.471624 0.082427 0.422506
v 0.518936 -0.010545 0.434455
v 0.529567 -0.111351 0.407068
v 0.500670 -0.192980 0.347683
v 0.439987 -0.233560 0.272213
v 0.363778 -0.222217 0.200879
v 0.292463 -0.161992 0.152797
v 0.262601 -0.062305 0.124936
v 0.252878 0.037531 0.151093
v 0.285974 0.119974 0.204515
v 0.353021 0.162933 0.270887
v 0.436054 0.154897 0.332424
v 0.512825 0.098019 0.372639
v 0.562762 0.007540 0.380756
v 0.572485 -0.092296 0.354599
v 0.539389 -0.174739 0.301177
v 0.472342 -0.217698 0.234805
v 0.389309 -0.209662 0.173267
v 0.312538 -0.152784 0.133053
v 0.276774 -0.056067 0.108414
v 0.267835 0.042844 0.133263
v 0.304540 0.126168 0.180067
v 0.377052 0.171577 0.236285
v 0.465943 0.166906 0.286855
v 0.547393 0.113405 0.318226
v 0.599579 0.025410 0.321992
v 0.608517 -0.073500 0.297144
v 0.571813 -0.156824 0.250340
v 0.499301 -0.202234 0.194121
v 0.410410 -0.197562 0.143551
v 0.328960 -0.144062 0.112180
v 0.287941 -0.050231 0.091127
v 0.279630 0.047829 0.114634
v 0.319178 0.132077 0.154328
v 0.395986 0.179940 0.199571
v 0.489474 0.178592 0.238242
v 0.574592 0.128395 0.259978
v 0.628534 0.042800 0.258956
v 0.636844 -0.055260 0.235448
v 0.597297 -0.139508 0.195755
v 0.520489 -0.187371 0.150511
v 0.427000 -0.186023 0.111840
v 0.341882 -0.135827 0.090104
v 0.296303 -0.044696 0.072738
v 0.288443 0.052610 0.094930
v 0.329941 0.137794 0.127245
v 0.409676 0.188030 0.161026
v 0.506284 0.189859 0.187221
v 0.593879 0.142791 0.198811
v 0.648990 0.059436 0.192690
v 0.656849 -0.037870 0.170499
v 0.615351 -0.123054 0.138183
v 0.535616 -0.173291 0.104402
v 0.439008 -0.175120 0.078207
v 0.351413 -0.128051 0.066617
v 0.301886 -0.039369 0.052835
v 0.294300 0.057299 0.073793
v 0.336809 0.143398 0.098722
v 0.418024 0.195857 0.120942
v 0.516181 0.200621 0.134500
v 0.604981 0.156412 0.135763
v 0.660630 0.075077 0.124392
v 0.668216 -0.021591 0.103434
v 0.625707 -0.107690 0.078505
v 0.544493 -0.160149 0.056284
v 0.446335 -0.164913 0.042726
v 0.357535 -0.120704 0.041464
v 0.304513 -0.034196 0.031064
v 0.297041 0.061965 0.050923
v 0.339665 0.148937 0.068703
v 0.420963 0.203417 0.079641
v 0.519152 0.210806 0.080804
v 0.607923 0.169125 0.071883
v 0.663488 0.089543 0.055266
v 0.670961 -0.006618 0.035407
v 0.628337 -0.093590 0.017627
v 0.547039 -0.148070 0.006690
v 0.448850 -0.155460 0.005526
v 0.360079 -0.113779 0.014448
v 0.303855 -0.029181 0.007272
v 0.296370 0.066614 0.026204
v 0.338322 0.154415 0.037267
v 0.418472 0.210694 0.037495
v 0.515342 0.220371 0.026829
v 0.602977 0.180854 0.008124
v 0.657895 0.102732 -0.013605
v 0.665380 0.006936 -0.032538
v 0.623428 -0.080865 -0.043601
v 0.543278 -0.137144 -0.043829
v 0.446408 -0.146821 -0.033162
v 0.358773 -0.107304 -0.014458
v 0.299538 -0.024380 -0.018427
v 0.291952 0.071201 -0.000225
v 0.332598 0.159794 0.004670
v 0.410584 0.217659 -0.005052
v 0.505013 0.229292 -0.026787
v 0.590584 0.191575 -0.054710
v 0.644368 0.114616 -0.081341
v 0.651954 0.019034 -0.099542
v 0.611308 -0.069558 -0.104438
v 0.533322 -0.127423 -0.094715
v 0.438893 -0.139056 -0.072981
v 0.353322 -0.101340 -0.045057
v 0.291263 -0.019881 -0.045640
v 0.283533 0.075640 -0.027967
v 0.322385 0.165006 -0.028644
v 0.397409 0.224272 -0.047490
v 0.488503 0.237558 -0.079454
v 0.571258 0.201304 -0.115972
v 0.623500 0.125223 -0.147259
v 0.631230 0.029702 -0.164932
v 0.592378 -0.059664 -0.164255
v 0.517353 -0.118931 -0.145409
v 0.426259 -0.132217 -0.113445
v 0.343505 -0.095962 -0.076927
v 0.278891 -0.015784 -0.073754
v 0.271011 0.079827 -0.056410
v 0.307709 0.169968 -0.062078
v 0.379152 0.230487 -0.089240
v 0.466197 0.245166 -0.130617
v 0.545519 0.210074 -0.175123
v 0.595866 0.134613 -0.210832
v 0.603746 0.039002 -0.228176
v 0.567048 -0.051139 -0.222507
v 0.495605 -0.111658 -0.195346
v 0.408560 -0.126338 -0.153968
v 0.329238 -0.091245 -0.109463
v 0.262494 -0.012176 -0.101999
v 0.254498 0.083664 -0.084793
v 0.288768 0.174594 -0.094921
v 0.356121 0.236249 -0.129670
v 0.438510 0.252110 -0.179728
v 0.513858 0.217925 -0.231683
v 0.561978 0.142855 -0.271612
v 0.569973 0.047015 -0.288818
v 0.535703 -0.043915 -0.278690
v 0.468351 -0.105570 -0.243941
v 0.385962 -0.121431 -0.193883
v 0.310613 -0.087246 -0.141928
v 0.242371 -0.009125 -0.129517
v 0.234331 0.087065 -0.112271
v 0.265944 0.178803 -0.126394
v 0.328739 0.241506 -0.168102
v 0.405890 0.258375 -0.226220
v 0.476725 0.224889 -0.285175
v 0.522264 0.150021 -0.329170
v 0.530304 0.053831 -0.346416
v 0.498691 -0.037906 -0.332293
v 0.435896 -0.100610 -0.290584
v 0.358744 -0.117479 -0.232467
v 0.287909 -0.083993 -0.173512
v 0.219054 -0.006664 -0.155418
v 0.211083 0.089968 -0.137965
v 0.239815 0.182525 -0.155683
v 0.297551 0.246203 -0.203825
v 0.368821 0.263942 -0.269491
v 0.434527 0.230988 -0.335086
v 0.477065 0.156171 -0.383034
v 0.485036 0.059538 -0.400487
v 0.456304 -0.033018 -0.382769
v 0.398568 -0.096697 -0.334627
v 0.327298 -0.114436 -0.268961
v 0.261592 -0.081482 -0.203366
v 0.193301 -0.004797 -0.178829
v 0.185560 0.092338 -0.161019
v 0.211155 0.185705 -0.181986
v 0.263228 0.250287 -0.236112
v 0.327826 0.268780 -0.308894
v 0.387641 0.236228 -0.380830
v 0.426644 0.161354 -0.432645
v 0.434385 0.064220 -0.450455
v 0.408790 -0.029147 -0.429487
v 0.356717 -0.093730 -0.375361
v 0.292118 -0.112223 -0.302579
v 0.232304 -0.079671 -0.230643
v 0.166011 -0.003484 -0.199007
v 0.158703 0.094170 -0.180723
v 0.180850 0.188310 -0.204620
v 0.226516 0.253712 -0.264294
v 0.283466 0.272852 -0.343756
v 0.336440 0.240601 -0.421714
v 0.371244 0.165600 -0.477279
v 0.378552 0.067947 -0.495563
v 0.356406 -0.026193 -0.471666
v 0.310740 -0.091595 -0.411992
v 0.253790 -0.110735 -0.332530
v 0.200815 -0.078484 -0.254572
v 0.138046 -0.002659 -0.215491
v 0.131405 0.095494 -0.196665
v 0.149737 0.190334 -0.223155
v 0.188133 0.256449 -0.287862
v 0.236302 0.276124 -0.373448
v 0.281339 0.244087 -0.456981
v 0.311176 0.168922 -0.516078
v 0.317818 0.070769 -0.534903
v 0.299485 -0.024071 -0.508414
v 0.261090 -0.090186 -0.443707
v 0.212920 -0.109861 -0.358121
v 0.167883 -0.077824 -0.274588
v 0.110113 -0.002238 -0.228122
v 0.104388 0.096361 -0.208747
v 0.118521 0.191794 -0.237434
v 0.148725 0.258488 -0.306497
v 0.186907 0.278574 -0.397430
v 0.222836 0.246668 -0.485867
v 0.246885 0.171321 -0.548113
v 0.252610 0.072721 -0.567488
v 0.238476 -0.022712 -0.538801
v 0.208272 -0.089406 -0.469738
v 0.170090 -0.109491 -0.378805
v 0.134162 -0.077586 -0.290368
v 0.082702 -0.002134 -0.236980
v 0.078150 0.096835 -0.217114
v 0.087721 0.192722 -0.247516
v 0.108850 0.259834 -0.320039
v 0.135877 0.280189 -0.415251
v 0.161559 0.248332 -0.507640
v 0.179014 0.172801 -0.572450
v 0.183567 0.073833 -0.592316
v 0.173996 -0.022054 -0.561915
v 0.152866 -0.089166 -0.489391
v 0.125840 -0.109521 -0.394179
v 0.100158 -0.077665 -0.301790
v 0.056031 -0.002258 -0.242301
v 0.052890 0.096978 -0.222072
v 0.057615 0.193154 -0.253610
v 0.068940 0.260501 -0.328464
v 0.083831 0.280971 -0.426577
v 0.098297 0.249081 -0.521659
v 0.108463 0.173376 -0.588234
v 0.111603 0.074140 -0.608462
v 0.106878 -0.022037 -0.576925
v 0.095553 -0.089383 -0.502071
v 0.080662 -0.109854 -0.403958
v 0.066196 -0.077964 -0.308876
v 0.030028 -0.002541 -0.244356
v 0.028498 0.096845 -0.223958
v 0.028230 0.193129 -0.255977
v 0.029298 0.260513 -0.331834
v 0.031414 0.280940 -0.431203
v 0.034012 0.248938 -0.527458
v 0.036395 0.173081 -0.594808
v 0.037926 0.073695 -0.615206
v 0.038193 -0.022589 -0.583187
v 0.037126 -0.089973 -0.507330
v 0.035010 -0.110400 -0.407961
v 0.032412 -0.078398 -0.311706
v 0.004399 -0.002930 -0.243325
v 0.004614 0.096473 -0.223000
v -0.000617 0.192675 -0.254813
v -0.009892 0.259897 -0.330241
v -0.020725 0.280129 -0.429071
v -0.030214 0.247948 -0.524824
v -0.035816 0.171977 -0.591842
v -0.036030 0.072574 -0.612167
v -0.030799 -0.023628 -0.580353
v -0.021525 -0.090850 -0.504926
v -0.010692 -0.111082 -0.406095
v -0.001203 -0.078901 -0.310342
v -0.021242 -0.003397 -0.239216
v -0.019227 0.095882 -0.219233
v -0.029205 0.191812 -0.250181
v -0.048502 0.258687 -0.323769
v -0.071948 0.278589 -0.420278
v -0.093260 0.246184 -0.513849
v -0.106728 0.170157 -0.579409
v -0.108743 0.070878 -0.599393
v -0.098766 -0.025052 -0.568445
v -0.079469 -0.091927 -0.494857
v -0.056023 -0.111829 -0.398348
v -0.034711 -0.079425 -0.304777
v -0.047212 -0.003927 -0.231868
v -0.043418 0.095080 -0.212493
v -0.057760 0.190557 -0.242002
v -0.086395 0.256919 -0.312488
v -0.121649 0.276386 -0.405064
v -0.154077 0.243742 -0.494925
v -0.174989 0.167733 -0.557992
v -0.178782 0.068726 -0.577367
v -0.164440 -0.026751 -0.547858
v -0.135806 -0.093113 -0.477372
v -0.100552 -0.112581 -0.384796
v -0.068124 -0.079936 -0.294935
v -0.073616 -0.004512 -0.221027
v -0.068135 0.094073 -0.202504
v -0.086343 0.188931 -0.230123
v -0.123361 0.254643 -0.296484
v -0.169271 0.273603 -0.383806
v -0.211771 0.240729 -0.468691
v -0.239473 0.164831 -0.528393
v -0.244954 0.066246 -0.546917
v -0.226746 -0.028612 -0.519298
v -0.189728 -0.094324 -0.452936
v -0.143817 -0.113284 -0.365615
v -0.101318 -0.080410 -0.280730
v -0.100293 -0.005142 -0.206481
v -0.093260 0.092877 -0.189016
v -0.114779 0.186969 -0.214430
v -0.159085 0.251921 -0.275915
v -0.214305 0.270331 -0.356996
v -0.265643 0.237265 -0.435947
v -0.299343 0.161583 -0.491613
v -0.306376 0.063564 -0.509079
v -0.284857 -0.030528 -0.483664
v -0.240552 -0.095481 -0.422179
v -0.185332 -0.113891 -0.341098
v -0.133994 -0.080824 -0.262148
v -0.126827 -0.005796 -0.188175
v -0.118402 0.091522 -0.171934
v -0.142675 0.184723 -0.194953
v -0.193141 0.248834 -0.251062
v -0.256280 0.266678 -0.325229
v -0.315171 0.233471 -0.397579
v -0.354037 0.158114 -0.448727
v -0.362462 0.060796 -0.464967
v -0.338189 -0.032405 -0.441949
v -0.287722 -0.096516 -0.385840
v -0.224584 -0.114360 -0.311673
v -0.165693 -0.081154 -0.239323
v -0.152610 -0.006439 -0.166294
v -0.142956 0.090059 -0.151416
v -0.169462 0.182269 -0.171942
v -0.225025 0.245482 -0.222373
v -0.294757 0.262762 -0.289197
v -0.359974 0.229477 -0.354507
v -0.403201 0.154546 -0.400803
v -0.412855 0.058048 -0.415682
v -0.386349 -0.034162 -0.395156
v -0.330786 -0.097376 -0.344724
v -0.261054 -0.114655 -0.277901
v -0.195837 -0.081370 -0.212591
v -0.176913 -0.007030 -0.141314
v -0.166183 0.088556 -0.127919
v -0.194462 0.179701 -0.145919
v -0.254174 0.241984 -0.190490
v -0.329318 0.258715 -0.249690
v -0.399759 0.225412 -0.307656
v -0.446624 0.150999 -0.348857
v -0.457354 0.055413 -0.362252
v -0.429074 -0.035733 -0.344253
v -0.369363 -0.098015 -0.299682
v -0.294219 -0.114747 -0.240482
v -0.223777 -0.081444 -0.182515
v -0.198947 -0.007514 -0.114033
v -0.187275 0.087095 -0.102248
v -0.216944 0.177133 -0.117705
v -0.280004 0.238475 -0.156261
v -0.359559 0.254683 -0.207587
v -0.434292 0.221416 -0.257929
v -0.484178 0.147586 -0.293798
v -0.495851 0.052977 -0.305583
v -0.466182 -0.037062 -0.290127
v -0.403121 -0.098403 -0.251570
v -0.323566 -0.114612 -0.200244
v -0.248833 -0.081344 -0.149902
v -0.217991 -0.007839 -0.085472
v -0.205493 0.085761 -0.075449
v -0.236238 0.174679 -0.088328
v -0.301986 0.235091 -0.120657
v -0.385122 0.250808 -0.163773
v -0.463369 0.217620 -0.206124
v -0.515760 0.144418 -0.236362
v -0.528258 0.050818 -0.246384
v -0.497513 -0.038101 -0.233506
v -0.431764 -0.098512 -0.201177
v -0.348628 -0.114229 -0.158060
v -0.270382 -0.081041 -0.115709
v -0.233530 -0.007959 -0.056681
v -0.220323 0.084626 -0.048612
v -0.251875 0.172441 -0.058842
v -0.319733 0.231954 -0.084630
v -0.405713 0.247221 -0.119067
v -0.486778 0.214150 -0.152925
v -0.541207 0.141602 -0.177131
v -0.554414 0.049016 -0.185201
v -0.522862 -0.038798 -0.174970
v -0.455004 -0.098312 -0.149182
v -0.369024 -0.113579 -0.114745
v -0.287959 -0.080508 -0.080888
v -0.245305 -0.007845 -0.028647
v -0.231522 0.083742 -0.022761
v -0.263630 0.170494 -0.030239
v -0.333024 0.229167 -0.049076
v -0.421110 0.244038 -0.074225
v -0.504285 0.211124 -0.098947
v -0.560264 0.139243 -0.116619
v -0.574046 0.047655 -0.122504
v -0.541939 -0.039097 -0.115026
v -0.472545 -0.097770 -0.096189
v -0.384459 -0.112641 -0.071040
v -0.301283 -0.079727 -0.046318
v -0.253299 -0.007486 -0.002234
v -0.239121 0.083135 0.001200
v -0.271518 0.168892 -0.003398
v -0.341810 0.226807 -0.014796
v -0.431162 0.241361 -0.029940
v -0.515633 0.208655 -0.044772
v -0.572588 0.137451 -0.055318
v -0.586767 0.046830 -0.058752
v -0.554370 -0.038927 -0.054154
v -0.484078 -0.096842 -0.042756
v -0.394725 -0.111396 -0.027611
v -0.310254 -0.078689 -0.012779
v -0.257734 -0.006890 0.021885
v -0.243405 0.082807 0.022579
v -0.275791 0.167660 0.020988
v -0.346214 0.224931 0.017539
v -0.435804 0.239277 0.013156
v -0.520555 0.206851 0.009014
v -0.577759 0.136344 0.006222
v -0.592087 0.046647 0.005529
v -0.559701 -0.038205 0.007120
v -0.489279 -0.095477 0.010568
v -0.399689 -0.109822 0.014951
v -0.314937 -0.077397 0.019093
v -0.259014 -0.006083 0.043322
v -0.244872 0.082735 0.040996
v -0.276898 0.166795 0.042507
v -0.346509 0.223573 0.047449
v -0.435055 0.237856 0.054498
v -0.518808 0.205817 0.061766
v -0.575328 0.136040 0.067305
v -0.589470 0.047223 0.069630
v -0.557445 -0.036837 0.068120
v -0.487833 -0.093616 0.063178
v -0.399288 -0.107899 0.056129
v -0.315534 -0.075860 0.048861
v -0.257624 -0.005100 0.062064
v -0.244101 0.082881 0.056499
v -0.275372 0.166279 0.061125
v -0.343059 0.222747 0.074702
v -0.429025 0.237155 0.093591
v -0.510236 0.205642 0.112732
v -0.564930 0.136652 0.126996
v -0.578453 0.048671 0.132560
v -0.547182 -0.034727 0.127934
v -0.479494 -0.091196 0.114358
v -0.393528 -0.105604 0.095468
v -0.312318 -0.074091 0.076327
v -0.253947 -0.003966 0.078488
v -0.241550 0.083217 0.069584
v -0.271664 0.166096 0.077216
v -0.336218 0.222462 0.099339
v -0.417917 0.237213 0.130025
v -0.494868 0.206396 0.161053
v -0.546453 0.138269 0.184108
v -0.558850 0.051085 0.193013
v -0.528736 -0.031793 0.185381
v -0.464182 -0.088159 0.163258
v -0.382483 -0.102910 0.132571
v -0.305532 -0.072094 0.101543
v -0.248092 -0.002672 0.093254
v -0.237351 0.083749 0.081071
v -0.265947 0.166252 0.091452
v -0.326217 0.222731 0.121616
v -0.402012 0.238053 0.163481
v -0.473023 0.208112 0.205828
v -0.520222 0.140931 0.237312
v -0.530963 0.054511 0.249495
v -0.502367 -0.027992 0.239114
v -0.442097 -0.084472 0.208950
v -0.366302 -0.099794 0.167085
v -0.295291 -0.069853 0.124738
v -0.239813 -0.001163 0.107054
v -0.231208 0.084530 0.091825
v -0.258035 0.166794 0.104568
v -0.313107 0.223584 0.141869
v -0.381666 0.239685 0.193731
v -0.445342 0.210783 0.246260
v -0.487074 0.144620 0.285380
v -0.495679 0.058927 0.300609
v -0.468852 -0.023337 0.287866
v -0.413781 -0.080127 0.250565
v -0.345222 -0.096228 0.198702
v -0.281545 -0.067326 0.146174
v -0.228612 0.000654 0.120351
v -0.222509 0.085662 0.102446
v -0.247467 0.167802 0.117085
v -0.296800 0.225065 0.160346
v -0.357289 0.242106 0.220636
v -0.412726 0.214361 0.281801
v -0.448256 0.149262 0.327452
v -0.454359 0.064254 0.345357
v -0.429400 -0.017886 0.330718
v -0.380067 -0.075148 0.287457
v -0.319579 -0.092190 0.227167
v -0.264142 -0.064444 0.166002
v -0.213974 0.002894 0.133243
v -0.210599 0.087264 0.113101
v -0.233746 0.169372 0.129160
v -0.277213 0.227217 0.177118
v -0.329353 0.245299 0.244123
v -0.376196 0.218775 0.312223
v -0.405188 0.154750 0.363170
v -0.408564 0.070380 0.383313
v -0.385416 -0.011728 0.367254
v -0.341949 -0.069573 0.319296
v -0.289809 -0.087655 0.252290
v -0.242967 -0.061131 0.184190
v -0.195600 0.005659 0.145507
v -0.195054 0.089440 0.123567
v -0.216577 0.171579 0.140616
v -0.254403 0.230068 0.192084
v -0.298396 0.249235 0.264181
v -0.336768 0.223944 0.337589
v -0.359237 0.160972 0.392638
v -0.359783 0.077192 0.414578
v -0.338260 -0.004947 0.397529
v -0.300435 -0.063437 0.346061
v -0.256442 -0.082604 0.273964
v -0.218070 -0.057313 0.200556
v -0.173573 0.009020 0.156723
v -0.175875 0.092254 0.133383
v -0.196043 0.174462 0.151071
v -0.228675 0.233618 0.205049
v -0.265027 0.253870 0.280853
v -0.295357 0.229792 0.358172
v -0.311540 0.167836 0.416288
v -0.309239 0.084603 0.439629
v -0.289070 0.002395 0.421940
v -0.256438 -0.056761 0.367962
v -0.220087 -0.077013 0.292158
v -0.189756 -0.052936 0.214839
v -0.148415 0.012995 0.166422
v -0.153558 0.095708 0.142012
v -0.172659 0.178002 0.160086
v -0.200601 0.237825 0.215801
v -0.229895 0.259149 0.294228
v -0.252693 0.236259 0.374354
v -0.262886 0.175289 0.434707
v -0.257743 0.092577 0.459117
v -0.238642 0.010283 0.441043
v -0.210701 -0.049540 0.385328
v -0.181407 -0.070864 0.306900
v -0.158608 -0.047974 0.226775
v -0.120886 0.017562 0.174210
v -0.128879 0.099760 0.149007
v -0.147176 0.182139 0.167296
v -0.170874 0.242626 0.224176
v -0.193623 0.265014 0.304406
v -0.209327 0.243303 0.386489
v -0.213779 0.183311 0.448431
v -0.205786 0.101113 0.473634
v -0.187489 0.018734 0.455346
v -0.163791 -0.041754 0.398466
v -0.141042 -0.064141 0.318235
v -0.125338 -0.042430 0.236152
v -0.091773 0.022679 0.179845
v -0.102654 0.104345 0.154090
v -0.120377 0.186800 0.172483
v -0.140196 0.247948 0.230096
v -0.156798 0.271406 0.311491
v -0.165736 0.250888 0.394859
v -0.164614 0.191891 0.457862
v -0.153734 0.110225 0.483617
v -0.136010 0.027771 0.465224
v -0.116191 -0.033378 0.407611
v -0.099589 -0.056836 0.326216
v -0.090651 -0.036317 0.242847
v -0.061826 0.028297 0.183205
v -0.075662 0.109393 0.157123
v -0.093015 0.191900 0.175554
v -0.109235 0.253710 0.233559
v -0.119976 0.278262 0.315595
v -0.122360 0.258978 0.399682
v -0.115747 0.201023 0.463288
v -0.101911 0.119927 0.489370
v -0.084558 0.037421 0.470940
v -0.068338 -0.024390 0.412935
v -0.057597 -0.048942 0.330898
v -0.055214 -0.029657 0.246811
v -0.031737 0.034359 0.184266
v -0.048629 0.114821 0.158084
v -0.065789 0.197348 0.176517
v -0.078617 0.259827 0.234627
v -0.083677 0.285518 0.316842
v -0.079612 0.267536 0.401133
v -0.067513 0.210699 0.464915
v -0.050620 0.130237 0.491098
v -0.033461 0.047710 0.472664
v -0.020632 -0.014769 0.414555
v -0.015573 -0.040460 0.332340
v -0.019637 -0.022478 0.248048
v -0.002134 0.040798 0.183077
v -0.022212 0.120539 0.157037
v -0.039334 0.203045 0.175463
v -0.048913 0.266208 0.233416
v -0.048381 0.293103 0.315369
v -0.037882 0.276524 0.399362
v -0.020228 0.220914 0.462889
v -0.000150 0.141172 0.488928
v 0.016972 0.058666 0.470503
v 0.026551 -0.004497 0.412549
v 0.026019 -0.031392 0.330597
v 0.015520 -0.014813 0.246604
v 0.026420 0.047539 0.179743
v 0.003005 0.126450 0.154120
v -0.014219 0.208885 0.172549
v -0.020637 0.272755 0.230092
v -0.014528 0.300946 0.311331
v 0.002470 0.285906 0.394497
v 0.025802 0.231662 0.457307
v 0.049217 0.152751 0.482930
v 0.066441 0.070316 0.464501
v 0.072858 0.006446 0.406958
v 0.066749 -0.021745 0.325719
v 0.049752 -0.006705 0.242553
v 0.053432 0.054500 0.174424
v 0.026515 0.132447 0.149534
v 0.009067 0.214754 0.167996
v 0.005764 0.279367 0.224863
v 0.017491 0.308974 0.304898
v 0.041105 0.295641 0.386656
v 0.070279 0.242941 0.448229
v 0.097197 0.164994 0.473119
v 0.114644 0.082688 0.454657
v 0.117948 0.018074 0.397790
v 0.106221 -0.011533 0.317754
v 0.082607 0.001800 0.235997
v 0.078490 0.061593 0.167318
v 0.047906 0.138417 0.143534
v 0.030128 0.220533 0.162077
v 0.029919 0.285939 0.217979
v 0.047337 0.317109 0.296260
v 0.077713 0.305691 0.375947
v 0.112909 0.254744 0.435685
v 0.143494 0.177921 0.459469
v 0.161272 0.095805 0.440926
v 0.161480 0.030399 0.385024
v 0.144062 -0.000771 0.306742
v 0.113686 0.010647 0.227056
v 0.101265 0.068724 0.158660
v 0.066869 0.144247 0.136420
v 0.048673 0.226105 0.155110
v 0.051552 0.292367 0.209722
v 0.074735 0.325276 0.285621
v 0.112010 0.316015 0.362473
v 0.153389 0.267066 0.419683
v 0.187785 0.191543 0.441922
v 0.205981 0.109685 0.423233
v 0.203102 0.043423 0.368621
v 0.179919 0.010514 0.292721
v 0.142644 0.019775 0.215870
v 0.121529 0.075801 0.148708
v 0.083227 0.149827 0.128520
v 0.064548 0.231361 0.147438
v 0.070497 0.298556 0.200392
v 0.099481 0.333406 0.273193
v 0.143732 0.326573 0.346334
v 0.191395 0.279889 0.400218
v 0.229697 0.205862 0.420406
v 0.248376 0.124328 0.401488
v 0.242427 0.057134 0.348534
v 0.213443 0.022284 0.275733
v 0.169192 0.029116 0.202592
v 0.139169 0.082740 0.137722
v 0.096948 0.155072 0.120155
v 0.077749 0.236216 0.139393
v 0.086717 0.304431 0.190280
v 0.121449 0.341437 0.259181
v 0.172638 0.337319 0.327634
v 0.226568 0.293181 0.377297
v 0.268789 0.220850 0.394863
v 0.287988 0.139705 0.375626
v 0.279020 0.071491 0.324739
v 0.244288 0.034485 0.255838
v 0.193099 0.038602 0.187385
v 0.154190 0.089481 0.125931
v 0.108158 0.159929 0.111595
v 0.088436 0.240627 0.131250
v 0.100310 0.309951 0.179629
v 0.140596 0.349327 0.243769
v 0.198501 0.348204 0.306483
v 0.258509 0.306882 0.350968
v 0.304541 0.236434 0.365304
v 0.324263 0.155736 0.345649
v 0.312390 0.086412 0.297270
v 0.272103 0.047036 0.233131
v 0.214198 0.048159 0.170416
v 0.166712 0.095994 0.113497
v 0.117127 0.164400 0.102999
v 0.096915 0.244607 0.123162
v 0.111492 0.315124 0.168584
v 0.156952 0.357055 0.227094
v 0.221113 0.359166 0.283014
v 0.286785 0.320890 0.321361
v 0.336370 0.252484 0.331859
v 0.356582 0.172277 0.311696
v 0.342005 0.101761 0.266274
v 0.296545 0.059829 0.207764
v 0.232383 0.057718 0.151844
v 0.176935 0.102292 0.100470
v 0.124211 0.168546 0.094367
v 0.103569 0.248232 0.115122
v 0.120540 0.319998 0.157173
v 0.170578 0.364615 0.209252
v 0.240275 0.370128 0.257406
v 0.310954 0.335059 0.288731
v 0.363679 0.268804 0.294834
v 0.384321 0.189118 0.274079
v 0.367349 0.117352 0.232029
v 0.317311 0.072735 0.179949
v 0.247615 0.067222 0.131795
v 0.185077 0.108426 0.086782
v 0.129761 0.172477 0.085539
v 0.108766 0.251623 0.106962
v 0.127717 0.324658 0.145312
v 0.181536 0.372012 0.190312
v 0.255803 0.380995 0.229905
v 0.330618 0.349202 0.253482
v 0.385934 0.285152 0.254725
v 0.406929 0.206005 0.233302
v 0.387978 0.132970 0.194953
v 0.334159 0.085617 0.149952
v 0.259891 0.076633 0.110359
v 0.191293 0.114469 0.072284
v 0.134033 0.176327 0.076233
v 0.112774 0.254924 0.098397
v 0.133212 0.329200 0.132836
v 0.189869 0.379253 0.170324
v 0.267566 0.391670 0.200814
v 0.345483 0.363126 0.216138
v 0.402743 0.301268 0.212189
v 0.424002 0.222671 0.190026
v 0.403565 0.148395 0.155586
v 0.346907 0.098342 0.118099
v 0.269210 0.085924 0.087608
v 0.195642 0.120487 0.056795
v 0.137138 0.180222 0.066116
v 0.115714 0.258269 0.089082
v 0.137110 0.333716 0.119541
v 0.195594 0.386348 0.149330
v 0.275495 0.402060 0.170468
v 0.355403 0.376644 0.177291
v 0.413907 0.316910 0.167970
v 0.435331 0.238863 0.145004
v 0.413935 0.163416 0.114545
v 0.355451 0.110784 0.084756
v 0.275550 0.095071 0.063618
v 0.198077 0.126526 0.040165
v 0.139027 0.184252 0.054887
v 0.117544 0.261757 0.078709
v 0.139384 0.338272 0.105250
v 0.198696 0.393296 0.127397
v 0.279586 0.412085 0.139216
v 0.360381 0.389604 0.137540
v 0.419432 0.331878 0.122819
v 0.440915 0.254373 0.098996
v 0.419075 0.177858 0.072456
v 0.359763 0.122834 0.050309
v 0.278872 0.104045 0.038490
v 0.198472 0.132593 0.022326
v 0.139532 0.188458 0.042352
v 0.118100 0.265433 0.067075
v 0.139918 0.342894 0.089871
v 0.199139 0.400083 0.104633
v 0.279897 0.421678 0.107404
v 0.360551 0.401893 0.097442
v 0.419490 0.346028 0.077417
v 0.440922 0.269053 0.052693
v 0.419105 0.191593 0.029897
v 0.359883 0.134403 0.015135
v 0.279126 0.112808 0.012364
v 0.196660 0.138667 0.003319
v 0.138423 0.192830 0.028463
v 0.117154 0.269293 0.054126
v 0.138554 0.347568 0.073431
v 0.196888 0.406680 0.081206
v 0.276525 0.430791 0.075368
v 0.356127 0.413440 0.057481
v 0.414365 0.359276 0.032337
v 0.435633 0.282813 0.006674
v 0.414233 0.204539 -0.012631
v 0.355900 0.145426 -0.020407
v 0.276262 0.121316 -0.014568
v 0.192483 0.144694 -0.016701
v 0.135467 0.197317 0.013325
v 0.114479 0.273287 0.039964
v 0.135143 0.352249 0.056077
v 0.191923 0.413044 0.057347
v 0.269603 0.439383 0.043433
v 0.347370 0.424208 0.018064
v 0.404386 0.371586 -0.011962
v 0.425374 0.295616 -0.038601
v 0.404710 0.216654 -0.054714
v 0.347930 0.155859 -0.055984
v 0.270250 0.129520 -0.042070
v 0.185819 0.150608 -0.037481
v 0.130481 0.201840 -0.002823
v 0.109897 0.277337 0.024829
v 0.129582 0.356869 0.038065
v 0.184261 0.419126 0.033339
v 0.259283 0.447427 0.011917
v 0.334546 0.434188 -0.020460
v 0.389883 0.382956 -0.055118
v 0.410467 0.307459 -0.082770
v 0.390783 0.227926 -0.096006
v 0.336104 0.165669 -0.091280
v 0.261082 0.137368 -0.069859
v 0.176605 0.156331 -0.058688
v 0.123361 0.206307 -0.019641
v 0.103315 0.281349 0.009064
v 0.121838 0.361350 0.019736
v 0.173968 0.424874 0.009515
v 0.245735 0.454899 -0.018860
v 0.317910 0.443380 -0.057786
v 0.371154 0.393404 -0.096833
v 0.391200 0.318362 -0.125538
v 0.372677 0.238361 -0.136210
v 0.320548 0.174837 -0.125989
v 0.248780 0.144812 -0.097614
v 0.164847 0.161789 -0.079935
v 0.114092 0.210625 -0.036719
v 0.094736 0.285230 -0.006916
v 0.111964 0.365612 0.001488
v 0.161160 0.430234 -0.013759
v 0.229143 0.461780 -0.048572
v 0.297697 0.451797 -0.093622
v 0.348452 0.402960 -0.136838
v 0.367809 0.328356 -0.166642
v 0.350581 0.247973 -0.175046
v 0.301384 0.183351 -0.159798
v 0.233401 0.151806 -0.124986
v 0.150618 0.166912 -0.100803
v 0.102756 0.214708 -0.053607
v 0.084265 0.288890 -0.022658
v 0.100099 0.369580 -0.016247
v 0.146015 0.435157 -0.036094
v 0.209711 0.468051 -0.076880
v 0.274119 0.459448 -0.127676
v 0.321982 0.411652 -0.174872
v 0.340473 0.337471 -0.205821
v 0.324639 0.256781 -0.212231
v 0.278723 0.191203 -0.192384
v 0.215027 0.158309 -0.151599
v 0.134058 0.171642 -0.120849
v 0.089529 0.218480 -0.069838
v 0.072112 0.292250 -0.037692
v 0.086476 0.373185 -0.033025
v 0.128770 0.439600 -0.057086
v 0.187662 0.473698 -0.103428
v 0.247373 0.466343 -0.159635
v 0.291902 0.419506 -0.210646
v 0.309318 0.345736 -0.242792
v 0.294955 0.264800 -0.247460
v 0.252661 0.198386 -0.223398
v 0.193768 0.164288 -0.177056
v 0.115363 0.175930 -0.139627
v 0.074670 0.221878 -0.084954
v 0.058583 0.295246 -0.051566
v 0.071412 0.376374 -0.048410
v 0.109721 0.443524 -0.076331
v 0.163244 0.478704 -0.127848
v 0.217639 0.472488 -0.189157
v 0.258332 0.426540 -0.243830
v 0.274419 0.353172 -0.277218
v 0.261590 0.272044 -0.280375
v 0.223281 0.204894 -0.252453
v 0.169759 0.169714 -0.200936
v 0.094766 0.179744 -0.156714
v 0.058475 0.224867 -0.098559
v 0.044012 0.297842 -0.063908
v 0.055253 0.379115 -0.062047
v 0.089186 0.446909 -0.093473
v 0.136719 0.483060 -0.149767
v 0.185115 0.477880 -0.215844
v 0.221406 0.432757 -0.273999
v 0.235869 0.359782 -0.308649
v 0.224628 0.278508 -0.310511
v 0.190695 0.210714 -0.279085
v 0.143162 0.174563 -0.222791
v 0.072494 0.183068 -0.171757
v 0.041188 0.227437 -0.110388
v 0.028663 0.300035 -0.074508
v 0.038273 0.381409 -0.073730
v 0.067445 0.449755 -0.108262
v 0.108361 0.486761 -0.168853
v 0.150058 0.482510 -0.239266
v 0.181363 0.438141 -0.300634
v 0.193888 0.365543 -0.336515
v 0.184278 0.284169 -0.337293
v 0.155107 0.215823 -0.302761
v 0.114191 0.178817 -0.242170
v 0.048759 0.185907 -0.184490
v 0.022995 0.229603 -0.120293
v 0.012715 0.301845 -0.083284
v 0.020672 0.383276 -0.083377
v 0.044736 0.452077 -0.120550
v 0.078458 0.489811 -0.184840
v 0.112802 0.486370 -0.259022
v 0.138566 0.442673 -0.323219
v 0.148846 0.370431 -0.360229
v 0.140888 0.289000 -0.360135
v 0.116825 0.220200 -0.322962
v 0.083103 0.182465 -0.258672
v 0.023773 0.188271 -0.194704
v 0.004042 0.231387 -0.128181
v -0.003706 0.303301 -0.090211
v 0.002605 0.384745 -0.090966
v 0.021282 0.453896 -0.130246
v 0.047323 0.492224 -0.197524
v 0.073749 0.489460 -0.274774
v 0.093480 0.446344 -0.341296
v 0.101228 0.374429 -0.379267
v 0.094918 0.292985 -0.378511
v 0.076240 0.223835 -0.339232
v 0.050199 0.185507 -0.271954
v -0.002246 0.190178 -0.202233
v -0.015541 0.232812 -0.133989
v -0.020504 0.304431 -0.095289
v -0.015805 0.385844 -0.096500
v -0.002702 0.455237 -0.137300
v 0.015293 0.494016 -0.206756
v 0.033358 0.491790 -0.286256
v 0.046654 0.449155 -0.354500
v 0.051617 0.377536 -0.393201
v 0.046917 0.296123 -0.391989
v 0.033814 0.226730 -0.351189
v 0.015820 0.187952 -0.281734
v -0.029059 0.191651 -0.206945
v -0.035626 0.233906 -0.137665
v -0.037594 0.305263 -0.098518
v -0.034436 0.386602 -0.099992
v -0.026997 0.456129 -0.141692
v -0.017273 0.495214 -0.212446
v -0.007867 0.493383 -0.293294
v -0.001300 0.451129 -0.362573
v 0.000668 0.379771 -0.401721
v -0.002491 0.298432 -0.400247
v -0.009929 0.228905 -0.358546
v -0.019654 0.189821 -0.287793
v -0.056394 0.192718 -0.208736
v -0.056050 0.234692 -0.139161
v -0.054860 0.305821 -0.099892
v -0.053143 0.387044 -0.101453
v -0.051359 0.456599 -0.143424
v -0.049987 0.495849 -0.214560
v -0.049393 0.494275 -0.295799
v -0.049738 0.452301 -0.365374
v -0.050928 0.381173 -0.404642
v -0.052644 0.299949 -0.403082
v -0.054428 0.230394 -0.361111
v -0.055800 0.191145 -0.289975
v -0.083926 0.193412 -0.207538
v -0.076591 0.235199 -0.138441
v -0.072126 0.306129 -0.099411
v -0.071726 0.387196 -0.100907
v -0.075499 0.456679 -0.142527
v -0.082434 0.495960 -0.213119
v -0.090673 0.494513 -0.293769
v -0.098008 0.452726 -0.362866
v -0.102474 0.381796 -0.401896
v -0.102874 0.300728 -0.400400
v -0.099101 0.231245 -0.358780
v -0.092166 0.191965 -0.288188
v -0.111275 0.193772 -0.203330
v -0.096950 0.235455 -0.135506
v -0.089126 0.306213 -0.097102
v -0.089901 0.387086 -0.098409
v -0.099065 0.456404 -0.139075
v -0.114165 0.495594 -0.208205
v -0.131153 0.494154 -0.287275
v -0.145478 0.452471 -0.355099
v -0.153301 0.381713 -0.393502
v -0.152527 0.300840 -0.392196
v -0.143362 0.231521 -0.351530
v -0.128263 0.192332 -0.282400
v -0.137994 0.193847 -0.196146
v -0.116733 0.235501 -0.130417
v -0.105495 0.306108 -0.093059
v -0.107290 0.386749 -0.094082
v -0.121636 0.455816 -0.133211
v -0.144691 0.494804 -0.199963
v -0.170277 0.493264 -0.276450
v -0.191537 0.451611 -0.342178
v -0.202775 0.381004 -0.379536
v -0.200981 0.300363 -0.378513
v -0.186634 0.231295 -0.339384
v -0.163579 0.192308 -0.272633
v -0.163577 0.193695 -0.186097
v -0.135464 0.235383 -0.123335
v -0.120766 0.305855 -0.087488
v -0.123422 0.386228 -0.088161
v -0.142720 0.454966 -0.125174
v -0.173489 0.493652 -0.188610
v -0.207485 0.491918 -0.261470
v -0.235599 0.450230 -0.324232
v -0.250296 0.379758 -0.360079
v -0.247641 0.299385 -0.359406
v -0.228343 0.230647 -0.322393
v -0.197573 0.191961 -0.258958
v -0.187469 0.193385 -0.173383
v -0.152594 0.235163 -0.114554
v -0.134397 0.305512 -0.080755
v -0.137754 0.385581 -0.081041
v -0.161766 0.453916 -0.115336
v -0.199998 0.492207 -0.174450
v -0.242206 0.490194 -0.242544
v -0.277081 0.448416 -0.301373
v -0.295278 0.378068 -0.335172
v -0.291921 0.297999 -0.334886
v -0.267909 0.229664 -0.300591
v -0.229677 0.191372 -0.241477
v -0.209074 0.192998 -0.158303
v -0.167540 0.234914 -0.104546
v -0.145812 0.305146 -0.073445
v -0.149712 0.384875 -0.073334
v -0.178195 0.452737 -0.104242
v -0.223628 0.490550 -0.157889
v -0.273839 0.488180 -0.219898
v -0.315373 0.446263 -0.273656
v -0.337101 0.376031 -0.304757
v -0.333201 0.296302 -0.304868
v -0.304718 0.228440 -0.273959
v -0.259284 0.190628 -0.220313
v -0.227786 0.192622 -0.141272
v -0.179749 0.234719 -0.093991
v -0.154490 0.304838 -0.066412
v -0.158777 0.384189 -0.065924
v -0.191462 0.451511 -0.092658
v -0.243787 0.488765 -0.139450
v -0.301731 0.485968 -0.193764
v -0.349768 0.443871 -0.241045
v -0.375027 0.373752 -0.268624
v -0.370739 0.294401 -0.269112
v -0.338054 0.227079 -0.242378
v -0.285730 0.189825 -0.195586
v -0.243044 0.192353 -0.122796
v -0.188849 0.234661 -0.083745
v -0.160173 0.304661 -0.060731
v -0.164698 0.383597 -0.059922
v -0.201212 0.450317 -0.081533
v -0.259932 0.486945 -0.119775
v -0.325123 0.483665 -0.164400
v -0.379317 0.441357 -0.203451
v -0.407993 0.371357 -0.226464
v -0.403468 0.292421 -0.227274
v -0.366954 0.225701 -0.205662
v -0.308234 0.189073 -0.167421
v -0.254458 0.192279 -0.103339
v -0.194931 0.234793 -0.074515
v -0.163234 0.304649 -0.057280
v -0.167859 0.383130 -0.056253
v -0.207568 0.449207 -0.071708
v -0.271719 0.485173 -0.099504
v -0.343125 0.481393 -0.132194
v -0.402652 0.438879 -0.161018
v -0.434349 0.369023 -0.178253
v -0.429724 0.290542 -0.179280
v -0.390016 0.224465 -0.163825
v -0.325864 0.188499 -0.136029
v -0.261885 0.192467 -0.083134
v -0.198600 0.235120 -0.066392
v -0.164728 0.304772 -0.056100
v -0.169346 0.382761 -0.055016
v -0.211217 0.448188 -0.063430
v -0.279121 0.483523 -0.079088
v -0.354863 0.479298 -0.097794
v -0.418148 0.436645 -0.114536
v -0.452020 0.366992 -0.124828
v -0.447402 0.289004 -0.125913
v -0.405531 0.223577 -0.117499
v -0.337628 0.188242 -0.101841
v -0.265261 0.192971 -0.062115
v -0.200524 0.235614 -0.058610
v -0.165784 0.304955 -0.056051
v -0.170349 0.382415 -0.055122
v -0.212997 0.447237 -0.056072
v -0.282299 0.482053 -0.058648
v -0.359687 0.477534 -0.062158
v -0.424425 0.434891 -0.065663
v -0.459165 0.365549 -0.068223
v -0.454600 0.288090 -0.069151
v -0.411952 0.223268 -0.068201
v -0.342649 0.188452 -0.065625
v -0.264384 0.193848 -0.040037
v -0.200824 0.236265 -0.049785
v -0.166755 0.305151 -0.055098
v -0.171307 0.382048 -0.054553
v -0.213261 0.446351 -0.048297
v -0.281373 0.480832 -0.038005
v -0.357395 0.476249 -0.026435
v -0.420956 0.433832 -0.016687
v -0.455025 0.364946 -0.011374
v -0.450472 0.288049 -0.011918
v -0.408519 0.223746 -0.018175
v -0.340406 0.189265 -0.028467
v -0.258856 0.195178 -0.016759
v -0.198805 0.237131 -0.038624
v -0.166826 0.305407 -0.051270
v -0.171487 0.381712 -0.051310
v -0.211541 0.445601 -0.038732
v -0.276254 0.479954 -0.016907
v -0.348286 0.475567 0.008317
v -0.408338 0.433614 0.030182
v -0.440317 0.365338 0.042829
v -0.435656 0.289033 0.042869
v -0.395602 0.225144 0.030291
v -0.330889 0.190791 0.008466
v -0.248241 0.197062 0.007545
v -0.193306 0.238340 -0.024590
v -0.164447 0.305874 -0.043585
v -0.169397 0.381566 -0.044352
v -0.206829 0.445136 -0.026686
v -0.266714 0.479549 0.004681
v -0.333006 0.475586 0.041344
v -0.387941 0.434307 0.073478
v -0.416800 0.366774 0.092473
v -0.411851 0.291081 0.093241
v -0.374418 0.227512 0.075574
v -0.314533 0.193098 0.044207
v -0.232288 0.199601 0.032372
v -0.183302 0.240054 -0.008023
v -0.158164 0.306751 -0.032257
v -0.163610 0.381822 -0.033838
v -0.198181 0.445151 -0.012342
v -0.252612 0.479769 0.026472
v -0.312321 0.476401 0.072203
v -0.361307 0.435948 0.112598
v -0.386444 0.369251 0.136833
v -0.380998 0.294180 0.138414
v -0.346428 0.230851 0.116918
v -0.291996 0.196233 0.078104
v -0.211049 0.202889 0.057037
v -0.168286 0.242417 0.010167
v -0.147157 0.308227 -0.018304
v -0.153323 0.382684 -0.020746
v -0.185133 0.445839 0.003493
v -0.234062 0.480769 0.047920
v -0.287001 0.478114 0.100630
v -0.329764 0.438586 0.147500
v -0.350893 0.372776 0.175970
v -0.344727 0.298319 0.178413
v -0.312918 0.235164 0.154174
v -0.263988 0.200234 0.109747
v -0.184872 0.207003 0.080798
v -0.148317 0.245544 0.028864
v -0.131332 0.310445 -0.003046
v -0.138467 0.384316 -0.006381
v -0.167811 0.447362 0.019752
v -0.211501 0.482692 0.068352
v -0.257830 0.480837 0.126396
v -0.294385 0.442296 0.178330
v -0.311370 0.377395 0.210240
v -0.304235 0.303524 0.213575
v -0.274891 0.240478 0.187442
v -0.231202 0.205149 0.138842
v -0.154335 0.212010 0.102944
v -0.123912 0.249514 0.046969
v -0.111197 0.313501 0.012194
v -0.119598 0.386826 0.007938
v -0.146863 0.449842 0.035340
v -0.185688 0.485664 0.087058
v -0.225668 0.484693 0.149235
v -0.256091 0.447189 0.205209
v -0.268806 0.383202 0.239984
v -0.260405 0.309877 0.244241
v -0.233139 0.246861 0.216839
v -0.194315 0.211039 0.165121
v -0.120178 0.217977 0.122803
v -0.095914 0.254374 0.063484
v -0.087708 0.317435 0.026225
v -0.097761 0.390263 0.021010
v -0.123378 0.453345 0.049236
v -0.157695 0.489777 0.103340
v -0.191517 0.489798 0.168825
v -0.215782 0.453401 0.228144
v -0.223987 0.390341 0.265403
v -0.213935 0.317512 0.270618
v -0.188318 0.254430 0.242392
v -0.154001 0.217998 0.188288
v -0.083243 0.224989 0.139743
v -0.065414 0.260146 0.077521
v -0.062188 0.322224 0.038007
v -0.074431 0.394590 0.031789
v -0.098861 0.457854 0.060534
v -0.128934 0.495065 0.116538
v -0.156590 0.496250 0.184796
v -0.174419 0.461094 0.247018
v -0.177645 0.399016 0.286532
v -0.165402 0.326650 0.292750
v -0.140972 0.263386 0.264005
v -0.110899 0.226175 0.208001
v -0.044394 0.233180 0.153137
v -0.033696 0.266823 0.088290
v -0.036311 0.327747 0.046663
v -0.051541 0.399628 0.039410
v -0.075303 0.463205 0.068474
v -0.101232 0.501443 0.126067
v -0.122379 0.504095 0.196757
v -0.133078 0.470453 0.261604
v -0.130462 0.409529 0.303231
v -0.115232 0.337648 0.310484
v -0.091470 0.274071 0.281420
v -0.065541 0.235833 0.223827
v -0.004411 0.242810 0.162299
v -0.002195 0.274373 0.095095
v -0.012143 0.333711 0.051535
v -0.031588 0.404924 0.043290
v -0.055322 0.468930 0.072569
v -0.076984 0.508581 0.131526
v -0.090770 0.513250 0.204366
v -0.092987 0.481687 0.271569
v -0.083039 0.422349 0.315129
v -0.063593 0.351136 0.323375
v -0.039859 0.287130 0.294096
v -0.018197 0.247479 0.235138
v 0.036162 0.254446 0.166331
v 0.027696 0.282794 0.097373
v 0.008067 0.339571 0.052410
v -0.017466 0.409565 0.043492
v -0.042060 0.474020 0.073008
v -0.059126 0.515667 0.133049
v -0.064092 0.523345 0.207527
v -0.055626 0.494997 0.276486
v -0.035996 0.438220 0.321448
v -0.010464 0.368226 0.330366
v 0.014131 0.303771 0.300850
v 0.031197 0.262124 0.240809
v 0.077030 0.269316 0.163870
v 0.055054 0.292364 0.094756
v 0.022663 0.344630 0.049922
v -0.011465 0.412108 0.041382
v -0.038184 0.476718 0.071424
v -0.050336 0.521148 0.131998
v -0.044665 0.533493 0.206874
v -0.022689 0.510445 0.275988
v 0.009702 0.458179 0.320822
v 0.043830 0.390701 0.329363
v 0.070549 0.326091 0.299321
v 0.082701 0.281661 0.238746
v 0.117237 0.289356 0.152817
v 0.079535 0.303923 0.086831
v 0.031715 0.348474 0.045403
v -0.013409 0.411071 0.039632
v -0.043745 0.474942 0.071066
v -0.051166 0.522972 0.131281
v -0.033683 0.542292 0.204144
v 0.004020 0.527724 0.270130
v 0.051840 0.483173 0.311559
v 0.096963 0.420576 0.317329
v 0.127300 0.356705 0.285895
v 0.134721 0.308675 0.225680
v 0.153550 0.316256 0.131147
v 0.100784 0.318986 0.072778
v 0.037622 0.352136 0.039457
v -0.019012 0.406826 0.040112
v -0.053942 0.468400 0.074568
v -0.057809 0.520360 0.133593
v -0.029577 0.548783 0.201370
v 0.023189 0.546053 0.259740
v 0.086351 0.512903 0.293061
v 0.142984 0.458213 0.292406
v 0.177914 0.396639 0.257950
v 0.181781 0.344679 0.198925
v 0.180831 0.349800 0.099317
v 0.117453 0.339227 0.051789
v 0.043025 0.358859 0.030281
v -0.022510 0.403437 0.040556
v -0.061592 0.461016 0.079861
v -0.063748 0.516167 0.137665
v -0.028401 0.554113 0.198478
v 0.034977 0.564687 0.246007
v 0.109405 0.545054 0.267515
v 0.174940 0.500476 0.257240
v 0.214022 0.442898 0.217935
v 0.216178 0.387746 0.160131
v 0.195661 0.388077 0.060978
v 0.127444 0.365675 0.024245
v 0.047615 0.372486 0.014984
v -0.022435 0.406685 0.035678
v -0.063937 0.459107 0.080781
v -0.065770 0.515708 0.138207
v -0.027443 0.561320 0.192571
v 0.040775 0.583721 0.229304
v 0.120603 0.576911 0.238565
v 0.190654 0.542712 0.217871
v 0.232156 0.490289 0.172769
v 0.233988 0.433689 0.115342
v 0.198042 0.429739 0.020304
v 0.129289 0.398808 -0.008058
v 0.048818 0.395369 -0.007344
v -0.021810 0.420342 0.022253
v -0.063671 0.467036 0.072803
v -0.065546 0.522940 0.130762
v -0.026935 0.573075 0.180599
v 0.041817 0.604006 0.208960
v 0.122289 0.607446 0.208247
v 0.192917 0.582473 0.178650
v 0.234777 0.535778 0.128099
v 0.236653 0.479874 0.070141
v 0.189484 0.474969 -0.019868
v 0.122660 0.439191 -0.042699
v 0.044585 0.428507 -0.035151
v -0.023820 0.445780 0.000754
v -0.064226 0.486382 0.055394
v -0.065808 0.539433 0.114129
v -0.028140 0.590718 0.161222
v 0.038684 0.626497 0.184052
v 0.116759 0.637180 0.176504
v 0.185164 0.619907 0.140600
v 0.225571 0.579306 0.085959
v 0.227152 0.526254 0.027224
v 0.171334 0.524794 -0.057574
v 0.107978 0.487671 -0.077076
v 0.034401 0.472571 -0.065640
v -0.029684 0.483542 -0.026330
v -0.067104 0.517644 0.030320
v -0.067833 0.565740 0.089131
v -0.031676 0.614941 0.134345
v 0.031680 0.652065 0.153847
v 0.105258 0.667164 0.142411
v 0.169342 0.656193 0.103102
v 0.206762 0.622091 0.046452
v 0.207491 0.573996 -0.012360
v 0.144533 0.580377 -0.090895
v 0.086119 0.545182 -0.108352
v 0.018999 0.528276 -0.095518
v -0.038843 0.534189 -0.055831
v -0.071907 0.561337 0.000075
v -0.071334 0.602444 0.057220
v -0.037278 0.646498 0.100291
v 0.021137 0.681692 0.117748
v 0.088257 0.698598 0.104914
v 0.146098 0.692685 0.065227
v 0.179163 0.665538 0.009321
v 0.178590 0.624430 -0.047823
v 0.109850 0.642693 -0.117587
v 0.058347 0.612468 -0.133328
v 0.000029 0.596214 -0.121135
v -0.049478 0.598287 -0.084277
v -0.076910 0.618131 -0.032628
v -0.074915 0.650428 0.019972
v -0.044028 0.686526 0.059428
v 0.007475 0.716751 0.075169
v 0.065793 0.733005 0.062977
v 0.115301 0.730932 0.026118
v 0.142732 0.711088 -0.025531
v 0.140737 0.678791 -0.078130
v 0.068066 0.712432 -0.135030
v 0.026338 0.689808 -0.148413
v -0.020100 0.676491 -0.138495
v -0.058804 0.676048 -0.107934
v -0.079404 0.688599 -0.064919
v -0.076381 0.710780 -0.020976
v -0.050543 0.736648 0.012122
v -0.008815 0.759272 0.025504
v 0.037623 0.772589 0.015587
v 0.076327 0.773032 -0.014974
v 0.096927 0.760481 -0.057989
v 0.093904 0.738300 -0.101932
v 0.020040 0.789970 -0.140306
v -0.007857 0.776777 -0.149731
v -0.038337 0.768328 -0.143352
v -0.063234 0.766887 -0.122878
v -0.075876 0.772841 -0.093795
v -0.072876 0.784593 -0.063895
v -0.055039 0.798996 -0.041191
v -0.027142 0.812189 -0.031765
v 0.003338 0.820638 -0.038144
v 0.028235 0.822079 -0.058618
v 0.040877 0.816125 -0.087701
v 0.037878 0.804373 -0.117601
v -0.033329 0.875429 -0.130321
v -0.041938 0.872086 -0.133349
v -0.051182 0.869737 -0.131486
v -0.058585 0.869010 -0.125232
v -0.062163 0.870100 -0.116262
v -0.060958 0.872715 -0.106980
v -0.055291 0.876155 -0.099873
v -0.046682 0.879498 -0.096845
v -0.037437 0.881847 -0.098708
v -0.030034 0.882574 -0.104962
v -0.026456 0.881484 -0.113932
v -0.027662 0.878868 -0.123214
vn -0.2762 0.5053 -0.8175
vn -0.4223 0.0037 -0.9065
vn -0.3287 0.0015 -0.9444
vn -0.1496 0.8711 -0.4677
vn -0.3554 0.5099 -0.7834
vn 0.0165 0.9998 0.0081
vn -0.1935 0.8744 -0.4450
vn 0.1768 0.8597 0.4792
vn 0.0183 0.9998 0.0124
vn 0.2885 0.4932 0.8207
vn 0.2223 0.8577 0.4637
vn 0.3232 -0.0005 0.9463
vn 0.3650 0.4910 0.7910
vn 0.3457 -0.4949 0.7972
vn 0.2725 -0.4943 0.8255
vn 0.1887 -0.8600 0.4741
vn 0.1488 -0.8606 0.4871
vn -0.0210 -0.9995 0.0239
vn -0.0160 -0.9997 0.0167
vn -0.2278 -0.8709 -0.4355
vn -0.1780 -0.8696 -0.4605
vn -0.3754 -0.5037 -0.7781
vn -0.2927 -0.5027 -0.8134
vn -0.6294 0.0100 -0.7770
vn -0.5303 0.5181 -0.6711
vn -0.2893 0.8801 -0.3766
vn 0.0254 0.9995 0.0198
vn 0.3271 0.8519 0.4090
vn 0.4098 -0.0022 0.9122
vn 0.5374 0.4835 0.6910
vn 0.5109 -0.4963 0.7019
vn 0.2806 -0.8593 0.4276
vn -0.0293 -0.9987 0.0408
vn -0.3374 -0.8702 -0.3591
vn -0.5583 -0.5009 -0.6613
vn -0.8539 0.0216 -0.5200
vn -0.7167 0.5313 -0.4516
vn -0.3850 0.8885 -0.2496
vn 0.0426 0.9988 0.0248
vn 0.4484 0.8434 0.2961
vn 0.6039 -0.0073 0.7970
vn 0.7292 0.4720 0.4955
vn 0.6949 -0.5014 0.5155
vn 0.3877 -0.8604 0.3308
vn -0.0294 -0.9975 0.0648
vn -0.4492 -0.8671 -0.2152
vn -0.7545 -0.4940 -0.4320
vn -0.9913 0.0392 -0.1257
vn -0.8268 0.5482 -0.1263
vn -0.4351 0.8971 -0.0774
vn 0.0660 0.9977 0.0119
vn 0.5398 0.8343 0.1125
vn 0.8181 -0.0168 0.5748
vn 0.8672 0.4583 0.1949
vn 0.8275 -0.5129 0.2284
vn 0.4696 -0.8661 0.1713
vn -0.0176 -0.9965 0.0813
vn -0.5101 -0.8600 -0.0154
vn -0.8717 -0.4821 -0.0885
vn -0.8033 0.5587 0.2062
vn -0.4207 0.9017 0.0994
vn 0.0783 0.9969 -0.0076
vn 0.5545 0.8273 -0.0901
vn 0.8852 0.4457 -0.1335
vn 0.9902 -0.0472 -0.1311
vn 0.9710 -0.0313 0.2371
vn 0.8451 -0.5279 -0.0845
vn 0.4839 -0.8751 -0.0040
vn -0.0054 -0.9955 0.0944
vn -0.4948 -0.8478 0.1910
vn -0.8465 -0.4637 0.2617
vn -0.7009 0.5648 0.4356
vn -0.9606 0.0561 0.2721
vn -0.3650 0.9043 0.2215
vn 0.0785 0.9964 -0.0324
vn 0.5062 0.8229 -0.2581
vn 0.8051 0.4365 -0.4016
vn 0.9004 -0.0604 -0.4308
vn 0.7691 -0.5415 -0.3395
vn 0.4431 -0.8840 -0.1491
vn 0.0043 -0.9954 0.0961
vn -0.4299 -0.8382 0.3356
vn -0.7382 -0.4494 0.5031
vn -0.5838 0.5695 0.5786
vn -0.8374 0.0674 0.5425
vn -0.3016 0.9062 0.2964
vn 0.0713 0.9960 -0.0530
vn 0.4325 0.8202 -0.3745
vn 0.6863 0.4304 -0.5863
vn 0.7678 -0.0697 -0.6369
vn 0.6566 -0.5515 -0.5146
vn 0.3805 -0.8906 -0.2490
vn 0.0105 -0.9955 0.0942
vn -0.3546 -0.8324 0.4259
vn -0.6145 -0.4407 0.6544
vn -0.4703 0.5730 0.6712
vn -0.6986 0.0749 0.7116
vn -0.2415 0.9077 0.3431
vn 0.0607 0.9958 -0.0689
vn 0.3543 0.8181 -0.4531
vn 0.5613 0.4260 -0.7095
vn 0.6285 -0.0762 -0.7741
vn 0.5387 -0.5583 -0.6309
vn 0.3147 -0.8951 -0.3158
vn 0.0146 -0.9957 0.0914
vn -0.2818 -0.8286 0.4836
vn -0.4936 -0.4349 0.7531
vn -0.3612 0.5759 0.7334
vn -0.5629 0.0802 0.8227
vn -0.1851 0.9091 0.3733
vn 0.0483 0.9955 -0.0815
vn 0.2757 0.8161 -0.5078
vn 0.4369 0.4224 -0.7941
vn 0.4902 -0.0810 -0.8678
vn 0.4219 -0.5631 -0.7106
vn 0.2495 -0.8982 -0.3620
vn 0.0176 -0.9959 0.0885
vn -0.2119 -0.8261 0.5221
vn -0.3768 -0.4308 0.8200
vn -0.2525 0.5784 0.7757
vn -0.4316 0.0842 0.8981
vn -0.1294 0.9104 0.3930
vn 0.0348 0.9952 -0.0915
vn 0.1955 0.8141 -0.5468
vn 0.3104 0.4193 -0.8532
vn 0.3500 -0.0847 -0.9329
vn 0.3039 -0.5665 -0.7660
vn 0.1839 -0.9003 -0.3946
vn 0.0209 -0.9961 0.0858
vn -0.1417 -0.8243 0.5481
vn -0.2599 -0.4274 0.8659
vn -0.1655 0.0902 0.9821
vn -0.3007 0.0873 0.9497
vn -0.1418 0.5808 0.8016
vn -0.0745 0.9117 0.4040
vn 0.0178 0.9949 -0.0996
vn 0.1777 0.4162 -0.8917
vn 0.2031 -0.0879 -0.9752
vn 0.1800 -0.5691 -0.8023
vn 0.1141 -0.9019 -0.4167
vn 0.0225 -0.9963 0.0827
vn -0.0704 -0.8231 0.5636
vn -0.1394 -0.4249 0.8945
vn -0.0228 0.0929 0.9954
vn -0.0246 0.5832 0.8119
vn -0.0165 0.9130 0.4076
vn 0.1102 0.8121 -0.5730
vn -0.0006 0.9945 -0.1045
vn 0.0188 0.8104 -0.5856
vn 0.0362 0.4135 -0.9098
vn 0.0489 -0.5713 -0.8193
vn 0.0408 -0.9031 -0.4275
vn 0.0250 -0.9965 0.0801
vn 0.0058 -0.8221 0.5693
vn -0.0117 -0.4231 0.9060
vn 0.1270 0.0951 0.9873
vn 0.0980 0.5854 0.8048
vn 0.0438 0.9141 0.4031
vn -0.0204 0.9942 -0.1055
vn -0.0772 0.8088 -0.5830
vn 0.0472 -0.0907 -0.9948
vn -0.1118 0.4112 -0.9047
vn -0.0880 -0.5731 -0.8147
vn -0.0356 -0.9041 -0.4259
vn 0.0280 -0.9966 0.0781
vn 0.0860 -0.8213 0.5639
vn 0.1225 -0.4214 0.8985
vn 0.2784 0.0969 0.9556
vn 0.2217 0.5869 0.7787
vn 0.1047 0.9149 0.3899
vn -0.0398 0.9940 -0.1020
vn -0.1728 0.8077 -0.5637
vn -0.2783 -0.0949 -0.9558
vn -0.1157 -0.0930 -0.9889
vn -0.2243 -0.5746 -0.7871
vn -0.1111 -0.9049 -0.4108
vn 0.0322 -0.9965 0.0767
vn 0.1678 -0.8205 0.5465
vn 0.2584 -0.4200 0.8700
vn 0.3395 0.5877 0.7344
vn 0.1634 0.9152 0.3684
vn -0.0569 0.9939 -0.0946
vn -0.2617 0.8072 -0.5292
vn -0.3976 0.4085 -0.8216
vn -0.2597 0.4095 -0.8746
vn -0.4301 -0.0962 -0.8976
vn -0.3511 -0.5759 -0.7383
vn -0.1804 -0.9057 -0.3837
vn 0.0380 -0.9964 0.0753
vn 0.2465 -0.8195 0.5173
vn 0.3878 -0.4186 0.8212
vn 0.4462 0.5880 0.6747
vn 0.4222 0.0981 0.9012
vn 0.2174 0.9153 0.3391
vn -0.0705 0.9939 -0.0852
vn -0.3396 0.8070 -0.4832
vn -0.5194 0.4080 -0.7509
vn -0.5640 -0.0969 -0.8200
vn -0.4625 -0.5767 -0.6734
vn -0.2403 -0.9062 -0.3479
vn 0.0453 -0.9963 0.0728
vn 0.3187 -0.8188 0.4775
vn 0.5051 -0.4176 0.7553
vn 0.5404 0.5881 0.6018
vn 0.5521 0.0988 0.8279
vn 0.2658 0.9153 0.3026
vn -0.0808 0.9939 -0.0751
vn -0.4056 0.8070 -0.4292
vn -0.6234 0.4079 -0.6671
vn -0.6787 -0.0973 -0.7280
vn -0.5575 -0.5772 -0.5967
vn -0.2905 -0.9065 -0.3065
vn 0.0535 -0.9962 0.0682
vn 0.3833 -0.8184 0.4282
vn 0.6088 -0.4171 0.6749
vn 0.6220 0.5880 0.5172
vn 0.6666 0.0992 0.7388
vn 0.3083 0.9152 0.2595
vn -0.0883 0.9940 -0.0653
vn -0.4605 0.8072 -0.3694
vn -0.7106 0.4080 -0.5732
vn -0.7747 -0.0973 -0.6247
vn -0.6368 -0.5773 -0.5111
vn -0.3317 -0.9066 -0.2611
vn 0.0620 -0.9962 0.0611
vn 0.4398 -0.8182 0.3702
vn 0.6984 -0.4170 0.5816
vn 0.6906 0.5877 0.4215
vn 0.7655 0.0991 0.6358
vn 0.3443 0.9151 0.2098
vn -0.0937 0.9940 -0.0562
vn -0.5052 0.8074 -0.3047
vn -0.7820 0.4084 -0.4707
vn -0.8536 -0.0969 -0.5119
vn -0.7017 -0.5770 -0.4179
vn -0.3650 -0.9064 -0.2125
vn 0.0698 -0.9962 0.0514
vn 0.4875 -0.8185 0.3041
vn 0.7739 -0.4174 0.4763
vn 0.9156 0.0981 0.3900
vn 0.8487 0.0988 0.5196
vn 0.7459 0.5873 0.3143
vn 0.3736 0.9149 0.1532
vn -0.0977 0.9940 -0.0483
vn -0.5403 0.8077 -0.2358
vn -0.8384 0.4090 -0.3603
vn -0.7530 -0.5764 -0.3174
vn -0.3912 -0.9061 -0.1611
vn 0.0764 -0.9963 0.0388
vn 0.5260 -0.8190 0.2295
vn 0.8346 -0.4181 0.3587
vn 0.9642 0.0970 0.2469
vn 0.7860 0.5865 0.1958
vn 0.3945 0.9145 0.0900
vn -0.1009 0.9940 -0.0413
vn -0.5662 0.8081 -0.1624
vn -0.9158 -0.0963 -0.3899
vn -0.8797 0.4097 -0.2416
vn -0.7906 -0.5754 -0.2094
vn -0.4107 -0.9055 -0.1063
vn 0.0806 -0.9965 0.0241
vn 0.5535 -0.8197 0.1471
vn 0.8785 -0.4192 0.2290
vn 0.9913 0.0953 0.0909
vn 0.8082 0.5852 0.0665
vn 0.4056 0.9138 0.0205
vn -0.1039 0.9940 -0.0349
vn -0.5823 0.8086 -0.0846
vn -0.9612 -0.0952 -0.2587
vn -0.9045 0.4107 -0.1152
vn -0.8134 -0.5741 -0.0939
vn -0.4233 -0.9048 -0.0477
vn 0.0818 -0.9966 0.0079
vn 0.5683 -0.8208 0.0576
vn 0.9029 -0.4208 0.0878
vn 0.9928 0.0934 -0.0751
vn 0.8090 0.5836 -0.0706
vn 0.4054 0.9126 -0.0534
vn -0.1069 0.9938 -0.0290
vn -0.5874 0.8093 -0.0033
vn -0.9885 -0.0938 -0.1186
vn -0.9110 0.4121 0.0176
vn -0.8196 -0.5722 0.0281
vn -0.4278 -0.9037 0.0145
vn 0.0794 -0.9968 -0.0087
vn 0.5680 -0.8222 -0.0368
vn 0.9041 -0.4228 -0.0621
vn 0.7855 0.5812 -0.2125
vn 0.3914 0.9111 -0.1290
vn -0.1098 0.9937 -0.0220
vn -0.5803 0.8104 0.0805
vn -0.9953 -0.0921 0.0291
vn -0.8971 0.4143 0.1537
vn -0.9795 -0.0898 0.1802
vn -0.4229 -0.9026 0.0805
vn 0.0738 -0.9970 -0.0227
vn 0.5515 -0.8240 -0.1303
vn 0.8789 -0.4262 -0.2140
vn 0.9651 0.0907 -0.2456
vn 0.7377 0.5777 -0.3495
vn 0.3631 0.9092 -0.2035
vn -0.1130 0.9935 -0.0169
vn -0.5609 0.8120 0.1614
vn -0.8623 0.4171 0.2872
vn -0.8070 -0.5702 0.1539
vn -0.9401 -0.0867 0.3296
vn -0.7747 -0.5679 0.2783
vn -0.4081 -0.9013 0.1456
vn 0.0649 -0.9972 -0.0362
vn 0.5183 -0.8260 -0.2217
vn 0.9081 0.0864 -0.4098
vn 0.6689 0.5731 -0.4733
vn 0.3240 0.9065 -0.2707
vn -0.1158 0.9932 -0.0108
vn -0.5299 0.8140 0.2378
vn -0.8082 0.4205 0.4124
vn -0.8788 -0.0829 0.4699
vn -0.7238 -0.5649 0.3964
vn -0.3829 -0.8997 0.2095
vn 0.0551 -0.9975 -0.0445
vn 0.8275 -0.4301 -0.3609
vn 0.4725 -0.8281 -0.3015
vn 0.7547 -0.4337 -0.4923
vn 0.5866 0.5678 -0.5775
vn 0.8262 0.0811 -0.5576
vn 0.2769 0.9033 -0.3277
vn -0.1180 0.9930 -0.0045
vn -0.4898 0.8165 0.3056
vn -0.7387 0.4246 0.5236
vn -0.7998 -0.0786 0.5951
vn -0.6574 -0.5615 0.5026
vn -0.3485 -0.8980 0.2687
vn 0.0460 -0.9978 -0.0481
vn 0.4193 -0.8305 -0.3666
vn 0.6687 -0.4381 -0.6008
vn 0.4992 0.5621 -0.6594
vn 0.7291 0.0754 -0.6802
vn 0.2266 0.8998 -0.3728
vn -0.1194 0.9928 0.0014
vn -0.4441 0.8194 0.3624
vn -0.6596 0.4293 0.6170
vn -0.7094 -0.0737 0.7009
vn -0.5806 -0.5577 0.5932
vn -0.3067 -0.8961 0.3209
vn 0.0398 -0.9981 -0.0472
vn 0.3648 -0.8332 -0.4157
vn 0.5790 -0.4428 -0.6846
vn 0.4136 0.5562 -0.7209
vn 0.6273 0.0693 -0.7757
vn 0.1768 0.8962 -0.4068
vn -0.1201 0.9927 0.0067
vn -0.3963 0.8226 0.4078
vn -0.5770 0.4344 0.6917
vn -0.6144 -0.0683 0.7861
vn -0.4985 -0.5536 0.6671
vn -0.2600 -0.8940 0.3650
vn 0.0378 -0.9984 -0.0430
vn 0.3140 -0.8359 -0.4501
vn 0.4930 -0.4477 -0.7460
vn 0.3331 0.5502 -0.7657
vn 0.5287 0.0630 -0.8465
vn 0.1298 0.8927 -0.4316
vn -0.1202 0.9927 0.0112
vn -0.3492 0.8259 0.4426
vn -0.4952 0.4397 0.7493
vn -0.5193 -0.0626 0.8523
vn -0.4152 -0.5490 0.7254
vn -0.2104 -0.8915 0.4012
vn 0.0406 -0.9985 -0.0367
vn 0.2696 -0.8388 -0.4730
vn 0.4142 -0.4529 -0.7895
vn 0.2583 0.5443 -0.7981
vn 0.4369 0.0566 -0.8977
vn 0.0858 0.8892 -0.4495
vn -0.1201 0.9927 0.0148
vn -0.3039 0.8293 0.4689
vn -0.4160 0.4454 0.7928
vn -0.4265 -0.0564 0.9027
vn -0.3326 -0.5439 0.7704
vn -0.1591 -0.8886 0.4302
vn 0.0477 -0.9984 -0.0297
vn 0.2317 -0.8417 -0.4878
vn 0.3429 -0.4581 -0.8201
vn 0.1884 0.5383 -0.8214
vn 0.3523 0.0501 -0.9346
vn 0.0445 0.8856 -0.4624
vn -0.1200 0.9926 0.0175
vn -0.2607 0.8328 0.4882
vn -0.3400 0.4513 0.8251
vn -0.3366 -0.0497 0.9403
vn -0.2513 -0.5382 0.8045
vn -0.1068 -0.8852 0.4528
vn 0.0584 -0.9980 -0.0230
vn 0.1996 -0.8444 -0.4971
vn 0.2783 -0.4634 -0.8413
vn 0.1226 0.5320 -0.8378
vn 0.2740 0.0435 -0.9608
vn 0.0053 0.8819 -0.4715
vn -0.1200 0.9926 0.0194
vn -0.2196 0.8365 0.5020
vn -0.2669 0.4576 0.8481
vn -0.2493 -0.0425 0.9675
vn -0.1714 -0.5318 0.8294
vn -0.0537 -0.8811 0.4699
vn 0.0722 -0.9972 -0.0172
vn 0.1724 -0.8471 -0.5027
vn 0.2194 -0.4688 -0.8556
vn 0.0598 0.5256 -0.8486
vn 0.2010 0.0367 -0.9789
vn -0.0326 0.8780 -0.4776
vn -0.1204 0.9925 0.0207
vn -0.1803 0.8403 0.5112
vn -0.1963 0.4644 0.8636
vn -0.1642 -0.0345 0.9858
vn -0.0924 -0.5245 0.8464
vn 0.0001 -0.8763 0.4817
vn 0.0885 -0.9960 -0.0127
vn 0.1490 -0.8496 -0.5059
vn 0.1649 -0.4744 -0.8647
vn -0.0010 0.5187 -0.8549
vn 0.1321 0.0297 -0.9908
vn -0.0697 0.8738 -0.4812
vn -0.1214 0.9924 0.0212
vn -0.1425 0.8444 0.5164
vn -0.1274 0.4717 0.8725
vn -0.0803 -0.0257 0.9964
vn -0.0138 -0.5163 0.8563
vn 0.0548 -0.8707 0.4888
vn 0.1070 -0.9942 -0.0099
vn 0.1287 -0.8520 -0.5075
vn 0.0663 0.0224 -0.9975
vn -0.0610 0.5113 -0.8572
vn -0.1067 0.8694 -0.4825
vn -0.1230 0.9922 0.0213
vn -0.1056 0.8488 0.5180
vn -0.0595 0.4798 0.8754
vn 0.0028 -0.0159 0.9999
vn 0.0649 -0.5070 0.8595
vn 0.1105 -0.8641 0.4910
vn 0.1273 -0.9918 -0.0090
vn 0.0648 -0.4860 -0.8716
vn 0.1138 -0.4801 -0.8698
vn 0.0019 0.0145 -0.9999
vn -0.1209 0.5035 -0.8555
vn -0.1443 0.8644 -0.4816
vn -0.1255 0.9919 0.0209
vn -0.0697 0.8536 0.5162
vn 0.0078 0.4887 0.8724
vn 0.0860 -0.0048 0.9963
vn 0.1443 -0.4964 0.8560
vn 0.1488 -0.9888 -0.0102
vn 0.0937 -0.8564 -0.5078
vn 0.1107 -0.8542 -0.5080
vn 0.0167 -0.4924 -0.8702
vn -0.0619 0.0059 -0.9981
vn -0.1821 0.4947 -0.8497
vn -0.1833 0.8588 -0.4784
vn -0.1292 0.9914 0.0202
vn -0.0344 0.8588 0.5111
vn 0.0751 0.4987 0.8635
vn 0.1698 0.0078 0.9854
vn 0.2252 -0.8475 0.4806
vn 0.1673 -0.8564 0.4884
vn 0.1712 -0.9851 -0.0139
vn 0.0772 -0.8585 -0.5070
vn -0.0316 -0.4993 -0.8658
vn -0.1264 -0.0035 -0.9920
vn -0.2452 0.4848 -0.8395
vn -0.2242 0.8524 -0.4724
vn -0.1342 0.9908 0.0193
vn 0.0004 0.8646 0.5024
vn 0.1429 0.5099 0.8483
vn 0.2247 -0.4843 0.8455
vn 0.2548 0.0220 0.9667
vn 0.2842 -0.8372 0.4672
vn 0.1941 -0.9808 -0.0201
vn 0.0603 -0.8607 -0.5055
vn -0.0811 -0.5070 -0.8581
vn -0.1926 -0.0139 -0.9812
vn -0.2616 -0.0258 -0.9648
vn -0.3112 0.4735 -0.8240
vn -0.2676 0.8450 -0.4630
vn -0.1410 0.9898 0.0185
vn 0.0347 0.8711 0.4900
vn 0.2113 0.5226 0.8260
vn 0.3897 -0.4546 0.8009
vn 0.3065 -0.4705 0.8275
vn 0.3441 -0.8255 0.4474
vn 0.2168 -0.9758 -0.0292
vn 0.0421 -0.8633 -0.5030
vn -0.1327 -0.5157 -0.8464
vn -0.3340 -0.0396 -0.9417
vn -0.3808 0.4604 -0.8019
vn -0.3142 0.8363 -0.4493
vn -0.1498 0.9885 0.0181
vn 0.0684 0.8782 0.4734
vn 0.3411 0.0382 0.9392
vn 0.2804 0.5370 0.7956
vn 0.4741 -0.4365 0.7646
vn 0.4045 -0.8121 0.4206
vn 0.2387 -0.9702 -0.0411
vn 0.0217 -0.8663 -0.4990
vn -0.1875 -0.5258 -0.8297
vn -0.4108 -0.0556 -0.9101
vn -0.4545 0.4451 -0.7715
vn -0.3645 0.8260 -0.4300
vn -0.1611 0.9868 0.0187
vn 0.1011 0.8862 0.4522
vn 0.4288 0.0566 0.9016
vn 0.3497 0.5533 0.7560
vn 0.5592 -0.4160 0.7171
vn 0.4646 -0.7970 0.3859
vn 0.2590 -0.9643 -0.0559
vn -0.0018 -0.8703 -0.4924
vn -0.2464 -0.5377 -0.8063
vn -0.4922 -0.0744 -0.8673
vn -0.5329 0.4271 -0.7305
vn -0.4189 0.8137 -0.4031
vn -0.1751 0.9843 0.0211
vn 0.1324 0.8949 0.4261
vn 0.5172 0.0776 0.8523
vn 0.4183 0.5716 0.7059
vn 0.6435 -0.3929 0.6569
vn 0.5232 -0.7804 0.3424
vn 0.2766 -0.9582 -0.0732
vn -0.0292 -0.8758 -0.4818
vn -0.3100 -0.5521 -0.7740
vn -0.5783 -0.0969 -0.8100
vn -0.6156 0.4058 -0.6755
vn -0.4769 0.7990 -0.3662
vn -0.1919 0.9811 0.0264
vn 0.1614 0.9045 0.3948
vn 0.6052 0.1012 0.7896
vn 0.4847 0.5920 0.6439
vn 0.7251 -0.3675 0.5824
vn 0.5788 -0.7624 0.2895
vn 0.2907 -0.9523 -0.0924
vn -0.0607 -0.8831 -0.4652
vn -0.3781 -0.5697 -0.7297
vn -0.6675 -0.1234 -0.7343
vn -0.7010 0.3808 -0.6030
vn -0.5370 0.7819 -0.3168
vn -0.2110 0.9768 0.0358
vn 0.1870 0.9146 0.3585
vn 0.6908 0.1275 0.7118
vn 0.5463 0.6141 0.5696
vn 0.8008 -0.3400 0.4931
vn 0.6292 -0.7433 0.2272
vn 0.3009 -0.9470 -0.1128
vn -0.0952 -0.8927 -0.4404
vn -0.4492 -0.5909 -0.6701
vn -0.7558 -0.1541 -0.6364
vn -0.7852 0.3521 -0.5095
vn -0.5958 0.7623 -0.2527
vn -0.2310 0.9716 0.0504
vn 0.2079 0.9251 0.3177
vn 0.7705 0.1560 0.6180
vn 0.5998 0.6375 0.4836
vn 0.8668 -0.3112 0.3895
vn 0.6722 -0.7238 0.1560
vn 0.3072 -0.9423 -0.1334
vn -0.1304 -0.9044 -0.4063
vn -0.5193 -0.6157 -0.5927
vn -0.8366 -0.1884 -0.5144
vn -0.8618 0.3202 -0.3935
vn -0.6487 0.7409 -0.1738
vn -0.2502 0.9656 0.0705
vn 0.2231 0.9355 0.2740
vn 0.8404 0.1861 0.5090
vn 0.6421 0.6611 0.3882
vn 0.9192 -0.2823 0.2745
vn 0.7055 -0.7045 0.0778
vn 0.3098 -0.9383 -0.1535
vn -0.1628 -0.9177 -0.3624
vn -0.5828 -0.6432 -0.4967
vn -0.9009 -0.2243 -0.3715
vn -0.9225 0.2869 -0.2583
vn -0.6904 0.7187 -0.0825
vn -0.2665 0.9591 0.0957
vn 0.2321 0.9453 0.2291
vn 0.8960 0.2165 0.3877
vn 0.6705 0.6840 0.2872
vn 0.9550 -0.2545 0.1523
vn 0.7274 -0.6862 -0.0042
vn 0.3095 -0.9352 -0.1721
vn -0.1889 -0.9316 -0.3104
vn -0.6328 -0.6717 -0.3852
vn -0.9413 -0.2590 -0.2166
vn -0.9608 0.2537 -0.1116
vn -0.7172 0.6967 0.0172
vn -0.2782 0.9522 0.1259
vn 0.2349 0.9540 0.1862
vn 0.9341 0.2460 0.2587
vn 0.6845 0.7049 0.1859
vn 0.9535 0.2730 0.1279
vn 0.7377 -0.6696 -0.0860
vn 0.3071 -0.9330 -0.1879
vn -0.2065 -0.9454 -0.2521
vn -0.6651 -0.6986 -0.2640
vn -0.9740 0.2241 0.0337
vn -0.7270 0.6770 0.1147
vn -0.2841 0.9462 0.1549
vn 0.2325 0.9619 0.1439
vn 0.6847 0.7237 0.0869
vn 0.9549 0.2969 0.0006
vn 0.9730 -0.2288 0.0287
vn 0.9742 -0.2062 -0.0918
vn 0.7371 -0.6550 -0.1664
vn 0.3035 -0.9307 -0.2042
vn -0.2137 -0.9570 -0.1959
vn -0.9552 -0.2895 -0.0615
vn -0.9646 0.1997 0.1720
vn -0.7214 0.6600 0.2097
vn -0.2845 0.9406 0.1855
vn 0.2258 0.9683 0.1066
vn 0.6730 0.7396 -0.0047
vn 0.9409 0.3173 -0.1184
vn 0.9608 -0.1873 -0.2046
vn 0.7270 -0.6429 -0.2409
vn 0.2991 -0.9291 -0.2175
vn -0.6764 -0.7224 -0.1440
vn -0.2118 -0.9672 -0.1405
vn -0.6686 -0.7430 -0.0303
vn -0.9377 0.1799 0.2972
vn -0.9454 -0.3149 0.0838
vn -0.7033 0.6460 0.2967
vn -0.2799 0.9358 0.2145
vn 0.2162 0.9736 0.0736
vn 0.6524 0.7528 -0.0878
vn 0.9148 0.3342 -0.2270
vn 0.9358 -0.1717 -0.3078
vn 0.7098 -0.6330 -0.3091
vn 0.2943 -0.9277 -0.2298
vn -0.2023 -0.9752 -0.0902
vn -0.6468 -0.7592 0.0729
vn -0.8982 0.1642 0.4079
vn -0.9171 -0.3357 0.2151
vn -0.6760 0.6347 0.3744
vn -0.2713 0.9318 0.2409
vn 0.2049 0.9778 0.0445
vn 0.6252 0.7634 -0.1621
vn 0.8795 0.3479 -0.3246
vn 0.9021 -0.1591 -0.4010
vn 0.6869 -0.6248 -0.3711
vn 0.2890 -0.9263 -0.2419
vn -0.1874 -0.9812 -0.0463
vn -0.6146 -0.7716 0.1637
vn -0.8498 0.1520 0.5047
vn -0.8757 -0.3519 0.3307
vn -0.6420 0.6258 0.4430
vn -0.2597 0.9288 0.2645
vn 0.1925 0.9811 0.0189
vn 0.5933 0.7719 -0.2282
vn 0.8375 0.3589 -0.4121
vn 0.8618 -0.1489 -0.4849
vn 0.6596 -0.6181 -0.4276
vn 0.2831 -0.9248 -0.2541
vn -0.1691 -0.9856 -0.0091
vn -0.5755 -0.7811 0.2423
vn -0.7951 0.1427 0.5895
vn -0.8254 -0.3643 0.4312
vn -0.6030 0.6190 0.5033
vn -0.2457 0.9264 0.2854
vn 0.1792 0.9838 -0.0040
vn 0.5576 0.7787 -0.2875
vn 0.7900 0.3677 -0.4907
vn 0.8158 -0.1406 -0.5609
vn 0.6283 -0.6125 -0.4797
vn 0.2758 -0.9233 -0.2672
vn -0.1488 -0.9886 0.0216
vn -0.5319 -0.7881 0.3098
vn -0.7354 0.1355 0.6639
vn -0.7690 -0.3737 0.5186
vn -0.5599 0.6138 0.5566
vn -0.2297 0.9246 0.3038
vn 0.1651 0.9860 -0.0247
vn 0.5185 0.7842 -0.3409
vn 0.7374 0.3746 -0.5621
vn 0.7645 -0.1340 -0.6306
vn 0.5927 -0.6078 -0.5284
vn 0.2667 -0.9218 -0.2813
vn -0.1278 -0.9907 0.0466
vn -0.4848 -0.7935 0.3679
vn -0.6710 0.1301 0.7300
vn -0.7079 -0.3807 0.5950
vn -0.5130 0.6099 0.6040
vn -0.2120 0.9234 0.3200
vn 0.1500 0.9877 -0.0435
vn 0.4758 0.7883 -0.3900
vn 0.6791 0.3800 -0.6280
vn 0.7070 -0.1285 -0.6954
vn 0.5522 -0.6039 -0.5749
vn 0.2548 -0.9203 -0.2968
vn -0.1063 -0.9921 0.0663
vn -0.6426 -0.3859 0.6619
vn -0.6011 0.1260 0.7892
vn -0.4617 0.6067 0.6471
vn -0.1920 0.9225 0.3348
vn 0.1335 0.9891 -0.0616
vn 0.4283 0.7915 -0.4360
vn 0.6140 0.3844 -0.6894
vn 0.6421 -0.1241 -0.7565
vn 0.5056 -0.6003 -0.6197
vn 0.2396 -0.9188 -0.3135
vn -0.3838 -0.8000 0.4612
vn -0.4353 -0.7973 0.4181
vn -0.5725 -0.3900 0.7212
vn -0.5249 0.1231 0.8422
vn -0.4059 0.6045 0.6855
vn -0.1711 0.9221 0.3471
vn 0.1149 0.9902 -0.0790
vn 0.3750 0.7940 -0.4785
vn 0.5405 0.3877 -0.7467
vn 0.5683 -0.1205 -0.8140
vn 0.2190 -0.9175 -0.3320
vn -0.0664 -0.9935 0.0929
vn -0.0857 -0.9930 0.0815
vn -0.3287 -0.8022 0.4985
vn -0.4968 -0.3930 0.7738
vn -0.4414 0.1210 0.8891
vn -0.3438 0.6035 0.7194
vn -0.1476 0.9220 0.3581
vn 0.0938 0.9911 -0.0946
vn 0.3151 0.7957 -0.5173
vn 0.4576 0.3900 -0.7991
vn 0.3878 -0.5955 -0.7036
vn 0.4511 -0.5975 -0.6630
vn 0.1936 -0.9164 -0.3502
vn -0.0473 -0.9937 0.1011
vn -0.2702 -0.8036 0.5302
vn -0.4146 -0.3951 0.8197
vn -0.3509 0.1199 0.9287
vn -0.2764 0.6034 0.7480
vn -0.1220 0.9221 0.3672
vn 0.0702 0.9916 -0.1085
vn 0.2481 0.7965 -0.5513
vn 0.4841 -0.1179 -0.8670
vn 0.3645 0.3912 -0.8450
vn 0.3154 -0.5942 -0.7399
vn 0.1626 -0.9157 -0.3674
vn -0.0291 -0.9939 0.1067
vn -0.2080 -0.8045 0.5564
vn -0.3258 -0.3962 0.8584
vn -0.2528 0.1201 0.9600
vn -0.2031 0.6038 0.7708
vn -0.0944 0.9225 0.3743
vn 0.0439 0.9918 -0.1199
vn 0.1739 0.7966 -0.5790
vn 0.3890 -0.1165 -0.9138
vn 0.2613 0.3913 -0.8824
vn 0.2338 -0.5938 -0.7699
vn 0.1261 -0.9154 -0.3822
vn -0.0117 -0.9938 0.1102
vn -0.1424 -0.8047 0.5764
vn -0.2305 -0.3964 0.8887
vn -0.1485 0.1213 0.9814
vn -0.1249 0.6049 0.7864
vn -0.0648 0.9231 0.3791
vn 0.0153 0.9917 -0.1280
vn 0.0935 0.7958 -0.5983
vn 0.2831 -0.1163 -0.9520
vn 0.1491 0.3903 -0.9086
vn 0.1438 -0.5944 -0.7912
vn 0.0844 -0.9156 -0.3931
vn 0.0047 -0.9937 0.1120
vn -0.0737 -0.8043 0.5897
vn -0.1297 -0.3956 0.9092
vn -0.0396 0.1234 0.9916
vn -0.0428 0.6067 0.7938
vn -0.0336 0.9239 0.3813
vn -0.0148 0.9911 -0.1320
vn 0.0085 0.7941 -0.6077
vn 0.1674 -0.1173 -0.9789
vn 0.0301 0.3880 -0.9212
vn 0.0474 -0.5961 -0.8015
vn 0.0386 -0.9163 -0.3986
vn 0.0202 -0.9934 0.1126
vn -0.0031 -0.8032 0.5957
vn -0.0250 -0.3939 0.9188
vn 0.0720 0.1262 0.9894
vn 0.0417 0.6091 0.7920
vn -0.0012 0.9248 0.3806
vn -0.0453 0.9903 -0.1313
vn -0.0787 0.7917 -0.6058
vn 0.0442 -0.1195 -0.9918
vn -0.0925 0.3847 -0.9184
vn -0.0528 -0.5987 -0.7992
vn -0.0097 -0.9176 -0.3975
vn 0.0347 -0.9931 0.1122
vn 0.0683 -0.8014 0.5942
vn 0.0817 -0.3914 0.9166
vn 0.1835 0.1297 0.9744
vn 0.1271 0.6117 0.7808
vn 0.0328 0.9258 0.3767
vn -0.0742 0.9892 -0.1262
vn -0.1648 0.7886 -0.5924
vn -0.0830 -0.1229 -0.9889
vn -0.2144 0.3805 -0.8996
vn -0.2101 -0.1273 -0.9694
vn -0.0583 -0.9192 -0.3894
vn 0.0489 -0.9926 0.1114
vn 0.1391 -0.7991 0.5849
vn 0.1881 -0.3880 0.9023
vn 0.2929 0.1337 0.9468
vn 0.2107 0.6145 0.7602
vn 0.0663 0.9268 0.3696
vn -0.1016 0.9880 -0.1167
vn -0.2471 0.7851 -0.5679
vn -0.3315 0.3755 -0.8655
vn -0.1531 -0.6022 -0.7836
vn -0.3327 -0.1324 -0.9337
vn -0.2504 -0.6062 -0.7549
vn -0.1060 -0.9212 -0.3744
vn 0.2086 -0.7960 0.5683
vn 0.2921 -0.3839 0.8760
vn 0.3976 0.1382 0.9071
vn 0.2915 0.6178 0.7303
vn 0.1000 0.9280 0.3588
vn -0.1252 0.9867 -0.1040
vn -0.3230 0.7816 -0.5337
vn -0.4405 0.3701 -0.8179
vn -0.4471 -0.1379 -0.8838
vn -0.3412 -0.6107 -0.7146
vn 0.0625 -0.9920 0.1097
vn -0.1502 -0.9234 -0.3532
vn 0.0752 -0.9914 0.1072
vn 0.3913 -0.3794 0.8384
vn 0.4957 0.1431 0.8566
vn 0.3677 0.6213 0.6919
vn 0.1331 0.9294 0.3444
vn -0.1448 0.9854 -0.0892
vn -0.3905 0.7779 -0.4923
vn -0.5386 0.3648 -0.7595
vn -0.5505 -0.1436 -0.8224
vn -0.4233 -0.6153 -0.6650
vn -0.1899 -0.9257 -0.3272
vn 0.2741 -0.7924 0.5450
vn 0.0880 -0.9907 0.1040
vn 0.4839 -0.3745 0.7909
vn 0.5857 0.1480 0.7969
vn 0.4383 0.6249 0.6461
vn 0.1650 0.9308 0.3261
vn -0.1601 0.9844 -0.0736
vn -0.4488 0.7745 -0.4458
vn -0.6246 0.3597 -0.6931
vn -0.6417 -0.1492 -0.7523
vn -0.4956 -0.6198 -0.6084
vn -0.2244 -0.9279 -0.2977
vn 0.3355 -0.7889 0.5148
vn 0.1004 -0.9899 0.0996
vn 0.5686 -0.3696 0.7349
vn 0.6669 0.1529 0.7293
vn 0.5025 0.6286 0.5936
vn 0.1945 0.9326 0.3041
vn -0.1718 0.9834 -0.0576
vn -0.4984 0.7714 -0.3957
vn -0.6986 0.3551 -0.6212
vn -0.7203 -0.1544 -0.6763
vn -0.5580 -0.6241 -0.5469
vn -0.2537 -0.9300 -0.2660
vn 0.3917 -0.7855 0.4791
vn 0.1125 -0.9891 0.0947
vn 0.6447 -0.3648 0.6718
vn 0.7390 0.1579 0.6549
vn 0.5597 0.6325 0.5355
vn 0.2231 0.9344 0.2778
vn -0.1787 0.9829 -0.0442
vn -0.5386 0.7687 -0.3449
vn -0.7607 0.3510 -0.5460
vn -0.7871 -0.1592 -0.5959
vn -0.6110 -0.6282 -0.4817
vn -0.2785 -0.9319 -0.2324
vn 0.4870 -0.7800 0.3931
vn 0.4417 -0.7826 0.4387
vn 0.7124 -0.3603 0.6023
vn 0.8032 0.1628 0.5730
vn 0.6119 0.6364 0.4696
vn 0.2504 0.9361 0.2471
vn -0.1833 0.9825 -0.0320
vn -0.5721 0.7662 -0.2928
vn -0.8130 0.3470 -0.4676
vn -0.8435 -0.1636 -0.5116
vn -0.2981 -0.9335 -0.1990
vn 0.1347 -0.9878 0.0778
vn 0.1241 -0.9884 0.0876
vn 0.5270 -0.7772 0.3438
vn 0.7721 -0.3561 0.5264
vn 0.8595 0.1670 0.4831
vn 0.6578 0.6400 0.3971
vn 0.2746 0.9380 0.2113
vn -0.1858 0.9824 -0.0215
vn -0.5993 0.7640 -0.2392
vn -0.8565 0.3435 -0.3854
vn -0.6930 -0.6346 -0.3421
vn -0.6555 -0.6318 -0.4137
vn -0.3149 -0.9349 -0.1637
vn 0.1445 -0.9872 0.0670
vn 0.5621 -0.7747 0.2895
vn 0.8244 -0.3523 0.4431
vn 0.9076 0.1708 0.3835
vn 0.6973 0.6434 0.3160
vn 0.2960 0.9400 0.1699
vn -0.1868 0.9823 -0.0129
vn -0.6209 0.7621 -0.1837
vn -0.8906 -0.1675 -0.4228
vn -0.8917 0.3404 -0.2984
vn -0.7236 -0.6371 -0.2656
vn -0.3285 -0.9360 -0.1263
vn 0.1529 -0.9867 0.0544
vn 0.5919 -0.7727 0.2295
vn 0.8688 -0.3490 0.3512
vn 0.9462 0.1740 0.2730
vn 0.7291 0.6463 0.2253
vn 0.3134 0.9417 0.1222
vn -0.1869 0.9824 -0.0060
vn -0.6371 0.7605 -0.1254
vn -0.9291 -0.1707 -0.3282
vn -0.9184 0.3380 -0.2056
vn -0.7471 -0.6389 -0.1833
vn -0.3390 -0.9368 -0.0863
vn 0.1596 -0.9864 0.0400
vn 0.6154 -0.7711 0.1632
vn 0.9043 -0.3463 0.2496
vn 0.9728 0.1762 0.1506
vn 0.7511 0.6484 0.1242
vn 0.3256 0.9431 0.0681
vn -0.1866 0.9824 -0.0007
vn -0.6474 0.7594 -0.0643
vn -0.9585 -0.1732 -0.2266
vn -0.9357 0.3363 -0.1067
vn -0.7625 -0.6400 -0.0946
vn -0.3459 -0.9373 -0.0431
vn 0.1640 -0.9862 0.0242
vn 0.6314 -0.7702 0.0904
vn 0.9286 -0.3446 0.1376
vn 0.9841 0.1770 0.0167
vn 0.7603 0.6494 0.0133
vn 0.3306 0.9437 0.0080
vn -0.1864 0.9825 0.0032
vn -0.6512 0.7589 -0.0002
vn -0.9775 -0.1748 -0.1177
vn -0.9420 0.3355 -0.0017
vn -0.7682 -0.6402 0.0003
vn -0.3485 -0.9373 0.0034
vn 0.1658 -0.9861 0.0074
vn 0.6379 -0.7701 0.0119
vn 0.9388 -0.3441 0.0158
vn 0.9762 0.1760 -0.1264
vn 0.7538 0.6486 -0.1055
vn 0.3267 0.9434 -0.0568
vn -0.1866 0.9824 0.0060
vn -0.6476 0.7591 0.0662
vn -0.9845 -0.1753 -0.0016
vn -0.9357 0.3361 0.1078
vn -0.7624 -0.6393 0.1003
vn -0.3458 -0.9368 0.0530
vn 0.1645 -0.9863 -0.0094
vn 0.6330 -0.7709 -0.0706
vn 0.9316 -0.3452 -0.1136
vn 0.9462 0.1727 -0.2737
vn 0.7288 0.6459 -0.2275
vn 0.3125 0.9419 -0.1232
vn -0.1873 0.9823 0.0088
vn -0.6356 0.7604 0.1334
vn -0.9773 -0.1745 0.1202
vn -0.9152 0.3381 0.2193
vn -0.9542 -0.1720 0.2447
vn -0.3368 -0.9356 0.1053
vn 0.1603 -0.9868 -0.0245
vn 0.6157 -0.7730 -0.1529
vn 0.9045 -0.3487 -0.2454
vn 0.8934 0.1666 -0.4172
vn 0.6845 0.6409 -0.3475
vn 0.2875 0.9389 -0.1893
vn -0.1889 0.9819 0.0105
vn -0.6154 0.7626 0.1994
vn -0.8801 0.3421 0.3292
vn -0.7435 -0.6371 0.2033
vn -0.9147 -0.1676 0.3677
vn -0.7109 -0.6335 0.3055
vn -0.3211 -0.9338 0.1578
vn 0.1534 -0.9874 -0.0383
vn 0.5857 -0.7764 -0.2328
vn 0.7928 -0.3616 -0.4906
vn 0.8573 -0.3543 -0.3736
vn 0.6237 0.6334 -0.4581
vn 0.2531 0.9345 -0.2504
vn -0.1910 0.9815 0.0126
vn -0.5876 0.7657 0.2615
vn -0.8314 0.3478 0.4332
vn -0.8596 -0.1613 0.4849
vn -0.6651 -0.6283 0.4035
vn -0.2983 -0.9312 0.2096
vn 0.1450 -0.9882 -0.0485
vn 0.5455 -0.7808 -0.3048
vn 0.8208 0.1577 -0.5490
vn 0.7168 -0.3705 -0.5907
vn 0.5511 0.6240 -0.5541
vn 0.2116 0.9289 -0.3039
vn -0.1935 0.9810 0.0150
vn -0.5533 0.7698 0.3181
vn -0.7716 0.3550 0.5279
vn -0.7915 -0.1532 0.5917
vn -0.6080 -0.6217 0.4937
vn -0.2690 -0.9278 0.2584
vn 0.1364 -0.9891 -0.0549
vn 0.4983 -0.7861 -0.3658
vn 0.7349 0.1470 -0.6620
vn 0.6354 -0.3805 -0.6720
vn 0.4723 0.6134 -0.6330
vn 0.1661 0.9226 -0.3482
vn -0.1958 0.9805 0.0180
vn -0.5143 0.7748 0.3677
vn -0.7036 0.3635 0.6106
vn -0.7138 -0.1437 0.6854
vn -0.5424 -0.6139 0.5735
vn -0.2343 -0.9238 0.3030
vn 0.1289 -0.9900 -0.0575
vn 0.4482 -0.7920 -0.4146
vn 0.6428 0.1352 -0.7540
vn 0.5541 -0.3909 -0.7350
vn 0.3924 0.6023 -0.6952
vn 0.1195 0.9159 -0.3831
vn -0.1977 0.9800 0.0214
vn -0.4727 0.7803 0.4095
vn -0.6310 0.3730 0.6803
vn -0.6304 -0.1331 0.7648
vn -0.4712 -0.6052 0.6416
vn -0.1952 -0.9191 0.3423
vn 0.1239 -0.9907 -0.0569
vn 0.3990 -0.7981 -0.4515
vn 0.5504 0.1227 -0.8258
vn 0.4766 -0.4014 -0.7822
vn 0.3150 0.5911 -0.7425
vn 0.0742 0.9092 -0.4096
vn -0.1989 0.9797 0.0250
vn -0.4301 0.7862 0.4438
vn -0.5566 0.3831 0.7372
vn -0.5446 -0.1218 0.8298
vn -0.3971 -0.5958 0.6981
vn -0.1531 -0.9139 0.3760
vn 0.1222 -0.9911 -0.0537
vn 0.3532 -0.8042 -0.4780
vn 0.4615 0.1102 -0.8803
vn 0.4045 -0.4117 -0.8166
vn 0.2417 0.5802 -0.7778
vn 0.0312 0.9027 -0.4291
vn -0.1993 0.9795 0.0285
vn -0.3876 0.7923 0.4713
vn -0.4825 0.3936 0.7825
vn -0.4586 -0.1100 0.8818
vn -0.3218 -0.5857 0.7439
vn -0.1086 -0.9081 0.4043
vn 0.1240 -0.9911 -0.0489
vn 0.3123 -0.8101 -0.4962
vn 0.3779 0.0979 -0.9207
vn 0.3380 -0.4219 -0.8413
vn 0.1726 0.5694 -0.8037
vn -0.0092 0.8964 -0.4432
vn -0.1990 0.9795 0.0318
vn -0.3456 0.7985 0.4928
vn -0.4095 0.4043 0.8178
vn -0.3733 -0.0977 0.9226
vn -0.2463 -0.5751 0.7802
vn -0.0623 -0.9018 0.4276
vn 0.1294 -0.9906 -0.0434
vn 0.2762 -0.8157 -0.5083
vn 0.2994 0.0859 -0.9503
vn 0.2761 -0.4318 -0.8587
vn 0.1069 0.5588 -0.8224
vn -0.0476 0.8902 -0.4531
vn -0.1981 0.9796 0.0347
vn -0.3044 0.8050 0.5092
vn -0.3377 0.4154 0.8446
vn -0.2889 -0.0849 0.9536
vn -0.1707 -0.5638 0.8081
vn -0.0145 -0.8949 0.4460
vn 0.1378 -0.9897 -0.0381
vn 0.2444 -0.8209 -0.5161
vn 0.2252 0.0739 -0.9715
vn 0.2181 -0.4416 -0.8703
vn 0.0439 0.5481 -0.8353
vn -0.0844 0.8840 -0.4599
vn -0.1970 0.9797 0.0370
vn -0.2638 0.8117 0.5212
vn -0.2669 0.4269 0.8640
vn -0.2052 -0.0714 0.9761
vn -0.0950 -0.5518 0.8285
vn 0.0346 -0.8873 0.4599
vn 0.1487 -0.9883 -0.0335
vn 0.2161 -0.8259 -0.5207
vn 0.1546 0.0619 -0.9860
vn 0.1630 -0.4515 -0.8772
vn -0.0170 0.5373 -0.8432
vn -0.1201 0.8776 -0.4640
vn -0.1957 0.9799 0.0387
vn -0.2239 0.8185 0.5291
vn -0.1970 0.4389 0.8767
vn -0.1222 -0.0574 0.9908
vn -0.0192 -0.5390 0.8421
vn 0.0849 -0.8790 0.4693
vn 0.1619 -0.9864 -0.0299
vn 0.1907 -0.8306 -0.5232
vn 0.0207 0.0378 -0.9991
vn 0.0866 0.0500 -0.9950
vn -0.0766 0.5261 -0.8469
vn -0.1553 0.8711 -0.4659
vn -0.1947 0.9801 0.0397
vn -0.1846 0.8257 0.5331
vn -0.1277 0.4514 0.8831
vn -0.0394 -0.0425 0.9983
vn 0.0571 -0.5253 0.8490
vn 0.1363 -0.8698 0.4742
vn 0.1769 -0.9838 -0.0279
vn 0.1675 -0.8351 -0.5240
vn -0.0442 0.0250 -0.9987
vn 0.1103 -0.4613 -0.8804
vn -0.1357 0.5146 -0.8466
vn -0.1905 0.8643 -0.4655
vn -0.1940 0.9802 0.0401
vn -0.1457 0.8331 0.5335
vn -0.0588 0.4646 0.8836
vn 0.0433 -0.0266 0.9987
vn 0.1338 -0.5106 0.8494
vn 0.1887 -0.8597 0.4746
vn 0.1934 -0.9807 -0.0275
vn 0.0591 -0.4712 -0.8800
vn -0.1088 0.0116 -0.9940
vn -0.1948 0.5025 -0.8423
vn -0.2261 0.8570 -0.4630
vn -0.1939 0.9802 0.0399
vn -0.1074 0.8409 0.5304
vn 0.0098 0.4786 0.8780
vn 0.1262 -0.0096 0.9920
vn 0.2422 -0.8487 0.4701
vn 0.2109 -0.9771 -0.0291
vn 0.1255 -0.8435 -0.5223
vn 0.1461 -0.8393 -0.5236
vn 0.0085 -0.4817 -0.8763
vn -0.1738 -0.0025 -0.9848
vn -0.2548 0.4897 -0.8339
vn -0.2628 0.8491 -0.4582
vn -0.1949 0.9800 0.0392
vn -0.0699 0.8491 0.5236
vn 0.0781 0.4935 0.8662
vn 0.2111 -0.4947 0.8430
vn 0.2094 0.0086 0.9778
vn 0.2963 -0.8367 0.4606
vn 0.2291 -0.9729 -0.0328
vn 0.1052 -0.8477 -0.5199
vn -0.0421 -0.4926 -0.8692
vn -0.2399 -0.0175 -0.9707
vn -0.3161 0.4757 -0.8208
vn -0.3009 0.8405 -0.4506
vn -0.1972 0.9796 0.0381
vn -0.0331 0.8577 0.5130
vn 0.1463 0.5094 0.8480
vn 0.2891 -0.4776 0.8296
vn 0.2929 0.0283 0.9557
vn 0.3511 -0.8235 0.4457
vn 0.2475 -0.9681 -0.0388
vn 0.0847 -0.8521 -0.5165
vn -0.0934 -0.5043 -0.8585
vn -0.3075 -0.0339 -0.9509
vn -0.3793 0.4605 -0.8025
vn -0.3411 0.8308 -0.4398
vn -0.2011 0.9789 0.0371
vn 0.0026 0.8668 0.4987
vn 0.2142 0.5265 0.8227
vn 0.4466 -0.4387 0.7798
vn 0.3677 -0.4590 0.8088
vn 0.4060 -0.8091 0.4249
vn 0.2656 -0.9629 -0.0472
vn 0.0634 -0.8568 -0.5117
vn -0.1461 -0.5168 -0.8435
vn -0.3773 -0.0519 -0.9246
vn -0.4448 0.4437 -0.7780
vn -0.3836 0.8200 -0.4249
vn -0.2070 0.9777 0.0363
vn 0.0370 0.8763 0.4804
vn 0.3765 0.0494 0.9251
vn 0.2813 0.5449 0.7899
vn 0.5254 -0.4168 0.7418
vn 0.4606 -0.7935 0.3976
vn 0.2830 -0.9574 -0.0580
vn 0.0407 -0.8621 -0.5052
vn -0.2005 -0.5306 -0.8235
vn -0.4494 -0.0718 -0.8904
vn -0.5130 0.4249 -0.7459
vn -0.4288 0.8076 -0.4048
vn -0.2153 0.9759 0.0365
vn 0.0696 0.8862 0.4581
vn 0.4599 0.0724 0.8850
vn 0.3471 0.5645 0.7489
vn 0.6034 -0.3931 0.6938
vn 0.5144 -0.7767 0.3635
vn 0.2991 -0.9516 -0.0711
vn 0.0161 -0.8681 -0.4961
vn -0.2573 -0.5460 -0.7973
vn -0.5241 -0.0941 -0.8464
vn -0.5838 0.4039 -0.7043
vn -0.4768 0.7936 -0.3780
vn -0.2262 0.9733 0.0385
vn 0.0998 0.8965 0.4316
vn 0.5423 0.0971 0.8345
vn 0.4108 0.5855 0.6988
vn 0.6796 -0.3676 0.6349
vn 0.5663 -0.7588 0.3218
vn 0.3133 -0.9457 -0.0863
vn -0.0107 -0.8754 -0.4833
vn -0.3166 -0.5634 -0.7631
vn -0.6014 -0.1192 -0.7900
vn -0.6572 0.3802 -0.6508
vn -0.5275 0.7774 -0.3425
vn -0.2398 0.9699 0.0432
vn 0.1271 0.9071 0.4012
vn 0.6228 0.1238 0.7726
vn 0.4711 0.6078 0.6392
vn 0.7523 -0.3403 0.5642
vn 0.6152 -0.7398 0.2722
vn 0.3250 -0.9401 -0.1032
vn -0.0398 -0.8841 -0.4655
vn -0.3783 -0.5834 -0.7187
vn -0.6798 -0.1476 -0.7184
vn -0.7320 0.3534 -0.5825
vn -0.5796 0.7592 -0.2962
vn -0.2556 0.9654 0.0518
vn 0.1506 0.9179 0.3670
vn 0.6996 0.1522 0.6981
vn 0.5262 0.6312 0.5698
vn 0.8193 -0.3117 0.4812
vn 0.6598 -0.7201 0.2147
vn 0.3339 -0.9348 -0.1213
vn -0.0703 -0.8946 -0.4414
vn -0.4410 -0.6061 -0.6619
vn -0.7566 -0.1794 -0.6288
vn -0.8050 0.3237 -0.4972
vn -0.6305 0.7388 -0.2379
vn -0.2725 0.9599 0.0651
vn 0.1696 0.9287 0.3299
vn 0.7705 0.1822 0.6108
vn 0.5739 0.6552 0.4913
vn 0.8780 -0.2822 0.3866
vn 0.6982 -0.7001 0.1496
vn 0.3400 -0.9299 -0.1402
vn -0.1006 -0.9065 -0.4100
vn -0.5020 -0.6315 -0.5909
vn -0.8269 -0.2139 -0.5200
vn -0.8719 0.2914 -0.3936
vn -0.6768 0.7170 -0.1670
vn -0.2892 0.9536 0.0835
vn 0.1836 0.9390 0.2907
vn 0.8326 0.2130 0.5113
vn 0.6120 0.6791 0.4053
vn 0.9255 -0.2528 0.2821
vn 0.7288 -0.6803 0.0782
vn 0.3435 -0.9255 -0.1594
vn -0.1282 -0.9195 -0.3716
vn -0.5570 -0.6590 -0.5055
vn -0.8846 -0.2497 -0.3938
vn -0.9266 0.2579 -0.2735
vn -0.7146 0.6944 -0.0851
vn -0.3038 0.9467 0.1068
vn 0.1921 0.9487 0.2511
vn 0.8828 0.2439 0.4015
vn 0.6388 0.7021 0.3146
vn 0.9187 0.2739 0.2847
vn 0.7502 -0.6612 0.0025
vn 0.3445 -0.9217 -0.1783
vn -0.1509 -0.9329 -0.3270
vn -0.6015 -0.6872 -0.4075
vn -0.9238 -0.2848 -0.2558
vn -0.9639 0.2250 -0.1421
vn -0.7405 0.6721 0.0045
vn -0.3149 0.9396 0.1342
vn 0.1955 0.9575 0.2123
vn 0.6534 0.7236 0.2224
vn 0.9594 -0.2243 0.1707
vn 0.9390 0.3018 0.1651
vn 0.7618 -0.6436 -0.0745
vn 0.3430 -0.9186 -0.1962
vn -0.1667 -0.9459 -0.2784
vn -0.6315 -0.7144 -0.3013
vn -0.9415 -0.3169 -0.1144
vn -0.9810 0.1938 -0.0067
vn -0.7529 0.6508 0.0983
vn -0.3214 0.9324 0.1650
vn 0.1944 0.9649 0.1764
vn 0.6564 0.7428 0.1323
vn 0.9787 -0.1975 0.0567
vn 0.9439 0.3268 0.0468
vn 0.9832 -0.1733 -0.0570
vn 0.7637 -0.6274 -0.1521
vn -0.1748 -0.9579 -0.2278
vn -0.6457 -0.7390 -0.1922
vn -0.9385 -0.3446 0.0232
vn -0.9782 0.1664 0.1246
vn -0.7515 0.6321 0.1888
vn -0.3229 0.9261 0.1950
vn 0.1896 0.9715 0.1420
vn 0.6487 0.7596 0.0458
vn 0.9348 0.3489 -0.0669
vn 0.9742 -0.1523 -0.1663
vn 0.3405 -0.9156 -0.2141
vn 0.7566 -0.6135 -0.2263
vn 0.3370 -0.9126 -0.2314
vn -0.1754 -0.9678 -0.1806
vn -0.6277 -0.7783 0.0103
vn -0.6438 -0.7602 -0.0875
vn -0.9579 0.1438 0.2484
vn -0.7378 0.6160 0.2761
vn -0.3194 0.9203 0.2259
vn 0.1820 0.9769 0.1120
vn 0.6322 0.7740 -0.0341
vn 0.9136 0.3678 -0.1733
vn 0.9537 -0.1344 -0.2691
vn 0.7418 -0.6015 -0.2965
vn 0.3319 -0.9102 -0.2479
vn -0.1693 -0.9762 -0.1357
vn -0.9176 -0.3677 0.1509
vn -0.6013 -0.7928 0.0990
vn -0.9240 0.1251 0.3614
vn -0.7139 0.6024 0.3569
vn -0.3115 0.9153 0.2555
vn 0.1727 0.9813 0.0855
vn 0.6088 0.7861 -0.1071
vn 0.8827 0.3838 -0.2714
vn 0.9235 -0.1192 -0.3646
vn 0.7206 -0.5912 -0.3622
vn 0.3257 -0.9078 -0.2643
vn -0.1581 -0.9828 -0.0957
vn -0.8827 -0.3868 0.2669
vn -0.5670 -0.8043 0.1778
vn -0.8794 0.1100 0.4632
vn -0.6819 0.5913 0.4305
vn -0.2998 0.9110 0.2831
vn 0.1622 0.9848 0.0620
vn 0.5799 0.7960 -0.1733
vn 0.8438 0.3970 -0.3611
vn 0.8854 -0.1065 -0.4526
vn 0.6937 -0.5825 -0.4236
vn 0.3181 -0.9055 -0.2809
vn -0.1433 -0.9878 -0.0611
vn -0.8372 -0.4022 0.3705
vn -0.5268 -0.8133 0.2469
vn -0.8266 0.0977 0.5543
vn -0.6433 0.5822 0.4971
vn -0.2848 0.9075 0.3087
vn 0.1509 0.9877 0.0412
vn 0.5466 0.8042 -0.2333
vn 0.7982 0.4080 -0.4432
vn 0.8402 -0.0958 -0.5338
vn 0.6617 -0.5750 -0.4812
vn 0.3087 -0.9032 -0.2983
vn -0.1263 -0.9915 -0.0321
vn -0.7838 -0.4144 0.4625
vn -0.4821 -0.8205 0.3073
vn -0.7667 0.0879 0.6360
vn -0.5990 0.5749 0.5574
vn -0.2669 0.9047 0.3321
vn 0.1390 0.9900 0.0225
vn 0.5092 0.8110 -0.2881
vn 0.7463 0.4170 -0.5188
vn 0.7883 -0.0868 -0.6091
vn 0.6244 -0.5685 -0.5357
vn 0.2969 -0.9009 -0.3166
vn -0.1081 -0.9941 -0.0084
vn -0.6580 -0.4316 0.6171
vn -0.7238 -0.4240 0.5444
vn -0.7002 0.0800 0.7095
vn -0.5492 0.5690 0.6121
vn -0.2461 0.9023 0.3540
vn 0.1267 0.9919 0.0058
vn 0.4678 0.8164 -0.3386
vn 0.6877 0.4246 -0.5889
vn 0.7291 -0.0792 -0.6798
vn 0.5810 -0.5628 -0.5879
vn 0.2823 -0.8985 -0.3362
vn -0.0893 -0.9959 0.0108
vn -0.5858 -0.4378 0.6820
vn -0.4338 -0.8259 0.3601
vn -0.6264 0.0736 0.7760
vn -0.4932 0.5639 0.6624
vn -0.2224 0.9005 0.3736
vn 0.1127 0.9936 -0.0104
vn 0.4212 0.8208 -0.3858
vn 0.6214 0.4308 -0.6544
vn 0.6612 -0.0727 -0.7467
vn 0.5305 -0.5576 -0.6385
vn -0.0715 -0.9971 0.0247
vn -0.3825 -0.8301 0.4058
vn -0.5066 -0.4428 0.7398
vn -0.5446 0.0686 0.8359
vn -0.4310 0.5600 0.7076
vn -0.1954 0.8994 0.3911
vn 0.0975 0.9949 -0.0252
vn 0.3685 0.8245 -0.4294
vn 0.5458 0.4360 -0.7156
vn 0.5831 -0.0672 -0.8096
vn 0.2379 -0.8942 -0.3792
vn 0.2630 -0.8962 -0.3572
vn -0.0542 -0.9979 0.0349
vn -0.3271 -0.8335 0.4452
vn -0.4198 -0.4467 0.7901
vn -0.4539 0.0647 0.8887
vn -0.3612 0.5572 0.7477
vn -0.1652 0.8985 0.4067
vn 0.0804 0.9960 -0.0387
vn 0.3090 0.8273 -0.4691
vn 0.4597 0.4400 -0.7714
vn 0.4011 -0.5495 -0.7329
vn 0.4709 -0.5531 -0.6873
vn 0.2069 -0.8923 -0.4012
vn -0.0380 -0.9984 0.0418
vn -0.2677 -0.8362 0.4787
vn -0.3255 -0.4495 0.8318
vn -0.3545 0.0620 0.9330
vn -0.2843 0.5555 0.7815
vn -0.1318 0.8980 0.4199
vn 0.0612 0.9968 -0.0506
vn 0.2422 0.8294 -0.5035
vn 0.4933 -0.0627 -0.8676
vn 0.3628 0.4430 -0.8199
vn 0.3210 -0.5467 -0.7733
vn 0.1695 -0.8908 -0.4216
vn -0.0230 -0.9987 0.0461
vn -0.2045 -0.8381 0.5057
vn -0.2247 -0.4513 0.8636
vn -0.2475 0.0604 0.9670
vn -0.2009 0.5546 0.8075
vn -0.0955 0.8978 0.4299
vn 0.0400 0.9974 -0.0602
vn 0.1685 0.8306 -0.5308
vn 0.3915 -0.0594 -0.9182
vn 0.2555 0.4447 -0.8585
vn 0.2308 -0.5450 -0.8061
vn 0.1256 -0.8898 -0.4388
vn -0.0096 -0.9988 0.0483
vn -0.1380 -0.8393 0.5259
vn -0.1192 -0.4519 0.8841
vn -0.1348 0.0600 0.9891
vn -0.1126 0.5547 0.8244
vn -0.0569 0.8979 0.4364
vn 0.0172 0.9976 -0.0667
vn 0.0891 0.8309 -0.5492
vn 0.2782 -0.0575 -0.9588
vn 0.1395 0.4452 -0.8845
vn 0.1319 -0.5443 -0.8284
vn 0.0760 -0.8894 -0.4508
vn 0.0021 -0.9988 0.0490
vn -0.0695 -0.8397 0.5385
vn -0.0114 -0.4515 0.8922
vn -0.0191 0.0605 0.9980
vn -0.0213 0.5555 0.8312
vn -0.0167 0.8983 0.4390
vn -0.0065 0.9976 -0.0696
vn 0.0062 0.8304 -0.5572
vn 0.1551 -0.0569 -0.9863
vn 0.0180 0.4444 -0.8956
vn 0.0257 -0.0577 -0.9980
vn 0.0222 -0.8896 -0.4562
vn 0.0122 -0.9987 0.0490
vn -0.0002 -0.8394 0.5434
vn 0.0961 -0.4500 0.8878
vn 0.0968 0.0620 0.9934
vn 0.0708 0.5569 0.8276
vn 0.0244 0.8989 0.4374
vn -0.0298 0.9972 -0.0686
vn -0.0771 0.8291 -0.5538
vn -0.1049 0.4425 -0.8906
vn 0.0272 -0.5449 -0.8381
vn -0.1059 -0.0597 -0.9926
vn -0.0799 -0.5466 -0.8336
vn 0.0209 -0.9986 0.0486
vn 0.0685 -0.8384 0.5408
vn 0.2012 -0.4474 0.8714
vn 0.2104 0.0643 0.9755
vn 0.1612 0.5586 0.8136
vn 0.0652 0.8997 0.4317
vn -0.0520 0.9966 -0.0639
vn -0.1582 0.8272 -0.5392
vn -0.2251 0.4396 -0.8696
vn -0.2349 -0.0628 -0.9700
vn -0.0335 -0.8905 -0.4538
vn -0.1853 -0.5492 -0.8149
vn -0.0891 -0.8918 -0.4435
vn 0.0283 -0.9984 0.0485
vn 0.1975 -0.8347 0.5140
vn 0.1350 -0.8367 0.5307
vn 0.3191 0.0673 0.9453
vn 0.2481 0.5608 0.7899
vn 0.1051 0.9005 0.4219
vn -0.0718 0.9959 -0.0559
vn -0.2341 0.8248 -0.5147
vn -0.3382 0.4360 -0.8340
vn -0.3569 -0.0667 -0.9317
vn -0.2854 -0.5525 -0.7831
vn -0.1422 -0.8937 -0.4256
vn 0.0348 -0.9982 0.0486
vn 0.3011 -0.4440 0.8439
vn 0.2555 -0.8323 0.4919
vn 0.4208 0.0708 0.9044
vn 0.3298 0.5633 0.7576
vn 0.1434 0.9015 0.4084
vn -0.0885 0.9950 -0.0457
vn -0.3026 0.8222 -0.4821
vn -0.4414 0.4320 -0.7865
vn -0.4687 -0.0711 -0.8805
vn -0.3773 -0.5563 -0.7404
vn -0.1911 -0.8957 -0.4014
vn 0.0408 -0.9980 0.0490
vn 0.3942 -0.4403 0.8067
vn 0.3083 -0.8298 0.4652
vn 0.5140 0.0745 0.8546
vn 0.4050 0.5660 0.7181
vn 0.1795 0.9025 0.3914
vn -0.1019 0.9942 -0.0341
vn -0.3626 0.8196 -0.4436
vn -0.5330 0.4279 -0.7300
vn -0.5683 -0.0757 -0.8194
vn -0.4594 -0.5603 -0.6892
vn -0.2347 -0.8979 -0.3724
vn 0.0465 -0.9977 0.0496
vn 0.4791 -0.4364 0.7616
vn 0.3555 -0.8269 0.4357
vn 0.5977 0.0783 0.7979
vn 0.4730 0.5688 0.6729
vn 0.2132 0.9037 0.3713
vn -0.1119 0.9935 -0.0221
vn -0.4141 0.8170 -0.4014
vn -0.6125 0.4238 -0.6673
vn -0.6552 -0.0803 -0.7512
vn -0.5312 -0.5642 -0.6321
vn -0.2727 -0.9001 -0.3399
vn 0.0520 -0.9974 0.0501
vn 0.6220 -0.4298 0.6545
vn 0.5546 -0.4331 0.7106
vn 0.6719 0.0821 0.7361
vn 0.5332 0.5721 0.6232
vn 0.2434 0.9049 0.3492
vn -0.1196 0.9928 -0.0097
vn -0.4577 0.8146 -0.3564
vn -0.6805 0.4202 -0.6002
vn -0.7299 -0.0846 -0.6783
vn -0.5930 -0.5679 -0.5708
vn -0.3053 -0.9021 -0.3050
vn 0.0574 -0.9970 0.0513
vn 0.6811 -0.4263 0.5953
vn 0.3971 -0.8245 0.4031
vn 0.7372 0.0861 0.6702
vn 0.5875 0.5753 0.5691
vn 0.2727 0.9064 0.3227
vn -0.1232 0.9924 0.0004
vn -0.4930 0.8125 -0.3113
vn -0.7378 0.4169 -0.5308
vn -0.7936 -0.0887 -0.6019
vn -0.6459 -0.5716 -0.5061
vn -0.3334 -0.9040 -0.2678
vn 0.4341 -0.8226 0.3673
vn 0.7331 -0.4230 0.5326
vn 0.7951 0.0900 0.5998
vn 0.6362 0.5779 0.5112
vn 0.2991 0.9078 0.2940
vn -0.1254 0.9921 0.0099
vn -0.5226 0.8104 -0.2649
vn -0.7864 0.4136 -0.4587
vn -0.8479 -0.0925 -0.5220
vn -0.3562 -0.9056 -0.2301
vn 0.0675 -0.9964 0.0507
vn 0.0626 -0.9967 0.0516
vn 0.4667 -0.8205 0.3302
vn 0.7791 -0.4200 0.4654
vn 0.8464 0.0933 0.5243
vn 0.6795 0.5807 0.4484
vn 0.3235 0.9093 0.2617
vn -0.1258 0.9919 0.0180
vn -0.5469 0.8086 -0.2171
vn -0.8274 0.4106 -0.3830
vn -0.7292 -0.5774 -0.3673
vn -0.6907 -0.5749 -0.4387
vn -0.3761 -0.9070 -0.1896
vn 0.0722 -0.9961 0.0504
vn 0.4956 -0.8186 0.2904
vn 0.8198 -0.4173 0.3923
vn 0.8918 0.0964 0.4420
vn 0.7183 0.5834 0.3790
vn 0.3460 0.9109 0.2247
vn -0.1248 0.9919 0.0249
vn -0.5665 0.8069 -0.1670
vn -0.8940 -0.0959 -0.4377
vn -0.8615 0.4080 -0.3022
vn -0.7615 -0.5796 -0.2901
vn -0.3927 -0.9080 -0.1459
vn 0.0769 -0.9958 0.0498
vn 0.5213 -0.8169 0.2469
vn 0.8548 -0.4150 0.3117
vn 0.9310 0.0991 0.3512
vn 0.7521 0.5859 0.3016
vn 0.3662 0.9125 0.1821
vn -0.1225 0.9920 0.0303
vn -0.5814 0.8056 -0.1138
vn -0.9327 -0.0987 -0.3470
vn -0.8884 0.4057 -0.2147
vn -0.7872 -0.5813 -0.2057
vn -0.4056 -0.9088 -0.0980
vn 0.0815 -0.9955 0.0489
vn 0.5436 -0.8155 0.1988
vn 0.8831 -0.4132 0.2221
vn 0.9628 0.1013 0.2504
vn 0.7797 0.5881 0.2147
vn 0.3833 0.9140 0.1329
vn -0.1191 0.9923 0.0340
vn -0.5910 0.8047 -0.0569
vn -0.9635 -0.1010 -0.2480
vn -0.9069 0.4042 -0.1193
vn -0.8051 -0.5823 -0.1126
vn -0.4142 -0.9091 -0.0452
vn 0.0860 -0.9951 0.0478
vn 0.5618 -0.8144 0.1452
vn 0.9028 -0.4123 0.1225
vn 0.9850 0.1028 0.1384
vn 0.7991 0.5897 0.1169
vn 0.3957 0.9152 0.0760
vn -0.1150 0.9927 0.0358
vn -0.5941 0.8043 0.0040
vn -0.9849 -0.1025 -0.1394
vn -0.9148 0.4035 -0.0156
vn -0.8129 -0.5823 -0.0104
vn -0.4170 -0.9088 0.0131
vn 0.0906 -0.9948 0.0464
vn 0.5747 -0.8139 0.0853
vn 0.9109 -0.4124 0.0120
vn 0.9946 0.1030 0.0145
vn 0.8072 0.5903 0.0077
vn 0.4014 0.9158 0.0113
vn -0.1106 0.9932 0.0354
vn -0.5896 0.8048 0.0683
vn -0.9945 -0.1029 -0.0205
vn -0.9096 0.4042 0.0958
vn -0.8077 -0.5810 0.1005
vn -0.4124 -0.9078 0.0765
vn 0.0950 -0.9945 0.0447
vn 0.5803 -0.8142 0.0191
vn 0.9036 -0.4143 -0.1088
vn 0.9873 0.1014 -0.1219
vn 0.8000 0.5894 -0.1128
vn 0.3975 0.9156 -0.0608
vn -0.1065 0.9938 0.0324
vn -0.5760 0.8063 0.1344
vn -0.9889 -0.1018 0.1078
vn -0.8886 0.4067 0.2121
vn -0.7865 -0.5780 0.2175
vn -0.3986 -0.9058 0.1437
vn 0.0993 -0.9941 0.0429
vn 0.5765 -0.8154 -0.0524
vn 0.8767 -0.4184 -0.2375
vn 0.9579 0.0975 -0.2700
vn 0.7729 0.5863 -0.2425
vn 0.3816 0.9140 -0.1379
vn -0.1035 0.9943 0.0270
vn -0.5528 0.8091 0.1997
vn -0.9651 -0.0987 0.2427
vn -0.8501 0.4112 0.3289
vn -0.7474 -0.5731 0.3361
vn -0.3743 -0.9027 0.2122
vn 0.1034 -0.9938 0.0411
vn 0.5613 -0.8179 -0.1267
vn 0.8273 -0.4250 -0.3673
vn 0.9012 0.0897 -0.4241
vn 0.7224 0.5807 -0.3753
vn 0.3522 0.9106 -0.2161
vn -0.1021 0.9946 0.0185
vn -0.5209 0.8128 0.2607
vn -0.9208 -0.0932 0.3788
vn -0.7947 0.4180 0.4402
vn -0.8563 -0.0852 0.5095
vn -0.3399 -0.8984 0.2781
vn 0.1075 -0.9934 0.0389
vn 0.5340 -0.8216 -0.1994
vn 0.7572 -0.4333 -0.4888
vn 0.8181 0.0789 -0.5696
vn 0.6501 0.5712 -0.5011
vn 0.3096 0.9053 -0.2908
vn -0.4816 0.8179 0.3148
vn -0.7254 0.4267 0.5400
vn -0.6906 -0.5660 0.4503
vn -0.7749 -0.0752 0.6276
vn -0.6183 -0.5569 0.5546
vn -0.2955 -0.8929 0.3397
vn 0.4959 -0.8264 -0.2667
vn 0.4523 -0.8318 -0.3218
vn 0.7165 0.0663 -0.6944
vn 0.5629 0.5589 -0.6089
vn 0.2589 0.8985 -0.3546
vn -0.1074 0.9942 0.0009
vn -0.1033 0.9946 0.0097
vn -0.4378 0.8241 0.3594
vn -0.6469 0.4371 0.6249
vn -0.6822 -0.0633 0.7285
vn -0.5357 -0.5466 0.6437
vn 0.1117 -0.9930 0.0383
vn -0.2448 -0.8867 0.3921
vn 0.1159 -0.9925 0.0389
vn 0.6739 -0.4435 -0.5909
vn 0.4054 -0.8378 -0.3658
vn 0.5850 -0.4555 -0.6710
vn 0.4677 0.5459 -0.6951
vn 0.2017 0.8905 -0.4078
vn -0.1139 0.9935 -0.0085
vn -0.3938 0.8305 0.3939
vn -0.5652 0.4485 0.6924
vn -0.5847 -0.0503 0.8097
vn -0.4482 -0.5353 0.7160
vn -0.1907 -0.8800 0.4351
vn 0.1212 -0.9918 0.0397
vn 0.3602 -0.8437 -0.3981
vn 0.6089 0.0522 -0.7915
vn 0.4985 -0.4673 -0.7301
vn 0.3733 0.5323 -0.7598
vn 0.1433 0.8819 -0.4491
vn -0.1225 0.9923 -0.0169
vn -0.3521 0.8369 0.4192
vn -0.4854 0.4601 0.7435
vn -0.4883 -0.0368 0.8719
vn -0.3608 -0.5236 0.7718
vn -0.1359 -0.8728 0.4688
vn 0.1277 -0.9910 0.0412
vn 0.3194 -0.8492 -0.4204
vn 0.5037 0.0374 -0.8631
vn 0.4186 -0.4786 -0.7718
vn 0.2840 0.5187 -0.8064
vn 0.0864 0.8731 -0.4798
vn -0.1328 0.9909 -0.0241
vn -0.3143 0.8429 0.4368
vn -0.4104 0.4715 0.7805
vn -0.3964 -0.0234 0.9178
vn -0.2766 -0.5117 0.8134
vn -0.0822 -0.8654 0.4943
vn 0.1358 -0.9898 0.0433
vn 0.2837 -0.8544 -0.4352
vn 0.4058 0.0230 -0.9137
vn 0.3462 -0.4896 -0.8003
vn 0.2006 0.5054 -0.8392
vn 0.0318 0.8643 -0.5019
vn -0.1445 0.9891 -0.0299
vn -0.2808 0.8484 0.4487
vn -0.3412 0.4826 0.8067
vn -0.3104 -0.0101 0.9506
vn -0.1967 -0.4998 0.8435
vn -0.0300 -0.8577 0.5133
vn 0.1458 -0.9883 0.0459
vn 0.2527 -0.8593 -0.4446
vn 0.3158 0.0089 -0.9488
vn 0.2803 -0.5003 -0.8192
vn 0.1222 0.4922 -0.8619
vn -0.0207 0.8554 -0.5176
vn -0.1574 0.9869 -0.0344
vn -0.2511 0.8535 0.4565
vn -0.2773 0.4933 0.8245
vn -0.2294 0.0031 0.9733
vn -0.1204 -0.4876 0.8647
vn 0.0211 -0.8496 0.5271
vn 0.1576 -0.9863 0.0484
vn 0.2259 -0.8639 -0.4502
vn 0.1544 -0.0187 -0.9878
vn 0.2325 -0.0049 -0.9726
vn 0.0476 0.4789 -0.8766
vn -0.0718 0.8462 -0.5280
vn -0.1714 0.9845 -0.0377
vn -0.2246 0.8583 0.4613
vn -0.2175 0.5039 0.8360
vn -0.1524 0.0165 0.9882
vn -0.0467 -0.4749 0.8788
vn 0.0717 -0.8409 0.5365
vn 0.1715 -0.9839 0.0506
vn 0.2197 -0.5108 -0.8311
vn 0.2024 -0.8682 -0.4530
vn 0.0800 -0.0328 -0.9963
vn -0.0246 0.4651 -0.8849
vn -0.1223 0.8366 -0.5339
vn -0.1866 0.9816 -0.0397
vn -0.2005 0.8629 0.4638
vn -0.1606 0.5146 0.8423
vn -0.0779 0.0304 0.9965
vn 0.0256 -0.4615 0.8868
vn 0.1226 -0.8315 0.5419
vn 0.1874 -0.9809 0.0521
vn 0.1095 -0.5322 -0.8395
vn 0.1632 -0.5214 -0.8376
vn 0.0079 -0.0474 -0.9988
vn -0.0956 0.4507 -0.8875
vn -0.1728 0.8264 -0.5359
vn -0.2030 0.9783 -0.0404
vn -0.1783 0.8674 0.4645
vn -0.1057 0.5256 0.8442
vn -0.0048 0.0450 0.9990
vn 0.0976 -0.4472 0.8891
vn 0.1744 -0.8211 0.5435
vn 0.2053 -0.9773 0.0525
vn 0.0577 -0.5436 -0.8374
vn 0.1817 -0.8724 -0.4538
vn -0.0630 -0.0629 -0.9960
vn -0.1663 0.4353 -0.8848
vn -0.2241 0.8153 -0.5339
vn -0.2208 0.9745 -0.0398
vn -0.1575 0.8719 0.4636
vn -0.0518 0.5372 0.8419
vn 0.0680 0.0606 0.9958
vn 0.1702 -0.4315 0.8859
vn 0.2278 -0.8095 0.5411
vn 0.1633 -0.8764 -0.4531
vn 0.0070 -0.5556 -0.8314
vn -0.1337 -0.0797 -0.9878
vn -0.2376 0.4185 -0.8766
vn -0.2766 0.8030 -0.5279
vn -0.2399 0.9701 -0.0376
vn -0.1378 0.8765 0.4613
vn 0.0018 0.5496 0.8354
vn 0.1415 0.0778 0.9869
vn 0.2443 -0.4141 0.8768
vn 0.2475 -0.9676 0.0489
vn 0.2254 -0.9729 0.0516
vn 0.1466 -0.8803 -0.4511
vn -0.0432 -0.5686 -0.8215
vn -0.2049 -0.0980 -0.9739
vn -0.3103 0.4001 -0.8624
vn -0.3308 0.7893 -0.5173
vn -0.2605 0.9649 -0.0335
vn -0.1188 0.8813 0.4574
vn 0.0557 0.5632 0.8244
vn 0.2162 0.0967 0.9716
vn 0.3407 -0.7816 0.5225
vn 0.2831 -0.7965 0.5343
vn 0.2717 -0.9614 0.0440
vn 0.1313 -0.8843 -0.4481
vn -0.0936 -0.5829 -0.8072
vn -0.2772 -0.1182 -0.9535
vn -0.3846 0.3795 -0.8415
vn -0.3868 0.7739 -0.5014
vn -0.2826 0.9589 -0.0272
vn -0.1003 0.8864 0.4520
vn 0.1101 0.5782 0.8084
vn 0.3203 -0.3947 0.8612
vn 0.2924 0.1180 0.9490
vn 0.4007 -0.7646 0.5048
vn 0.2979 -0.9539 0.0363
vn 0.1170 -0.8884 -0.4440
vn -0.1443 -0.5986 -0.7880
vn -0.3505 -0.1408 -0.9259
vn -0.4606 0.3564 -0.8129
vn -0.4447 0.7565 -0.4795
vn -0.3060 0.9519 -0.0184
vn -0.0824 0.8918 0.4448
vn 0.1651 0.5950 0.7866
vn 0.3986 -0.3727 0.8380
vn 0.3702 0.1419 0.9181
vn 0.4627 -0.7452 0.4802
vn 0.3256 -0.9452 0.0253
vn 0.1034 -0.8926 -0.4389
vn -0.1952 -0.6160 -0.7632
vn -0.4246 -0.1659 -0.8900
vn -0.5377 0.3306 -0.7756
vn -0.5040 0.7368 -0.4507
vn -0.3306 0.9437 -0.0065
vn -0.0649 0.8978 0.4356
vn 0.2204 0.6137 0.7581
vn 0.4789 -0.3478 0.8060
vn 0.4488 0.1688 0.8775
vn 0.5262 -0.7231 0.4475
vn 0.3544 -0.9351 0.0104
vn 0.0903 -0.8970 -0.4327
vn -0.2460 -0.6353 -0.7321
vn -0.4987 -0.1938 -0.8448
vn -0.6149 0.3019 -0.7285
vn -0.5638 0.7146 -0.4140
vn -0.3560 0.9344 0.0089
vn -0.0482 0.9043 0.4243
vn 0.2750 0.6346 0.7222
vn 0.5605 -0.3196 0.7640
vn 0.5271 0.1989 0.8262
vn 0.5897 -0.6982 0.4058
vn 0.3834 -0.9235 -0.0089
vn 0.0774 -0.9018 -0.4253
vn -0.2960 -0.6566 -0.6938
vn -0.5714 -0.2246 -0.7893
vn -0.6909 0.2701 -0.6706
vn -0.6231 0.6899 -0.3686
vn -0.3816 0.9239 0.0281
vn -0.0326 0.9113 0.4105
vn 0.3277 0.6576 0.6783
vn 0.6420 -0.2880 0.7106
vn 0.6029 0.2321 0.7633
vn 0.6515 -0.6707 0.3545
vn 0.4117 -0.9107 -0.0329
vn 0.0646 -0.9070 -0.4162
vn -0.3439 -0.6798 -0.6477
vn -0.6411 -0.2583 -0.7227
vn -0.7637 0.2353 -0.6011
vn -0.6800 0.6627 -0.3138
vn -0.4065 0.9122 0.0515
vn -0.0186 0.9187 0.3945
vn 0.3767 0.6826 0.6263
vn 0.7212 -0.2530 0.6449
vn 0.6738 0.2682 0.6886
vn 0.7093 -0.6410 0.2934
vn 0.4379 -0.8969 -0.0614
vn 0.0521 -0.9127 -0.4053
vn -0.3881 -0.7048 -0.5938
vn -0.7057 -0.2945 -0.6444
vn -0.8312 0.1977 -0.5196
vn -0.7325 0.6333 -0.2498
vn -0.4297 0.8995 0.0789
vn -0.0067 0.9264 0.3764
vn 0.4200 0.7088 0.5667
vn 0.7952 -0.2152 0.5669
vn 0.7367 0.3062 0.6030
vn 0.7605 -0.6097 0.2233
vn 0.4608 -0.8825 -0.0939
vn 0.0401 -0.9190 -0.3923
vn -0.4266 -0.7309 -0.5328
vn -0.7624 -0.3327 -0.5551
vn -0.8907 0.1579 -0.4262
vn -0.7783 0.6024 -0.1769
vn -0.4503 0.8861 0.1102
vn 0.0026 0.9342 0.3568
vn 0.4558 0.7356 0.5011
vn 0.8610 -0.1753 0.4775
vn 0.7890 0.3451 0.5083
vn 0.8031 -0.5778 0.1458
vn 0.4795 -0.8679 -0.1299
vn 0.0292 -0.9256 -0.3774
vn -0.4575 -0.7573 -0.4661
vn -0.8084 -0.3719 -0.4563
vn -0.9393 0.1168 -0.3227
vn -0.8154 0.5707 -0.0969
vn -0.4672 0.8722 0.1449
vn 0.0088 0.9416 0.3366
vn 0.4826 0.7622 0.4314
vn 0.9158 -0.1346 0.3785
vn 0.8287 0.3837 0.4075
vn 0.8353 -0.5461 0.0631
vn 0.4930 -0.8536 -0.1682
vn 0.0201 -0.9323 -0.3610
vn -0.4796 -0.7831 -0.3960
vn -0.8414 -0.4106 -0.3514
vn -0.9743 0.0758 -0.2121
vn -0.8424 0.5387 -0.0118
vn -0.4800 0.8580 0.1827
vn 0.0120 0.9483 0.3172
vn 0.4999 0.7876 0.3603
vn 0.9574 -0.0941 0.2729
vn 0.8549 0.4207 0.3036
vn 0.9850 -0.0550 0.1637
vn 0.8566 -0.5155 -0.0229
vn 0.0127 -0.9390 -0.3436
vn -0.4927 -0.8074 -0.3246
vn -0.8603 -0.4474 -0.2444
vn -0.9944 0.0362 -0.0988
vn -0.4878 0.8446 0.2206
vn 0.0126 0.9545 0.2979
vn 0.5079 0.8114 0.2892
vn 0.8675 0.4555 0.1998
vn 0.9984 -0.0184 0.0543
vn 0.5017 -0.8397 -0.2079
vn 0.8667 -0.4868 -0.1091
vn 0.5055 -0.8264 -0.2481
vn 0.0060 -0.9508 -0.3099
vn 0.0080 -0.9452 -0.3264
vn -0.8654 -0.4813 -0.1392
vn -0.9999 -0.0003 0.0126
vn -0.8620 0.4805 0.1613
vn -0.8579 0.5084 0.0749
vn -0.4907 0.8316 0.2599
vn 0.0109 0.9597 0.2807
vn 0.5072 0.8330 0.2210
vn 0.8676 0.4874 0.0988
vn 0.9985 0.0152 -0.0526
vn 0.8663 -0.4604 -0.1937
vn 0.5042 -0.8143 -0.2876
vn -0.4968 -0.8295 -0.2553
vn 0.0055 -0.9557 -0.2944
vn -0.8582 -0.5118 -0.0386
vn -0.9922 -0.0331 0.1200
vn -0.8562 0.4547 0.2453
vn -0.4890 0.8195 0.2989
vn 0.0075 0.9640 0.2657
vn 0.4992 0.8522 0.1567
vn 0.8565 0.5161 0.0027
vn 0.9869 0.0455 -0.1549
vn 0.8566 -0.4366 -0.2750
vn 0.4986 -0.8032 -0.3260
vn -0.4924 -0.8496 -0.1890
vn 0.0067 -0.9598 -0.2806
vn -0.8405 -0.5389 0.0559
vn -0.9732 -0.0623 0.2215
vn -0.8413 0.4315 0.3256
vn -0.4828 0.8082 0.3372
vn 0.0031 0.9675 0.2529
vn 0.4850 0.8691 0.0971
vn 0.8361 0.5416 -0.0875
vn 0.9651 0.0726 -0.2516
vn 0.8388 -0.4151 -0.3523
vn 0.4891 -0.7931 -0.3630
vn -0.4811 -0.8674 -0.1270
vn 0.0089 -0.9632 -0.2687
vn -0.8141 -0.5627 0.1437
vn -0.9446 -0.0882 0.3163
vn -0.8187 0.4106 0.4015
vn -0.4725 0.7979 0.3744
vn -0.0019 0.9702 0.2424
vn 0.4660 0.8838 0.0424
vn 0.8078 0.5640 -0.1713
vn 0.9347 0.0966 -0.3421
vn 0.8139 -0.3959 -0.4252
vn 0.4761 -0.7839 -0.3986
vn -0.4643 -0.8829 -0.0700
vn 0.0116 -0.9658 -0.2590
vn -0.7804 -0.5836 0.2246
vn -0.9078 -0.1110 0.4044
vn -0.7891 0.3919 0.4729
vn -0.4582 0.7884 0.4105
vn -0.0069 0.9722 0.2341
vn 0.4431 0.8964 -0.0075
vn 0.7728 0.5838 -0.2489
vn 0.8967 0.1180 -0.4266
vn 0.7827 -0.3787 -0.4940
vn 0.4598 -0.7754 -0.4329
vn -0.4177 -0.9081 0.0290
vn -0.4429 -0.8964 -0.0182
vn -0.7404 -0.6020 0.2992
vn -0.8638 -0.1313 0.4864
vn -0.7532 0.3752 0.5403
vn -0.4401 0.7798 0.4452
vn -0.0117 0.9737 0.2277
vn 0.4169 0.9074 -0.0527
vn 0.7320 0.6012 -0.3206
vn 0.8519 0.1370 -0.5055
vn 0.7455 -0.3631 -0.5588
vn 0.4400 -0.7675 -0.4662
vn -0.3896 -0.9182 0.0717
vn 0.0146 -0.9678 -0.2513
vn -0.6946 -0.6182 0.3679
vn -0.8129 -0.1495 0.5629
vn -0.7111 0.3603 0.6038
vn -0.4181 0.7717 0.4792
vn -0.0156 0.9746 0.2235
vn 0.3879 0.9169 -0.0936
vn 0.6857 0.6165 -0.3870
vn 0.8004 0.1540 -0.5794
vn 0.7024 -0.3490 -0.6204
vn 0.0176 -0.9692 -0.2457
vn -0.3586 -0.9270 0.1101
vn -0.6432 -0.6327 0.4313
vn -0.7551 -0.1657 0.6344
vn -0.6623 0.3468 0.6642
vn -0.3918 0.7641 0.5124
vn -0.0187 0.9751 0.2208
vn 0.3562 0.9252 -0.1309
vn 0.6337 0.6302 -0.4487
vn 0.7419 0.1693 -0.6488
vn 0.4166 -0.7601 -0.4986
vn 0.6528 -0.3360 -0.6789
vn 0.0196 -0.9700 -0.2422
vn -0.3249 -0.9346 0.1447
vn -0.5857 -0.6457 0.4899
vn -0.6896 -0.1805 0.7013
vn -0.6065 0.3342 0.7214
vn -0.3606 0.7572 0.5447
vn -0.0205 0.9754 0.2197
vn 0.3216 0.9324 -0.1649
vn 0.5757 0.6423 -0.5060
vn 0.6757 0.1833 -0.7140
vn 0.3569 -0.7461 -0.5621
vn 0.3892 -0.7530 -0.5306
vn 0.0204 -0.9704 -0.2406
vn -0.2883 -0.9413 0.1755
vn -0.5218 -0.6573 0.5437
vn -0.6158 -0.1939 0.7637
vn -0.5427 0.3228 0.7754
vn -0.3240 0.7507 0.5758
vn -0.0210 0.9753 0.2198
vn 0.2841 0.9387 -0.1954
vn 0.5110 0.6532 -0.5588
vn 0.5960 -0.3241 -0.7347
vn 0.6010 0.1959 -0.7749
vn 0.3190 -0.7396 -0.5927
vn 0.0197 -0.9704 -0.2407
vn -0.2491 -0.9471 0.2024
vn -0.4515 -0.6676 0.5920
vn -0.5334 -0.2059 0.8204
vn -0.4706 0.3125 0.8252
vn -0.2817 0.7447 0.6051
vn -0.0200 0.9751 0.2210
vn 0.2435 0.9441 -0.2223
vn 0.4396 0.6628 -0.6062
vn 0.5310 -0.3130 -0.7874
vn 0.5176 0.2072 -0.8301
vn 0.2751 -0.7335 -0.6215
vn 0.0170 -0.9701 -0.2420
vn -0.2077 -0.9519 0.2252
vn -0.3752 -0.6765 0.6337
vn -0.4432 -0.2163 0.8699
vn -0.3909 0.3034 0.8690
vn -0.2341 0.7393 0.6314
vn -0.0175 0.9747 0.2229
vn 0.2003 0.9486 -0.2449
vn 0.3620 0.6711 -0.6470
vn 0.4577 -0.3029 -0.8359
vn 0.4262 0.2170 -0.8782
vn 0.2255 -0.7281 -0.6473
vn 0.0122 -0.9697 -0.2440
vn -0.1647 -0.9558 0.2434
vn -0.2941 -0.6838 0.6678
vn -0.3462 -0.2250 0.9108
vn -0.3044 0.2957 0.9055
vn -0.1816 0.7346 0.6537
vn -0.0133 0.9742 0.2253
vn 0.1550 0.9523 -0.2628
vn 0.2793 0.6779 -0.6801
vn 0.3764 -0.2941 -0.8785
vn 0.3277 0.2252 -0.9175
vn 0.1707 -0.7235 -0.6689
vn 0.0054 -0.9692 -0.2462
vn -0.1209 -0.9589 0.2568
vn -0.2095 -0.6896 0.6932
vn -0.2440 -0.2320 0.9416
vn -0.2125 0.2894 0.9333
vn -0.1251 0.7308 0.6710
vn -0.0075 0.9737 0.2277
vn 0.1084 0.9552 -0.2756
vn 0.1926 0.6832 -0.7044
vn 0.2881 -0.2867 -0.9137
vn 0.2237 0.2316 -0.9467
vn 0.1114 -0.7198 -0.6852
vn -0.0036 -0.9687 -0.2480
vn -0.0770 -0.9611 0.2654
vn -0.1228 -0.6939 0.7096
vn -0.1383 -0.2372 0.9616
vn -0.1168 0.2848 0.9515
vn -0.0653 0.7279 0.6826
vn -0.0001 0.9732 0.2298
vn 0.0613 0.9571 -0.2830
vn 0.1035 0.6871 -0.7192
vn 0.1942 -0.2808 -0.9399
vn 0.1160 0.2363 -0.9647
vn 0.0960 -0.2765 -0.9562
vn -0.0145 -0.9684 -0.2491
vn -0.0339 -0.9625 0.2692
vn -0.0356 -0.6967 0.7165
vn -0.0311 -0.2407 0.9701
vn -0.0188 0.2816 0.9594
vn -0.0034 0.7259 0.6878
vn 0.0088 0.9728 0.2314
vn 0.0146 0.9583 -0.2852
vn 0.0135 0.6895 -0.7242
vn 0.0063 0.2393 -0.9709
vn 0.0485 -0.7172 -0.6952
vn -0.0048 -0.2737 -0.9618
vn -0.0272 -0.9681 -0.2490
vn 0.0079 -0.9633 0.2685
vn 0.0508 -0.6982 0.7141
vn 0.0761 -0.2426 0.9671
vn 0.0799 0.2799 0.9567
vn 0.0598 0.7247 0.6864
vn 0.0191 0.9725 0.2320
vn -0.0309 0.9588 -0.2823
vn -0.0761 0.6905 -0.7193
vn -0.1038 0.2406 -0.9651
vn -0.0169 -0.7154 -0.6985
vn -0.1066 -0.2725 -0.9562
vn -0.0417 -0.9680 -0.2473
vn 0.0478 -0.9634 0.2636
vn 0.1353 -0.6985 0.7027
vn 0.1820 -0.2431 0.9528
vn 0.1781 0.2795 0.9435
vn 0.1237 0.7244 0.6781
vn 0.0309 0.9724 0.2315
vn -0.0748 0.9587 -0.2744
vn -0.1642 0.6904 -0.7046
vn -0.2131 0.2404 -0.9470
vn -0.0838 -0.7147 -0.6944
vn -0.2086 -0.2727 -0.9392
vn -0.0577 -0.9682 -0.2436
vn 0.0854 -0.9632 0.2549
vn 0.2174 -0.6979 0.6824
vn 0.2855 -0.2424 0.9272
vn 0.2751 0.2803 0.9197
vn 0.1877 0.7250 0.6627
vn 0.0440 0.9724 0.2293
vn -0.1167 0.9580 -0.2619
vn -0.2502 0.6891 -0.6801
vn -0.3207 0.2389 -0.9166
vn -0.2199 -0.7156 -0.6630
vn -0.1517 -0.7147 -0.6828
vn -0.0752 -0.9685 -0.2376
vn 0.1207 -0.9626 0.2426
vn 0.2965 -0.6964 0.6535
vn 0.3860 -0.2405 0.8906
vn 0.3700 0.2822 0.8851
vn 0.2515 0.7262 0.6398
vn 0.0584 0.9725 0.2253
vn -0.1564 0.9569 -0.2448
vn -0.3337 0.6868 -0.6457
vn -0.3096 -0.2742 -0.9105
vn -0.4262 0.2361 -0.8733
vn -0.2883 -0.7172 -0.6344
vn -0.0941 -0.9690 -0.2286
vn 0.1537 -0.9617 0.2270
vn 0.3725 -0.6943 0.6158
vn 0.4828 -0.2378 0.8428
vn 0.4624 0.2850 0.8396
vn 0.3150 0.7282 0.6087
vn 0.0740 0.9730 0.2188
vn -0.1939 0.9553 -0.2232
vn -0.4148 0.6836 -0.6005
vn -0.4097 -0.2767 -0.8692
vn -0.5297 0.2323 -0.8158
vn -0.3569 -0.7195 -0.5958
vn -0.1144 -0.9697 -0.2160
vn 0.1843 -0.9606 0.2080
vn 0.4450 -0.6915 0.5690
vn 0.5743 -0.2344 0.7844
vn 0.5505 0.2886 0.7834
vn 0.3777 0.7309 0.5685
vn 0.0910 0.9736 0.2093
vn -0.2290 0.9534 -0.1965
vn -0.4932 0.6796 -0.5431
vn -0.5086 -0.2802 -0.8142
vn -0.6308 0.2273 -0.7419
vn -0.4255 -0.7224 -0.5451
vn -0.1360 -0.9706 -0.1987
vn 0.2126 -0.9594 0.1854
vn 0.5134 -0.6883 0.5126
vn 0.6555 -0.2306 0.7191
vn 0.6299 0.2925 0.7195
vn 0.4389 0.7340 0.5183
vn 0.1093 0.9745 0.1958
vn -0.2616 0.9511 -0.1640
vn -0.5684 0.6747 -0.4708
vn -0.6061 -0.2846 -0.7427
vn -0.7289 0.2215 -0.6479
vn -0.4935 -0.7257 -0.4794
vn -0.1587 -0.9717 -0.1753
vn 0.2387 -0.9581 0.1586
vn 0.5766 -0.6845 0.4461
vn 0.7113 -0.2266 0.6654
vn 0.6861 0.2944 0.6653
vn 0.4973 0.7373 0.4573
vn 0.1286 0.9758 0.1771
vn -0.2907 0.9487 -0.1246
vn -0.6382 0.6692 -0.3805
vn -0.7015 -0.2898 -0.6510
vn -0.8210 0.2148 -0.5290
vn -0.5587 -0.7295 -0.3946
vn -0.1812 -0.9729 -0.1437
vn 0.2623 -0.9566 0.1269
vn 0.6339 -0.6800 0.3684
vn 0.6717 -0.2171 0.7083
vn 0.6506 0.2786 0.7065
vn 0.5511 0.7403 0.3851
vn 0.1486 0.9772 0.1516
vn -0.3140 0.9462 -0.0779
vn -0.6977 0.6636 -0.2699
vn -0.7920 -0.2957 -0.5342
vn -0.9003 0.2079 -0.3823
vn -0.6157 -0.7335 -0.2879
vn -0.2012 -0.9742 -0.1025
vn 0.2824 -0.9551 0.0898
vn 0.6853 -0.6754 0.2724
vn 0.3732 -0.1633 0.9133
vn 0.3066 0.1664 0.9372
vn 0.5998 0.7431 0.2967
vn 0.1678 0.9788 0.1176
vn -0.3281 0.9443 -0.0254
vn -0.7389 0.6588 -0.1414
vn -0.8705 -0.3019 -0.3888
vn -0.9566 0.2019 -0.2101
vn -0.6563 -0.7373 -0.1605
vn -0.2145 -0.9753 -0.0520
vn 0.2971 -0.9536 0.0478
vn 0.7259 -0.6721 0.1464
vn 0.3404 -0.1282 0.9315
vn 0.1491 0.0857 0.9851
vn 0.6404 0.7473 0.1774
vn 0.1831 0.9803 0.0739
vn -0.3307 0.9433 0.0285
vn -0.7549 0.6558 -0.0027
vn -0.9265 -0.3075 -0.2170
vn -0.9800 0.1978 -0.0223
vn -0.6726 -0.7397 -0.0202
vn -0.2167 -0.9762 0.0042
vn 0.3056 -0.9522 0.0021
vn 0.7419 -0.6706 -0.0041
vn 0.8832 -0.1934 0.4273
vn 0.7745 0.2578 0.5776
vn 0.6615 0.7497 0.0203
vn 0.1904 0.9815 0.0191
vn -0.3224 0.9435 0.0765
vn -0.7437 0.6552 0.1329
vn -0.9499 -0.3112 -0.0286
vn -0.9666 0.1965 0.1648
vn -0.9362 -0.3121 0.1615
vn -0.6607 -0.7404 0.1237
vn -0.1884 -0.9750 0.1179
vn -0.2078 -0.9762 0.0625
vn 0.7267 -0.6695 -0.1539
vn 0.9709 -0.2052 -0.1237
vn 0.9442 0.3161 -0.0925
vn 0.1881 0.9816 -0.0339
vn -0.3054 0.9448 0.1188
vn -0.7087 0.6572 0.2564
vn -0.9206 0.1986 0.3364
vn -0.8892 -0.3102 0.3364
vn -0.6229 -0.7391 0.2563
vn 0.3051 -0.9515 -0.0393
vn -0.1605 -0.9731 0.1651
vn 0.2974 -0.9519 -0.0740
vn 0.9043 -0.2079 -0.3727
vn 0.8763 0.3121 -0.3671
vn 0.6003 0.7490 -0.2805
vn 0.6469 0.7498 -0.1393
vn 0.1740 0.9807 -0.0891
vn -0.2853 0.9470 0.1480
vn -0.6589 0.6618 0.3576
vn -0.8526 0.2040 0.4811
vn -0.8190 -0.3054 0.4858
vn -0.5672 -0.7356 0.3704
vn -0.1284 -0.9705 0.2041
vn 0.6878 -0.6712 -0.2765
vn 0.2871 -0.9524 -0.1027
vn 0.6358 -0.6763 -0.3720
vn 0.7880 0.3057 -0.5344
vn 0.5384 0.7437 -0.3963
vn 0.1506 0.9787 -0.1397
vn -0.2665 0.9494 0.1662
vn -0.6034 0.6679 0.4358
vn -0.7742 0.2117 0.5965
vn -0.7369 -0.2982 0.6067
vn -0.5018 -0.7303 0.4636
vn -0.0947 -0.9671 0.2362
vn 0.2760 -0.9532 -0.1238
vn 0.8224 -0.2135 -0.5274
vn 0.5809 -0.6816 -0.4449
vn 0.6961 0.2964 -0.6539
vn 0.4686 0.7362 -0.4883
vn 0.1200 0.9755 -0.1843
vn -0.2521 0.9516 0.1756
vn -0.5488 0.6747 0.4936
vn -0.6938 0.2208 0.6855
vn -0.6513 -0.2893 0.7015
vn -0.4329 -0.7235 0.5376
vn -0.0600 -0.9630 0.2628
vn 0.2658 -0.9541 -0.1382
vn 0.7365 -0.2228 -0.6387
vn 0.5271 -0.6876 -0.4994
vn 0.6038 0.2852 -0.7444
vn 0.3947 0.7271 -0.5617
vn 0.0834 0.9712 -0.2234
vn -0.2436 0.9533 0.1785
vn -0.4989 0.6816 0.5353
vn -0.6163 0.2307 0.7530
vn -0.5668 -0.2792 0.7751
vn -0.3639 -0.7155 0.5964
vn -0.0239 -0.9580 0.2859
vn 0.2578 -0.9549 -0.1471
vn 0.5686 -0.2455 -0.7851
vn 0.6518 -0.2335 -0.7215
vn 0.5114 0.2722 -0.8151
vn 0.3176 0.7161 -0.6216
vn 0.0410 0.9653 -0.2578
vn -0.2419 0.9541 0.1768
vn -0.4550 0.6883 0.5650
vn -0.5432 0.2414 0.8042
vn -0.4846 -0.2678 0.8327
vn -0.2950 -0.7061 0.6437
vn 0.0148 -0.9517 0.3067
vn 0.4752 -0.6946 -0.5402
vn 0.2530 -0.9555 -0.1514
vn 0.4864 -0.2589 -0.8345
vn 0.4169 0.2566 -0.8720
vn 0.2352 0.7026 -0.6716
vn -0.0088 0.9574 -0.2885
vn -0.2478 0.9534 0.1719
vn -0.4178 0.6946 0.5856
vn -0.4743 0.2526 0.8433
vn -0.4037 -0.2550 0.8786
vn -0.2251 -0.6951 0.6828
vn 0.2523 -0.9557 -0.1517
vn 0.3782 -0.7121 -0.5915
vn 0.4260 -0.7027 -0.5699
vn 0.4018 -0.2755 -0.8733
vn 0.3159 0.2370 -0.9187
vn 0.1432 0.6850 -0.7143
vn -0.0694 0.9460 -0.3168
vn -0.2636 0.9505 0.1647
vn -0.3870 0.7002 0.6000
vn -0.4076 0.2646 0.8740
vn -0.3212 -0.2401 0.9161
vn -0.1508 -0.6813 0.7163
vn 0.2579 -0.9548 -0.1479
vn 0.0587 -0.9433 0.3266
vn 0.3306 -0.7238 -0.6057
vn 0.3096 -0.2974 -0.9032
vn 0.2003 0.2101 -0.9569
vn 0.0332 0.6595 -0.7510
vn -0.1469 0.9282 -0.3420
vn -0.2916 0.9436 0.1570
vn -0.3621 0.7046 0.6103
vn -0.3401 0.2782 0.8983
vn -0.2320 -0.2214 0.9472
vn -0.0669 -0.6630 0.7456
vn 0.2738 -0.9515 -0.1400
vn 0.1121 -0.9315 0.3461
vn 0.2815 -0.7393 -0.6118
vn 0.2005 -0.3298 -0.9225
vn 0.0523 0.1673 -0.9845
vn -0.1141 0.6165 -0.7790
vn -0.2542 0.8971 -0.3615
vn -0.3379 0.9290 0.1512
vn -0.3429 0.7069 0.6186
vn -0.2665 0.2949 0.9176
vn -0.1283 -0.1958 0.9722
vn 0.1830 -0.9129 0.3650
vn 0.3085 -0.9424 -0.1291
vn 0.2336 -0.7600 -0.6064
vn 0.0625 -0.3828 -0.9217
vn -0.1913 0.0754 -0.9786
vn -0.3967 0.5035 -0.7675
vn -0.4241 0.8285 -0.3658
vn -0.4111 0.8985 0.1540
vn -0.3285 0.7060 0.6274
vn -0.1802 0.3181 0.9308
vn 0.0358 -0.6363 0.7706
vn 0.0007 -0.1570 0.9876
vn 0.2826 -0.8809 0.3796
vn 0.3739 -0.9193 -0.1224
vn 0.1992 -0.7840 -0.5879
vn -0.1082 -0.4634 -0.8795
vn -0.8530 -0.5186 -0.0592
vn -0.8249 -0.5035 0.2570
vn -0.9692 0.2432 -0.0398
vn -0.5201 0.8359 0.1752
vn -0.3167 0.7007 0.6394
vn -0.0763 0.3540 0.9321
vn 0.1694 -0.5939 0.7865
vn 0.1620 -0.0944 0.9823
vn 0.4221 -0.8240 0.3781
vn 0.4752 -0.8688 -0.1391
vn 0.2016 -0.7977 -0.5684
vn -0.2437 -0.5799 -0.7773
vn 0.3435 -0.5243 0.7791
vn -0.6550 0.7024 0.2785
vn -0.2993 0.6956 0.6531
vn 0.0392 0.4115 0.9106
vn 0.3434 -0.5237 0.7796
vn 0.3454 0.0027 0.9385
vn 0.5465 -0.4128 0.7286
vn 0.7670 -0.5948 0.2406
vn 0.5951 -0.7296 0.3369
vn 0.5832 -0.7891 -0.1927
vn 0.2240 -0.7978 -0.5598
vn -0.1190 -0.3052 0.9448
vn -0.2827 -0.6752 -0.6813
vn 0.6243 -0.3571 0.6948
vn -0.2471 -0.8487 0.4676
vn 0.5690 -0.7424 0.3536
vn -0.2898 0.6823 0.6712
vn 0.1436 0.4856 0.8623
vn 0.5160 0.1357 0.8457
vn 0.7414 -0.2589 0.6191
vn 0.8962 -0.4328 0.0979
vn 0.6737 -0.6805 -0.2881
vn 0.2636 -0.7660 -0.5862
vn 0.2397 -0.1700 0.9558
vn -0.2499 -0.6958 -0.6734
vn 0.6474 -0.3619 0.6707
vn 0.4886 -0.7568 0.4342
vn -0.7318 0.5231 0.4368
vn -0.2757 0.6781 0.6813
vn 0.2150 0.5650 0.7966
vn 0.6340 0.2827 0.7198
vn 0.8814 -0.0823 0.4652
vn 0.9608 -0.2705 -0.0605
vn 0.7215 -0.5605 -0.4066
vn 0.2892 -0.7099 -0.6422
vn -0.4828 -0.7729 0.4118
vn -0.2273 -0.6846 -0.6926
vn -0.6948 -0.5454 -0.4687
vn -0.6716 -0.4413 0.5951
vn -0.7297 0.4705 0.4961
vn -0.2686 0.6833 0.6789
vn 0.2460 0.6401 0.7278
vn 0.6893 0.4191 0.5910
vn 0.9490 0.0864 0.3033
vn 0.9706 -0.1239 -0.2063
vn 0.7269 -0.4412 -0.5262
vn 0.2902 -0.6377 -0.7136
vn -0.2266 -0.6597 -0.7165
vn -0.5379 -0.6831 0.4940
vn -0.6858 -0.4978 -0.5308
vn -0.9719 0.1713 0.1615
vn -0.7206 0.4989 0.4815
vn -0.7175 0.5043 0.4804
vn -0.2731 0.6913 0.6690
vn 0.2459 0.7017 0.6687
vn 0.6958 0.5325 0.4820
vn 0.9596 0.2307 0.1613
vn 0.9449 0.0049 -0.3272
vn 0.7017 -0.3257 -0.6337
vn 0.2687 -0.5537 -0.7882
vn -0.2408 -0.6168 -0.7494
vn -0.9588 -0.2157 -0.1850
vn -0.9583 -0.1959 -0.2081
vn -0.9717 0.1404 0.1898
vn -0.7253 0.4735 0.4997
vn -0.2856 0.6947 0.6601
vn 0.2275 0.7483 0.6231
vn 0.6747 0.6223 0.3968
vn 0.9350 0.3512 0.0492
vn 0.8990 0.1203 -0.4211
vn 0.6569 -0.2115 -0.7237
vn 0.2307 -0.4578 -0.8586
vn -0.6930 -0.4927 -0.5263
vn -0.2670 -0.5522 -0.7898
vn -0.9605 -0.2223 -0.1672
vn -0.9693 0.1143 0.2178
vn -0.7273 0.4496 0.5185
vn -0.2989 0.6926 0.6565
vn 0.2016 0.7802 0.5922
vn 0.6406 0.6899 0.3372
vn 0.8924 0.4501 -0.0317
vn 0.8428 0.2265 -0.4882
vn 0.6008 -0.0952 -0.7937
vn 0.1816 -0.3477 -0.9198
vn -0.7060 -0.4655 -0.5337
vn -0.3029 -0.4636 -0.8326
vn -0.9658 -0.2004 -0.1646
vn -0.9661 0.1096 0.2336
vn -0.7254 0.4345 0.5338
vn -0.3079 0.6862 0.6590
vn 0.1767 0.7980 0.5761
vn 0.6016 0.7401 0.3005
vn 0.8422 0.5323 -0.0861
vn 0.7836 0.3260 -0.5288
vn 0.5397 0.0258 -0.8415
vn 0.1263 -0.2214 -0.9670
vn -0.7259 -0.4094 -0.5527
vn -0.3452 -0.3496 -0.8710
vn -0.9739 -0.1496 -0.1709
vn -0.9623 0.1265 0.2409
vn -0.7187 0.4291 0.5471
vn -0.3092 0.6763 0.6686
vn 0.1591 0.8023 0.5753
vn 0.5664 0.7729 0.2860
vn 0.7922 0.5994 -0.1144
vn 0.7283 0.4183 -0.5428
vn 0.4794 0.1516 -0.8644
vn 0.0702 -0.0781 -0.9945
vn -0.7508 -0.3231 -0.5761
vn -0.3889 -0.2092 -0.8972
vn -0.9814 -0.0709 -0.1785
vn -0.9555 0.1633 0.2457
vn -0.7059 0.4317 0.5616
vn -0.3005 0.6618 0.6868
vn 0.1538 0.7925 0.5902
vn 0.5418 0.7876 0.2935
vn 0.7500 0.6509 -0.1176
vn 0.6837 0.5005 -0.5311
vn 0.4262 0.2792 -0.8604
vn 0.0193 0.0798 -0.9966
vn -0.7763 -0.2066 -0.5955
vn -0.4276 -0.0445 -0.9029
vn -0.9832 0.0328 -0.1797
vn -0.9427 0.2167 0.2537
vn -0.6853 0.4393 0.5808
vn -0.2805 0.6408 0.7146
vn 0.1638 0.7671 0.6202
vn 0.5335 0.7821 0.3221
vn 0.7231 0.6837 -0.0978
vn 0.6728 0.5464 -0.4988
vn 0.4147 0.3522 -0.8390
vn 0.0048 0.1698 -0.9855
vn -0.7961 -0.0619 -0.6020
vn -0.4438 0.0503 -0.8947
vn -0.9825 0.0973 -0.1586
vn -0.9258 0.2549 0.2791
vn -0.6580 0.4496 0.6041
vn -0.2562 0.6290 0.7339
vn 0.1732 0.7476 0.6411
vn 0.5230 0.7764 0.3517
vn 0.7094 0.7017 -0.0667
vn -0.8080 0.0232 -0.5887
vt 0.000000 1.000000
vt 0.004651 0.916667
vt 0.000000 0.916667
vt 0.000000 0.083333
vt 0.004651 0.000000
vt 0.000000 0.000000
vt 0.000000 0.166667
vt 0.004651 0.083333
vt 0.000000 0.250000
vt 0.004651 0.166667
vt 0.000000 0.333333
vt 0.004651 0.250000
vt 0.000000 0.416667
vt 0.004651 0.333333
vt 0.004651 0.500000
vt 0.000000 0.500000
vt 0.004651 0.583333
vt 0.000000 0.583333
vt 0.004651 0.666667
vt 0.000000 0.666667
vt 0.004651 0.750000
vt 0.000000 0.750000
vt 0.004651 0.833333
vt 0.000000 0.833333
vt 0.004651 1.000000
vt 0.009302 0.916667
vt 0.009302 0.000000
vt 0.009302 0.083333
vt 0.009302 0.166667
vt 0.009302 0.250000
vt 0.004651 0.416667
vt 0.009302 0.333333
vt 0.009302 0.500000
vt 0.009302 0.583333
vt 0.009302 0.666667
vt 0.009302 0.750000
vt 0.009302 0.833333
vt 0.009302 1.000000
vt 0.013953 0.916667
vt 0.013953 0.000000
vt 0.013953 0.083333
vt 0.013953 0.166667
vt 0.013953 0.250000
vt 0.009302 0.416667
vt 0.013953 0.333333
vt 0.013953 0.500000
vt 0.013953 0.583333
vt 0.013953 0.666667
vt 0.013953 0.750000
vt 0.013953 0.833333
vt 0.013953 1.000000
vt 0.018605 0.916667
vt 0.018605 0.000000
vt 0.018605 0.083333
vt 0.018605 0.166667
vt 0.018605 0.250000
vt 0.013953 0.416667
vt 0.018605 0.333333
vt 0.018605 0.500000
vt 0.018605 0.583333
vt 0.018605 0.666667
vt 0.018605 0.750000
vt 0.018605 0.833333
vt 0.023256 1.000000
vt 0.018605 1.000000
vt 0.023256 0.083333
vt 0.023256 0.166667
vt 0.023256 0.250000
vt 0.023256 0.333333
vt 0.023256 0.416667
vt 0.018605 0.416667
vt 0.023256 0.500000
vt 0.023256 0.583333
vt 0.023256 0.666667
vt 0.023256 0.750000
vt 0.023256 0.833333
vt 0.027907 1.000000
vt 0.023256 0.916667
vt 0.027907 0.083333
vt 0.023256 0.000000
vt 0.027907 0.166667
vt 0.027907 0.250000
vt 0.027907 0.333333
vt 0.027907 0.416667
vt 0.027907 0.500000
vt 0.027907 0.583333
vt 0.027907 0.666667
vt 0.027907 0.750000
vt 0.027907 0.833333
vt 0.032558 1.000000
vt 0.027907 0.916667
vt 0.032558 0.083333
vt 0.027907 0.000000
vt 0.032558 0.166667
vt 0.032558 0.250000
vt 0.032558 0.333333
vt 0.032558 0.416667
vt 0.032558 0.500000
vt 0.032558 0.583333
vt 0.032558 0.666667
vt 0.032558 0.750000
vt 0.032558 0.833333
vt 0.037209 1.000000
vt 0.032558 0.916667
vt 0.037209 0.083333
vt 0.032558 0.000000
vt 0.037209 0.166667
vt 0.037209 0.250000
vt 0.037209 0.333333
vt 0.037209 0.416667
vt 0.037209 0.500000
vt 0.037209 0.583333
vt 0.037209 0.666667
vt 0.037209 0.750000
vt 0.037209 0.833333
vt 0.041860 1.000000
vt 0.037209 0.916667
vt 0.041860 0.083333
vt 0.037209 0.000000
vt 0.041860 0.166667
vt 0.041860 0.250000
vt 0.041860 0.333333
vt 0.041860 0.416667
vt 0.041860 0.500000
vt 0.041860 0.583333
vt 0.041860 0.666667
vt 0.041860 0.750000
vt 0.041860 0.833333
vt 0.046512 1.000000
vt 0.041860 0.916667
vt 0.046512 0.083333
vt 0.041860 0.000000
vt 0.046512 0.166667
vt 0.046512 0.250000
vt 0.046512 0.333333
vt 0.046512 0.416667
vt 0.046512 0.500000
vt 0.046512 0.583333
vt 0.046512 0.666667
vt 0.046512 0.750000
vt 0.046512 0.833333
vt 0.051163 0.916667
vt 0.046512 0.916667
vt 0.051163 0.000000
vt 0.046512 0.000000
vt 0.051163 0.083333
vt 0.051163 0.166667
vt 0.051163 0.333333
vt 0.051163 0.416667
vt 0.051163 0.500000
vt 0.051163 0.583333
vt 0.051163 0.666667
vt 0.051163 0.750000
vt 0.051163 0.833333
vt 0.051163 1.000000
vt 0.055814 0.916667
vt 0.055814 0.000000
vt 0.055814 0.083333
vt 0.051163 0.250000
vt 0.055814 0.166667
vt 0.055814 0.250000
vt 0.055814 0.333333
vt 0.055814 0.500000
vt 0.055814 0.583333
vt 0.055814 0.666667
vt 0.055814 0.750000
vt 0.055814 0.833333
vt 0.055814 1.000000
vt 0.060465 0.916667
vt 0.060465 0.000000
vt 0.060465 0.083333
vt 0.060465 0.166667
vt 0.060465 0.250000
vt 0.055814 0.416667
vt 0.060465 0.333333
vt 0.060465 0.500000
vt 0.060465 0.583333
vt 0.060465 0.666667
vt 0.060465 0.750000
vt 0.060465 0.833333
vt 0.060465 1.000000
vt 0.065116 0.916667
vt 0.065116 0.000000
vt 0.065116 0.083333
vt 0.065116 0.166667
vt 0.065116 0.250000
vt 0.065116 0.416667
vt 0.060465 0.416667
vt 0.065116 0.500000
vt 0.065116 0.583333
vt 0.065116 0.666667
vt 0.065116 0.750000
vt 0.065116 0.833333
vt 0.069767 1.000000
vt 0.065116 1.000000
vt 0.069767 0.083333
vt 0.069767 0.166667
vt 0.069767 0.250000
vt 0.069767 0.333333
vt 0.065116 0.333333
vt 0.069767 0.416667
vt 0.069767 0.500000
vt 0.069767 0.583333
vt 0.069767 0.666667
vt 0.069767 0.750000
vt 0.069767 0.833333
vt 0.074419 1.000000
vt 0.069767 0.916667
vt 0.074419 0.083333
vt 0.069767 0.000000
vt 0.074419 0.166667
vt 0.074419 0.250000
vt 0.074419 0.333333
vt 0.074419 0.416667
vt 0.074419 0.500000
vt 0.074419 0.583333
vt 0.074419 0.666667
vt 0.074419 0.750000
vt 0.074419 0.833333
vt 0.079070 1.000000
vt 0.074419 0.916667
vt 0.079070 0.083333
vt 0.074419 0.000000
vt 0.079070 0.166667
vt 0.079070 0.250000
vt 0.079070 0.333333
vt 0.079070 0.416667
vt 0.079070 0.500000
vt 0.079070 0.583333
vt 0.079070 0.666667
vt 0.079070 0.750000
vt 0.079070 0.833333
vt 0.083721 1.000000
vt 0.079070 0.916667
vt 0.083721 0.083333
vt 0.079070 0.000000
vt 0.083721 0.166667
vt 0.083721 0.250000
vt 0.083721 0.333333
vt 0.083721 0.416667
vt 0.083721 0.500000
vt 0.083721 0.583333
vt 0.083721 0.666667
vt 0.083721 0.750000
vt 0.083721 0.833333
vt 0.088372 1.000000
vt 0.083721 0.916667
vt 0.088372 0.083333
vt 0.083721 0.000000
vt 0.088372 0.166667
vt 0.088372 0.250000
vt 0.088372 0.333333
vt 0.088372 0.416667
vt 0.088372 0.500000
vt 0.088372 0.583333
vt 0.088372 0.666667
vt 0.088372 0.750000
vt 0.088372 0.833333
vt 0.093023 0.916667
vt 0.088372 0.916667
vt 0.093023 0.000000
vt 0.088372 0.000000
vt 0.093023 0.083333
vt 0.093023 0.166667
vt 0.093023 0.250000
vt 0.093023 0.333333
vt 0.093023 0.500000
vt 0.093023 0.583333
vt 0.093023 0.666667
vt 0.093023 0.750000
vt 0.093023 0.833333
vt 0.093023 1.000000
vt 0.097674 0.916667
vt 0.097674 0.000000
vt 0.097674 0.083333
vt 0.097674 0.166667
vt 0.097674 0.250000
vt 0.093023 0.416667
vt 0.097674 0.333333
vt 0.097674 0.500000
vt 0.097674 0.583333
vt 0.097674 0.666667
vt 0.097674 0.750000
vt 0.097674 0.833333
vt 0.097674 1.000000
vt 0.102326 0.916667
vt 0.102326 0.000000
vt 0.102326 0.083333
vt 0.102326 0.166667
vt 0.102326 0.250000
vt 0.097674 0.416667
vt 0.102326 0.333333
vt 0.102326 0.500000
vt 0.102326 0.583333
vt 0.102326 0.666667
vt 0.102326 0.750000
vt 0.102326 0.833333
vt 0.102326 1.000000
vt 0.106977 0.916667
vt 0.106977 0.000000
vt 0.106977 0.083333
vt 0.106977 0.166667
vt 0.106977 0.250000
vt 0.102326 0.416667
vt 0.106977 0.333333
vt 0.106977 0.500000
vt 0.106977 0.583333
vt 0.106977 0.666667
vt 0.106977 0.750000
vt 0.106977 0.833333
vt 0.111628 1.000000
vt 0.106977 1.000000
vt 0.111628 0.083333
vt 0.111628 0.166667
vt 0.111628 0.250000
vt 0.106977 0.416667
vt 0.111628 0.333333
vt 0.111628 0.416667
vt 0.111628 0.583333
vt 0.111628 0.666667
vt 0.111628 0.750000
vt 0.111628 0.833333
vt 0.111628 0.916667
vt 0.116279 1.000000
vt 0.116279 0.083333
vt 0.111628 0.000000
vt 0.116279 0.166667
vt 0.116279 0.250000
vt 0.116279 0.333333
vt 0.111628 0.500000
vt 0.116279 0.416667
vt 0.116279 0.500000
vt 0.116279 0.583333
vt 0.116279 0.666667
vt 0.116279 0.750000
vt 0.116279 0.916667
vt 0.120930 1.000000
vt 0.120930 0.083333
vt 0.116279 0.000000
vt 0.120930 0.166667
vt 0.120930 0.250000
vt 0.120930 0.333333
vt 0.120930 0.416667
vt 0.120930 0.500000
vt 0.120930 0.583333
vt 0.120930 0.666667
vt 0.116279 0.833333
vt 0.120930 0.750000
vt 0.120930 0.833333
vt 0.125581 1.000000
vt 0.120930 0.916667
vt 0.125581 0.083333
vt 0.120930 0.000000
vt 0.125581 0.166667
vt 0.125581 0.250000
vt 0.125581 0.333333
vt 0.125581 0.416667
vt 0.125581 0.500000
vt 0.125581 0.583333
vt 0.125581 0.666667
vt 0.125581 0.750000
vt 0.125581 0.833333
vt 0.130233 1.000000
vt 0.125581 0.916667
vt 0.130233 0.083333
vt 0.125581 0.000000
vt 0.130233 0.166667
vt 0.130233 0.250000
vt 0.130233 0.333333
vt 0.130233 0.416667
vt 0.130233 0.500000
vt 0.130233 0.583333
vt 0.130233 0.666667
vt 0.130233 0.750000
vt 0.130233 0.833333
vt 0.134884 1.000000
vt 0.130233 0.916667
vt 0.134884 0.083333
vt 0.130233 0.000000
vt 0.134884 0.166667
vt 0.134884 0.250000
vt 0.134884 0.333333
vt 0.134884 0.416667
vt 0.134884 0.500000
vt 0.134884 0.583333
vt 0.134884 0.666667
vt 0.134884 0.750000
vt 0.134884 0.833333
vt 0.139535 1.000000
vt 0.134884 0.916667
vt 0.139535 0.083333
vt 0.134884 0.000000
vt 0.139535 0.166667
vt 0.139535 0.250000
vt 0.139535 0.333333
vt 0.139535 0.416667
vt 0.139535 0.500000
vt 0.139535 0.583333
vt 0.139535 0.666667
vt 0.139535 0.750000
vt 0.139535 0.833333
vt 0.144186 1.000000
vt 0.139535 0.916667
vt 0.144186 0.083333
vt 0.139535 0.000000
vt 0.144186 0.166667
vt 0.144186 0.250000
vt 0.144186 0.333333
vt 0.144186 0.416667
vt 0.144186 0.500000
vt 0.144186 0.583333
vt 0.144186 0.666667
vt 0.144186 0.750000
vt 0.144186 0.833333
vt 0.148837 1.000000
vt 0.144186 0.916667
vt 0.148837 0.083333
vt 0.144186 0.000000
vt 0.148837 0.166667
vt 0.148837 0.250000
vt 0.148837 0.333333
vt 0.148837 0.416667
vt 0.148837 0.500000
vt 0.148837 0.583333
vt 0.148837 0.666667
vt 0.148837 0.750000
vt 0.148837 0.833333
vt 0.153488 1.000000
vt 0.148837 0.916667
vt 0.153488 0.083333
vt 0.148837 0.000000
vt 0.153488 0.166667
vt 0.153488 0.250000
vt 0.153488 0.333333
vt 0.153488 0.416667
vt 0.153488 0.500000
vt 0.153488 0.583333
vt 0.153488 0.666667
vt 0.153488 0.750000
vt 0.153488 0.833333
vt 0.158140 1.000000
vt 0.153488 0.916667
vt 0.158140 0.083333
vt 0.153488 0.000000
vt 0.158140 0.166667
vt 0.158140 0.250000
vt 0.158140 0.333333
vt 0.158140 0.416667
vt 0.158140 0.500000
vt 0.158140 0.583333
vt 0.158140 0.666667
vt 0.158140 0.750000
vt 0.158140 0.833333
vt 0.162791 1.000000
vt 0.158140 0.916667
vt 0.162791 0.083333
vt 0.158140 0.000000
vt 0.162791 0.166667
vt 0.162791 0.250000
vt 0.162791 0.333333
vt 0.162791 0.416667
vt 0.162791 0.500000
vt 0.162791 0.583333
vt 0.162791 0.666667
vt 0.162791 0.750000
vt 0.162791 0.916667
vt 0.167442 1.000000
vt 0.167442 0.083333
vt 0.162791 0.000000
vt 0.167442 0.166667
vt 0.167442 0.250000
vt 0.167442 0.333333
vt 0.167442 0.416667
vt 0.167442 0.500000
vt 0.167442 0.583333
vt 0.167442 0.666667
vt 0.167442 0.833333
vt 0.162791 0.833333
vt 0.167442 0.916667
vt 0.172093 1.000000
vt 0.172093 0.083333
vt 0.167442 0.000000
vt 0.172093 0.166667
vt 0.172093 0.250000
vt 0.172093 0.333333
vt 0.172093 0.416667
vt 0.172093 0.500000
vt 0.172093 0.666667
vt 0.172093 0.750000
vt 0.167442 0.750000
vt 0.172093 0.833333
vt 0.172093 0.916667
vt 0.176744 1.000000
vt 0.176744 0.000000
vt 0.172093 0.000000
vt 0.176744 0.083333
vt 0.176744 0.166667
vt 0.176744 0.250000
vt 0.176744 0.333333
vt 0.176744 0.416667
vt 0.176744 0.583333
vt 0.172093 0.583333
vt 0.176744 0.666667
vt 0.176744 0.750000
vt 0.176744 0.833333
vt 0.176744 0.916667
vt 0.181395 1.000000
vt 0.181395 0.000000
vt 0.181395 0.083333
vt 0.181395 0.166667
vt 0.181395 0.250000
vt 0.181395 0.333333
vt 0.176744 0.500000
vt 0.181395 0.416667
vt 0.181395 0.583333
vt 0.181395 0.666667
vt 0.181395 0.750000
vt 0.181395 0.833333
vt 0.181395 0.916667
vt 0.186047 0.916667
vt 0.186047 0.000000
vt 0.186047 0.083333
vt 0.186047 0.166667
vt 0.186047 0.250000
vt 0.186047 0.333333
vt 0.186047 0.500000
vt 0.181395 0.500000
vt 0.186047 0.583333
vt 0.186047 0.666667
vt 0.186047 0.750000
vt 0.186047 0.833333
vt 0.186047 1.000000
vt 0.190698 0.916667
vt 0.190698 0.000000
vt 0.190698 0.083333
vt 0.190698 0.166667
vt 0.190698 0.250000
vt 0.186047 0.416667
vt 0.190698 0.333333
vt 0.190698 0.500000
vt 0.190698 0.583333
vt 0.190698 0.666667
vt 0.190698 0.750000
vt 0.190698 0.833333
vt 0.190698 1.000000
vt 0.195349 0.916667
vt 0.195349 0.000000
vt 0.195349 0.083333
vt 0.195349 0.166667
vt 0.195349 0.250000
vt 0.190698 0.416667
vt 0.195349 0.333333
vt 0.195349 0.500000
vt 0.195349 0.583333
vt 0.195349 0.666667
vt 0.195349 0.750000
vt 0.195349 0.833333
vt 0.195349 1.000000
vt 0.200000 0.916667
vt 0.200000 0.000000
vt 0.200000 0.083333
vt 0.200000 0.166667
vt 0.200000 0.250000
vt 0.195349 0.416667
vt 0.200000 0.333333
vt 0.200000 0.500000
vt 0.200000 0.583333
vt 0.200000 0.666667
vt 0.200000 0.750000
vt 0.200000 0.833333
vt 0.200000 1.000000
vt 0.204651 0.916667
vt 0.204651 0.000000
vt 0.204651 0.083333
vt 0.204651 0.166667
vt 0.204651 0.250000
vt 0.200000 0.416667
vt 0.204651 0.333333
vt 0.204651 0.500000
vt 0.204651 0.583333
vt 0.204651 0.666667
vt 0.204651 0.750000
vt 0.204651 0.833333
vt 0.204651 1.000000
vt 0.209302 0.916667
vt 0.209302 0.000000
vt 0.209302 0.083333
vt 0.209302 0.166667
vt 0.209302 0.250000
vt 0.204651 0.416667
vt 0.209302 0.333333
vt 0.209302 0.500000
vt 0.209302 0.583333
vt 0.209302 0.666667
vt 0.209302 0.750000
vt 0.209302 0.833333
vt 0.209302 1.000000
vt 0.213953 0.916667
vt 0.213953 0.000000
vt 0.213953 0.083333
vt 0.213953 0.166667
vt 0.213953 0.250000
vt 0.209302 0.416667
vt 0.213953 0.333333
vt 0.213953 0.500000
vt 0.213953 0.583333
vt 0.213953 0.666667
vt 0.213953 0.750000
vt 0.213953 0.833333
vt 0.213953 1.000000
vt 0.218605 0.916667
vt 0.218605 0.000000
vt 0.218605 0.083333
vt 0.218605 0.166667
vt 0.218605 0.250000
vt 0.213953 0.416667
vt 0.218605 0.333333
vt 0.218605 0.500000
vt 0.218605 0.583333
vt 0.218605 0.666667
vt 0.218605 0.750000
vt 0.218605 0.833333
vt 0.218605 1.000000
vt 0.223256 0.916667
vt 0.223256 0.000000
vt 0.223256 0.083333
vt 0.223256 0.166667
vt 0.223256 0.250000
vt 0.218605 0.416667
vt 0.223256 0.333333
vt 0.223256 0.500000
vt 0.223256 0.583333
vt 0.223256 0.666667
vt 0.223256 0.750000
vt 0.223256 0.833333
vt 0.223256 1.000000
vt 0.227907 0.916667
vt 0.227907 0.000000
vt 0.227907 0.083333
vt 0.227907 0.166667
vt 0.227907 0.250000
vt 0.223256 0.416667
vt 0.227907 0.333333
vt 0.227907 0.416667
vt 0.227907 0.583333
vt 0.227907 0.666667
vt 0.227907 0.750000
vt 0.227907 0.833333
vt 0.232558 1.000000
vt 0.227907 1.000000
vt 0.232558 0.083333
vt 0.232558 0.166667
vt 0.232558 0.250000
vt 0.232558 0.333333
vt 0.232558 0.416667
vt 0.227907 0.500000
vt 0.232558 0.500000
vt 0.232558 0.583333
vt 0.232558 0.666667
vt 0.232558 0.750000
vt 0.232558 0.916667
vt 0.237209 1.000000
vt 0.237209 0.083333
vt 0.232558 0.000000
vt 0.237209 0.166667
vt 0.237209 0.250000
vt 0.237209 0.333333
vt 0.237209 0.416667
vt 0.237209 0.500000
vt 0.237209 0.583333
vt 0.237209 0.666667
vt 0.232558 0.833333
vt 0.237209 0.750000
vt 0.237209 0.833333
vt 0.241860 1.000000
vt 0.237209 0.916667
vt 0.241860 0.083333
vt 0.237209 0.000000
vt 0.241860 0.166667
vt 0.241860 0.250000
vt 0.241860 0.333333
vt 0.241860 0.416667
vt 0.241860 0.500000
vt 0.241860 0.583333
vt 0.241860 0.666667
vt 0.241860 0.750000
vt 0.241860 0.833333
vt 0.246512 1.000000
vt 0.241860 0.916667
vt 0.246512 0.083333
vt 0.241860 0.000000
vt 0.246512 0.166667
vt 0.246512 0.250000
vt 0.246512 0.333333
vt 0.246512 0.416667
vt 0.246512 0.500000
vt 0.246512 0.583333
vt 0.246512 0.666667
vt 0.246512 0.750000
vt 0.246512 0.833333
vt 0.251163 1.000000
vt 0.246512 0.916667
vt 0.251163 0.083333
vt 0.246512 0.000000
vt 0.251163 0.166667
vt 0.251163 0.250000
vt 0.251163 0.333333
vt 0.251163 0.416667
vt 0.251163 0.500000
vt 0.251163 0.583333
vt 0.251163 0.666667
vt 0.251163 0.750000
vt 0.251163 0.833333
vt 0.255814 1.000000
vt 0.251163 0.916667
vt 0.255814 0.083333
vt 0.251163 0.000000
vt 0.255814 0.166667
vt 0.255814 0.250000
vt 0.255814 0.333333
vt 0.255814 0.416667
vt 0.255814 0.500000
vt 0.255814 0.583333
vt 0.255814 0.666667
vt 0.255814 0.750000
vt 0.255814 0.833333
vt 0.260465 1.000000
vt 0.255814 0.916667
vt 0.260465 0.083333
vt 0.255814 0.000000
vt 0.260465 0.166667
vt 0.260465 0.250000
vt 0.260465 0.333333
vt 0.260465 0.416667
vt 0.260465 0.500000
vt 0.260465 0.583333
vt 0.260465 0.666667
vt 0.260465 0.750000
vt 0.260465 0.833333
vt 0.265116 1.000000
vt 0.260465 0.916667
vt 0.265116 0.083333
vt 0.260465 0.000000
vt 0.265116 0.166667
vt 0.265116 0.250000
vt 0.265116 0.333333
vt 0.265116 0.416667
vt 0.265116 0.500000
vt 0.265116 0.583333
vt 0.265116 0.666667
vt 0.265116 0.750000
vt 0.265116 0.916667
vt 0.269767 1.000000
vt 0.269767 0.083333
vt 0.265116 0.000000
vt 0.269767 0.166667
vt 0.269767 0.250000
vt 0.269767 0.333333
vt 0.269767 0.416667
vt 0.269767 0.500000
vt 0.269767 0.583333
vt 0.269767 0.666667
vt 0.269767 0.833333
vt 0.265116 0.833333
vt 0.269767 0.916667
vt 0.274419 1.000000
vt 0.274419 0.083333
vt 0.269767 0.000000
vt 0.274419 0.166667
vt 0.274419 0.250000
vt 0.274419 0.333333
vt 0.274419 0.416667
vt 0.274419 0.500000
vt 0.274419 0.666667
vt 0.274419 0.750000
vt 0.269767 0.750000
vt 0.274419 0.833333
vt 0.274419 0.916667
vt 0.279070 1.000000
vt 0.279070 0.083333
vt 0.274419 0.000000
vt 0.279070 0.166667
vt 0.279070 0.250000
vt 0.279070 0.333333
vt 0.279070 0.416667
vt 0.279070 0.583333
vt 0.274419 0.583333
vt 0.279070 0.666667
vt 0.279070 0.750000
vt 0.279070 0.833333
vt 0.279070 0.916667
vt 0.283721 1.000000
vt 0.283721 0.000000
vt 0.279070 0.000000
vt 0.283721 0.083333
vt 0.283721 0.166667
vt 0.283721 0.250000
vt 0.283721 0.333333
vt 0.279070 0.500000
vt 0.283721 0.416667
vt 0.283721 0.583333
vt 0.283721 0.666667
vt 0.283721 0.750000
vt 0.283721 0.833333
vt 0.283721 0.916667
vt 0.288372 1.000000
vt 0.288372 0.000000
vt 0.288372 0.083333
vt 0.288372 0.166667
vt 0.288372 0.250000
vt 0.288372 0.333333
vt 0.283721 0.500000
vt 0.288372 0.416667
vt 0.288372 0.583333
vt 0.288372 0.666667
vt 0.288372 0.750000
vt 0.288372 0.833333
vt 0.288372 0.916667
vt 0.293023 1.000000
vt 0.293023 0.000000
vt 0.293023 0.083333
vt 0.293023 0.166667
vt 0.293023 0.250000
vt 0.293023 0.333333
vt 0.288372 0.500000
vt 0.293023 0.416667
vt 0.293023 0.583333
vt 0.293023 0.666667
vt 0.293023 0.750000
vt 0.293023 0.833333
vt 0.293023 0.916667
vt 0.297674 1.000000
vt 0.297674 0.000000
vt 0.297674 0.083333
vt 0.297674 0.166667
vt 0.297674 0.250000
vt 0.297674 0.333333
vt 0.293023 0.500000
vt 0.297674 0.416667
vt 0.297674 0.583333
vt 0.297674 0.666667
vt 0.297674 0.750000
vt 0.297674 0.833333
vt 0.297674 0.916667
vt 0.302326 1.000000
vt 0.302326 0.000000
vt 0.302326 0.083333
vt 0.302326 0.166667
vt 0.302326 0.250000
vt 0.302326 0.333333
vt 0.297674 0.500000
vt 0.302326 0.416667
vt 0.302326 0.583333
vt 0.302326 0.666667
vt 0.302326 0.750000
vt 0.302326 0.833333
vt 0.302326 0.916667
vt 0.306977 1.000000
vt 0.306977 0.083333
vt 0.306977 0.166667
vt 0.306977 0.250000
vt 0.306977 0.333333
vt 0.302326 0.500000
vt 0.306977 0.416667
vt 0.306977 0.500000
vt 0.306977 0.666667
vt 0.306977 0.750000
vt 0.306977 0.833333
vt 0.306977 0.916667
vt 0.311628 1.000000
vt 0.311628 0.083333
vt 0.306977 0.000000
vt 0.311628 0.166667
vt 0.311628 0.250000
vt 0.311628 0.333333
vt 0.311628 0.416667
vt 0.306977 0.583333
vt 0.311628 0.500000
vt 0.311628 0.583333
vt 0.311628 0.666667
vt 0.311628 0.833333
vt 0.311628 0.916667
vt 0.316279 1.000000
vt 0.316279 0.083333
vt 0.311628 0.000000
vt 0.316279 0.166667
vt 0.316279 0.250000
vt 0.316279 0.333333
vt 0.316279 0.416667
vt 0.316279 0.500000
vt 0.316279 0.583333
vt 0.311628 0.750000
vt 0.316279 0.666667
vt 0.316279 0.750000
vt 0.316279 0.916667
vt 0.320930 1.000000
vt 0.320930 0.083333
vt 0.316279 0.000000
vt 0.320930 0.166667
vt 0.320930 0.250000
vt 0.320930 0.333333
vt 0.320930 0.416667
vt 0.320930 0.500000
vt 0.320930 0.583333
vt 0.320930 0.666667
vt 0.316279 0.833333
vt 0.320930 0.750000
vt 0.320930 0.916667
vt 0.325581 1.000000
vt 0.325581 0.083333
vt 0.320930 0.000000
vt 0.325581 0.166667
vt 0.325581 0.250000
vt 0.325581 0.333333
vt 0.325581 0.416667
vt 0.325581 0.500000
vt 0.325581 0.583333
vt 0.325581 0.666667
vt 0.320930 0.833333
vt 0.325581 0.750000
vt 0.325581 0.916667
vt 0.330233 1.000000
vt 0.330233 0.083333
vt 0.325581 0.000000
vt 0.330233 0.166667
vt 0.330233 0.250000
vt 0.330233 0.333333
vt 0.330233 0.416667
vt 0.330233 0.500000
vt 0.330233 0.583333
vt 0.330233 0.666667
vt 0.325581 0.833333
vt 0.330233 0.750000
vt 0.330233 0.916667
vt 0.334884 1.000000
vt 0.334884 0.083333
vt 0.330233 0.000000
vt 0.334884 0.166667
vt 0.334884 0.250000
vt 0.334884 0.333333
vt 0.334884 0.416667
vt 0.334884 0.500000
vt 0.334884 0.583333
vt 0.334884 0.666667
vt 0.334884 0.833333
vt 0.330233 0.833333
vt 0.334884 0.916667
vt 0.339535 1.000000
vt 0.339535 0.000000
vt 0.334884 0.000000
vt 0.339535 0.083333
vt 0.339535 0.166667
vt 0.339535 0.250000
vt 0.339535 0.333333
vt 0.339535 0.416667
vt 0.339535 0.500000
vt 0.339535 0.666667
vt 0.339535 0.750000
vt 0.334884 0.750000
vt 0.339535 0.833333
vt 0.339535 0.916667
vt 0.344186 1.000000
vt 0.344186 0.000000
vt 0.344186 0.083333
vt 0.344186 0.166667
vt 0.344186 0.250000
vt 0.344186 0.333333
vt 0.344186 0.416667
vt 0.344186 0.583333
vt 0.339535 0.583333
vt 0.344186 0.666667
vt 0.344186 0.750000
vt 0.344186 0.833333
vt 0.344186 0.916667
vt 0.348837 1.000000
vt 0.348837 0.000000
vt 0.348837 0.083333
vt 0.348837 0.166667
vt 0.348837 0.250000
vt 0.348837 0.333333
vt 0.344186 0.500000
vt 0.348837 0.416667
vt 0.348837 0.583333
vt 0.348837 0.666667
vt 0.348837 0.750000
vt 0.348837 0.833333
vt 0.348837 0.916667
vt 0.353488 1.000000
vt 0.353488 0.000000
vt 0.353488 0.083333
vt 0.353488 0.166667
vt 0.353488 0.250000
vt 0.353488 0.333333
vt 0.348837 0.500000
vt 0.353488 0.416667
vt 0.353488 0.583333
vt 0.353488 0.666667
vt 0.353488 0.750000
vt 0.353488 0.833333
vt 0.353488 0.916667
vt 0.358140 1.000000
vt 0.358140 0.000000
vt 0.358140 0.083333
vt 0.358140 0.166667
vt 0.358140 0.250000
vt 0.358140 0.333333
vt 0.353488 0.500000
vt 0.358140 0.416667
vt 0.358140 0.583333
vt 0.358140 0.666667
vt 0.358140 0.750000
vt 0.358140 0.833333
vt 0.358140 0.916667
vt 0.362791 1.000000
vt 0.362791 0.000000
vt 0.362791 0.083333
vt 0.362791 0.166667
vt 0.362791 0.250000
vt 0.362791 0.333333
vt 0.358140 0.500000
vt 0.362791 0.416667
vt 0.362791 0.583333
vt 0.362791 0.666667
vt 0.362791 0.750000
vt 0.362791 0.833333
vt 0.362791 0.916667
vt 0.367442 1.000000
vt 0.367442 0.000000
vt 0.367442 0.083333
vt 0.367442 0.166667
vt 0.367442 0.250000
vt 0.367442 0.333333
vt 0.362791 0.500000
vt 0.367442 0.416667
vt 0.367442 0.583333
vt 0.367442 0.666667
vt 0.367442 0.750000
vt 0.367442 0.833333
vt 0.367442 0.916667
vt 0.372093 1.000000
vt 0.372093 0.083333
vt 0.372093 0.166667
vt 0.372093 0.250000
vt 0.372093 0.333333
vt 0.367442 0.500000
vt 0.372093 0.416667
vt 0.372093 0.500000
vt 0.372093 0.666667
vt 0.372093 0.750000
vt 0.372093 0.833333
vt 0.372093 0.916667
vt 0.376744 1.000000
vt 0.376744 0.083333
vt 0.372093 0.000000
vt 0.376744 0.166667
vt 0.376744 0.250000
vt 0.376744 0.333333
vt 0.376744 0.416667
vt 0.372093 0.583333
vt 0.376744 0.500000
vt 0.376744 0.583333
vt 0.376744 0.666667
vt 0.376744 0.750000
vt 0.376744 0.833333
vt 0.381395 0.916667
vt 0.376744 0.916667
vt 0.381395 0.083333
vt 0.376744 0.000000
vt 0.381395 0.166667
vt 0.381395 0.250000
vt 0.381395 0.333333
vt 0.381395 0.416667
vt 0.381395 0.500000
vt 0.381395 0.583333
vt 0.381395 0.666667
vt 0.381395 0.750000
vt 0.381395 0.833333
vt 0.381395 1.000000
vt 0.386046 0.916667
vt 0.386046 0.083333
vt 0.381395 0.000000
vt 0.386046 0.166667
vt 0.386046 0.250000
vt 0.386046 0.333333
vt 0.386046 0.416667
vt 0.386046 0.500000
vt 0.386046 0.583333
vt 0.386046 0.666667
vt 0.386046 0.750000
vt 0.386046 0.833333
vt 0.386046 1.000000
vt 0.390698 0.916667
vt 0.390698 0.083333
vt 0.386046 0.000000
vt 0.390698 0.166667
vt 0.390698 0.250000
vt 0.390698 0.333333
vt 0.390698 0.416667
vt 0.390698 0.500000
vt 0.390698 0.583333
vt 0.390698 0.666667
vt 0.390698 0.750000
vt 0.390698 0.833333
vt 0.390698 1.000000
vt 0.395349 0.916667
vt 0.395349 0.083333
vt 0.390698 0.000000
vt 0.395349 0.166667
vt 0.395349 0.250000
vt 0.395349 0.333333
vt 0.395349 0.416667
vt 0.395349 0.500000
vt 0.395349 0.583333
vt 0.395349 0.666667
vt 0.395349 0.750000
vt 0.395349 0.833333
vt 0.395349 1.000000
vt 0.400000 0.916667
vt 0.400000 0.083333
vt 0.395349 0.000000
vt 0.400000 0.166667
vt 0.400000 0.250000
vt 0.400000 0.333333
vt 0.400000 0.416667
vt 0.400000 0.500000
vt 0.400000 0.583333
vt 0.400000 0.666667
vt 0.400000 0.750000
vt 0.400000 0.833333
vt 0.400000 1.000000
vt 0.404651 0.916667
vt 0.404651 0.083333
vt 0.400000 0.000000
vt 0.404651 0.166667
vt 0.404651 0.250000
vt 0.404651 0.333333
vt 0.404651 0.416667
vt 0.404651 0.500000
vt 0.404651 0.583333
vt 0.404651 0.666667
vt 0.404651 0.750000
vt 0.404651 0.833333
vt 0.404651 1.000000
vt 0.409302 0.916667
vt 0.409302 0.083333
vt 0.404651 0.000000
vt 0.409302 0.166667
vt 0.409302 0.250000
vt 0.409302 0.333333
vt 0.409302 0.416667
vt 0.409302 0.500000
vt 0.409302 0.583333
vt 0.409302 0.666667
vt 0.409302 0.750000
vt 0.409302 0.833333
vt 0.409302 1.000000
vt 0.413953 0.916667
vt 0.413953 0.083333
vt 0.409302 0.000000
vt 0.413953 0.166667
vt 0.413953 0.250000
vt 0.413953 0.333333
vt 0.413953 0.416667
vt 0.413953 0.500000
vt 0.413953 0.583333
vt 0.413953 0.666667
vt 0.413953 0.750000
vt 0.413953 0.833333
vt 0.413953 1.000000
vt 0.418605 0.916667
vt 0.418605 0.083333
vt 0.413953 0.000000
vt 0.418605 0.166667
vt 0.418605 0.250000
vt 0.418605 0.333333
vt 0.418605 0.416667
vt 0.418605 0.500000
vt 0.418605 0.583333
vt 0.418605 0.666667
vt 0.418605 0.750000
vt 0.418605 0.833333
vt 0.418605 1.000000
vt 0.423256 0.916667
vt 0.423256 0.083333
vt 0.418605 0.000000
vt 0.423256 0.166667
vt 0.423256 0.250000
vt 0.423256 0.333333
vt 0.423256 0.416667
vt 0.423256 0.500000
vt 0.423256 0.583333
vt 0.423256 0.666667
vt 0.423256 0.750000
vt 0.423256 0.833333
vt 0.427907 1.000000
vt 0.423256 1.000000
vt 0.427907 0.083333
vt 0.423256 0.000000
vt 0.427907 0.166667
vt 0.427907 0.250000
vt 0.427907 0.333333
vt 0.427907 0.416667
vt 0.427907 0.500000
vt 0.427907 0.583333
vt 0.427907 0.666667
vt 0.427907 0.750000
vt 0.427907 0.833333
vt 0.432558 1.000000
vt 0.427907 0.916667
vt 0.432558 0.083333
vt 0.427907 0.000000
vt 0.432558 0.166667
vt 0.432558 0.250000
vt 0.432558 0.333333
vt 0.432558 0.416667
vt 0.432558 0.500000
vt 0.432558 0.583333
vt 0.432558 0.666667
vt 0.432558 0.750000
vt 0.432558 0.916667
vt 0.437209 1.000000
vt 0.437209 0.083333
vt 0.432558 0.000000
vt 0.437209 0.166667
vt 0.437209 0.250000
vt 0.437209 0.333333
vt 0.437209 0.416667
vt 0.437209 0.500000
vt 0.437209 0.666667
vt 0.437209 0.750000
vt 0.437209 0.833333
vt 0.432558 0.833333
vt 0.437209 0.916667
vt 0.441860 1.000000
vt 0.441860 0.083333
vt 0.437209 0.000000
vt 0.441860 0.166667
vt 0.441860 0.250000
vt 0.441860 0.333333
vt 0.441860 0.416667
vt 0.437209 0.583333
vt 0.441860 0.500000
vt 0.441860 0.666667
vt 0.441860 0.750000
vt 0.441860 0.833333
vt 0.441860 0.916667
vt 0.446512 1.000000
vt 0.446512 0.000000
vt 0.441860 0.000000
vt 0.446512 0.083333
vt 0.446512 0.166667
vt 0.446512 0.250000
vt 0.446512 0.333333
vt 0.446512 0.416667
vt 0.441860 0.583333
vt 0.446512 0.500000
vt 0.446512 0.666667
vt 0.446512 0.750000
vt 0.446512 0.833333
vt 0.446512 0.916667
vt 0.451163 1.000000
vt 0.451163 0.000000
vt 0.451163 0.083333
vt 0.451163 0.166667
vt 0.451163 0.250000
vt 0.451163 0.333333
vt 0.451163 0.416667
vt 0.451163 0.583333
vt 0.446512 0.583333
vt 0.451163 0.666667
vt 0.451163 0.750000
vt 0.451163 0.833333
vt 0.451163 0.916667
vt 0.455814 1.000000
vt 0.455814 0.000000
vt 0.455814 0.083333
vt 0.455814 0.166667
vt 0.455814 0.250000
vt 0.455814 0.333333
vt 0.451163 0.500000
vt 0.455814 0.416667
vt 0.455814 0.583333
vt 0.455814 0.666667
vt 0.455814 0.750000
vt 0.455814 0.833333
vt 0.455814 0.916667
vt 0.460465 1.000000
vt 0.460465 0.000000
vt 0.460465 0.083333
vt 0.460465 0.166667
vt 0.460465 0.250000
vt 0.460465 0.333333
vt 0.455814 0.500000
vt 0.460465 0.416667
vt 0.460465 0.583333
vt 0.460465 0.666667
vt 0.460465 0.750000
vt 0.460465 0.833333
vt 0.460465 0.916667
vt 0.465116 1.000000
vt 0.465116 0.000000
vt 0.465116 0.083333
vt 0.465116 0.166667
vt 0.465116 0.250000
vt 0.465116 0.333333
vt 0.460465 0.500000
vt 0.465116 0.416667
vt 0.465116 0.583333
vt 0.465116 0.666667
vt 0.465116 0.750000
vt 0.465116 0.833333
vt 0.465116 0.916667
vt 0.469767 1.000000
vt 0.469767 0.000000
vt 0.469767 0.083333
vt 0.469767 0.166667
vt 0.469767 0.250000
vt 0.469767 0.333333
vt 0.465116 0.500000
vt 0.469767 0.416667
vt 0.469767 0.583333
vt 0.469767 0.666667
vt 0.469767 0.750000
vt 0.469767 0.833333
vt 0.469767 0.916667
vt 0.474419 1.000000
vt 0.474419 0.000000
vt 0.474419 0.083333
vt 0.474419 0.166667
vt 0.474419 0.250000
vt 0.474419 0.333333
vt 0.469767 0.500000
vt 0.474419 0.416667
vt 0.474419 0.583333
vt 0.474419 0.666667
vt 0.474419 0.750000
vt 0.474419 0.833333
vt 0.474419 0.916667
vt 0.479070 1.000000
vt 0.479070 0.000000
vt 0.479070 0.083333
vt 0.479070 0.166667
vt 0.479070 0.250000
vt 0.479070 0.333333
vt 0.474419 0.500000
vt 0.479070 0.416667
vt 0.479070 0.583333
vt 0.479070 0.666667
vt 0.479070 0.750000
vt 0.479070 0.833333
vt 0.479070 0.916667
vt 0.483721 1.000000
vt 0.483721 0.000000
vt 0.483721 0.083333
vt 0.483721 0.166667
vt 0.483721 0.250000
vt 0.483721 0.333333
vt 0.479070 0.500000
vt 0.483721 0.416667
vt 0.483721 0.583333
vt 0.483721 0.666667
vt 0.483721 0.750000
vt 0.483721 0.833333
vt 0.483721 0.916667
vt 0.488372 1.000000
vt 0.488372 0.000000
vt 0.488372 0.083333
vt 0.488372 0.166667
vt 0.488372 0.250000
vt 0.488372 0.333333
vt 0.483721 0.500000
vt 0.488372 0.416667
vt 0.488372 0.500000
vt 0.488372 0.666667
vt 0.488372 0.750000
vt 0.488372 0.833333
vt 0.488372 0.916667
vt 0.493023 1.000000
vt 0.493023 0.000000
vt 0.493023 0.083333
vt 0.493023 0.166667
vt 0.493023 0.250000
vt 0.493023 0.333333
vt 0.493023 0.416667
vt 0.488372 0.583333
vt 0.493023 0.500000
vt 0.493023 0.666667
vt 0.493023 0.750000
vt 0.493023 0.833333
vt 0.493023 0.916667
vt 0.497674 1.000000
vt 0.497674 0.083333
vt 0.497674 0.166667
vt 0.497674 0.250000
vt 0.497674 0.333333
vt 0.497674 0.416667
vt 0.493023 0.583333
vt 0.497674 0.500000
vt 0.497674 0.583333
vt 0.497674 0.666667
vt 0.497674 0.833333
vt 0.497674 0.916667
vt 0.502326 1.000000
vt 0.502326 0.083333
vt 0.497674 0.000000
vt 0.502326 0.166667
vt 0.502326 0.250000
vt 0.502326 0.333333
vt 0.502326 0.416667
vt 0.502326 0.500000
vt 0.502326 0.583333
vt 0.497674 0.750000
vt 0.502326 0.666667
vt 0.502326 0.750000
vt 0.502326 0.833333
vt 0.506977 0.916667
vt 0.502326 0.916667
vt 0.506977 0.083333
vt 0.502326 0.000000
vt 0.506977 0.166667
vt 0.506977 0.250000
vt 0.506977 0.333333
vt 0.506977 0.416667
vt 0.506977 0.500000
vt 0.506977 0.583333
vt 0.506977 0.666667
vt 0.506977 0.750000
vt 0.506977 0.833333
vt 0.506977 1.000000
vt 0.511628 0.916667
vt 0.511628 0.083333
vt 0.506977 0.000000
vt 0.511628 0.166667
vt 0.511628 0.250000
vt 0.511628 0.333333
vt 0.511628 0.416667
vt 0.511628 0.500000
vt 0.511628 0.583333
vt 0.511628 0.666667
vt 0.511628 0.750000
vt 0.511628 0.833333
vt 0.511628 1.000000
vt 0.516279 0.916667
vt 0.516279 0.083333
vt 0.511628 0.000000
vt 0.516279 0.166667
vt 0.516279 0.250000
vt 0.516279 0.333333
vt 0.516279 0.416667
vt 0.516279 0.500000
vt 0.516279 0.583333
vt 0.516279 0.666667
vt 0.516279 0.750000
vt 0.516279 0.833333
vt 0.516279 1.000000
vt 0.520930 0.916667
vt 0.520930 0.083333
vt 0.516279 0.000000
vt 0.520930 0.166667
vt 0.520930 0.250000
vt 0.520930 0.333333
vt 0.520930 0.416667
vt 0.520930 0.500000
vt 0.520930 0.583333
vt 0.520930 0.666667
vt 0.520930 0.750000
vt 0.520930 0.833333
vt 0.520930 1.000000
vt 0.525581 0.916667
vt 0.525581 0.083333
vt 0.520930 0.000000
vt 0.525581 0.166667
vt 0.525581 0.250000
vt 0.525581 0.333333
vt 0.525581 0.416667
vt 0.525581 0.500000
vt 0.525581 0.583333
vt 0.525581 0.666667
vt 0.525581 0.750000
vt 0.525581 0.833333
vt 0.530233 1.000000
vt 0.525581 1.000000
vt 0.530233 0.083333
vt 0.525581 0.000000
vt 0.530233 0.166667
vt 0.530233 0.250000
vt 0.530233 0.333333
vt 0.530233 0.416667
vt 0.530233 0.500000
vt 0.530233 0.583333
vt 0.530233 0.666667
vt 0.530233 0.750000
vt 0.530233 0.833333
vt 0.534884 1.000000
vt 0.530233 0.916667
vt 0.534884 0.083333
vt 0.530233 0.000000
vt 0.534884 0.166667
vt 0.534884 0.250000
vt 0.534884 0.333333
vt 0.534884 0.416667
vt 0.534884 0.500000
vt 0.534884 0.583333
vt 0.534884 0.666667
vt 0.534884 0.833333
vt 0.534884 0.916667
vt 0.539535 1.000000
vt 0.539535 0.083333
vt 0.534884 0.000000
vt 0.539535 0.166667
vt 0.539535 0.250000
vt 0.539535 0.333333
vt 0.539535 0.416667
vt 0.539535 0.500000
vt 0.539535 0.583333
vt 0.539535 0.750000
vt 0.534884 0.750000
vt 0.539535 0.833333
vt 0.539535 0.916667
vt 0.544186 1.000000
vt 0.544186 0.083333
vt 0.539535 0.000000
vt 0.544186 0.166667
vt 0.544186 0.250000
vt 0.544186 0.333333
vt 0.544186 0.416667
vt 0.544186 0.500000
vt 0.544186 0.666667
vt 0.539535 0.666667
vt 0.544186 0.750000
vt 0.544186 0.833333
vt 0.544186 0.916667
vt 0.548837 1.000000
vt 0.548837 0.083333
vt 0.544186 0.000000
vt 0.548837 0.166667
vt 0.548837 0.250000
vt 0.548837 0.333333
vt 0.548837 0.416667
vt 0.544186 0.583333
vt 0.548837 0.500000
vt 0.548837 0.666667
vt 0.548837 0.750000
vt 0.548837 0.833333
vt 0.548837 0.916667
vt 0.553488 1.000000
vt 0.553488 0.083333
vt 0.548837 0.000000
vt 0.553488 0.166667
vt 0.553488 0.250000
vt 0.553488 0.333333
vt 0.553488 0.416667
vt 0.548837 0.583333
vt 0.553488 0.500000
vt 0.553488 0.666667
vt 0.553488 0.750000
vt 0.553488 0.833333
vt 0.553488 0.916667
vt 0.558140 1.000000
vt 0.558140 0.083333
vt 0.553488 0.000000
vt 0.558140 0.166667
vt 0.558140 0.250000
vt 0.558140 0.333333
vt 0.558140 0.416667
vt 0.553488 0.583333
vt 0.558140 0.500000
vt 0.558140 0.666667
vt 0.558140 0.750000
vt 0.558140 0.833333
vt 0.558140 0.916667
vt 0.562791 1.000000
vt 0.562791 0.083333
vt 0.558140 0.000000
vt 0.562791 0.166667
vt 0.562791 0.250000
vt 0.562791 0.333333
vt 0.562791 0.416667
vt 0.558140 0.583333
vt 0.562791 0.500000
vt 0.562791 0.583333
vt 0.562791 0.750000
vt 0.562791 0.833333
vt 0.562791 0.916667
vt 0.567442 1.000000
vt 0.567442 0.083333
vt 0.562791 0.000000
vt 0.567442 0.166667
vt 0.567442 0.250000
vt 0.567442 0.333333
vt 0.567442 0.416667
vt 0.567442 0.500000
vt 0.562791 0.666667
vt 0.567442 0.583333
vt 0.567442 0.666667
vt 0.567442 0.833333
vt 0.567442 0.916667
vt 0.572093 1.000000
vt 0.572093 0.083333
vt 0.567442 0.000000
vt 0.572093 0.166667
vt 0.572093 0.250000
vt 0.572093 0.333333
vt 0.572093 0.416667
vt 0.572093 0.500000
vt 0.572093 0.583333
vt 0.567442 0.750000
vt 0.572093 0.666667
vt 0.572093 0.750000
vt 0.572093 0.833333
vt 0.576744 0.916667
vt 0.572093 0.916667
vt 0.576744 0.083333
vt 0.572093 0.000000
vt 0.576744 0.166667
vt 0.576744 0.250000
vt 0.576744 0.333333
vt 0.576744 0.416667
vt 0.576744 0.500000
vt 0.576744 0.583333
vt 0.576744 0.666667
vt 0.576744 0.750000
vt 0.576744 0.833333
vt 0.576744 1.000000
vt 0.581395 0.916667
vt 0.581395 0.083333
vt 0.576744 0.000000
vt 0.581395 0.166667
vt 0.581395 0.250000
vt 0.581395 0.333333
vt 0.581395 0.416667
vt 0.581395 0.500000
vt 0.581395 0.583333
vt 0.581395 0.666667
vt 0.581395 0.750000
vt 0.581395 0.833333
vt 0.581395 1.000000
vt 0.586047 0.916667
vt 0.586047 0.083333
vt 0.581395 0.000000
vt 0.586047 0.166667
vt 0.586047 0.250000
vt 0.586047 0.333333
vt 0.586047 0.416667
vt 0.586047 0.500000
vt 0.586047 0.583333
vt 0.586047 0.666667
vt 0.586047 0.750000
vt 0.586047 0.833333
vt 0.586047 1.000000
vt 0.590698 0.916667
vt 0.590698 0.083333
vt 0.586047 0.000000
vt 0.590698 0.166667
vt 0.590698 0.250000
vt 0.590698 0.333333
vt 0.590698 0.416667
vt 0.590698 0.500000
vt 0.590698 0.583333
vt 0.590698 0.666667
vt 0.590698 0.750000
vt 0.590698 0.833333
vt 0.595349 1.000000
vt 0.590698 1.000000
vt 0.595349 0.083333
vt 0.590698 0.000000
vt 0.595349 0.166667
vt 0.595349 0.250000
vt 0.595349 0.333333
vt 0.595349 0.416667
vt 0.595349 0.500000
vt 0.595349 0.583333
vt 0.595349 0.666667
vt 0.595349 0.750000
vt 0.595349 0.833333
vt 0.600000 1.000000
vt 0.595349 0.916667
vt 0.600000 0.083333
vt 0.595349 0.000000
vt 0.600000 0.166667
vt 0.600000 0.250000
vt 0.600000 0.333333
vt 0.600000 0.416667
vt 0.600000 0.500000
vt 0.600000 0.583333
vt 0.600000 0.666667
vt 0.600000 0.750000
vt 0.600000 0.916667
vt 0.604651 1.000000
vt 0.604651 0.083333
vt 0.600000 0.000000
vt 0.604651 0.166667
vt 0.604651 0.250000
vt 0.604651 0.333333
vt 0.604651 0.416667
vt 0.604651 0.500000
vt 0.604651 0.583333
vt 0.604651 0.750000
vt 0.604651 0.833333
vt 0.600000 0.833333
vt 0.604651 0.916667
vt 0.609302 1.000000
vt 0.609302 0.083333
vt 0.604651 0.000000
vt 0.609302 0.166667
vt 0.609302 0.250000
vt 0.609302 0.333333
vt 0.609302 0.416667
vt 0.609302 0.500000
vt 0.609302 0.666667
vt 0.604651 0.666667
vt 0.609302 0.750000
vt 0.609302 0.833333
vt 0.609302 0.916667
vt 0.613953 1.000000
vt 0.613953 0.083333
vt 0.609302 0.000000
vt 0.613953 0.166667
vt 0.613953 0.250000
vt 0.613953 0.333333
vt 0.613953 0.416667
vt 0.609302 0.583333
vt 0.613953 0.500000
vt 0.613953 0.666667
vt 0.613953 0.750000
vt 0.613953 0.833333
vt 0.613953 0.916667
vt 0.618605 1.000000
vt 0.618605 0.083333
vt 0.613953 0.000000
vt 0.618605 0.166667
vt 0.618605 0.250000
vt 0.618605 0.333333
vt 0.618605 0.416667
vt 0.613953 0.583333
vt 0.618605 0.500000
vt 0.618605 0.666667
vt 0.618605 0.750000
vt 0.618605 0.833333
vt 0.618605 0.916667
vt 0.623256 1.000000
vt 0.623256 0.083333
vt 0.618605 0.000000
vt 0.623256 0.166667
vt 0.623256 0.250000
vt 0.623256 0.333333
vt 0.623256 0.416667
vt 0.618605 0.583333
vt 0.623256 0.500000
vt 0.623256 0.666667
vt 0.623256 0.750000
vt 0.623256 0.833333
vt 0.623256 0.916667
vt 0.627907 1.000000
vt 0.627907 0.083333
vt 0.623256 0.000000
vt 0.627907 0.166667
vt 0.627907 0.250000
vt 0.627907 0.333333
vt 0.627907 0.416667
vt 0.623256 0.583333
vt 0.627907 0.500000
vt 0.627907 0.666667
vt 0.627907 0.750000
vt 0.627907 0.833333
vt 0.627907 0.916667
vt 0.632558 1.000000
vt 0.632558 0.083333
vt 0.627907 0.000000
vt 0.632558 0.166667
vt 0.632558 0.250000
vt 0.632558 0.333333
vt 0.632558 0.416667
vt 0.627907 0.583333
vt 0.632558 0.500000
vt 0.632558 0.666667
vt 0.632558 0.750000
vt 0.632558 0.833333
vt 0.632558 0.916667
vt 0.637209 1.000000
vt 0.637209 0.083333
vt 0.632558 0.000000
vt 0.637209 0.166667
vt 0.637209 0.250000
vt 0.637209 0.333333
vt 0.637209 0.416667
vt 0.632558 0.583333
vt 0.637209 0.500000
vt 0.637209 0.666667
vt 0.637209 0.750000
vt 0.637209 0.833333
vt 0.637209 0.916667
vt 0.641860 1.000000
vt 0.641860 0.083333
vt 0.637209 0.000000
vt 0.641860 0.166667
vt 0.641860 0.250000
vt 0.641860 0.333333
vt 0.641860 0.416667
vt 0.637209 0.583333
vt 0.641860 0.500000
vt 0.641860 0.666667
vt 0.641860 0.750000
vt 0.641860 0.833333
vt 0.641860 0.916667
vt 0.646512 1.000000
vt 0.646512 0.083333
vt 0.641860 0.000000
vt 0.646512 0.166667
vt 0.646512 0.250000
vt 0.646512 0.333333
vt 0.646512 0.416667
vt 0.641860 0.583333
vt 0.646512 0.500000
vt 0.646512 0.583333
vt 0.646512 0.750000
vt 0.646512 0.833333
vt 0.646512 0.916667
vt 0.651163 1.000000
vt 0.651163 0.083333
vt 0.646512 0.000000
vt 0.651163 0.166667
vt 0.651163 0.250000
vt 0.651163 0.416667
vt 0.651163 0.500000
vt 0.646512 0.666667
vt 0.651163 0.583333
vt 0.651163 0.666667
vt 0.651163 0.750000
vt 0.651163 0.916667
vt 0.655814 0.916667
vt 0.655814 0.083333
vt 0.651163 0.000000
vt 0.655814 0.166667
vt 0.655814 0.250000
vt 0.655814 0.333333
vt 0.651163 0.333333
vt 0.655814 0.416667
vt 0.655814 0.500000
vt 0.655814 0.583333
vt 0.655814 0.666667
vt 0.651163 0.833333
vt 0.655814 0.750000
vt 0.655814 0.833333
vt 0.655814 1.000000
vt 0.660465 0.916667
vt 0.660465 0.000000
vt 0.655814 0.000000
vt 0.660465 0.166667
vt 0.660465 0.250000
vt 0.660465 0.333333
vt 0.660465 0.416667
vt 0.660465 0.500000
vt 0.660465 0.583333
vt 0.660465 0.666667
vt 0.660465 0.750000
vt 0.660465 0.833333
vt 0.660465 1.000000
vt 0.665116 0.916667
vt 0.660465 0.083333
vt 0.665116 0.000000
vt 0.665116 0.166667
vt 0.665116 0.250000
vt 0.665116 0.333333
vt 0.665116 0.416667
vt 0.665116 0.500000
vt 0.665116 0.583333
vt 0.665116 0.666667
vt 0.665116 0.750000
vt 0.665116 0.833333
vt 0.665116 1.000000
vt 0.669767 0.916667
vt 0.665116 0.083333
vt 0.669767 0.000000
vt 0.669767 0.166667
vt 0.669767 0.250000
vt 0.669767 0.333333
vt 0.669767 0.416667
vt 0.669767 0.500000
vt 0.669767 0.583333
vt 0.669767 0.666667
vt 0.669767 0.750000
vt 0.669767 0.833333
vt 0.669767 1.000000
vt 0.674419 0.916667
vt 0.669767 0.083333
vt 0.674419 0.000000
vt 0.674419 0.166667
vt 0.674419 0.250000
vt 0.674419 0.333333
vt 0.674419 0.416667
vt 0.674419 0.500000
vt 0.674419 0.583333
vt 0.674419 0.666667
vt 0.674419 0.750000
vt 0.674419 0.833333
vt 0.674419 1.000000
vt 0.679070 0.916667
vt 0.674419 0.083333
vt 0.679070 0.000000
vt 0.679070 0.166667
vt 0.679070 0.250000
vt 0.679070 0.333333
vt 0.679070 0.416667
vt 0.679070 0.500000
vt 0.679070 0.583333
vt 0.679070 0.666667
vt 0.679070 0.750000
vt 0.679070 0.833333
vt 0.679070 1.000000
vt 0.683721 0.916667
vt 0.683721 0.083333
vt 0.679070 0.083333
vt 0.683721 0.166667
vt 0.683721 0.250000
vt 0.683721 0.333333
vt 0.683721 0.416667
vt 0.683721 0.500000
vt 0.683721 0.583333
vt 0.683721 0.666667
vt 0.683721 0.750000
vt 0.683721 0.833333
vt 0.683721 1.000000
vt 0.688372 0.916667
vt 0.688372 0.083333
vt 0.683721 0.000000
vt 0.688372 0.166667
vt 0.688372 0.250000
vt 0.688372 0.333333
vt 0.688372 0.416667
vt 0.688372 0.500000
vt 0.688372 0.583333
vt 0.688372 0.666667
vt 0.688372 0.750000
vt 0.688372 0.833333
vt 0.693023 1.000000
vt 0.688372 1.000000
vt 0.693023 0.083333
vt 0.688372 0.000000
vt 0.693023 0.166667
vt 0.693023 0.250000
vt 0.693023 0.333333
vt 0.693023 0.416667
vt 0.693023 0.500000
vt 0.693023 0.583333
vt 0.693023 0.666667
vt 0.693023 0.750000
vt 0.693023 0.833333
vt 0.697674 1.000000
vt 0.693023 0.916667
vt 0.697674 0.083333
vt 0.693023 0.000000
vt 0.697674 0.166667
vt 0.697674 0.250000
vt 0.697674 0.333333
vt 0.697674 0.416667
vt 0.697674 0.500000
vt 0.697674 0.583333
vt 0.697674 0.666667
vt 0.697674 0.750000
vt 0.697674 0.916667
vt 0.702326 1.000000
vt 0.702326 0.083333
vt 0.697674 0.000000
vt 0.702326 0.166667
vt 0.702326 0.250000
vt 0.702326 0.333333
vt 0.702326 0.416667
vt 0.702326 0.500000
vt 0.702326 0.583333
vt 0.702326 0.666667
vt 0.702326 0.833333
vt 0.697674 0.833333
vt 0.702326 0.916667
vt 0.706977 1.000000
vt 0.706977 0.083333
vt 0.702326 0.000000
vt 0.706977 0.166667
vt 0.706977 0.250000
vt 0.706977 0.333333
vt 0.706977 0.416667
vt 0.706977 0.500000
vt 0.706977 0.583333
vt 0.706977 0.750000
vt 0.702326 0.750000
vt 0.706977 0.833333
vt 0.706977 0.916667
vt 0.711628 1.000000
vt 0.711628 0.083333
vt 0.706977 0.000000
vt 0.711628 0.166667
vt 0.711628 0.250000
vt 0.711628 0.333333
vt 0.711628 0.416667
vt 0.711628 0.500000
vt 0.706977 0.666667
vt 0.711628 0.583333
vt 0.711628 0.750000
vt 0.711628 0.833333
vt 0.711628 0.916667
vt 0.716279 1.000000
vt 0.716279 0.083333
vt 0.711628 0.000000
vt 0.716279 0.166667
vt 0.716279 0.250000
vt 0.716279 0.333333
vt 0.716279 0.416667
vt 0.716279 0.500000
vt 0.711628 0.666667
vt 0.716279 0.583333
vt 0.716279 0.750000
vt 0.716279 0.833333
vt 0.716279 0.916667
vt 0.720930 1.000000
vt 0.720930 0.083333
vt 0.716279 0.000000
vt 0.720930 0.166667
vt 0.720930 0.250000
vt 0.720930 0.333333
vt 0.720930 0.416667
vt 0.720930 0.500000
vt 0.716279 0.666667
vt 0.720930 0.583333
vt 0.720930 0.750000
vt 0.720930 0.833333
vt 0.720930 0.916667
vt 0.725581 1.000000
vt 0.725581 0.083333
vt 0.720930 0.000000
vt 0.725581 0.166667
vt 0.725581 0.250000
vt 0.725581 0.333333
vt 0.725581 0.416667
vt 0.725581 0.500000
vt 0.720930 0.666667
vt 0.725581 0.583333
vt 0.725581 0.750000
vt 0.725581 0.833333
vt 0.725581 0.916667
vt 0.730233 1.000000
vt 0.730233 0.083333
vt 0.725581 0.000000
vt 0.730233 0.166667
vt 0.730233 0.250000
vt 0.730233 0.333333
vt 0.730233 0.416667
vt 0.730233 0.500000
vt 0.725581 0.666667
vt 0.730233 0.583333
vt 0.730233 0.750000
vt 0.730233 0.833333
vt 0.730233 0.916667
vt 0.734884 1.000000
vt 0.734884 0.083333
vt 0.730233 0.000000
vt 0.734884 0.166667
vt 0.734884 0.250000
vt 0.734884 0.333333
vt 0.734884 0.416667
vt 0.734884 0.500000
vt 0.730233 0.666667
vt 0.734884 0.583333
vt 0.734884 0.750000
vt 0.734884 0.833333
vt 0.734884 0.916667
vt 0.739535 1.000000
vt 0.739535 0.083333
vt 0.734884 0.000000
vt 0.739535 0.166667
vt 0.739535 0.250000
vt 0.739535 0.333333
vt 0.739535 0.416667
vt 0.739535 0.500000
vt 0.734884 0.666667
vt 0.739535 0.583333
vt 0.739535 0.750000
vt 0.739535 0.833333
vt 0.739535 0.916667
vt 0.744186 1.000000
vt 0.744186 0.083333
vt 0.739535 0.000000
vt 0.744186 0.166667
vt 0.744186 0.250000
vt 0.744186 0.333333
vt 0.744186 0.416667
vt 0.744186 0.500000
vt 0.739535 0.666667
vt 0.744186 0.583333
vt 0.744186 0.750000
vt 0.744186 0.833333
vt 0.744186 0.916667
vt 0.748837 1.000000
vt 0.748837 0.083333
vt 0.744186 0.000000
vt 0.748837 0.166667
vt 0.748837 0.250000
vt 0.748837 0.333333
vt 0.748837 0.416667
vt 0.748837 0.500000
vt 0.744186 0.666667
vt 0.748837 0.583333
vt 0.748837 0.750000
vt 0.748837 0.833333
vt 0.748837 0.916667
vt 0.753488 1.000000
vt 0.753488 0.083333
vt 0.748837 0.000000
vt 0.753488 0.166667
vt 0.753488 0.250000
vt 0.753488 0.333333
vt 0.753488 0.416667
vt 0.753488 0.500000
vt 0.748837 0.666667
vt 0.753488 0.583333
vt 0.753488 0.666667
vt 0.753488 0.750000
vt 0.753488 0.916667
vt 0.758140 1.000000
vt 0.758140 0.083333
vt 0.753488 0.000000
vt 0.758140 0.166667
vt 0.758140 0.333333
vt 0.758140 0.416667
vt 0.758140 0.500000
vt 0.758140 0.583333
vt 0.758140 0.666667
vt 0.753488 0.833333
vt 0.758140 0.750000
vt 0.758140 0.833333
vt 0.762791 0.916667
vt 0.758140 0.916667
vt 0.762791 0.083333
vt 0.758140 0.000000
vt 0.762791 0.166667
vt 0.762791 0.250000
vt 0.758140 0.250000
vt 0.762791 0.333333
vt 0.762791 0.416667
vt 0.762791 0.500000
vt 0.762791 0.583333
vt 0.762791 0.666667
vt 0.762791 0.750000
vt 0.762791 0.833333
vt 0.762791 1.000000
vt 0.767442 0.916667
vt 0.767442 0.083333
vt 0.762791 0.000000
vt 0.767442 0.166667
vt 0.767442 0.250000
vt 0.767442 0.333333
vt 0.767442 0.416667
vt 0.767442 0.500000
vt 0.767442 0.583333
vt 0.767442 0.666667
vt 0.767442 0.750000
vt 0.767442 0.833333
vt 0.767442 1.000000
vt 0.772093 0.916667
vt 0.772093 0.083333
vt 0.767442 0.000000
vt 0.772093 0.166667
vt 0.772093 0.250000
vt 0.772093 0.333333
vt 0.772093 0.416667
vt 0.772093 0.500000
vt 0.772093 0.583333
vt 0.772093 0.666667
vt 0.772093 0.750000
vt 0.772093 0.833333
vt 0.772093 1.000000
vt 0.776744 0.916667
vt 0.776744 0.083333
vt 0.772093 0.000000
vt 0.776744 0.166667
vt 0.776744 0.250000
vt 0.776744 0.333333
vt 0.776744 0.416667
vt 0.776744 0.500000
vt 0.776744 0.583333
vt 0.776744 0.666667
vt 0.776744 0.750000
vt 0.776744 0.833333
vt 0.776744 1.000000
vt 0.781395 0.916667
vt 0.781395 0.083333
vt 0.776744 0.000000
vt 0.781395 0.166667
vt 0.781395 0.250000
vt 0.781395 0.333333
vt 0.781395 0.416667
vt 0.781395 0.500000
vt 0.781395 0.583333
vt 0.781395 0.666667
vt 0.781395 0.750000
vt 0.781395 0.833333
vt 0.786047 1.000000
vt 0.781395 1.000000
vt 0.786047 0.083333
vt 0.781395 0.000000
vt 0.786047 0.166667
vt 0.786047 0.250000
vt 0.786047 0.333333
vt 0.786047 0.416667
vt 0.786047 0.500000
vt 0.786047 0.583333
vt 0.786047 0.666667
vt 0.786047 0.750000
vt 0.786047 0.833333
vt 0.790698 1.000000
vt 0.786047 0.916667
vt 0.790698 0.083333
vt 0.786047 0.000000
vt 0.790698 0.166667
vt 0.790698 0.250000
vt 0.790698 0.333333
vt 0.790698 0.416667
vt 0.790698 0.500000
vt 0.790698 0.583333
vt 0.790698 0.666667
vt 0.790698 0.750000
vt 0.790698 0.916667
vt 0.795349 1.000000
vt 0.795349 0.083333
vt 0.790698 0.000000
vt 0.795349 0.166667
vt 0.795349 0.250000
vt 0.795349 0.333333
vt 0.795349 0.416667
vt 0.795349 0.500000
vt 0.795349 0.583333
vt 0.795349 0.666667
vt 0.790698 0.833333
vt 0.795349 0.750000
vt 0.795349 0.916667
vt 0.800000 1.000000
vt 0.800000 0.083333
vt 0.795349 0.000000
vt 0.800000 0.166667
vt 0.800000 0.250000
vt 0.800000 0.333333
vt 0.800000 0.416667
vt 0.800000 0.500000
vt 0.800000 0.583333
vt 0.800000 0.666667
vt 0.800000 0.833333
vt 0.795349 0.833333
vt 0.800000 0.916667
vt 0.804651 1.000000
vt 0.804651 0.083333
vt 0.800000 0.000000
vt 0.804651 0.166667
vt 0.804651 0.250000
vt 0.804651 0.333333
vt 0.804651 0.416667
vt 0.804651 0.500000
vt 0.804651 0.583333
vt 0.800000 0.750000
vt 0.804651 0.666667
vt 0.804651 0.833333
vt 0.804651 0.916667
vt 0.809302 1.000000
vt 0.809302 0.083333
vt 0.804651 0.000000
vt 0.809302 0.166667
vt 0.809302 0.250000
vt 0.809302 0.333333
vt 0.809302 0.416667
vt 0.809302 0.500000
vt 0.809302 0.583333
vt 0.804651 0.750000
vt 0.809302 0.666667
vt 0.809302 0.833333
vt 0.809302 0.916667
vt 0.813953 1.000000
vt 0.813953 0.083333
vt 0.809302 0.000000
vt 0.813953 0.166667
vt 0.813953 0.250000
vt 0.813953 0.333333
vt 0.813953 0.416667
vt 0.813953 0.500000
vt 0.813953 0.583333
vt 0.809302 0.750000
vt 0.813953 0.666667
vt 0.813953 0.833333
vt 0.813953 0.916667
vt 0.818605 1.000000
vt 0.818605 0.083333
vt 0.813953 0.000000
vt 0.818605 0.166667
vt 0.818605 0.250000
vt 0.818605 0.333333
vt 0.818605 0.416667
vt 0.818605 0.500000
vt 0.818605 0.583333
vt 0.813953 0.750000
vt 0.818605 0.666667
vt 0.818605 0.833333
vt 0.818605 0.916667
vt 0.823256 1.000000
vt 0.823256 0.083333
vt 0.818605 0.000000
vt 0.823256 0.166667
vt 0.823256 0.250000
vt 0.823256 0.333333
vt 0.823256 0.416667
vt 0.823256 0.500000
vt 0.823256 0.583333
vt 0.818605 0.750000
vt 0.823256 0.666667
vt 0.823256 0.833333
vt 0.823256 0.916667
vt 0.827907 1.000000
vt 0.827907 0.083333
vt 0.823256 0.000000
vt 0.827907 0.166667
vt 0.827907 0.250000
vt 0.827907 0.333333
vt 0.827907 0.416667
vt 0.827907 0.500000
vt 0.827907 0.583333
vt 0.823256 0.750000
vt 0.827907 0.666667
vt 0.827907 0.750000
vt 0.827907 0.916667
vt 0.832558 1.000000
vt 0.832558 0.083333
vt 0.827907 0.000000
vt 0.832558 0.166667
vt 0.832558 0.250000
vt 0.832558 0.333333
vt 0.832558 0.416667
vt 0.832558 0.500000
vt 0.832558 0.583333
vt 0.832558 0.666667
vt 0.827907 0.833333
vt 0.832558 0.750000
vt 0.832558 0.916667
vt 0.837209 1.000000
vt 0.837209 0.083333
vt 0.832558 0.000000
vt 0.837209 0.166667
vt 0.837209 0.250000
vt 0.837209 0.333333
vt 0.837209 0.416667
vt 0.837209 0.500000
vt 0.837209 0.583333
vt 0.837209 0.666667
vt 0.832558 0.833333
vt 0.837209 0.750000
vt 0.837209 0.916667
vt 0.841860 1.000000
vt 0.841860 0.083333
vt 0.837209 0.000000
vt 0.841860 0.166667
vt 0.841860 0.250000
vt 0.841860 0.333333
vt 0.841860 0.416667
vt 0.841860 0.500000
vt 0.841860 0.583333
vt 0.841860 0.666667
vt 0.837209 0.833333
vt 0.841860 0.750000
vt 0.841860 0.916667
vt 0.846512 1.000000
vt 0.846512 0.083333
vt 0.841860 0.000000
vt 0.846512 0.166667
vt 0.846512 0.250000
vt 0.846512 0.333333
vt 0.846512 0.416667
vt 0.846512 0.500000
vt 0.846512 0.583333
vt 0.846512 0.666667
vt 0.846512 0.833333
vt 0.841860 0.833333
vt 0.846512 0.916667
vt 0.851163 1.000000
vt 0.851163 0.083333
vt 0.846512 0.000000
vt 0.851163 0.166667
vt 0.851163 0.250000
vt 0.851163 0.333333
vt 0.851163 0.416667
vt 0.851163 0.500000
vt 0.851163 0.583333
vt 0.846512 0.750000
vt 0.851163 0.666667
vt 0.851163 0.833333
vt 0.851163 0.916667
vt 0.855814 1.000000
vt 0.855814 0.083333
vt 0.851163 0.000000
vt 0.855814 0.166667
vt 0.855814 0.250000
vt 0.855814 0.333333
vt 0.855814 0.416667
vt 0.855814 0.500000
vt 0.855814 0.583333
vt 0.851163 0.750000
vt 0.855814 0.666667
vt 0.855814 0.833333
vt 0.855814 0.916667
vt 0.860465 1.000000
vt 0.860465 0.083333
vt 0.855814 0.000000
vt 0.860465 0.166667
vt 0.860465 0.250000
vt 0.860465 0.333333
vt 0.860465 0.416667
vt 0.860465 0.500000
vt 0.860465 0.583333
vt 0.855814 0.750000
vt 0.860465 0.666667
vt 0.860465 0.833333
vt 0.860465 0.916667
vt 0.865116 1.000000
vt 0.865116 0.083333
vt 0.860465 0.000000
vt 0.865116 0.166667
vt 0.865116 0.250000
vt 0.865116 0.333333
vt 0.865116 0.416667
vt 0.865116 0.500000
vt 0.865116 0.583333
vt 0.860465 0.750000
vt 0.865116 0.666667
vt 0.865116 0.833333
vt 0.865116 0.916667
vt 0.869767 1.000000
vt 0.869767 0.083333
vt 0.865116 0.000000
vt 0.869767 0.166667
vt 0.869767 0.250000
vt 0.869767 0.333333
vt 0.869767 0.416667
vt 0.869767 0.500000
vt 0.869767 0.583333
vt 0.865116 0.750000
vt 0.869767 0.666667
vt 0.869767 0.833333
vt 0.869767 0.916667
vt 0.874419 1.000000
vt 0.874419 0.083333
vt 0.869767 0.000000
vt 0.874419 0.166667
vt 0.874419 0.250000
vt 0.874419 0.333333
vt 0.874419 0.416667
vt 0.874419 0.500000
vt 0.874419 0.583333
vt 0.869767 0.750000
vt 0.874419 0.666667
vt 0.874419 0.833333
vt 0.874419 0.916667
vt 0.879070 1.000000
vt 0.879070 0.083333
vt 0.874419 0.000000
vt 0.879070 0.166667
vt 0.879070 0.250000
vt 0.879070 0.333333
vt 0.879070 0.416667
vt 0.879070 0.500000
vt 0.879070 0.583333
vt 0.874419 0.750000
vt 0.879070 0.666667
vt 0.879070 0.833333
vt 0.879070 0.916667
vt 0.883721 1.000000
vt 0.883721 0.083333
vt 0.879070 0.000000
vt 0.883721 0.166667
vt 0.883721 0.250000
vt 0.883721 0.333333
vt 0.883721 0.416667
vt 0.883721 0.500000
vt 0.883721 0.583333
vt 0.879070 0.750000
vt 0.883721 0.666667
vt 0.883721 0.833333
vt 0.883721 0.916667
vt 0.888372 1.000000
vt 0.888372 0.083333
vt 0.883721 0.000000
vt 0.888372 0.166667
vt 0.888372 0.250000
vt 0.888372 0.333333
vt 0.888372 0.416667
vt 0.888372 0.500000
vt 0.888372 0.583333
vt 0.883721 0.750000
vt 0.888372 0.666667
vt 0.888372 0.750000
vt 0.888372 0.833333
vt 0.893023 0.916667
vt 0.888372 0.916667
vt 0.893023 0.083333
vt 0.888372 0.000000
vt 0.893023 0.166667
vt 0.893023 0.250000
vt 0.893023 0.416667
vt 0.893023 0.500000
vt 0.893023 0.583333
vt 0.893023 0.666667
vt 0.893023 0.750000
vt 0.893023 0.833333
vt 0.893023 1.000000
vt 0.897674 0.916667
vt 0.897674 0.000000
vt 0.893023 0.000000
vt 0.897674 0.166667
vt 0.897674 0.250000
vt 0.897674 0.333333
vt 0.893023 0.333333
vt 0.897674 0.416667
vt 0.897674 0.500000
vt 0.897674 0.583333
vt 0.897674 0.666667
vt 0.897674 0.750000
vt 0.897674 0.833333
vt 0.897674 1.000000
vt 0.902326 0.916667
vt 0.897674 0.083333
vt 0.902326 0.000000
vt 0.902326 0.083333
vt 0.902326 0.250000
vt 0.902326 0.333333
vt 0.902326 0.416667
vt 0.902326 0.500000
vt 0.902326 0.583333
vt 0.902326 0.666667
vt 0.902326 0.750000
vt 0.902326 0.833333
vt 0.902326 1.000000
vt 0.906977 0.916667
vt 0.906977 0.000000
vt 0.902326 0.166667
vt 0.906977 0.083333
vt 0.906977 0.250000
vt 0.906977 0.333333
vt 0.906977 0.416667
vt 0.906977 0.500000
vt 0.906977 0.583333
vt 0.906977 0.666667
vt 0.906977 0.750000
vt 0.906977 0.833333
vt 0.906977 1.000000
vt 0.911628 0.916667
vt 0.911628 0.000000
vt 0.906977 0.166667
vt 0.911628 0.083333
vt 0.911628 0.250000
vt 0.911628 0.333333
vt 0.911628 0.416667
vt 0.911628 0.500000
vt 0.911628 0.583333
vt 0.911628 0.666667
vt 0.911628 0.750000
vt 0.911628 0.833333
vt 0.911628 1.000000
vt 0.916279 0.916667
vt 0.916279 0.000000
vt 0.916279 0.166667
vt 0.911628 0.166667
vt 0.916279 0.250000
vt 0.916279 0.333333
vt 0.916279 0.416667
vt 0.916279 0.500000
vt 0.916279 0.583333
vt 0.916279 0.666667
vt 0.916279 0.750000
vt 0.916279 0.833333
vt 0.916279 1.000000
vt 0.920930 0.916667
vt 0.916279 0.083333
vt 0.920930 0.000000
vt 0.920930 0.166667
vt 0.920930 0.250000
vt 0.920930 0.333333
vt 0.920930 0.416667
vt 0.920930 0.500000
vt 0.920930 0.583333
vt 0.920930 0.666667
vt 0.920930 0.750000
vt 0.920930 0.833333
vt 0.925581 1.000000
vt 0.920930 1.000000
vt 0.925581 0.083333
vt 0.920930 0.083333
vt 0.925581 0.166667
vt 0.925581 0.250000
vt 0.925581 0.333333
vt 0.925581 0.416667
vt 0.925581 0.500000
vt 0.925581 0.583333
vt 0.925581 0.666667
vt 0.925581 0.750000
vt 0.925581 0.833333
vt 0.930233 1.000000
vt 0.925581 0.916667
vt 0.930233 0.083333
vt 0.925581 0.000000
vt 0.930233 0.166667
vt 0.930233 0.250000
vt 0.930233 0.333333
vt 0.930233 0.416667
vt 0.930233 0.500000
vt 0.930233 0.583333
vt 0.930233 0.666667
vt 0.930233 0.750000
vt 0.930233 0.833333
vt 0.934884 1.000000
vt 0.930233 0.916667
vt 0.934884 0.083333
vt 0.930233 0.000000
vt 0.934884 0.166667
vt 0.934884 0.250000
vt 0.934884 0.333333
vt 0.934884 0.416667
vt 0.934884 0.500000
vt 0.934884 0.583333
vt 0.934884 0.666667
vt 0.934884 0.750000
vt 0.934884 0.916667
vt 0.939535 1.000000
vt 0.939535 0.083333
vt 0.934884 0.000000
vt 0.939535 0.166667
vt 0.939535 0.250000
vt 0.939535 0.333333
vt 0.939535 0.416667
vt 0.939535 0.500000
vt 0.939535 0.583333
vt 0.939535 0.666667
vt 0.934884 0.833333
vt 0.939535 0.750000
vt 0.939535 0.916667
vt 0.944186 1.000000
vt 0.944186 0.083333
vt 0.939535 0.000000
vt 0.944186 0.166667
vt 0.944186 0.250000
vt 0.944186 0.333333
vt 0.944186 0.416667
vt 0.944186 0.500000
vt 0.944186 0.583333
vt 0.944186 0.666667
vt 0.939535 0.833333
vt 0.944186 0.750000
vt 0.944186 0.916667
vt 0.948837 1.000000
vt 0.948837 0.083333
vt 0.944186 0.000000
vt 0.948837 0.166667
vt 0.948837 0.333333
vt 0.948837 0.500000
vt 0.948837 0.583333
vt 0.948837 0.666667
vt 0.944186 0.833333
vt 0.948837 0.750000
vt 0.948837 0.833333
vt 0.953488 0.916667
vt 0.948837 0.916667
vt 0.953488 0.000000
vt 0.948837 0.000000
vt 0.953488 0.083333
vt 0.948837 0.250000
vt 0.953488 0.166667
vt 0.953488 0.333333
vt 0.948837 0.416667
vt 0.953488 0.416667
vt 0.953488 0.583333
vt 0.953488 0.666667
vt 0.953488 0.750000
vt 0.953488 0.833333
vt 0.953488 1.000000
vt 0.958140 0.916667
vt 0.958140 0.000000
vt 0.958140 0.083333
vt 0.953488 0.250000
vt 0.958140 0.166667
vt 0.958140 0.333333
vt 0.958140 0.416667
vt 0.953488 0.500000
vt 0.958140 0.583333
vt 0.958140 0.666667
vt 0.958140 0.750000
vt 0.958140 0.833333
vt 0.958140 1.000000
vt 0.962791 0.916667
vt 0.962791 0.000000
vt 0.962791 0.083333
vt 0.958140 0.250000
vt 0.962791 0.166667
vt 0.962791 0.250000
vt 0.962791 0.416667
vt 0.958140 0.500000
vt 0.962791 0.583333
vt 0.962791 0.666667
vt 0.962791 0.750000
vt 0.962791 0.833333
vt 0.962791 1.000000
vt 0.967442 0.916667
vt 0.967442 0.000000
vt 0.967442 0.083333
vt 0.967442 0.166667
vt 0.962791 0.333333
vt 0.967442 0.250000
vt 0.967442 0.416667
vt 0.967442 0.500000
vt 0.962791 0.500000
vt 0.967442 0.583333
vt 0.967442 0.666667
vt 0.967442 0.750000
vt 0.967442 0.833333
vt 0.967442 1.000000
vt 0.972093 0.916667
vt 0.972093 0.000000
vt 0.972093 0.083333
vt 0.972093 0.166667
vt 0.972093 0.333333
vt 0.967442 0.333333
vt 0.972093 0.416667
vt 0.972093 0.500000
vt 0.972093 0.583333
vt 0.972093 0.666667
vt 0.972093 0.750000
vt 0.972093 0.833333
vt 0.972093 1.000000
vt 0.976744 0.916667
vt 0.976744 0.000000
vt 0.976744 0.083333
vt 0.972093 0.250000
vt 0.976744 0.166667
vt 0.976744 0.333333
vt 0.976744 0.416667
vt 0.976744 0.500000
vt 0.976744 0.583333
vt 0.976744 0.666667
vt 0.976744 0.750000
vt 0.976744 0.833333
vt 0.976744 1.000000
vt 0.981395 0.916667
vt 0.981395 0.000000
vt 0.981395 0.083333
vt 0.976744 0.250000
vt 0.981395 0.166667
vt 0.981395 0.333333
vt 0.981395 0.416667
vt 0.981395 0.500000
vt 0.981395 0.583333
vt 0.981395 0.666667
vt 0.981395 0.750000
vt 0.981395 0.833333
vt 0.981395 1.000000
vt 0.986046 0.916667
vt 0.986046 0.000000
vt 0.986046 0.083333
vt 0.981395 0.250000
vt 0.986046 0.166667
vt 0.986046 0.333333
vt 0.986046 0.416667
vt 0.986046 0.500000
vt 0.986046 0.583333
vt 0.986046 0.666667
vt 0.986046 0.750000
vt 0.986046 0.833333
vt 0.986046 1.000000
vt 0.990698 0.916667
vt 0.990698 0.000000
vt 0.990698 0.083333
vt 0.986046 0.250000
vt 0.990698 0.166667
vt 0.990698 0.333333
vt 0.990698 0.416667
vt 0.990698 0.500000
vt 0.990698 0.583333
vt 0.990698 0.666667
vt 0.990698 0.750000
vt 0.990698 0.833333
vt 0.990698 1.000000
vt 0.995349 0.916667
vt 0.995349 0.000000
vt 0.995349 0.083333
vt 0.990698 0.250000
vt 0.995349 0.166667
vt 0.995349 0.333333
vt 0.995349 0.416667
vt 0.995349 0.500000
vt 0.995349 0.583333
vt 0.995349 0.666667
vt 0.995349 0.750000
vt 0.995349 0.833333
vt 0.995349 1.000000
vt 1.000000 0.916667
vt 1.000000 0.000000
vt 1.000000 0.083333
vt 0.995349 0.250000
vt 1.000000 0.166667
vt 1.000000 0.333333
vt 1.000000 0.416667
vt 1.000000 0.500000
vt 1.000000 0.583333
vt 1.000000 0.666667
vt 1.000000 0.750000
vt 1.000000 0.833333
vt 1.000000 1.000000
vt 1.000000 0.250000
s 1
usemtl EmojiHeadPoop
f 387/442/387 410/443/388 398/444/389
f 388/445/390 399/446/391 387/447/387
f 389/448/392 400/449/393 388/445/390
f 390/450/394 401/451/395 389/448/392
f 391/452/396 402/453/397 390/450/394
f 392/454/398 403/455/399 391/452/396
f 405/456/400 392/454/398 393/457/401
f 406/458/402 393/457/401 394/459/403
f 407/460/404 394/459/403 395/461/405
f 408/462/406 395/461/405 396/463/407
f 409/464/408 396/463/407 397/465/409
f 410/443/388 397/465/409 398/444/389
f 399/466/391 422/467/410 410/443/388
f 400/449/393 411/468/411 399/446/391
f 401/451/395 412/469/412 400/449/393
f 402/453/397 413/470/413 401/451/395
f 403/455/399 414/471/414 402/453/397
f 404/472/415 415/473/416 403/455/399
f 417/474/417 404/472/415 405/456/400
f 418/475/418 405/456/400 406/458/402
f 419/476/419 406/458/402 407/460/404
f 420/477/420 407/460/404 408/462/406
f 421/478/421 408/462/406 409/464/408
f 422/467/410 409/464/408 410/443/388
f 411/479/411 434/480/422 422/467/410
f 412/469/412 423/481/423 411/468/411
f 413/470/413 424/482/424 412/469/412
f 414/471/414 425/483/425 413/470/413
f 415/473/416 426/484/426 414/471/414
f 416/485/427 427/486/428 415/473/416
f 429/487/429 416/485/427 417/474/417
f 430/488/430 417/474/417 418/475/418
f 431/489/431 418/475/418 419/476/419
f 432/490/432 419/476/419 420/477/420
f 433/491/433 420/477/420 421/478/421
f 434/480/422 421/478/421 422/467/410
f 423/492/423 446/493/434 434/480/422
f 424/482/424 435/494/435 423/481/423
f 425/483/425 436/495/436 424/482/424
f 426/484/426 437/496/437 425/483/425
f 427/486/428 438/497/438 426/484/426
f 428/498/439 439/499/440 427/486/428
f 441/500/441 428/498/439 429/487/429
f 442/501/442 429/487/429 430/488/430
f 443/502/443 430/488/430 431/489/431
f 444/503/444 431/489/431 432/490/432
f 445/504/445 432/490/432 433/491/433
f 446/493/434 433/491/433 434/480/422
f 447/505/446 446/493/434 435/506/435
f 448/507/447 435/494/435 436/495/436
f 449/508/448 436/495/436 437/496/437
f 450/509/449 437/496/437 438/497/438
f 451/510/450 438/497/438 439/499/440
f 452/511/451 439/499/440 440/512/452
f 441/500/441 452/511/451 440/512/452
f 442/501/442 453/513/453 441/500/441
f 443/502/443 454/514/454 442/501/442
f 444/503/444 455/515/455 443/502/443
f 445/504/445 456/516/456 444/503/444
f 446/493/434 457/517/457 445/504/445
f 459/518/458 458/519/459 447/505/446
f 460/520/460 447/521/446 448/507/447
f 461/522/461 448/507/447 449/508/448
f 462/523/462 449/508/448 450/509/449
f 463/524/463 450/509/449 451/510/450
f 464/525/464 451/510/450 452/511/451
f 453/513/453 464/525/464 452/511/451
f 454/514/454 465/526/465 453/513/453
f 455/515/455 466/527/466 454/514/454
f 456/516/456 467/528/467 455/515/455
f 457/517/457 468/529/468 456/516/456
f 458/519/459 469/530/469 457/517/457
f 471/531/470 470/532/471 459/518/458
f 472/533/472 459/534/458 460/520/460
f 473/535/473 460/520/460 461/522/461
f 474/536/474 461/522/461 462/523/462
f 475/537/475 462/523/462 463/524/463
f 476/538/476 463/524/463 464/525/464
f 465/526/465 476/538/476 464/525/464
f 466/527/466 477/539/477 465/526/465
f 467/528/467 478/540/478 466/527/466
f 468/529/468 479/541/479 467/528/467
f 469/530/469 480/542/480 468/529/468
f 470/532/471 481/543/481 469/530/469
f 483/544/482 482/545/483 471/531/470
f 484/546/484 471/547/470 472/533/472
f 485/548/485 472/533/472 473/535/473
f 486/549/486 473/535/473 474/536/474
f 487/550/487 474/536/474 475/537/475
f 488/551/488 475/537/475 476/538/476
f 477/539/477 488/551/488 476/538/476
f 478/540/478 489/552/489 477/539/477
f 479/541/479 490/553/490 478/540/478
f 480/542/480 491/554/491 479/541/479
f 481/543/481 492/555/492 480/542/480
f 482/545/483 493/556/493 481/543/481
f 495/557/494 494/558/495 483/544/482
f 496/559/496 483/560/482 484/546/484
f 497/561/497 484/546/484 485/548/485
f 498/562/498 485/548/485 486/549/486
f 499/563/499 486/549/486 487/550/487
f 500/564/500 487/550/487 488/551/488
f 489/552/489 500/564/500 488/551/488
f 490/553/490 501/565/501 489/552/489
f 491/554/491 502/566/502 490/553/490
f 492/555/492 503/567/503 491/554/491
f 493/556/493 504/568/504 492/555/492
f 494/558/495 505/569/505 493/556/493
f 507/570/506 506/571/507 495/557/494
f 508/572/508 495/573/494 496/559/496
f 509/574/509 496/559/496 497/561/497
f 510/575/510 497/561/497 498/562/498
f 511/576/511 498/562/498 499/563/499
f 512/577/512 499/563/499 500/564/500
f 501/565/501 512/577/512 500/564/500
f 502/566/502 513/578/513 501/565/501
f 503/567/503 514/579/514 502/566/502
f 504/568/504 515/580/515 503/567/503
f 505/569/505 516/581/516 504/568/504
f 506/571/507 517/582/517 505/569/505
f 507/570/506 530/583/518 518/584/519
f 508/572/508 519/585/520 507/586/506
f 509/574/509 520/587/521 508/572/508
f 510/575/510 521/588/522 509/574/509
f 523/589/523 510/575/510 511/576/511
f 524/590/524 511/576/511 512/577/512
f 525/591/525 512/577/512 513/578/513
f 526/592/526 513/578/513 514/579/514
f 527/593/527 514/579/514 515/580/515
f 528/594/528 515/580/515 516/581/516
f 529/595/529 516/581/516 517/582/517
f 518/584/519 529/595/529 517/582/517
f 519/596/520 542/597/530 530/583/518
f 520/587/521 531/598/531 519/585/520
f 521/588/522 532/599/532 520/587/521
f 522/600/533 533/601/534 521/588/522
f 523/589/523 534/602/535 522/600/533
f 524/590/524 535/603/536 523/589/523
f 537/604/537 524/590/524 525/591/525
f 538/605/538 525/591/525 526/592/526
f 539/606/539 526/592/526 527/593/527
f 540/607/540 527/593/527 528/594/528
f 541/608/541 528/594/528 529/595/529
f 542/597/530 529/595/529 530/583/518
f 531/609/531 554/610/542 542/597/530
f 532/599/532 543/611/543 531/598/531
f 533/601/534 544/612/544 532/599/532
f 534/602/535 545/613/545 533/601/534
f 535/603/536 546/614/546 534/602/535
f 536/615/547 547/616/548 535/603/536
f 549/617/549 536/615/547 537/604/537
f 550/618/550 537/604/537 538/605/538
f 551/619/551 538/605/538 539/606/539
f 552/620/552 539/606/539 540/607/540
f 553/621/553 540/607/540 541/608/541
f 554/610/542 541/608/541 542/597/530
f 543/622/543 566/623/554 554/610/542
f 544/612/544 555/624/555 543/611/543
f 545/613/545 556/625/556 544/612/544
f 546/614/546 557/626/557 545/613/545
f 547/616/548 558/627/558 546/614/546
f 560/628/559 547/616/548 548/629/560
f 561/630/561 548/629/560 549/617/549
f 562/631/562 549/617/549 550/618/550
f 563/632/563 550/618/550 551/619/551
f 564/633/564 551/619/551 552/620/552
f 565/634/565 552/620/552 553/621/553
f 554/610/542 565/634/565 553/621/553
f 567/635/566 566/623/554 555/636/555
f 568/637/567 555/624/555 556/625/556
f 569/638/568 556/625/556 557/626/557
f 570/639/569 557/626/557 558/627/558
f 571/640/570 558/627/558 559/641/571
f 572/642/572 559/641/571 560/628/559
f 561/630/561 572/642/572 560/628/559
f 562/631/562 573/643/573 561/630/561
f 563/632/563 574/644/574 562/631/562
f 564/633/564 575/645/575 563/632/563
f 565/634/565 576/646/576 564/633/564
f 566/623/554 577/647/577 565/634/565
f 579/648/578 578/649/579 567/635/566
f 580/650/580 567/651/566 568/637/567
f 581/652/581 568/637/567 569/638/568
f 582/653/582 569/638/568 570/639/569
f 583/654/583 570/639/569 571/640/570
f 584/655/584 571/640/570 572/642/572
f 573/643/573 584/655/584 572/642/572
f 574/644/574 585/656/585 573/643/573
f 575/645/575 586/657/586 574/644/574
f 576/646/576 587/658/587 575/645/575
f 577/647/577 588/659/588 576/646/576
f 578/649/579 589/660/589 577/647/577
f 591/661/590 590/662/591 579/648/578
f 592/663/592 579/664/578 580/650/580
f 593/665/593 580/650/580 581/652/581
f 594/666/594 581/652/581 582/653/582
f 595/667/595 582/653/582 583/654/583
f 596/668/596 583/654/583 584/655/584
f 585/656/585 596/668/596 584/655/584
f 586/657/586 597/669/597 585/656/585
f 587/658/587 598/670/598 586/657/586
f 588/659/588 599/671/599 587/658/587
f 589/660/589 600/672/600 588/659/588
f 590/662/591 601/673/601 589/660/589
f 603/674/602 602/675/603 591/661/590
f 604/676/604 591/677/590 592/663/592
f 605/678/605 592/663/592 593/665/593
f 606/679/606 593/665/593 594/666/594
f 607/680/607 594/666/594 595/667/595
f 608/681/608 595/667/595 596/668/596
f 597/669/597 608/681/608 596/668/596
f 598/670/598 609/682/609 597/669/597
f 599/671/599 610/683/610 598/670/598
f 600/672/600 611/684/611 599/671/599
f 601/673/601 612/685/612 600/672/600
f 602/675/603 613/686/613 601/673/601
f 615/687/614 614/688/615 603/674/602
f 616/689/616 603/690/602 604/676/604
f 617/691/617 604/676/604 605/678/605
f 618/692/618 605/678/605 606/679/606
f 619/693/619 606/679/606 607/680/607
f 620/694/620 607/680/607 608/681/608
f 609/682/609 620/694/620 608/681/608
f 610/683/610 621/695/621 609/682/609
f 611/684/611 622/696/622 610/683/610
f 612/685/612 623/697/623 611/684/611
f 613/686/613 624/698/624 612/685/612
f 614/688/615 625/699/625 613/686/613
f 615/687/614 638/700/626 626/701/627
f 616/689/616 627/702/628 615/703/614
f 617/691/617 628/704/629 616/689/616
f 618/692/618 629/705/630 617/691/617
f 619/693/619 630/706/631 618/692/618
f 620/694/620 631/707/632 619/693/619
f 633/708/633 620/694/620 621/695/621
f 634/709/634 621/695/621 622/696/622
f 635/710/635 622/696/622 623/697/623
f 636/711/636 623/697/623 624/698/624
f 637/712/637 624/698/624 625/699/625
f 638/700/626 625/699/625 626/701/627
f 627/713/628 650/714/638 638/700/626
f 628/704/629 639/715/639 627/702/628
f 629/705/630 640/716/640 628/704/629
f 630/706/631 641/717/641 629/705/630
f 631/707/632 642/718/642 630/706/631
f 632/719/643 643/720/644 631/707/632
f 645/721/645 632/719/643 633/708/633
f 646/722/646 633/708/633 634/709/634
f 647/723/647 634/709/634 635/710/635
f 648/724/648 635/710/635 636/711/636
f 649/725/649 636/711/636 637/712/637
f 650/714/638 637/712/637 638/700/626
f 639/726/639 662/727/650 650/714/638
f 640/716/640 651/728/651 639/715/639
f 641/717/641 652/729/652 640/716/640
f 642/718/642 653/730/653 641/717/641
f 643/720/644 654/731/654 642/718/642
f 644/732/655 655/733/656 643/720/644
f 657/734/657 644/732/655 645/721/645
f 658/735/658 645/721/645 646/722/646
f 659/736/659 646/722/646 647/723/647
f 660/737/660 647/723/647 648/724/648
f 661/738/661 648/724/648 649/725/649
f 662/727/650 649/725/649 650/714/638
f 651/739/651 674/740/662 662/727/650
f 652/729/652 663/741/663 651/728/651
f 653/730/653 664/742/664 652/729/652
f 654/731/654 665/743/665 653/730/653
f 655/733/656 666/744/666 654/731/654
f 656/745/667 667/746/668 655/733/656
f 669/747/669 656/745/667 657/734/657
f 670/748/670 657/734/657 658/735/658
f 671/749/671 658/735/658 659/736/659
f 672/750/672 659/736/659 660/737/660
f 673/751/673 660/737/660 661/738/661
f 674/740/662 661/738/661 662/727/650
f 675/752/674 674/740/662 663/753/663
f 676/754/675 663/741/663 664/742/664
f 665/743/665 676/754/675 664/742/664
f 666/744/666 677/755/676 665/743/665
f 667/746/668 678/756/677 666/744/666
f 668/757/678 679/758/679 667/746/668
f 669/747/669 680/759/680 668/757/678
f 682/760/681 669/747/669 670/748/670
f 683/761/682 670/748/670 671/749/671
f 684/762/683 671/749/671 672/750/672
f 685/763/684 672/750/672 673/751/673
f 686/764/685 673/751/673 674/740/662
f 687/765/686 686/764/685 675/752/674
f 688/766/687 675/767/674 676/754/675
f 689/768/688 676/754/675 677/755/676
f 690/769/689 677/755/676 678/756/677
f 691/770/690 678/756/677 679/758/679
f 680/759/680 691/770/690 679/758/679
f 681/771/691 692/772/692 680/759/680
f 682/760/681 693/773/693 681/771/691
f 683/761/682 694/774/694 682/760/681
f 684/762/683 695/775/695 683/761/682
f 685/763/684 696/776/696 684/762/683
f 698/777/697 685/763/684 686/764/685
f 699/778/698 698/777/697 687/765/686
f 700/779/699 687/780/686 688/766/687
f 701/781/700 688/766/687 689/768/688
f 702/782/701 689/768/688 690/769/689
f 703/783/702 690/769/689 691/770/690
f 704/784/703 691/770/690 692/772/692
f 693/773/693 704/784/703 692/772/692
f 694/774/694 705/785/704 693/773/693
f 695/775/695 706/786/705 694/774/694
f 696/776/696 707/787/706 695/775/695
f 697/788/707 708/789/708 696/776/696
f 698/777/697 709/790/709 697/788/707
f 711/791/710 710/792/711 699/778/698
f 712/793/712 699/794/698 700/779/699
f 713/795/713 700/779/699 701/781/700
f 714/796/714 701/781/700 702/782/701
f 715/797/715 702/782/701 703/783/702
f 716/798/716 703/783/702 704/784/703
f 705/785/704 716/798/716 704/784/703
f 706/786/705 717/799/717 705/785/704
f 707/787/706 718/800/718 706/786/705
f 708/789/708 719/801/719 707/787/706
f 709/790/709 720/802/720 708/789/708
f 710/792/711 721/803/721 709/790/709
f 723/804/722 722/805/723 711/791/710
f 724/806/724 711/807/710 712/793/712
f 725/808/725 712/793/712 713/795/713
f 726/809/726 713/795/713 714/796/714
f 727/810/727 714/796/714 715/797/715
f 728/811/728 715/797/715 716/798/716
f 717/799/717 728/811/728 716/798/716
f 718/800/718 729/812/729 717/799/717
f 719/801/719 730/813/730 718/800/718
f 720/802/720 731/814/731 719/801/719
f 721/803/721 732/815/732 720/802/720
f 722/805/723 733/816/733 721/803/721
f 735/817/734 734/818/735 723/804/722
f 736/819/736 723/820/722 724/806/724
f 737/821/737 724/806/724 725/808/725
f 738/822/738 725/808/725 726/809/726
f 739/823/739 726/809/726 727/810/727
f 740/824/740 727/810/727 728/811/728
f 729/812/729 740/824/740 728/811/728
f 730/813/730 741/825/741 729/812/729
f 731/814/731 742/826/742 730/813/730
f 732/815/732 743/827/743 731/814/731
f 733/816/733 744/828/744 732/815/732
f 734/818/735 745/829/745 733/816/733
f 747/830/746 746/831/747 735/817/734
f 748/832/748 735/833/734 736/819/736
f 749/834/749 736/819/736 737/821/737
f 750/835/750 737/821/737 738/822/738
f 751/836/751 738/822/738 739/823/739
f 752/837/752 739/823/739 740/824/740
f 741/825/741 752/837/752 740/824/740
f 742/826/742 753/838/753 741/825/741
f 743/827/743 754/839/754 742/826/742
f 744/828/744 755/840/755 743/827/743
f 745/829/745 756/841/756 744/828/744
f 746/831/747 757/842/757 745/829/745
f 759/843/758 758/844/759 747/830/746
f 760/845/760 747/846/746 748/832/748
f 761/847/761 748/832/748 749/834/749
f 762/848/762 749/834/749 750/835/750
f 763/849/763 750/835/750 751/836/751
f 764/850/764 751/836/751 752/837/752
f 753/838/753 764/850/764 752/837/752
f 754/839/754 765/851/765 753/838/753
f 755/840/755 766/852/766 754/839/754
f 756/841/756 767/853/767 755/840/755
f 757/842/757 768/854/768 756/841/756
f 758/844/759 769/855/769 757/842/757
f 771/856/770 770/857/771 759/843/758
f 772/858/772 759/859/758 760/845/760
f 773/860/773 760/845/760 761/847/761
f 774/861/774 761/847/761 762/848/762
f 775/862/775 762/848/762 763/849/763
f 776/863/776 763/849/763 764/850/764
f 765/851/765 776/863/776 764/850/764
f 766/852/766 777/864/777 765/851/765
f 767/853/767 778/865/778 766/852/766
f 768/854/768 779/866/779 767/853/767
f 769/855/769 780/867/780 768/854/768
f 770/857/771 781/868/781 769/855/769
f 783/869/782 782/870/783 771/856/770
f 784/871/784 771/872/770 772/858/772
f 785/873/785 772/858/772 773/860/773
f 786/874/786 773/860/773 774/861/774
f 787/875/787 774/861/774 775/862/775
f 788/876/788 775/862/775 776/863/776
f 777/864/777 788/876/788 776/863/776
f 778/865/778 789/877/789 777/864/777
f 779/866/779 790/878/790 778/865/778
f 780/867/780 791/879/791 779/866/779
f 781/868/781 792/880/792 780/867/780
f 782/870/783 793/881/793 781/868/781
f 795/882/794 794/883/795 783/869/782
f 796/884/796 783/885/782 784/871/784
f 797/886/797 784/871/784 785/873/785
f 798/887/798 785/873/785 786/874/786
f 799/888/799 786/874/786 787/875/787
f 800/889/800 787/875/787 788/876/788
f 789/877/789 800/889/800 788/876/788
f 790/878/790 801/890/801 789/877/789
f 791/879/791 802/891/802 790/878/790
f 792/880/792 803/892/803 791/879/791
f 793/881/793 804/893/804 792/880/792
f 794/883/795 805/894/805 793/881/793
f 807/895/806 806/896/807 795/882/794
f 808/897/808 795/898/794 796/884/796
f 809/899/809 796/884/796 797/886/797
f 810/900/810 797/886/797 798/887/798
f 811/901/811 798/887/798 799/888/799
f 800/889/800 811/901/811 799/888/799
f 801/890/801 812/902/812 800/889/800
f 802/891/802 813/903/813 801/890/801
f 803/892/803 814/904/814 802/891/802
f 804/893/804 815/905/815 803/892/803
f 805/894/805 816/906/816 804/893/804
f 818/907/817 805/894/805 806/896/807
f 819/908/818 818/907/817 807/895/806
f 820/909/819 807/910/806 808/897/808
f 821/911/820 808/897/808 809/899/809
f 822/912/821 809/899/809 810/900/810
f 811/901/811 822/912/821 810/900/810
f 812/902/812 823/913/822 811/901/811
f 813/903/813 824/914/823 812/902/812
f 814/904/814 825/915/824 813/903/813
f 815/905/815 826/916/825 814/904/814
f 816/906/816 827/917/826 815/905/815
f 829/918/827 816/906/816 817/919/828
f 830/920/829 817/919/828 818/907/817
f 831/921/830 830/920/829 819/908/818
f 832/922/831 819/923/818 820/909/819
f 821/911/820 832/922/831 820/909/819
f 822/912/821 833/924/832 821/911/820
f 823/913/822 834/925/833 822/912/821
f 824/914/823 835/926/834 823/913/822
f 825/915/824 836/927/835 824/914/823
f 826/916/825 837/928/836 825/915/824
f 839/929/837 826/916/825 827/917/826
f 840/930/838 827/917/826 828/931/839
f 841/932/840 828/931/839 829/918/827
f 842/933/841 829/918/827 830/920/829
f 843/934/842 842/933/841 831/921/830
f 832/922/831 843/935/842 831/936/830
f 833/924/832 844/937/843 832/922/831
f 834/925/833 845/938/844 833/924/832
f 835/926/834 846/939/845 834/925/833
f 836/927/835 847/940/846 835/926/834
f 837/928/836 848/941/847 836/927/835
f 850/942/848 837/928/836 838/943/849
f 851/944/850 838/943/849 839/929/837
f 852/945/851 839/929/837 840/930/838
f 853/946/852 840/930/838 841/932/840
f 854/947/853 841/932/840 842/933/841
f 855/948/854 854/947/853 843/934/842
f 844/937/843 855/949/854 843/935/842
f 845/938/844 856/950/855 844/937/843
f 846/939/845 857/951/856 845/938/844
f 847/940/846 858/952/857 846/939/845
f 848/941/847 859/953/858 847/940/846
f 849/954/859 860/955/860 848/941/847
f 862/956/861 849/954/859 850/942/848
f 863/957/862 850/942/848 851/944/850
f 864/958/863 851/944/850 852/945/851
f 865/959/864 852/945/851 853/946/852
f 866/960/865 853/946/852 854/947/853
f 855/948/854 878/961/866 866/960/865
f 856/950/855 867/962/867 855/949/854
f 857/951/856 868/963/868 856/950/855
f 858/952/857 869/964/869 857/951/856
f 859/953/858 870/965/870 858/952/857
f 860/955/860 871/966/871 859/953/858
f 873/967/872 860/955/860 861/968/873
f 874/969/874 861/968/873 862/956/861
f 875/970/875 862/956/861 863/957/862
f 876/971/876 863/957/862 864/958/863
f 877/972/877 864/958/863 865/959/864
f 878/961/866 865/959/864 866/960/865
f 867/973/867 890/974/878 878/961/866
f 868/963/868 879/975/879 867/962/867
f 869/964/869 880/976/880 868/963/868
f 870/965/870 881/977/881 869/964/869
f 871/966/871 882/978/882 870/965/870
f 872/979/883 883/980/884 871/966/871
f 885/981/885 872/979/883 873/967/872
f 886/982/886 873/967/872 874/969/874
f 887/983/887 874/969/874 875/970/875
f 888/984/888 875/970/875 876/971/876
f 889/985/889 876/971/876 877/972/877
f 890/974/878 877/972/877 878/961/866
f 879/986/879 902/987/890 890/974/878
f 880/976/880 891/988/891 879/975/879
f 881/977/881 892/989/892 880/976/880
f 882/978/882 893/990/893 881/977/881
f 883/980/884 894/991/894 882/978/882
f 884/992/895 895/993/896 883/980/884
f 897/994/897 884/992/895 885/981/885
f 898/995/898 885/981/885 886/982/886
f 899/996/899 886/982/886 887/983/887
f 900/997/900 887/983/887 888/984/888
f 901/998/901 888/984/888 889/985/889
f 902/987/890 889/985/889 890/974/878
f 891/999/891 914/1000/902 902/987/890
f 892/989/892 903/1001/903 891/988/891
f 893/990/893 904/1002/904 892/989/892
f 894/991/894 905/1003/905 893/990/893
f 895/993/896 906/1004/906 894/991/894
f 896/1005/907 907/1006/908 895/993/896
f 909/1007/909 896/1005/907 897/994/897
f 910/1008/910 897/994/897 898/995/898
f 911/1009/911 898/995/898 899/996/899
f 912/1010/912 899/996/899 900/997/900
f 913/1011/913 900/997/900 901/998/901
f 914/1000/902 901/998/901 902/987/890
f 903/1012/903 926/1013/914 914/1000/902
f 904/1002/904 915/1014/915 903/1001/903
f 905/1003/905 916/1015/916 904/1002/904
f 906/1004/906 917/1016/917 905/1003/905
f 907/1006/908 918/1017/918 906/1004/906
f 908/1018/919 919/1019/920 907/1006/908
f 921/1020/921 908/1018/919 909/1007/909
f 922/1021/922 909/1007/909 910/1008/910
f 923/1022/923 910/1008/910 911/1009/911
f 924/1023/924 911/1009/911 912/1010/912
f 925/1024/925 912/1010/912 913/1011/913
f 926/1013/914 913/1011/913 914/1000/902
f 915/1025/915 938/1026/926 926/1013/914
f 916/1015/916 927/1027/927 915/1014/915
f 917/1016/917 928/1028/928 916/1015/916
f 918/1017/918 929/1029/929 917/1016/917
f 919/1019/920 930/1030/930 918/1017/918
f 920/1031/931 931/1032/932 919/1019/920
f 933/1033/933 920/1031/931 921/1020/921
f 934/1034/934 921/1020/921 922/1021/922
f 935/1035/935 922/1021/922 923/1022/923
f 936/1036/936 923/1022/923 924/1023/924
f 937/1037/937 924/1023/924 925/1024/925
f 938/1026/926 925/1024/925 926/1013/914
f 927/1038/927 950/1039/938 938/1026/926
f 928/1028/928 939/1040/939 927/1027/927
f 929/1029/929 940/1041/940 928/1028/928
f 930/1030/930 941/1042/941 929/1029/929
f 931/1032/932 942/1043/942 930/1030/930
f 932/1044/943 943/1045/944 931/1032/932
f 945/1046/945 932/1044/943 933/1033/933
f 946/1047/946 933/1033/933 934/1034/934
f 947/1048/947 934/1034/934 935/1035/935
f 948/1049/948 935/1035/935 936/1036/936
f 949/1050/949 936/1036/936 937/1037/937
f 950/1039/938 937/1037/937 938/1026/926
f 939/1051/939 962/1052/950 950/1039/938
f 940/1041/940 951/1053/951 939/1040/939
f 941/1042/941 952/1054/952 940/1041/940
f 942/1043/942 953/1055/953 941/1042/941
f 943/1045/944 954/1056/954 942/1043/942
f 944/1057/955 955/1058/956 943/1045/944
f 957/1059/957 944/1057/955 945/1046/945
f 958/1060/958 945/1046/945 946/1047/946
f 959/1061/959 946/1047/946 947/1048/947
f 960/1062/960 947/1048/947 948/1049/948
f 961/1063/961 948/1049/948 949/1050/949
f 962/1052/950 949/1050/949 950/1039/938
f 951/1064/951 974/1065/962 962/1052/950
f 952/1054/952 963/1066/963 951/1053/951
f 953/1055/953 964/1067/964 952/1054/952
f 954/1056/954 965/1068/965 953/1055/953
f 955/1058/956 966/1069/966 954/1056/954
f 956/1070/967 967/1071/968 955/1058/956
f 969/1072/969 956/1070/967 957/1059/957
f 970/1073/970 957/1059/957 958/1060/958
f 971/1074/971 958/1060/958 959/1061/959
f 972/1075/972 959/1061/959 960/1062/960
f 973/1076/973 960/1062/960 961/1063/961
f 974/1065/962 961/1063/961 962/1052/950
f 963/1077/963 986/1078/974 974/1065/962
f 964/1067/964 975/1079/975 963/1066/963
f 965/1068/965 976/1080/976 964/1067/964
f 966/1069/966 977/1081/977 965/1068/965
f 967/1071/968 978/1082/978 966/1069/966
f 968/1083/979 979/1084/980 967/1071/968
f 969/1072/969 980/1085/981 968/1083/979
f 982/1086/982 969/1072/969 970/1073/970
f 983/1087/983 970/1073/970 971/1074/971
f 984/1088/984 971/1074/971 972/1075/972
f 985/1089/985 972/1075/972 973/1076/973
f 986/1078/974 973/1076/973 974/1065/962
f 987/1090/986 986/1078/974 975/1091/975
f 988/1092/987 975/1079/975 976/1080/976
f 989/1093/988 976/1080/976 977/1081/977
f 990/1094/989 977/1081/977 978/1082/978
f 991/1095/990 978/1082/978 979/1084/980
f 992/1096/991 979/1084/980 980/1085/981
f 981/1097/992 992/1096/991 980/1085/981
f 982/1086/982 993/1098/993 981/1097/992
f 983/1087/983 994/1099/994 982/1086/982
f 984/1088/984 995/1100/995 983/1087/983
f 985/1089/985 996/1101/996 984/1088/984
f 998/1102/997 985/1089/985 986/1078/974
f 999/1103/998 998/1102/997 987/1090/986
f 1000/1104/999 987/1105/986 988/1092/987
f 1001/1106/1000 988/1092/987 989/1093/988
f 1002/1107/1001 989/1093/988 990/1094/989
f 1003/1108/1002 990/1094/989 991/1095/990
f 1004/1109/1003 991/1095/990 992/1096/991
f 993/1098/993 1004/1109/1003 992/1096/991
f 994/1099/994 1005/1110/1004 993/1098/993
f 995/1100/995 1006/1111/1005 994/1099/994
f 996/1101/996 1007/1112/1006 995/1100/995
f 997/1113/1007 1008/1114/1008 996/1101/996
f 998/1102/997 1009/1115/1009 997/1113/1007
f 1011/1116/1010 1010/1117/1011 999/1103/998
f 1012/1118/1012 999/1119/998 1000/1104/999
f 1013/1120/1013 1000/1104/999 1001/1106/1000
f 1014/1121/1014 1001/1106/1000 1002/1107/1001
f 1015/1122/1015 1002/1107/1001 1003/1108/1002
f 1016/1123/1016 1003/1108/1002 1004/1109/1003
f 1005/1110/1004 1016/1123/1016 1004/1109/1003
f 1006/1111/1005 1017/1124/1017 1005/1110/1004
f 1007/1112/1006 1018/1125/1018 1006/1111/1005
f 1008/1114/1008 1019/1126/1019 1007/1112/1006
f 1009/1115/1009 1020/1127/1020 1008/1114/1008
f 1010/1117/1011 1021/1128/1021 1009/1115/1009
f 1023/1129/1022 1022/1130/1023 1011/1116/1010
f 1024/1131/1024 1011/1132/1010 1012/1118/1012
f 1025/1133/1025 1012/1118/1012 1013/1120/1013
f 1026/1134/1026 1013/1120/1013 1014/1121/1014
f 1027/1135/1027 1014/1121/1014 1015/1122/1015
f 1028/1136/1028 1015/1122/1015 1016/1123/1016
f 1017/1124/1017 1028/1136/1028 1016/1123/1016
f 1018/1125/1018 1029/1137/1029 1017/1124/1017
f 1019/1126/1019 1030/1138/1030 1018/1125/1018
f 1020/1127/1020 1031/1139/1031 1019/1126/1019
f 1021/1128/1021 1032/1140/1032 1020/1127/1020
f 1022/1130/1023 1033/1141/1033 1021/1128/1021
f 1035/1142/1034 1034/1143/1035 1023/1129/1022
f 1036/1144/1036 1023/1145/1022 1024/1131/1024
f 1037/1146/1037 1024/1131/1024 1025/1133/1025
f 1038/1147/1038 1025/1133/1025 1026/1134/1026
f 1039/1148/1039 1026/1134/1026 1027/1135/1027
f 1040/1149/1040 1027/1135/1027 1028/1136/1028
f 1029/1137/1029 1040/1149/1040 1028/1136/1028
f 1030/1138/1030 1041/1150/1041 1029/1137/1029
f 1031/1139/1031 1042/1151/1042 1030/1138/1030
f 1032/1140/1032 1043/1152/1043 1031/1139/1031
f 1033/1141/1033 1044/1153/1044 1032/1140/1032
f 1034/1143/1035 1045/1154/1045 1033/1141/1033
f 1047/1155/1046 1046/1156/1047 1035/1142/1034
f 1048/1157/1048 1035/1158/1034 1036/1144/1036
f 1049/1159/1049 1036/1144/1036 1037/1146/1037
f 1050/1160/1050 1037/1146/1037 1038/1147/1038
f 1051/1161/1051 1038/1147/1038 1039/1148/1039
f 1052/1162/1052 1039/1148/1039 1040/1149/1040
f 1041/1150/1041 1052/1162/1052 1040/1149/1040
f 1042/1151/1042 1053/1163/1053 1041/1150/1041
f 1043/1152/1043 1054/1164/1054 1042/1151/1042
f 1044/1153/1044 1055/1165/1055 1043/1152/1043
f 1045/1154/1045 1056/1166/1056 1044/1153/1044
f 1046/1156/1047 1057/1167/1057 1045/1154/1045
f 1059/1168/1058 1058/1169/1059 1047/1155/1046
f 1060/1170/1060 1047/1171/1046 1048/1157/1048
f 1061/1172/1061 1048/1157/1048 1049/1159/1049
f 1062/1173/1062 1049/1159/1049 1050/1160/1050
f 1063/1174/1063 1050/1160/1050 1051/1161/1051
f 1064/1175/1064 1051/1161/1051 1052/1162/1052
f 1053/1163/1053 1064/1175/1064 1052/1162/1052
f 1054/1164/1054 1065/1176/1065 1053/1163/1053
f 1055/1165/1055 1066/1177/1066 1054/1164/1054
f 1056/1166/1056 1067/1178/1067 1055/1165/1055
f 1057/1167/1057 1068/1179/1068 1056/1166/1056
f 1058/1169/1059 1069/1180/1069 1057/1167/1057
f 1071/1181/1070 1070/1182/1071 1059/1168/1058
f 1072/1183/1072 1059/1184/1058 1060/1170/1060
f 1073/1185/1073 1060/1170/1060 1061/1172/1061
f 1074/1186/1074 1061/1172/1061 1062/1173/1062
f 1075/1187/1075 1062/1173/1062 1063/1174/1063
f 1064/1175/1064 1075/1187/1075 1063/1174/1063
f 1065/1176/1065 1076/1188/1076 1064/1175/1064
f 1066/1177/1066 1077/1189/1077 1065/1176/1065
f 1067/1178/1067 1078/1190/1078 1066/1177/1066
f 1068/1179/1068 1079/1191/1079 1067/1178/1067
f 1069/1180/1069 1080/1192/1080 1068/1179/1068
f 1082/1193/1081 1069/1180/1069 1070/1182/1071
f 1083/1194/1082 1082/1193/1081 1071/1181/1070
f 1084/1195/1083 1071/1196/1070 1072/1183/1072
f 1085/1197/1084 1072/1183/1072 1073/1185/1073
f 1086/1198/1085 1073/1185/1073 1074/1186/1074
f 1075/1187/1075 1086/1198/1085 1074/1186/1074
f 1076/1188/1076 1087/1199/1086 1075/1187/1075
f 1077/1189/1077 1088/1200/1087 1076/1188/1076
f 1078/1190/1078 1089/1201/1088 1077/1189/1077
f 1079/1191/1079 1090/1202/1089 1078/1190/1078
f 1080/1192/1080 1091/1203/1090 1079/1191/1079
f 1093/1204/1091 1080/1192/1080 1081/1205/1092
f 1094/1206/1093 1081/1205/1092 1082/1193/1081
f 1095/1207/1094 1094/1206/1093 1083/1194/1082
f 1096/1208/1095 1083/1209/1082 1084/1195/1083
f 1085/1197/1084 1096/1208/1095 1084/1195/1083
f 1086/1198/1085 1097/1210/1096 1085/1197/1084
f 1087/1199/1086 1098/1211/1097 1086/1198/1085
f 1088/1200/1087 1099/1212/1098 1087/1199/1086
f 1089/1201/1088 1100/1213/1099 1088/1200/1087
f 1090/1202/1089 1101/1214/1100 1089/1201/1088
f 1103/1215/1101 1090/1202/1089 1091/1203/1090
f 1104/1216/1102 1091/1203/1090 1092/1217/1103
f 1105/1218/1104 1092/1217/1103 1093/1204/1091
f 1106/1219/1105 1093/1204/1091 1094/1206/1093
f 1107/1220/1106 1106/1219/1105 1095/1207/1094
f 1108/1221/1107 1095/1222/1094 1096/1208/1095
f 1097/1210/1096 1108/1221/1107 1096/1208/1095
f 1098/1211/1097 1109/1223/1108 1097/1210/1096
f 1099/1212/1098 1110/1224/1109 1098/1211/1097
f 1100/1213/1099 1111/1225/1110 1099/1212/1098
f 1101/1214/1100 1112/1226/1111 1100/1213/1099
f 1114/1227/1112 1101/1214/1100 1102/1228/1113
f 1115/1229/1114 1102/1228/1113 1103/1215/1101
f 1116/1230/1115 1103/1215/1101 1104/1216/1102
f 1117/1231/1116 1104/1216/1102 1105/1218/1104
f 1118/1232/1117 1105/1218/1104 1106/1219/1105
f 1119/1233/1118 1118/1232/1117 1107/1220/1106
f 1108/1221/1107 1119/1234/1118 1107/1235/1106
f 1109/1223/1108 1120/1236/1119 1108/1221/1107
f 1110/1224/1109 1121/1237/1120 1109/1223/1108
f 1111/1225/1110 1122/1238/1121 1110/1224/1109
f 1112/1226/1111 1123/1239/1122 1111/1225/1110
f 1113/1240/1123 1124/1241/1124 1112/1226/1111
f 1126/1242/1125 1113/1240/1123 1114/1227/1112
f 1127/1243/1126 1114/1227/1112 1115/1229/1114
f 1128/1244/1127 1115/1229/1114 1116/1230/1115
f 1129/1245/1128 1116/1230/1115 1117/1231/1116
f 1130/1246/1129 1117/1231/1116 1118/1232/1117
f 1131/1247/1130 1130/1246/1129 1119/1233/1118
f 1120/1236/1119 1131/1248/1130 1119/1234/1118
f 1121/1237/1120 1132/1249/1131 1120/1236/1119
f 1122/1238/1121 1133/1250/1132 1121/1237/1120
f 1123/1239/1122 1134/1251/1133 1122/1238/1121
f 1124/1241/1124 1135/1252/1134 1123/1239/1122
f 1125/1253/1135 1136/1254/1136 1124/1241/1124
f 1138/1255/1137 1125/1253/1135 1126/1242/1125
f 1139/1256/1138 1126/1242/1125 1127/1243/1126
f 1140/1257/1139 1127/1243/1126 1128/1244/1127
f 1141/1258/1140 1128/1244/1127 1129/1245/1128
f 1142/1259/1141 1129/1245/1128 1130/1246/1129
f 1143/1260/1142 1142/1259/1141 1131/1247/1130
f 1132/1249/1131 1143/1261/1142 1131/1248/1130
f 1133/1250/1132 1144/1262/1143 1132/1249/1131
f 1134/1251/1133 1145/1263/1144 1133/1250/1132
f 1135/1252/1134 1146/1264/1145 1134/1251/1133
f 1136/1254/1136 1147/1265/1146 1135/1252/1134
f 1137/1266/1147 1148/1267/1148 1136/1254/1136
f 1150/1268/1149 1137/1266/1147 1138/1255/1137
f 1151/1269/1150 1138/1255/1137 1139/1256/1138
f 1152/1270/1151 1139/1256/1138 1140/1257/1139
f 1153/1271/1152 1140/1257/1139 1141/1258/1140
f 1154/1272/1153 1141/1258/1140 1142/1259/1141
f 1155/1273/1154 1154/1272/1153 1143/1260/1142
f 1144/1262/1143 1155/1274/1154 1143/1261/1142
f 1145/1263/1144 1156/1275/1155 1144/1262/1143
f 1146/1264/1145 1157/1276/1156 1145/1263/1144
f 1147/1265/1146 1158/1277/1157 1146/1264/1145
f 1148/1267/1148 1159/1278/1158 1147/1265/1146
f 1149/1279/1159 1160/1280/1160 1148/1267/1148
f 1162/1281/1161 1149/1279/1159 1150/1268/1149
f 1163/1282/1162 1150/1268/1149 1151/1269/1150
f 1164/1283/1163 1151/1269/1150 1152/1270/1151
f 1165/1284/1164 1152/1270/1151 1153/1271/1152
f 1166/1285/1165 1153/1271/1152 1154/1272/1153
f 1167/1286/1166 1166/1285/1165 1155/1273/1154
f 1156/1275/1155 1167/1287/1166 1155/1274/1154
f 1157/1276/1156 1168/1288/1167 1156/1275/1155
f 1158/1277/1157 1169/1289/1168 1157/1276/1156
f 1159/1278/1158 1170/1290/1169 1158/1277/1157
f 1160/1280/1160 1171/1291/1170 1159/1278/1158
f 1161/1292/1171 1172/1293/1172 1160/1280/1160
f 1174/1294/1173 1161/1292/1171 1162/1281/1161
f 1175/1295/1174 1162/1281/1161 1163/1282/1162
f 1176/1296/1175 1163/1282/1162 1164/1283/1163
f 1177/1297/1176 1164/1283/1163 1165/1284/1164
f 1178/1298/1177 1165/1284/1164 1166/1285/1165
f 1179/1299/1178 1178/1298/1177 1167/1286/1166
f 1180/1300/1179 1167/1287/1166 1168/1288/1167
f 1169/1289/1168 1180/1300/1179 1168/1288/1167
f 1170/1290/1169 1181/1301/1180 1169/1289/1168
f 1171/1291/1170 1182/1302/1181 1170/1290/1169
f 1172/1293/1172 1183/1303/1182 1171/1291/1170
f 1173/1304/1183 1184/1305/1184 1172/1293/1172
f 1174/1294/1173 1185/1306/1185 1173/1304/1183
f 1187/1307/1186 1174/1294/1173 1175/1295/1174
f 1188/1308/1187 1175/1295/1174 1176/1296/1175
f 1189/1309/1188 1176/1296/1175 1177/1297/1176
f 1190/1310/1189 1177/1297/1176 1178/1298/1177
f 1191/1311/1190 1190/1310/1189 1179/1299/1178
f 1192/1312/1191 1179/1313/1178 1180/1300/1179
f 1193/1314/1192 1180/1300/1179 1181/1301/1180
f 1194/1315/1193 1181/1301/1180 1182/1302/1181
f 1195/1316/1194 1182/1302/1181 1183/1303/1182
f 1184/1305/1184 1195/1316/1194 1183/1303/1182
f 1185/1306/1185 1196/1317/1195 1184/1305/1184
f 1186/1318/1196 1197/1319/1197 1185/1306/1185
f 1187/1307/1186 1198/1320/1198 1186/1318/1196
f 1188/1308/1187 1199/1321/1199 1187/1307/1186
f 1201/1322/1200 1188/1308/1187 1189/1309/1188
f 1202/1323/1201 1189/1309/1188 1190/1310/1189
f 1203/1324/1202 1202/1323/1201 1191/1311/1190
f 1204/1325/1203 1191/1326/1190 1192/1312/1191
f 1205/1327/1204 1192/1312/1191 1193/1314/1192
f 1206/1328/1205 1193/1314/1192 1194/1315/1193
f 1207/1329/1206 1194/1315/1193 1195/1316/1194
f 1208/1330/1207 1195/1316/1194 1196/1317/1195
f 1197/1319/1197 1208/1330/1207 1196/1317/1195
f 1198/1320/1198 1209/1331/1208 1197/1319/1197
f 1199/1321/1199 1210/1332/1209 1198/1320/1198
f 1200/1333/1210 1211/1334/1211 1199/1321/1199
f 1201/1322/1200 1212/1335/1212 1200/1333/1210
f 1214/1336/1213 1201/1322/1200 1202/1323/1201
f 1215/1337/1214 1214/1336/1213 1203/1324/1202
f 1216/1338/1215 1203/1339/1202 1204/1325/1203
f 1217/1340/1216 1204/1325/1203 1205/1327/1204
f 1218/1341/1217 1205/1327/1204 1206/1328/1205
f 1219/1342/1218 1206/1328/1205 1207/1329/1206
f 1220/1343/1219 1207/1329/1206 1208/1330/1207
f 1209/1331/1208 1220/1343/1219 1208/1330/1207
f 1210/1332/1209 1221/1344/1220 1209/1331/1208
f 1211/1334/1211 1222/1345/1221 1210/1332/1209
f 1212/1335/1212 1223/1346/1222 1211/1334/1211
f 1213/1347/1223 1224/1348/1224 1212/1335/1212
f 1226/1349/1225 1213/1347/1223 1214/1336/1213
f 1227/1350/1226 1226/1349/1225 1215/1337/1214
f 1228/1351/1227 1215/1352/1214 1216/1338/1215
f 1229/1353/1228 1216/1338/1215 1217/1340/1216
f 1230/1354/1229 1217/1340/1216 1218/1341/1217
f 1231/1355/1230 1218/1341/1217 1219/1342/1218
f 1232/1356/1231 1219/1342/1218 1220/1343/1219
f 1221/1344/1220 1232/1356/1231 1220/1343/1219
f 1222/1345/1221 1233/1357/1232 1221/1344/1220
f 1223/1346/1222 1234/1358/1233 1222/1345/1221
f 1224/1348/1224 1235/1359/1234 1223/1346/1222
f 1225/1360/1235 1236/1361/1236 1224/1348/1224
f 1238/1362/1237 1225/1360/1235 1226/1349/1225
f 1239/1363/1238 1238/1362/1237 1227/1350/1226
f 1240/1364/1239 1227/1365/1226 1228/1351/1227
f 1241/1366/1240 1228/1351/1227 1229/1353/1228
f 1242/1367/1241 1229/1353/1228 1230/1354/1229
f 1243/1368/1242 1230/1354/1229 1231/1355/1230
f 1244/1369/1243 1231/1355/1230 1232/1356/1231
f 1233/1357/1232 1244/1369/1243 1232/1356/1231
f 1234/1358/1233 1245/1370/1244 1233/1357/1232
f 1235/1359/1234 1246/1371/1245 1234/1358/1233
f 1236/1361/1236 1247/1372/1246 1235/1359/1234
f 1237/1373/1247 1248/1374/1248 1236/1361/1236
f 1250/1375/1249 1237/1373/1247 1238/1362/1237
f 1251/1376/1250 1250/1375/1249 1239/1363/1238
f 1252/1377/1251 1239/1378/1238 1240/1364/1239
f 1253/1379/1252 1240/1364/1239 1241/1366/1240
f 1242/1367/1241 1253/1379/1252 1241/1366/1240
f 1243/1368/1242 1254/1380/1253 1242/1367/1241
f 1244/1369/1243 1255/1381/1254 1243/1368/1242
f 1245/1370/1244 1256/1382/1255 1244/1369/1243
f 1246/1371/1245 1257/1383/1256 1245/1370/1244
f 1247/1372/1246 1258/1384/1257 1246/1371/1245
f 1248/1374/1248 1259/1385/1258 1247/1372/1246
f 1261/1386/1259 1248/1374/1248 1249/1387/1260
f 1262/1388/1261 1249/1387/1260 1250/1375/1249
f 1263/1389/1262 1262/1388/1261 1251/1376/1250
f 1252/1377/1251 1263/1390/1262 1251/1391/1250
f 1253/1379/1252 1264/1392/1263 1252/1377/1251
f 1254/1380/1253 1265/1393/1264 1253/1379/1252
f 1255/1381/1254 1266/1394/1265 1254/1380/1253
f 1256/1382/1255 1267/1395/1266 1255/1381/1254
f 1257/1383/1256 1268/1396/1267 1256/1382/1255
f 1258/1384/1257 1269/1397/1268 1257/1383/1256
f 1271/1398/1269 1258/1384/1257 1259/1385/1258
f 1272/1399/1270 1259/1385/1258 1260/1400/1271
f 1273/1401/1272 1260/1400/1271 1261/1386/1259
f 1274/1402/1273 1261/1386/1259 1262/1388/1261
f 1275/1403/1274 1274/1402/1273 1263/1389/1262
f 1264/1392/1263 1275/1404/1274 1263/1390/1262
f 1265/1393/1264 1276/1405/1275 1264/1392/1263
f 1266/1394/1265 1277/1406/1276 1265/1393/1264
f 1267/1395/1266 1278/1407/1277 1266/1394/1265
f 1268/1396/1267 1279/1408/1278 1267/1395/1266
f 1269/1397/1268 1280/1409/1279 1268/1396/1267
f 1282/1410/1280 1269/1397/1268 1270/1411/1281
f 1283/1412/1282 1270/1411/1281 1271/1398/1269
f 1284/1413/1283 1271/1398/1269 1272/1399/1270
f 1285/1414/1284 1272/1399/1270 1273/1401/1272
f 1286/1415/1285 1273/1401/1272 1274/1402/1273
f 1287/1416/1286 1286/1415/1285 1275/1403/1274
f 1276/1405/1275 1287/1417/1286 1275/1404/1274
f 1277/1406/1276 1288/1418/1287 1276/1405/1275
f 1278/1407/1277 1289/1419/1288 1277/1406/1276
f 1279/1408/1278 1290/1420/1289 1278/1407/1277
f 1280/1409/1279 1291/1421/1290 1279/1408/1278
f 1281/1422/1291 1292/1423/1292 1280/1409/1279
f 1294/1424/1293 1281/1422/1291 1282/1410/1280
f 1295/1425/1294 1282/1410/1280 1283/1412/1282
f 1296/1426/1295 1283/1412/1282 1284/1413/1283
f 1297/1427/1296 1284/1413/1283 1285/1414/1284
f 1298/1428/1297 1285/1414/1284 1286/1415/1285
f 1299/1429/1298 1298/1428/1297 1287/1416/1286
f 1288/1418/1287 1299/1430/1298 1287/1417/1286
f 1289/1419/1288 1300/1431/1299 1288/1418/1287
f 1290/1420/1289 1301/1432/1300 1289/1419/1288
f 1291/1421/1290 1302/1433/1301 1290/1420/1289
f 1292/1423/1292 1303/1434/1302 1291/1421/1290
f 1293/1435/1303 1304/1436/1304 1292/1423/1292
f 1306/1437/1305 1293/1435/1303 1294/1424/1293
f 1307/1438/1306 1294/1424/1293 1295/1425/1294
f 1308/1439/1307 1295/1425/1294 1296/1426/1295
f 1309/1440/1308 1296/1426/1295 1297/1427/1296
f 1310/1441/1309 1297/1427/1296 1298/1428/1297
f 1311/1442/1310 1310/1441/1309 1299/1429/1298
f 1300/1431/1299 1311/1443/1310 1299/1430/1298
f 1301/1432/1300 1312/1444/1311 1300/1431/1299
f 1302/1433/1301 1313/1445/1312 1301/1432/1300
f 1303/1434/1302 1314/1446/1313 1302/1433/1301
f 1304/1436/1304 1315/1447/1314 1303/1434/1302
f 1305/1448/1315 1316/1449/1316 1304/1436/1304
f 1318/1450/1317 1305/1448/1315 1306/1437/1305
f 1319/1451/1318 1306/1437/1305 1307/1438/1306
f 1320/1452/1319 1307/1438/1306 1308/1439/1307
f 1321/1453/1320 1308/1439/1307 1309/1440/1308
f 1322/1454/1321 1309/1440/1308 1310/1441/1309
f 1323/1455/1322 1322/1454/1321 1311/1442/1310
f 1312/1444/1311 1323/1456/1322 1311/1443/1310
f 1313/1445/1312 1324/1457/1323 1312/1444/1311
f 1314/1446/1313 1325/1458/1324 1313/1445/1312
f 1315/1447/1314 1326/1459/1325 1314/1446/1313
f 1316/1449/1316 1327/1460/1326 1315/1447/1314
f 1317/1461/1327 1328/1462/1328 1316/1449/1316
f 1330/1463/1329 1317/1461/1327 1318/1450/1317
f 1331/1464/1330 1318/1450/1317 1319/1451/1318
f 1332/1465/1331 1319/1451/1318 1320/1452/1319
f 1333/1466/1332 1320/1452/1319 1321/1453/1320
f 1334/1467/1333 1321/1453/1320 1322/1454/1321
f 1335/1468/1334 1334/1467/1333 1323/1455/1322
f 1324/1457/1323 1335/1469/1334 1323/1456/1322
f 1325/1458/1324 1336/1470/1335 1324/1457/1323
f 1326/1459/1325 1337/1471/1336 1325/1458/1324
f 1327/1460/1326 1338/1472/1337 1326/1459/1325
f 1328/1462/1328 1339/1473/1338 1327/1460/1326
f 1329/1474/1339 1340/1475/1340 1328/1462/1328
f 1342/1476/1341 1329/1474/1339 1330/1463/1329
f 1343/1477/1342 1330/1463/1329 1331/1464/1330
f 1344/1478/1343 1331/1464/1330 1332/1465/1331
f 1345/1479/1344 1332/1465/1331 1333/1466/1332
f 1346/1480/1345 1333/1466/1332 1334/1467/1333
f 1347/1481/1346 1346/1480/1345 1335/1468/1334
f 1348/1482/1347 1335/1469/1334 1336/1470/1335
f 1337/1471/1336 1348/1482/1347 1336/1470/1335
f 1338/1472/1337 1349/1483/1348 1337/1471/1336
f 1339/1473/1338 1350/1484/1349 1338/1472/1337
f 1340/1475/1340 1351/1485/1350 1339/1473/1338
f 1341/1486/1351 1352/1487/1352 1340/1475/1340
f 1342/1476/1341 1353/1488/1353 1341/1486/1351
f 1355/1489/1354 1342/1476/1341 1343/1477/1342
f 1356/1490/1355 1343/1477/1342 1344/1478/1343
f 1357/1491/1356 1344/1478/1343 1345/1479/1344
f 1358/1492/1357 1345/1479/1344 1346/1480/1345
f 1359/1493/1358 1358/1492/1357 1347/1481/1346
f 1360/1494/1359 1347/1495/1346 1348/1482/1347
f 1361/1496/1360 1348/1482/1347 1349/1483/1348
f 1362/1497/1361 1349/1483/1348 1350/1484/1349
f 1363/1498/1362 1350/1484/1349 1351/1485/1350
f 1352/1487/1352 1363/1498/1362 1351/1485/1350
f 1353/1488/1353 1364/1499/1363 1352/1487/1352
f 1354/1500/1364 1365/1501/1365 1353/1488/1353
f 1355/1489/1354 1366/1502/1366 1354/1500/1364
f 1356/1490/1355 1367/1503/1367 1355/1489/1354
f 1357/1491/1356 1368/1504/1368 1356/1490/1355
f 1358/1492/1357 1369/1505/1369 1357/1491/1356
f 1359/1493/1358 1382/1506/1370 1370/1507/1371
f 1372/1508/1372 1359/1509/1358 1360/1494/1359
f 1373/1510/1373 1360/1494/1359 1361/1496/1360
f 1374/1511/1374 1361/1496/1360 1362/1497/1361
f 1375/1512/1375 1362/1497/1361 1363/1498/1362
f 1376/1513/1376 1363/1498/1362 1364/1499/1363
f 1365/1501/1365 1376/1513/1376 1364/1499/1363
f 1366/1502/1366 1377/1514/1377 1365/1501/1365
f 1367/1503/1367 1378/1515/1378 1366/1502/1366
f 1368/1504/1368 1379/1516/1379 1367/1503/1367
f 1369/1505/1369 1380/1517/1380 1368/1504/1368
f 1370/1507/1371 1381/1518/1381 1369/1505/1369
f 1371/1519/1382 1394/1520/1383 1382/1506/1370
f 1384/1521/1384 1371/1522/1382 1372/1508/1372
f 1385/1523/1385 1372/1508/1372 1373/1510/1373
f 1386/1524/1386 1373/1510/1373 1374/1511/1374
f 1387/1525/1387 1374/1511/1374 1375/1512/1375
f 1388/1526/1388 1375/1512/1375 1376/1513/1376
f 1389/1527/1389 1376/1513/1376 1377/1514/1377
f 1378/1515/1378 1389/1527/1389 1377/1514/1377
f 1379/1516/1379 1390/1528/1390 1378/1515/1378
f 1380/1517/1380 1391/1529/1391 1379/1516/1379
f 1381/1518/1381 1392/1530/1392 1380/1517/1380
f 1382/1506/1370 1393/1531/1393 1381/1518/1381
f 1383/1532/1394 1406/1533/1395 1394/1520/1383
f 1396/1534/1396 1383/1535/1394 1384/1521/1384
f 1397/1536/1397 1384/1521/1384 1385/1523/1385
f 1398/1537/1398 1385/1523/1385 1386/1524/1386
f 1399/1538/1399 1386/1524/1386 1387/1525/1387
f 1400/1539/1400 1387/1525/1387 1388/1526/1388
f 1401/1540/1401 1388/1526/1388 1389/1527/1389
f 1390/1528/1390 1401/1540/1401 1389/1527/1389
f 1391/1529/1391 1402/1541/1402 1390/1528/1390
f 1392/1530/1392 1403/1542/1403 1391/1529/1391
f 1393/1531/1393 1404/1543/1404 1392/1530/1392
f 1394/1520/1383 1405/1544/1405 1393/1531/1393
f 1395/1545/1406 1418/1546/1407 1406/1533/1395
f 1408/1547/1408 1395/1548/1406 1396/1534/1396
f 1409/1549/1409 1396/1534/1396 1397/1536/1397
f 1410/1550/1410 1397/1536/1397 1398/1537/1398
f 1411/1551/1411 1398/1537/1398 1399/1538/1399
f 1412/1552/1412 1399/1538/1399 1400/1539/1400
f 1413/1553/1413 1400/1539/1400 1401/1540/1401
f 1402/1541/1402 1413/1553/1413 1401/1540/1401
f 1403/1542/1403 1414/1554/1414 1402/1541/1402
f 1404/1543/1404 1415/1555/1415 1403/1542/1403
f 1405/1544/1405 1416/1556/1416 1404/1543/1404
f 1406/1533/1395 1417/1557/1417 1405/1544/1405
f 1407/1558/1418 1430/1559/1419 1418/1546/1407
f 1420/1560/1420 1407/1561/1418 1408/1547/1408
f 1421/1562/1421 1408/1547/1408 1409/1549/1409
f 1422/1563/1422 1409/1549/1409 1410/1550/1410
f 1423/1564/1423 1410/1550/1410 1411/1551/1411
f 1424/1565/1424 1411/1551/1411 1412/1552/1412
f 1425/1566/1425 1412/1552/1412 1413/1553/1413
f 1414/1554/1414 1425/1566/1425 1413/1553/1413
f 1415/1555/1415 1426/1567/1426 1414/1554/1414
f 1416/1556/1416 1427/1568/1427 1415/1555/1415
f 1417/1557/1417 1428/1569/1428 1416/1556/1416
f 1418/1546/1407 1429/1570/1429 1417/1557/1417
f 1419/1571/1430 1442/1572/1431 1430/1559/1419
f 1432/1573/1432 1419/1574/1430 1420/1560/1420
f 1433/1575/1433 1420/1560/1420 1421/1562/1421
f 1434/1576/1434 1421/1562/1421 1422/1563/1422
f 1435/1577/1435 1422/1563/1422 1423/1564/1423
f 1436/1578/1436 1423/1564/1423 1424/1565/1424
f 1437/1579/1437 1424/1565/1424 1425/1566/1425
f 1426/1567/1426 1437/1579/1437 1425/1566/1425
f 1427/1568/1427 1438/1580/1438 1426/1567/1426
f 1428/1569/1428 1439/1581/1439 1427/1568/1427
f 1429/1570/1429 1440/1582/1440 1428/1569/1428
f 1430/1559/1419 1441/1583/1441 1429/1570/1429
f 1431/1584/1442 1454/1585/1443 1442/1572/1431
f 1444/1586/1444 1431/1587/1442 1432/1573/1432
f 1445/1588/1445 1432/1573/1432 1433/1575/1433
f 1446/1589/1446 1433/1575/1433 1434/1576/1434
f 1447/1590/1447 1434/1576/1434 1435/1577/1435
f 1448/1591/1448 1435/1577/1435 1436/1578/1436
f 1449/1592/1449 1436/1578/1436 1437/1579/1437
f 1438/1580/1438 1449/1592/1449 1437/1579/1437
f 1439/1581/1439 1450/1593/1450 1438/1580/1438
f 1440/1582/1440 1451/1594/1451 1439/1581/1439
f 1441/1583/1441 1452/1595/1452 1440/1582/1440
f 1442/1572/1431 1453/1596/1453 1441/1583/1441
f 1443/1597/1454 1466/1598/1455 1454/1585/1443
f 1456/1599/1456 1443/1600/1454 1444/1586/1444
f 1457/1601/1457 1444/1586/1444 1445/1588/1445
f 1458/1602/1458 1445/1588/1445 1446/1589/1446
f 1459/1603/1459 1446/1589/1446 1447/1590/1447
f 1460/1604/1460 1447/1590/1447 1448/1591/1448
f 1461/1605/1461 1448/1591/1448 1449/1592/1449
f 1450/1593/1450 1461/1605/1461 1449/1592/1449
f 1451/1594/1451 1462/1606/1462 1450/1593/1450
f 1452/1595/1452 1463/1607/1463 1451/1594/1451
f 1453/1596/1453 1464/1608/1464 1452/1595/1452
f 1454/1585/1443 1465/1609/1465 1453/1596/1453
f 1455/1610/1466 1478/1611/1467 1466/1598/1455
f 1468/1612/1468 1455/1613/1466 1456/1599/1456
f 1469/1614/1469 1456/1599/1456 1457/1601/1457
f 1470/1615/1470 1457/1601/1457 1458/1602/1458
f 1471/1616/1471 1458/1602/1458 1459/1603/1459
f 1472/1617/1472 1459/1603/1459 1460/1604/1460
f 1473/1618/1473 1460/1604/1460 1461/1605/1461
f 1462/1606/1462 1473/1618/1473 1461/1605/1461
f 1463/1607/1463 1474/1619/1474 1462/1606/1462
f 1464/1608/1464 1475/1620/1475 1463/1607/1463
f 1465/1609/1465 1476/1621/1476 1464/1608/1464
f 1466/1598/1455 1477/1622/1477 1465/1609/1465
f 1467/1623/1478 1490/1624/1479 1478/1611/1467
f 1480/1625/1480 1467/1626/1478 1468/1612/1468
f 1481/1627/1481 1468/1612/1468 1469/1614/1469
f 1482/1628/1482 1469/1614/1469 1470/1615/1470
f 1483/1629/1483 1470/1615/1470 1471/1616/1471
f 1484/1630/1484 1471/1616/1471 1472/1617/1472
f 1485/1631/1485 1472/1617/1472 1473/1618/1473
f 1474/1619/1474 1485/1631/1485 1473/1618/1473
f 1475/1620/1475 1486/1632/1486 1474/1619/1474
f 1476/1621/1476 1487/1633/1487 1475/1620/1475
f 1477/1622/1477 1488/1634/1488 1476/1621/1476
f 1478/1611/1467 1489/1635/1489 1477/1622/1477
f 1491/1636/1490 1490/1624/1479 1479/1637/1491
f 1492/1638/1492 1479/1639/1491 1480/1625/1480
f 1493/1640/1493 1480/1625/1480 1481/1627/1481
f 1494/1641/1494 1481/1627/1481 1482/1628/1482
f 1495/1642/1495 1482/1628/1482 1483/1629/1483
f 1496/1643/1496 1483/1629/1483 1484/1630/1484
f 1485/1631/1485 1496/1643/1496 1484/1630/1484
f 1486/1632/1486 1497/1644/1497 1485/1631/1485
f 1487/1633/1487 1498/1645/1498 1486/1632/1486
f 1488/1634/1488 1499/1646/1499 1487/1633/1487
f 1489/1635/1489 1500/1647/1500 1488/1634/1488
f 1490/1624/1479 1501/1648/1501 1489/1635/1489
f 1503/1649/1502 1502/1650/1503 1491/1636/1490
f 1504/1651/1504 1491/1652/1490 1492/1638/1492
f 1505/1653/1505 1492/1638/1492 1493/1640/1493
f 1506/1654/1506 1493/1640/1493 1494/1641/1494
f 1507/1655/1507 1494/1641/1494 1495/1642/1495
f 1496/1643/1496 1507/1655/1507 1495/1642/1495
f 1497/1644/1497 1508/1656/1508 1496/1643/1496
f 1498/1645/1498 1509/1657/1509 1497/1644/1497
f 1499/1646/1499 1510/1658/1510 1498/1645/1498
f 1500/1647/1500 1511/1659/1511 1499/1646/1499
f 1501/1648/1501 1512/1660/1512 1500/1647/1500
f 1514/1661/1513 1501/1648/1501 1502/1650/1503
f 1515/1662/1514 1514/1661/1513 1503/1649/1502
f 1516/1663/1515 1503/1664/1502 1504/1651/1504
f 1505/1653/1505 1516/1663/1515 1504/1651/1504
f 1506/1654/1506 1517/1665/1516 1505/1653/1505
f 1507/1655/1507 1518/1666/1517 1506/1654/1506
f 1508/1656/1508 1519/1667/1518 1507/1655/1507
f 1509/1657/1509 1520/1668/1519 1508/1656/1508
f 1510/1658/1510 1521/1669/1520 1509/1657/1509
f 1523/1670/1521 1510/1658/1510 1511/1659/1511
f 1524/1671/1522 1511/1659/1511 1512/1660/1512
f 1525/1672/1523 1512/1660/1512 1513/1673/1524
f 1526/1674/1525 1513/1673/1524 1514/1661/1513
f 1527/1675/1526 1526/1674/1525 1515/1662/1514
f 1528/1676/1527 1515/1677/1514 1516/1663/1515
f 1517/1665/1516 1528/1676/1527 1516/1663/1515
f 1518/1666/1517 1529/1678/1528 1517/1665/1516
f 1519/1667/1518 1530/1679/1529 1518/1666/1517
f 1520/1668/1519 1531/1680/1530 1519/1667/1518
f 1521/1669/1520 1532/1681/1531 1520/1668/1519
f 1522/1682/1532 1533/1683/1533 1521/1669/1520
f 1535/1684/1534 1522/1682/1532 1523/1670/1521
f 1536/1685/1535 1523/1670/1521 1524/1671/1522
f 1537/1686/1536 1524/1671/1522 1525/1672/1523
f 1538/1687/1537 1525/1672/1523 1526/1674/1525
f 1539/1688/1538 1538/1687/1537 1527/1675/1526
f 1528/1676/1527 1539/1689/1538 1527/1690/1526
f 1529/1678/1528 1540/1691/1539 1528/1676/1527
f 1530/1679/1529 1541/1692/1540 1529/1678/1528
f 1531/1680/1530 1542/1693/1541 1530/1679/1529
f 1532/1681/1531 1543/1694/1542 1531/1680/1530
f 1533/1683/1533 1544/1695/1543 1532/1681/1531
f 1534/1696/1544 1545/1697/1545 1533/1683/1533
f 1547/1698/1546 1534/1696/1544 1535/1684/1534
f 1548/1699/1547 1535/1684/1534 1536/1685/1535
f 1549/1700/1548 1536/1685/1535 1537/1686/1536
f 1550/1701/1549 1537/1686/1536 1538/1687/1537
f 1551/1702/1550 1550/1701/1549 1539/1688/1538
f 1540/1691/1539 1551/1703/1550 1539/1689/1538
f 1541/1692/1540 1552/1704/1551 1540/1691/1539
f 1542/1693/1541 1553/1705/1552 1541/1692/1540
f 1543/1694/1542 1554/1706/1553 1542/1693/1541
f 1544/1695/1543 1555/1707/1554 1543/1694/1542
f 1545/1697/1545 1556/1708/1555 1544/1695/1543
f 1558/1709/1556 1545/1697/1545 1546/1710/1557
f 1559/1711/1558 1546/1710/1557 1547/1698/1546
f 1560/1712/1559 1547/1698/1546 1548/1699/1547
f 1561/1713/1560 1548/1699/1547 1549/1700/1548
f 1562/1714/1561 1549/1700/1548 1550/1701/1549
f 1563/1715/1562 1562/1714/1561 1551/1702/1550
f 1552/1704/1551 1563/1716/1562 1551/1703/1550
f 1553/1705/1552 1564/1717/1563 1552/1704/1551
f 1554/1706/1553 1565/1718/1564 1553/1705/1552
f 1555/1707/1554 1566/1719/1565 1554/1706/1553
f 1556/1708/1555 1567/1720/1566 1555/1707/1554
f 1557/1721/1567 1568/1722/1568 1556/1708/1555
f 1570/1723/1569 1557/1721/1567 1558/1709/1556
f 1571/1724/1570 1558/1709/1556 1559/1711/1558
f 1572/1725/1571 1559/1711/1558 1560/1712/1559
f 1573/1726/1572 1560/1712/1559 1561/1713/1560
f 1574/1727/1573 1561/1713/1560 1562/1714/1561
f 1575/1728/1574 1574/1727/1573 1563/1715/1562
f 1564/1717/1563 1575/1729/1574 1563/1716/1562
f 1565/1718/1564 1576/1730/1575 1564/1717/1563
f 1566/1719/1565 1577/1731/1576 1565/1718/1564
f 1567/1720/1566 1578/1732/1577 1566/1719/1565
f 1568/1722/1568 1579/1733/1578 1567/1720/1566
f 1569/1734/1579 1580/1735/1580 1568/1722/1568
f 1582/1736/1581 1569/1734/1579 1570/1723/1569
f 1583/1737/1582 1570/1723/1569 1571/1724/1570
f 1584/1738/1583 1571/1724/1570 1572/1725/1571
f 1585/1739/1584 1572/1725/1571 1573/1726/1572
f 1586/1740/1585 1573/1726/1572 1574/1727/1573
f 1587/1741/1586 1586/1740/1585 1575/1728/1574
f 1576/1730/1575 1587/1742/1586 1575/1729/1574
f 1577/1731/1576 1588/1743/1587 1576/1730/1575
f 1578/1732/1577 1589/1744/1588 1577/1731/1576
f 1579/1733/1578 1590/1745/1589 1578/1732/1577
f 1580/1735/1580 1591/1746/1590 1579/1733/1578
f 1581/1747/1591 1592/1748/1592 1580/1735/1580
f 1594/1749/1593 1581/1747/1591 1582/1736/1581
f 1595/1750/1594 1582/1736/1581 1583/1737/1582
f 1596/1751/1595 1583/1737/1582 1584/1738/1583
f 1597/1752/1596 1584/1738/1583 1585/1739/1584
f 1598/1753/1597 1585/1739/1584 1586/1740/1585
f 1599/1754/1598 1598/1753/1597 1587/1741/1586
f 1588/1743/1587 1599/1755/1598 1587/1742/1586
f 1589/1744/1588 1600/1756/1599 1588/1743/1587
f 1590/1745/1589 1601/1757/1600 1589/1744/1588
f 1591/1746/1590 1602/1758/1601 1590/1745/1589
f 1592/1748/1592 1603/1759/1602 1591/1746/1590
f 1593/1760/1603 1604/1761/1604 1592/1748/1592
f 1606/1762/1605 1593/1760/1603 1594/1749/1593
f 1607/1763/1606 1594/1749/1593 1595/1750/1594
f 1608/1764/1607 1595/1750/1594 1596/1751/1595
f 1609/1765/1608 1596/1751/1595 1597/1752/1596
f 1610/1766/1609 1597/1752/1596 1598/1753/1597
f 1611/1767/1610 1610/1766/1609 1599/1754/1598
f 1600/1756/1599 1611/1768/1610 1599/1755/1598
f 1601/1757/1600 1612/1769/1611 1600/1756/1599
f 1602/1758/1601 1613/1770/1612 1601/1757/1600
f 1603/1759/1602 1614/1771/1613 1602/1758/1601
f 1604/1761/1604 1615/1772/1614 1603/1759/1602
f 1605/1773/1615 1616/1774/1616 1604/1761/1604
f 1618/1775/1617 1605/1773/1615 1606/1762/1605
f 1619/1776/1618 1606/1762/1605 1607/1763/1606
f 1620/1777/1619 1607/1763/1606 1608/1764/1607
f 1621/1778/1620 1608/1764/1607 1609/1765/1608
f 1622/1779/1621 1609/1765/1608 1610/1766/1609
f 1623/1780/1622 1622/1779/1621 1611/1767/1610
f 1612/1769/1611 1623/1781/1622 1611/1768/1610
f 1613/1770/1612 1624/1782/1623 1612/1769/1611
f 1614/1771/1613 1625/1783/1624 1613/1770/1612
f 1615/1772/1614 1626/1784/1625 1614/1771/1613
f 1616/1774/1616 1627/1785/1626 1615/1772/1614
f 1617/1786/1627 1628/1787/1628 1616/1774/1616
f 1630/1788/1629 1617/1786/1627 1618/1775/1617
f 1631/1789/1630 1618/1775/1617 1619/1776/1618
f 1632/1790/1631 1619/1776/1618 1620/1777/1619
f 1633/1791/1632 1620/1777/1619 1621/1778/1620
f 1634/1792/1633 1621/1778/1620 1622/1779/1621
f 1635/1793/1634 1634/1792/1633 1623/1780/1622
f 1624/1782/1623 1635/1794/1634 1623/1781/1622
f 1625/1783/1624 1636/1795/1635 1624/1782/1623
f 1626/1784/1625 1637/1796/1636 1625/1783/1624
f 1627/1785/1626 1638/1797/1637 1626/1784/1625
f 1628/1787/1628 1639/1798/1638 1627/1785/1626
f 1629/1799/1639 1640/1800/1640 1628/1787/1628
f 1642/1801/1641 1629/1799/1639 1630/1788/1629
f 1643/1802/1642 1630/1788/1629 1631/1789/1630
f 1644/1803/1643 1631/1789/1630 1632/1790/1631
f 1645/1804/1644 1632/1790/1631 1633/1791/1632
f 1646/1805/1645 1633/1791/1632 1634/1792/1633
f 1647/1806/1646 1646/1805/1645 1635/1793/1634
f 1636/1795/1635 1647/1807/1646 1635/1794/1634
f 1637/1796/1636 1648/1808/1647 1636/1795/1635
f 1638/1797/1637 1649/1809/1648 1637/1796/1636
f 1639/1798/1638 1650/1810/1649 1638/1797/1637
f 1640/1800/1640 1651/1811/1650 1639/1798/1638
f 1641/1812/1651 1652/1813/1652 1640/1800/1640
f 1642/1801/1641 1653/1814/1653 1641/1812/1651
f 1655/1815/1654 1642/1801/1641 1643/1802/1642
f 1656/1816/1655 1643/1802/1642 1644/1803/1643
f 1657/1817/1656 1644/1803/1643 1645/1804/1644
f 1658/1818/1657 1645/1804/1644 1646/1805/1645
f 1659/1819/1658 1658/1818/1657 1647/1806/1646
f 1648/1808/1647 1659/1820/1658 1647/1807/1646
f 1649/1809/1648 1660/1821/1659 1648/1808/1647
f 1650/1810/1649 1661/1822/1660 1649/1809/1648
f 1651/1811/1650 1662/1823/1661 1650/1810/1649
f 1652/1813/1652 1663/1824/1662 1651/1811/1650
f 1653/1814/1653 1664/1825/1663 1652/1813/1652
f 1654/1826/1664 1665/1827/1665 1653/1814/1653
f 1667/1828/1666 1654/1826/1664 1655/1815/1654
f 1668/1829/1667 1655/1815/1654 1656/1816/1655
f 1669/1830/1668 1656/1816/1655 1657/1817/1656
f 1670/1831/1669 1657/1817/1656 1658/1818/1657
f 1671/1832/1670 1670/1831/1669 1659/1819/1658
f 1672/1833/1671 1659/1820/1658 1660/1821/1659
f 1661/1822/1660 1672/1833/1671 1660/1821/1659
f 1662/1823/1661 1673/1834/1672 1661/1822/1660
f 1663/1824/1662 1674/1835/1673 1662/1823/1661
f 1664/1825/1663 1675/1836/1674 1663/1824/1662
f 1665/1827/1665 1676/1837/1675 1664/1825/1663
f 1666/1838/1676 1677/1839/1677 1665/1827/1665
f 1667/1828/1666 1678/1840/1678 1666/1838/1676
f 1668/1829/1667 1679/1841/1679 1667/1828/1666
f 1681/1842/1680 1668/1829/1667 1669/1830/1668
f 1682/1843/1681 1669/1830/1668 1670/1831/1669
f 1683/1844/1682 1682/1843/1681 1671/1832/1670
f 1684/1845/1683 1671/1846/1670 1672/1833/1671
f 1685/1847/1684 1672/1833/1671 1673/1834/1672
f 1686/1848/1685 1673/1834/1672 1674/1835/1673
f 1687/1849/1686 1674/1835/1673 1675/1836/1674
f 1688/1850/1687 1675/1836/1674 1676/1837/1675
f 1689/1851/1688 1676/1837/1675 1677/1839/1677
f 1678/1840/1678 1689/1851/1688 1677/1839/1677
f 1679/1841/1679 1690/1852/1689 1678/1840/1678
f 1680/1853/1690 1691/1854/1691 1679/1841/1679
f 1681/1842/1680 1692/1855/1692 1680/1853/1690
f 1682/1843/1681 1693/1856/1693 1681/1842/1680
f 1683/1844/1682 1706/1857/1694 1694/1858/1695
f 1696/1859/1696 1683/1860/1682 1684/1845/1683
f 1697/1861/1697 1684/1845/1683 1685/1847/1684
f 1698/1862/1698 1685/1847/1684 1686/1848/1685
f 1699/1863/1699 1686/1848/1685 1687/1849/1686
f 1700/1864/1700 1687/1849/1686 1688/1850/1687
f 1701/1865/1701 1688/1850/1687 1689/1851/1688
f 1690/1852/1689 1701/1865/1701 1689/1851/1688
f 1691/1854/1691 1702/1866/1702 1690/1852/1689
f 1692/1855/1692 1703/1867/1703 1691/1854/1691
f 1693/1856/1693 1704/1868/1704 1692/1855/1692
f 1694/1858/1695 1705/1869/1705 1693/1856/1693
f 1695/1870/1706 1718/1871/1707 1706/1857/1694
f 1708/1872/1708 1695/1873/1706 1696/1859/1696
f 1709/1874/1709 1696/1859/1696 1697/1861/1697
f 1710/1875/1710 1697/1861/1697 1698/1862/1698
f 1711/1876/1711 1698/1862/1698 1699/1863/1699
f 1712/1877/1712 1699/1863/1699 1700/1864/1700
f 1713/1878/1713 1700/1864/1700 1701/1865/1701
f 1702/1866/1702 1713/1878/1713 1701/1865/1701
f 1703/1867/1703 1714/1879/1714 1702/1866/1702
f 1704/1868/1704 1715/1880/1715 1703/1867/1703
f 1705/1869/1705 1716/1881/1716 1704/1868/1704
f 1706/1857/1694 1717/1882/1717 1705/1869/1705
f 1707/1883/1718 1730/1884/1719 1718/1871/1707
f 1720/1885/1720 1707/1886/1718 1708/1872/1708
f 1721/1887/1721 1708/1872/1708 1709/1874/1709
f 1722/1888/1722 1709/1874/1709 1710/1875/1710
f 1723/1889/1723 1710/1875/1710 1711/1876/1711
f 1724/1890/1724 1711/1876/1711 1712/1877/1712
f 1725/1891/1725 1712/1877/1712 1713/1878/1713
f 1714/1879/1714 1725/1891/1725 1713/1878/1713
f 1715/1880/1715 1726/1892/1726 1714/1879/1714
f 1716/1881/1716 1727/1893/1727 1715/1880/1715
f 1717/1882/1717 1728/1894/1728 1716/1881/1716
f 1718/1871/1707 1729/1895/1729 1717/1882/1717
f 1719/1896/1730 1742/1897/1731 1730/1884/1719
f 1732/1898/1732 1719/1899/1730 1720/1885/1720
f 1733/1900/1733 1720/1885/1720 1721/1887/1721
f 1734/1901/1734 1721/1887/1721 1722/1888/1722
f 1735/1902/1735 1722/1888/1722 1723/1889/1723
f 1736/1903/1736 1723/1889/1723 1724/1890/1724
f 1737/1904/1737 1724/1890/1724 1725/1891/1725
f 1726/1892/1726 1737/1904/1737 1725/1891/1725
f 1727/1893/1727 1738/1905/1738 1726/1892/1726
f 1728/1894/1728 1739/1906/1739 1727/1893/1727
f 1729/1895/1729 1740/1907/1740 1728/1894/1728
f 1730/1884/1719 1741/1908/1741 1729/1895/1729
f 1731/1909/1742 1754/1910/1743 1742/1897/1731
f 1744/1911/1744 1731/1912/1742 1732/1898/1732
f 1745/1913/1745 1732/1898/1732 1733/1900/1733
f 1746/1914/1746 1733/1900/1733 1734/1901/1734
f 1747/1915/1747 1734/1901/1734 1735/1902/1735
f 1748/1916/1748 1735/1902/1735 1736/1903/1736
f 1737/1904/1737 1748/1916/1748 1736/1903/1736
f 1738/1905/1738 1749/1917/1749 1737/1904/1737
f 1739/1906/1739 1750/1918/1750 1738/1905/1738
f 1740/1907/1740 1751/1919/1751 1739/1906/1739
f 1741/1908/1741 1752/1920/1752 1740/1907/1740
f 1742/1897/1731 1753/1921/1753 1741/1908/1741
f 1755/1922/1754 1754/1910/1743 1743/1923/1755
f 1756/1924/1756 1743/1925/1755 1744/1911/1744
f 1757/1926/1757 1744/1911/1744 1745/1913/1745
f 1758/1927/1758 1745/1913/1745 1746/1914/1746
f 1759/1928/1759 1746/1914/1746 1747/1915/1747
f 1760/1929/1760 1747/1915/1747 1748/1916/1748
f 1749/1917/1749 1760/1929/1760 1748/1916/1748
f 1750/1918/1750 1761/1930/1761 1749/1917/1749
f 1751/1919/1751 1762/1931/1762 1750/1918/1750
f 1752/1920/1752 1763/1932/1763 1751/1919/1751
f 1753/1921/1753 1764/1933/1764 1752/1920/1752
f 1754/1910/1743 1765/1934/1765 1753/1921/1753
f 1767/1935/1766 1766/1936/1767 1755/1922/1754
f 1768/1937/1768 1755/1938/1754 1756/1924/1756
f 1769/1939/1769 1756/1924/1756 1757/1926/1757
f 1770/1940/1770 1757/1926/1757 1758/1927/1758
f 1759/1928/1759 1770/1940/1770 1758/1927/1758
f 1760/1929/1760 1771/1941/1771 1759/1928/1759
f 1761/1930/1761 1772/1942/1772 1760/1929/1760
f 1762/1931/1762 1773/1943/1773 1761/1930/1761
f 1763/1932/1763 1774/1944/1774 1762/1931/1762
f 1764/1933/1764 1775/1945/1775 1763/1932/1763
f 1777/1946/1776 1764/1933/1764 1765/1934/1765
f 1778/1947/1777 1765/1934/1765 1766/1936/1767
f 1779/1948/1778 1778/1947/1777 1767/1935/1766
f 1780/1949/1779 1767/1950/1766 1768/1937/1768
f 1781/1951/1780 1768/1937/1768 1769/1939/1769
f 1770/1940/1770 1781/1951/1780 1769/1939/1769
f 1771/1941/1771 1782/1952/1781 1770/1940/1770
f 1772/1942/1772 1783/1953/1782 1771/1941/1771
f 1773/1943/1773 1784/1954/1783 1772/1942/1772
f 1774/1944/1774 1785/1955/1784 1773/1943/1773
f 1775/1945/1775 1786/1956/1785 1774/1944/1774
f 1788/1957/1786 1775/1945/1775 1776/1958/1787
f 1789/1959/1788 1776/1958/1787 1777/1946/1776
f 1790/1960/1789 1777/1946/1776 1778/1947/1777
f 1791/1961/1790 1790/1960/1789 1779/1948/1778
f 1792/1962/1791 1779/1963/1778 1780/1949/1779
f 1793/1964/1792 1780/1949/1779 1781/1951/1780
f 1782/1952/1781 1793/1964/1792 1781/1951/1780
f 1783/1953/1782 1794/1965/1793 1782/1952/1781
f 1784/1954/1783 1795/1966/1794 1783/1953/1782
f 1785/1955/1784 1796/1967/1795 1784/1954/1783
f 1786/1956/1785 1797/1968/1796 1785/1955/1784
f 1799/1969/1797 1786/1956/1785 1787/1970/1798
f 1800/1971/1799 1787/1970/1798 1788/1957/1786
f 1801/1972/1800 1788/1957/1786 1789/1959/1788
f 1802/1973/1801 1789/1959/1788 1790/1960/1789
f 1803/1974/1802 1802/1973/1801 1791/1961/1790
f 1804/1975/1803 1791/1976/1790 1792/1962/1791
f 1805/1977/1804 1792/1962/1791 1793/1964/1792
f 1794/1965/1793 1805/1977/1804 1793/1964/1792
f 1795/1966/1794 1806/1978/1805 1794/1965/1793
f 1796/1967/1795 1807/1979/1806 1795/1966/1794
f 1797/1968/1796 1808/1980/1807 1796/1967/1795
f 1798/1981/1808 1809/1982/1809 1797/1968/1796
f 1811/1983/1810 1798/1981/1808 1799/1969/1797
f 1812/1984/1811 1799/1969/1797 1800/1971/1799
f 1813/1985/1812 1800/1971/1799 1801/1972/1800
f 1814/1986/1813 1801/1972/1800 1802/1973/1801
f 1815/1987/1814 1814/1986/1813 1803/1974/1802
f 1816/1988/1815 1803/1989/1802 1804/1975/1803
f 1817/1990/1816 1804/1975/1803 1805/1977/1804
f 1806/1978/1805 1817/1990/1816 1805/1977/1804
f 1807/1979/1806 1818/1991/1817 1806/1978/1805
f 1808/1980/1807 1819/1992/1818 1807/1979/1806
f 1809/1982/1809 1820/1993/1819 1808/1980/1807
f 1810/1994/1820 1821/1995/1821 1809/1982/1809
f 1823/1996/1822 1810/1994/1820 1811/1983/1810
f 1824/1997/1823 1811/1983/1810 1812/1984/1811
f 1825/1998/1824 1812/1984/1811 1813/1985/1812
f 1826/1999/1825 1813/1985/1812 1814/1986/1813
f 1827/2000/1826 1826/1999/1825 1815/1987/1814
f 1828/2001/1827 1815/2002/1814 1816/1988/1815
f 1829/2003/1828 1816/1988/1815 1817/1990/1816
f 1818/1991/1817 1829/2003/1828 1817/1990/1816
f 1819/1992/1818 1830/2004/1829 1818/1991/1817
f 1820/1993/1819 1831/2005/1830 1819/1992/1818
f 1821/1995/1821 1832/2006/1831 1820/1993/1819
f 1822/2007/1832 1833/2008/1833 1821/1995/1821
f 1835/2009/1834 1822/2007/1832 1823/1996/1822
f 1836/2010/1835 1823/1996/1822 1824/1997/1823
f 1837/2011/1836 1824/1997/1823 1825/1998/1824
f 1838/2012/1837 1825/1998/1824 1826/1999/1825
f 1839/2013/1838 1838/2012/1837 1827/2000/1826
f 1840/2014/1839 1827/2015/1826 1828/2001/1827
f 1841/2016/1840 1828/2001/1827 1829/2003/1828
f 1830/2004/1829 1841/2016/1840 1829/2003/1828
f 1831/2005/1830 1842/2017/1841 1830/2004/1829
f 1832/2006/1831 1843/2018/1842 1831/2005/1830
f 1833/2008/1833 1844/2019/1843 1832/2006/1831
f 1834/2020/1844 1845/2021/1845 1833/2008/1833
f 1835/2009/1834 1846/2022/1846 1834/2020/1844
f 1848/2023/1847 1835/2009/1834 1836/2010/1835
f 1849/2024/1848 1836/2010/1835 1837/2011/1836
f 1850/2025/1849 1837/2011/1836 1838/2012/1837
f 1851/2026/1850 1850/2025/1849 1839/2013/1838
f 1852/2027/1851 1839/2028/1838 1840/2014/1839
f 1853/2029/1852 1840/2014/1839 1841/2016/1840
f 1854/2030/1853 1841/2016/1840 1842/2017/1841
f 1843/2018/1842 1854/2030/1853 1842/2017/1841
f 1844/2019/1843 1855/2031/1854 1843/2018/1842
f 1845/2021/1845 1856/2032/1855 1844/2019/1843
f 1846/2022/1846 1857/2033/1856 1845/2021/1845
f 1847/2034/1857 1858/2035/1858 1846/2022/1846
f 1848/2023/1847 1859/2036/1859 1847/2034/1857
f 1861/2037/1860 1848/2023/1847 1849/2024/1848
f 1862/2038/1861 1849/2024/1848 1850/2025/1849
f 1863/2039/1862 1862/2038/1861 1851/2026/1850
f 1864/2040/1863 1851/2041/1850 1852/2027/1851
f 1865/2042/1864 1852/2027/1851 1853/2029/1852
f 1866/2043/1865 1853/2029/1852 1854/2030/1853
f 1867/2044/1866 1854/2030/1853 1855/2031/1854
f 1868/2045/1867 1855/2031/1854 1856/2032/1855
f 1869/2046/1868 1856/2032/1855 1857/2033/1856
f 1858/2035/1858 1869/2046/1868 1857/2033/1856
f 1859/2036/1859 1870/2047/1869 1858/2035/1858
f 1860/2048/1870 1871/2049/1871 1859/2036/1859
f 1861/2037/1860 1872/2050/1872 1860/2048/1870
f 1862/2038/1861 1873/2051/1873 1861/2037/1860
f 1863/2039/1862 1886/2052/1874 1874/2053/1875
f 1876/2054/1876 1863/2055/1862 1864/2040/1863
f 1877/2056/1877 1864/2040/1863 1865/2042/1864
f 1878/2057/1878 1865/2042/1864 1866/2043/1865
f 1879/2058/1879 1866/2043/1865 1867/2044/1866
f 1880/2059/1880 1867/2044/1866 1868/2045/1867
f 1881/2060/1881 1868/2045/1867 1869/2046/1868
f 1870/2047/1869 1881/2060/1881 1869/2046/1868
f 1871/2049/1871 1882/2061/1882 1870/2047/1869
f 1872/2050/1872 1883/2062/1883 1871/2049/1871
f 1873/2051/1873 1884/2063/1884 1872/2050/1872
f 1874/2053/1875 1885/2064/1885 1873/2051/1873
f 1875/2065/1886 1898/2066/1887 1886/2052/1874
f 1888/2067/1888 1875/2068/1886 1876/2054/1876
f 1889/2069/1889 1876/2054/1876 1877/2056/1877
f 1890/2070/1890 1877/2056/1877 1878/2057/1878
f 1891/2071/1891 1878/2057/1878 1879/2058/1879
f 1892/2072/1892 1879/2058/1879 1880/2059/1880
f 1893/2073/1893 1880/2059/1880 1881/2060/1881
f 1882/2061/1882 1893/2073/1893 1881/2060/1881
f 1883/2062/1883 1894/2074/1894 1882/2061/1882
f 1884/2063/1884 1895/2075/1895 1883/2062/1883
f 1885/2064/1885 1896/2076/1896 1884/2063/1884
f 1886/2052/1874 1897/2077/1897 1885/2064/1885
f 1887/2078/1898 1910/2079/1899 1898/2066/1887
f 1900/2080/1900 1887/2081/1898 1888/2067/1888
f 1901/2082/1901 1888/2067/1888 1889/2069/1889
f 1902/2083/1902 1889/2069/1889 1890/2070/1890
f 1903/2084/1903 1890/2070/1890 1891/2071/1891
f 1904/2085/1904 1891/2071/1891 1892/2072/1892
f 1905/2086/1905 1892/2072/1892 1893/2073/1893
f 1894/2074/1894 1905/2086/1905 1893/2073/1893
f 1895/2075/1895 1906/2087/1906 1894/2074/1894
f 1896/2076/1896 1907/2088/1907 1895/2075/1895
f 1897/2077/1897 1908/2089/1908 1896/2076/1896
f 1898/2066/1887 1909/2090/1909 1897/2077/1897
f 1899/2091/1910 1922/2092/1911 1910/2079/1899
f 1912/2093/1912 1899/2094/1910 1900/2080/1900
f 1913/2095/1913 1900/2080/1900 1901/2082/1901
f 1914/2096/1914 1901/2082/1901 1902/2083/1902
f 1915/2097/1915 1902/2083/1902 1903/2084/1903
f 1916/2098/1916 1903/2084/1903 1904/2085/1904
f 1917/2099/1917 1904/2085/1904 1905/2086/1905
f 1906/2087/1906 1917/2099/1917 1905/2086/1905
f 1907/2088/1907 1918/2100/1918 1906/2087/1906
f 1908/2089/1908 1919/2101/1919 1907/2088/1907
f 1909/2090/1909 1920/2102/1920 1908/2089/1908
f 1910/2079/1899 1921/2103/1921 1909/2090/1909
f 1923/2104/1922 1922/2092/1911 1911/2105/1923
f 1924/2106/1924 1911/2107/1923 1912/2093/1912
f 1925/2108/1925 1912/2093/1912 1913/2095/1913
f 1926/2109/1926 1913/2095/1913 1914/2096/1914
f 1927/2110/1927 1914/2096/1914 1915/2097/1915
f 1928/2111/1928 1915/2097/1915 1916/2098/1916
f 1929/2112/1929 1916/2098/1916 1917/2099/1917
f 1918/2100/1918 1929/2112/1929 1917/2099/1917
f 1919/2101/1919 1930/2113/1930 1918/2100/1918
f 1920/2102/1920 1931/2114/1931 1919/2101/1919
f 1921/2103/1921 1932/2115/1932 1920/2102/1920
f 1922/2092/1911 1933/2116/1933 1921/2103/1921
f 1935/2117/1934 1934/2118/1935 1923/2104/1922
f 1936/2119/1936 1923/2120/1922 1924/2106/1924
f 1937/2121/1937 1924/2106/1924 1925/2108/1925
f 1926/2109/1926 1937/2121/1937 1925/2108/1925
f 1927/2110/1927 1938/2122/1938 1926/2109/1926
f 1928/2111/1928 1939/2123/1939 1927/2110/1927
f 1929/2112/1929 1940/2124/1940 1928/2111/1928
f 1930/2113/1930 1941/2125/1941 1929/2112/1929
f 1931/2114/1931 1942/2126/1942 1930/2113/1930
f 1932/2115/1932 1943/2127/1943 1931/2114/1931
f 1933/2116/1933 1944/2128/1944 1932/2115/1932
f 1946/2129/1945 1933/2116/1933 1934/2118/1935
f 1947/2130/1946 1946/2129/1945 1935/2117/1934
f 1948/2131/1947 1935/2132/1934 1936/2119/1936
f 1937/2121/1937 1948/2131/1947 1936/2119/1936
f 1938/2122/1938 1949/2133/1948 1937/2121/1937
f 1939/2123/1939 1950/2134/1949 1938/2122/1938
f 1940/2124/1940 1951/2135/1950 1939/2123/1939
f 1941/2125/1941 1952/2136/1951 1940/2124/1940
f 1942/2126/1942 1953/2137/1952 1941/2125/1941
f 1943/2127/1943 1954/2138/1953 1942/2126/1942
f 1956/2139/1954 1943/2127/1943 1944/2128/1944
f 1957/2140/1955 1944/2128/1944 1945/2141/1956
f 1958/2142/1957 1945/2141/1956 1946/2129/1945
f 1959/2143/1958 1958/2142/1957 1947/2130/1946
f 1960/2144/1959 1947/2145/1946 1948/2131/1947
f 1949/2133/1948 1960/2144/1959 1948/2131/1947
f 1950/2134/1949 1961/2146/1960 1949/2133/1948
f 1951/2135/1950 1962/2147/1961 1950/2134/1949
f 1952/2136/1951 1963/2148/1962 1951/2135/1950
f 1953/2137/1952 1964/2149/1963 1952/2136/1951
f 1954/2138/1953 1965/2150/1964 1953/2137/1952
f 1967/2151/1965 1954/2138/1953 1955/2152/1966
f 1968/2153/1967 1955/2152/1966 1956/2139/1954
f 1969/2154/1968 1956/2139/1954 1957/2140/1955
f 1970/2155/1969 1957/2140/1955 1958/2142/1957
f 1971/2156/1970 1970/2155/1969 1959/2143/1958
f 1972/2157/1971 1959/2158/1958 1960/2144/1959
f 1961/2146/1960 1972/2157/1971 1960/2144/1959
f 1962/2147/1961 1973/2159/1972 1961/2146/1960
f 1963/2148/1962 1974/2160/1973 1962/2147/1961
f 1964/2149/1963 1975/2161/1974 1963/2148/1962
f 1965/2150/1964 1976/2162/1975 1964/2149/1963
f 1966/2163/1976 1977/2164/1977 1965/2150/1964
f 1979/2165/1978 1966/2163/1976 1967/2151/1965
f 1980/2166/1979 1967/2151/1965 1968/2153/1967
f 1981/2167/1980 1968/2153/1967 1969/2154/1968
f 1982/2168/1981 1969/2154/1968 1970/2155/1969
f 1983/2169/1982 1982/2168/1981 1971/2156/1970
f 1984/2170/1983 1971/2171/1970 1972/2157/1971
f 1973/2159/1972 1984/2170/1983 1972/2157/1971
f 1974/2160/1973 1985/2172/1984 1973/2159/1972
f 1975/2161/1974 1986/2173/1985 1974/2160/1973
f 1976/2162/1975 1987/2174/1986 1975/2161/1974
f 1977/2164/1977 1988/2175/1987 1976/2162/1975
f 1978/2176/1988 1989/2177/1989 1977/2164/1977
f 1991/2178/1990 1978/2176/1988 1979/2165/1978
f 1992/2179/1991 1979/2165/1978 1980/2166/1979
f 1993/2180/1992 1980/2166/1979 1981/2167/1980
f 1994/2181/1993 1981/2167/1980 1982/2168/1981
f 1995/2182/1994 1994/2181/1993 1983/2169/1982
f 1996/2183/1995 1983/2184/1982 1984/2170/1983
f 1985/2172/1984 1996/2183/1995 1984/2170/1983
f 1986/2173/1985 1997/2185/1996 1985/2172/1984
f 1987/2174/1986 1998/2186/1997 1986/2173/1985
f 1988/2175/1987 1999/2187/1998 1987/2174/1986
f 1989/2177/1989 2000/2188/1999 1988/2175/1987
f 1990/2189/2000 2001/2190/2001 1989/2177/1989
f 2003/2191/2002 1990/2189/2000 1991/2178/1990
f 2004/2192/2003 1991/2178/1990 1992/2179/1991
f 2005/2193/2004 1992/2179/1991 1993/2180/1992
f 2006/2194/2005 1993/2180/1992 1994/2181/1993
f 2007/2195/2006 2006/2194/2005 1995/2182/1994
f 2008/2196/2007 1995/2197/1994 1996/2183/1995
f 1997/2185/1996 2008/2196/2007 1996/2183/1995
f 1998/2186/1997 2009/2198/2008 1997/2185/1996
f 1999/2187/1998 2010/2199/2009 1998/2186/1997
f 2000/2188/1999 2011/2200/2010 1999/2187/1998
f 2001/2190/2001 2012/2201/2011 2000/2188/1999
f 2002/2202/2012 2013/2203/2013 2001/2190/2001
f 2015/2204/2014 2002/2202/2012 2003/2191/2002
f 2016/2205/2015 2003/2191/2002 2004/2192/2003
f 2017/2206/2016 2004/2192/2003 2005/2193/2004
f 2018/2207/2017 2005/2193/2004 2006/2194/2005
f 2019/2208/2018 2018/2207/2017 2007/2195/2006
f 2020/2209/2019 2007/2210/2006 2008/2196/2007
f 2009/2198/2008 2020/2209/2019 2008/2196/2007
f 2010/2199/2009 2021/2211/2020 2009/2198/2008
f 2011/2200/2010 2022/2212/2021 2010/2199/2009
f 2012/2201/2011 2023/2213/2022 2011/2200/2010
f 2013/2203/2013 2024/2214/2023 2012/2201/2011
f 2014/2215/2024 2025/2216/2025 2013/2203/2013
f 2027/2217/2026 2014/2215/2024 2015/2204/2014
f 2028/2218/2027 2015/2204/2014 2016/2205/2015
f 2029/2219/2028 2016/2205/2015 2017/2206/2016
f 2030/2220/2029 2017/2206/2016 2018/2207/2017
f 2031/2221/2030 2030/2220/2029 2019/2208/2018
f 2032/2222/2031 2019/2223/2018 2020/2209/2019
f 2021/2211/2020 2032/2222/2031 2020/2209/2019
f 2022/2212/2021 2033/2224/2032 2021/2211/2020
f 2023/2213/2022 2034/2225/2033 2022/2212/2021
f 2024/2214/2023 2035/2226/2034 2023/2213/2022
f 2025/2216/2025 2036/2227/2035 2024/2214/2023
f 2026/2228/2036 2037/2229/2037 2025/2216/2025
f 2039/2230/2038 2026/2228/2036 2027/2217/2026
f 2040/2231/2039 2027/2217/2026 2028/2218/2027
f 2041/2232/2040 2028/2218/2027 2029/2219/2028
f 2042/2233/2041 2029/2219/2028 2030/2220/2029
f 2043/2234/2042 2042/2233/2041 2031/2221/2030
f 2044/2235/2043 2031/2236/2030 2032/2222/2031
f 2033/2224/2032 2044/2235/2043 2032/2222/2031
f 2034/2225/2033 2045/2237/2044 2033/2224/2032
f 2035/2226/2034 2046/2238/2045 2034/2225/2033
f 2036/2227/2035 2047/2239/2046 2035/2226/2034
f 2037/2229/2037 2048/2240/2047 2036/2227/2035
f 2038/2241/2048 2049/2242/2049 2037/2229/2037
f 2051/2243/2050 2038/2241/2048 2039/2230/2038
f 2052/2244/2051 2039/2230/2038 2040/2231/2039
f 2053/2245/2052 2040/2231/2039 2041/2232/2040
f 2054/2246/2053 2041/2232/2040 2042/2233/2041
f 2055/2247/2054 2054/2246/2053 2043/2234/2042
f 2056/2248/2055 2043/2249/2042 2044/2235/2043
f 2045/2237/2044 2056/2248/2055 2044/2235/2043
f 2046/2238/2045 2057/2250/2056 2045/2237/2044
f 2047/2239/2046 2058/2251/2057 2046/2238/2045
f 2048/2240/2047 2059/2252/2058 2047/2239/2046
f 2049/2242/2049 2060/2253/2059 2048/2240/2047
f 2050/2254/2060 2061/2255/2061 2049/2242/2049
f 2051/2243/2050 2062/2256/2062 2050/2254/2060
f 2064/2257/2063 2051/2243/2050 2052/2244/2051
f 2065/2258/2064 2052/2244/2051 2053/2245/2052
f 2066/2259/2065 2053/2245/2052 2054/2246/2053
f 2067/2260/2066 2066/2259/2065 2055/2247/2054
f 2068/2261/2067 2055/2262/2054 2056/2248/2055
f 2069/2263/2068 2056/2248/2055 2057/2250/2056
f 2058/2251/2057 2069/2263/2068 2057/2250/2056
f 2059/2252/2058 2070/2264/2069 2058/2251/2057
f 2072/2265/2070 2059/2252/2058 2060/2253/2059
f 2061/2255/2061 2072/2265/2070 2060/2253/2059
f 2062/2256/2062 2073/2266/2071 2061/2255/2061
f 2063/2267/2072 2074/2268/2073 2062/2256/2062
f 2064/2257/2063 2075/2269/2074 2063/2267/2072
f 2065/2258/2064 2076/2270/2075 2064/2257/2063
f 2078/2271/2076 2065/2258/2064 2066/2259/2065
f 2067/2260/2066 2090/2272/2077 2078/2271/2076
f 2080/2273/2078 2067/2274/2066 2068/2261/2067
f 2081/2275/2079 2068/2261/2067 2069/2263/2068
f 2082/2276/2080 2069/2263/2068 2070/2264/2069
f 2083/2277/2081 2070/2264/2069 2071/2278/2082
f 2084/2279/2083 2071/2278/2082 2072/2265/2070
f 2085/2280/2084 2072/2265/2070 2073/2266/2071
f 2086/2281/2085 2073/2266/2071 2074/2268/2073
f 2075/2269/2074 2086/2281/2085 2074/2268/2073
f 2076/2270/2075 2087/2282/2086 2075/2269/2074
f 2077/2283/2087 2088/2284/2088 2076/2270/2075
f 2078/2271/2076 2089/2285/2089 2077/2283/2087
f 2079/2286/2090 2102/2287/2091 2090/2272/2077
f 2080/2273/2078 2091/2288/2092 2079/2289/2090
f 2093/2290/2093 2080/2273/2078 2081/2275/2079
f 2094/2291/2094 2081/2275/2079 2082/2276/2080
f 2095/2292/2095 2082/2276/2080 2083/2277/2081
f 2096/2293/2096 2083/2277/2081 2084/2279/2083
f 2097/2294/2097 2084/2279/2083 2085/2280/2084
f 2098/2295/2098 2085/2280/2084 2086/2281/2085
f 2087/2282/2086 2098/2295/2098 2086/2281/2085
f 2088/2284/2088 2099/2296/2099 2087/2282/2086
f 2089/2285/2089 2100/2297/2100 2088/2284/2088
f 2090/2272/2077 2101/2298/2101 2089/2285/2089
f 2091/2299/2092 2114/2300/2102 2102/2287/2091
f 2092/2301/2103 2103/2302/2104 2091/2288/2092
f 2105/2303/2105 2092/2301/2103 2093/2290/2093
f 2106/2304/2106 2093/2290/2093 2094/2291/2094
f 2107/2305/2107 2094/2291/2094 2095/2292/2095
f 2108/2306/2108 2095/2292/2095 2096/2293/2096
f 2109/2307/2109 2096/2293/2096 2097/2294/2097
f 2110/2308/2110 2097/2294/2097 2098/2295/2098
f 2099/2296/2099 2110/2308/2110 2098/2295/2098
f 2100/2297/2100 2111/2309/2111 2099/2296/2099
f 2101/2298/2101 2112/2310/2112 2100/2297/2100
f 2102/2287/2091 2113/2311/2113 2101/2298/2101
f 2103/2312/2104 2126/2313/2114 2114/2300/2102
f 2104/2314/2115 2115/2315/2116 2103/2302/2104
f 2117/2316/2117 2104/2314/2115 2105/2303/2105
f 2118/2317/2118 2105/2303/2105 2106/2304/2106
f 2119/2318/2119 2106/2304/2106 2107/2305/2107
f 2120/2319/2120 2107/2305/2107 2108/2306/2108
f 2121/2320/2121 2108/2306/2108 2109/2307/2109
f 2122/2321/2122 2109/2307/2109 2110/2308/2110
f 2111/2309/2111 2122/2321/2122 2110/2308/2110
f 2112/2310/2112 2123/2322/2123 2111/2309/2111
f 2113/2311/2113 2124/2323/2124 2112/2310/2112
f 2114/2300/2102 2125/2324/2125 2113/2311/2113
f 2115/2325/2116 2138/2326/2126 2126/2313/2114
f 2116/2327/2127 2127/2328/2128 2115/2315/2116
f 2129/2329/2129 2116/2327/2127 2117/2316/2117
f 2130/2330/2130 2117/2316/2117 2118/2317/2118
f 2131/2331/2131 2118/2317/2118 2119/2318/2119
f 2132/2332/2132 2119/2318/2119 2120/2319/2120
f 2133/2333/2133 2120/2319/2120 2121/2320/2121
f 2134/2334/2134 2121/2320/2121 2122/2321/2122
f 2123/2322/2123 2134/2334/2134 2122/2321/2122
f 2124/2323/2124 2135/2335/2135 2123/2322/2123
f 2125/2324/2125 2136/2336/2136 2124/2323/2124
f 2126/2313/2114 2137/2337/2137 2125/2324/2125
f 2127/2338/2128 2150/2339/2138 2138/2326/2126
f 2128/2340/2139 2139/2341/2140 2127/2328/2128
f 2141/2342/2141 2128/2340/2139 2129/2329/2129
f 2142/2343/2142 2129/2329/2129 2130/2330/2130
f 2143/2344/2143 2130/2330/2130 2131/2331/2131
f 2144/2345/2144 2131/2331/2131 2132/2332/2132
f 2145/2346/2145 2132/2332/2132 2133/2333/2133
f 2146/2347/2146 2133/2333/2133 2134/2334/2134
f 2135/2335/2135 2146/2347/2146 2134/2334/2134
f 2136/2336/2136 2147/2348/2147 2135/2335/2135
f 2137/2337/2137 2148/2349/2148 2136/2336/2136
f 2138/2326/2126 2149/2350/2149 2137/2337/2137
f 2139/2351/2140 2162/2352/2150 2150/2339/2138
f 2152/2353/2151 2139/2341/2140 2140/2354/2152
f 2153/2355/2153 2140/2354/2152 2141/2342/2141
f 2154/2356/2154 2141/2342/2141 2142/2343/2142
f 2155/2357/2155 2142/2343/2142 2143/2344/2143
f 2156/2358/2156 2143/2344/2143 2144/2345/2144
f 2157/2359/2157 2144/2345/2144 2145/2346/2145
f 2146/2347/2146 2157/2359/2157 2145/2346/2145
f 2147/2348/2147 2158/2360/2158 2146/2347/2146
f 2148/2349/2148 2159/2361/2159 2147/2348/2147
f 2149/2350/2149 2160/2362/2160 2148/2349/2148
f 2150/2339/2138 2161/2363/2161 2149/2350/2149
f 2151/2364/2162 2174/2365/2163 2162/2352/2150
f 2164/2366/2164 2151/2367/2162 2152/2353/2151
f 2165/2368/2165 2152/2353/2151 2153/2355/2153
f 2166/2369/2166 2153/2355/2153 2154/2356/2154
f 2167/2370/2167 2154/2356/2154 2155/2357/2155
f 2168/2371/2168 2155/2357/2155 2156/2358/2156
f 2169/2372/2169 2156/2358/2156 2157/2359/2157
f 2158/2360/2158 2169/2372/2169 2157/2359/2157
f 2159/2361/2159 2170/2373/2170 2158/2360/2158
f 2160/2362/2160 2171/2374/2171 2159/2361/2159
f 2161/2363/2161 2172/2375/2172 2160/2362/2160
f 2162/2352/2150 2173/2376/2173 2161/2363/2161
f 2175/2377/2174 2174/2365/2163 2163/2378/2175
f 2176/2379/2176 2163/2380/2175 2164/2366/2164
f 2177/2381/2177 2164/2366/2164 2165/2368/2165
f 2178/2382/2178 2165/2368/2165 2166/2369/2166
f 2179/2383/2179 2166/2369/2166 2167/2370/2167
f 2180/2384/2180 2167/2370/2167 2168/2371/2168
f 2169/2372/2169 2180/2384/2180 2168/2371/2168
f 2170/2373/2170 2181/2385/2181 2169/2372/2169
f 2171/2374/2171 2182/2386/2182 2170/2373/2170
f 2172/2375/2172 2183/2387/2183 2171/2374/2171
f 2173/2376/2173 2184/2388/2184 2172/2375/2172
f 2174/2365/2163 2185/2389/2185 2173/2376/2173
f 2187/2390/2186 2186/2391/2187 2175/2377/2174
f 2188/2392/2188 2175/2393/2174 2176/2379/2176
f 2189/2394/2189 2176/2379/2176 2177/2381/2177
f 2190/2395/2190 2177/2381/2177 2178/2382/2178
f 2179/2383/2179 2190/2395/2190 2178/2382/2178
f 2180/2384/2180 2191/2396/2191 2179/2383/2179
f 2181/2385/2181 2192/2397/2192 2180/2384/2180
f 2182/2386/2182 2193/2398/2193 2181/2385/2181
f 2183/2387/2183 2194/2399/2194 2182/2386/2182
f 2184/2388/2184 2195/2400/2195 2183/2387/2183
f 2185/2389/2185 2196/2401/2196 2184/2388/2184
f 2198/2402/2197 2185/2389/2185 2186/2391/2187
f 2199/2403/2198 2198/2402/2197 2187/2390/2186
f 2200/2404/2199 2187/2405/2186 2188/2392/2188
f 2201/2406/2200 2188/2392/2188 2189/2394/2189
f 2202/2407/2201 2189/2394/2189 2190/2395/2190
f 2191/2396/2191 2202/2407/2201 2190/2395/2190
f 2192/2397/2192 2203/2408/2202 2191/2396/2191
f 2193/2398/2193 2204/2409/2203 2192/2397/2192
f 2194/2399/2194 2205/2410/2204 2193/2398/2193
f 2195/2400/2195 2206/2411/2205 2194/2399/2194
f 2196/2401/2196 2207/2412/2206 2195/2400/2195
f 2209/2413/2207 2196/2401/2196 2197/2414/2208
f 2210/2415/2209 2197/2414/2208 2198/2402/2197
f 2211/2416/2210 2210/2415/2209 2199/2403/2198
f 2212/2417/2211 2199/2418/2198 2200/2404/2199
f 2213/2419/2212 2200/2404/2199 2201/2406/2200
f 2202/2407/2201 2213/2419/2212 2201/2406/2200
f 2203/2408/2202 2214/2420/2213 2202/2407/2201
f 2204/2409/2203 2215/2421/2214 2203/2408/2202
f 2205/2410/2204 2216/2422/2215 2204/2409/2203
f 2206/2411/2205 2217/2423/2216 2205/2410/2204
f 2207/2412/2206 2218/2424/2217 2206/2411/2205
f 2220/2425/2218 2207/2412/2206 2208/2426/2219
f 2221/2427/2220 2208/2426/2219 2209/2413/2207
f 2222/2428/2221 2209/2413/2207 2210/2415/2209
f 2223/2429/2222 2222/2428/2221 2211/2416/2210
f 2224/2430/2223 2211/2431/2210 2212/2417/2211
f 2225/2432/2224 2212/2417/2211 2213/2419/2212
f 2214/2420/2213 2225/2432/2224 2213/2419/2212
f 2215/2421/2214 2226/2433/2225 2214/2420/2213
f 2216/2422/2215 2227/2434/2226 2215/2421/2214
f 2217/2423/2216 2228/2435/2227 2216/2422/2215
f 2218/2424/2217 2229/2436/2228 2217/2423/2216
f 2219/2437/2229 2230/2438/2230 2218/2424/2217
f 2232/2439/2231 2219/2437/2229 2220/2425/2218
f 2233/2440/2232 2220/2425/2218 2221/2427/2220
f 2234/2441/2233 2221/2427/2220 2222/2428/2221
f 2235/2442/2234 2234/2441/2233 2223/2429/2222
f 2236/2443/2235 2223/2444/2222 2224/2430/2223
f 2237/2445/2236 2224/2430/2223 2225/2432/2224
f 2226/2433/2225 2237/2445/2236 2225/2432/2224
f 2227/2434/2226 2238/2446/2237 2226/2433/2225
f 2228/2435/2227 2239/2447/2238 2227/2434/2226
f 2229/2436/2228 2240/2448/2239 2228/2435/2227
f 2230/2438/2230 2241/2449/2240 2229/2436/2228
f 2231/2450/2241 2242/2451/2242 2230/2438/2230
f 2244/2452/2243 2231/2450/2241 2232/2439/2231
f 2245/2453/2244 2232/2439/2231 2233/2440/2232
f 2246/2454/2245 2233/2440/2232 2234/2441/2233
f 2247/2455/2246 2246/2454/2245 2235/2442/2234
f 2248/2456/2247 2235/2457/2234 2236/2443/2235
f 2249/2458/2248 2236/2443/2235 2237/2445/2236
f 2238/2446/2237 2249/2458/2248 2237/2445/2236
f 2239/2447/2238 2250/2459/2249 2238/2446/2237
f 2240/2448/2239 2251/2460/2250 2239/2447/2238
f 2241/2449/2240 2252/2461/2251 2240/2448/2239
f 2242/2451/2242 2253/2462/2252 2241/2449/2240
f 2243/2463/2253 2254/2464/2254 2242/2451/2242
f 2256/2465/2255 2243/2463/2253 2244/2452/2243
f 2257/2466/2256 2244/2452/2243 2245/2453/2244
f 2258/2467/2257 2245/2453/2244 2246/2454/2245
f 2259/2468/2258 2258/2467/2257 2247/2455/2246
f 2260/2469/2259 2247/2470/2246 2248/2456/2247
f 2261/2471/2260 2248/2456/2247 2249/2458/2248
f 2250/2459/2249 2261/2471/2260 2249/2458/2248
f 2251/2460/2250 2262/2472/2261 2250/2459/2249
f 2252/2461/2251 2263/2473/2262 2251/2460/2250
f 2253/2462/2252 2264/2474/2263 2252/2461/2251
f 2254/2464/2254 2265/2475/2264 2253/2462/2252
f 2255/2476/2265 2266/2477/2266 2254/2464/2254
f 2268/2478/2267 2255/2476/2265 2256/2465/2255
f 2269/2479/2268 2256/2465/2255 2257/2466/2256
f 2270/2480/2269 2257/2466/2256 2258/2467/2257
f 2271/2481/2270 2270/2480/2269 2259/2468/2258
f 2272/2482/2271 2259/2483/2258 2260/2469/2259
f 2273/2484/2272 2260/2469/2259 2261/2471/2260
f 2262/2472/2261 2273/2484/2272 2261/2471/2260
f 2263/2473/2262 2274/2485/2273 2262/2472/2261
f 2264/2474/2263 2275/2486/2274 2263/2473/2262
f 2265/2475/2264 2276/2487/2275 2264/2474/2263
f 2266/2477/2266 2277/2488/2276 2265/2475/2264
f 2267/2489/2277 2278/2490/2278 2266/2477/2266
f 2280/2491/2279 2267/2489/2277 2268/2478/2267
f 2281/2492/2280 2268/2478/2267 2269/2479/2268
f 2282/2493/2281 2269/2479/2268 2270/2480/2269
f 2283/2494/2282 2282/2493/2281 2271/2481/2270
f 2284/2495/2283 2271/2496/2270 2272/2482/2271
f 2285/2497/2284 2272/2482/2271 2273/2484/2272
f 2274/2485/2273 2285/2497/2284 2273/2484/2272
f 2275/2486/2274 2286/2498/2285 2274/2485/2273
f 2276/2487/2275 2287/2499/2286 2275/2486/2274
f 2277/2488/2276 2288/2500/2287 2276/2487/2275
f 2278/2490/2278 2289/2501/2288 2277/2488/2276
f 2279/2502/2289 2290/2503/2290 2278/2490/2278
f 2292/2504/2291 2279/2502/2289 2280/2491/2279
f 2293/2505/2292 2280/2491/2279 2281/2492/2280
f 2294/2506/2293 2281/2492/2280 2282/2493/2281
f 2295/2507/2294 2294/2506/2293 2283/2494/2282
f 2296/2508/2295 2283/2509/2282 2284/2495/2283
f 2297/2510/2296 2284/2495/2283 2285/2497/2284
f 2286/2498/2285 2297/2510/2296 2285/2497/2284
f 2287/2499/2286 2298/2511/2297 2286/2498/2285
f 2288/2500/2287 2299/2512/2298 2287/2499/2286
f 2289/2501/2288 2300/2513/2299 2288/2500/2287
f 2290/2503/2290 2301/2514/2300 2289/2501/2288
f 2291/2515/2301 2302/2516/2302 2290/2503/2290
f 2304/2517/2303 2291/2515/2301 2292/2504/2291
f 2305/2518/2304 2292/2504/2291 2293/2505/2292
f 2306/2519/2305 2293/2505/2292 2294/2506/2293
f 2307/2520/2306 2306/2519/2305 2295/2507/2294
f 2308/2521/2307 2295/2522/2294 2296/2508/2295
f 2309/2523/2308 2296/2508/2295 2297/2510/2296
f 2298/2511/2297 2309/2523/2308 2297/2510/2296
f 2299/2512/2298 2310/2524/2309 2298/2511/2297
f 2300/2513/2299 2311/2525/2310 2299/2512/2298
f 2301/2514/2300 2312/2526/2311 2300/2513/2299
f 2302/2516/2302 2313/2527/2312 2301/2514/2300
f 2303/2528/2313 2314/2529/2314 2302/2516/2302
f 2316/2530/2315 2303/2528/2313 2304/2517/2303
f 2317/2531/2316 2304/2517/2303 2305/2518/2304
f 2318/2532/2317 2305/2518/2304 2306/2519/2305
f 2319/2533/2318 2318/2532/2317 2307/2520/2306
f 2320/2534/2319 2307/2535/2306 2308/2521/2307
f 2321/2536/2320 2308/2521/2307 2309/2523/2308
f 2310/2524/2309 2321/2536/2320 2309/2523/2308
f 2311/2525/2310 2322/2537/2321 2310/2524/2309
f 2312/2526/2311 2323/2538/2322 2311/2525/2310
f 2313/2527/2312 2324/2539/2323 2312/2526/2311
f 2314/2529/2314 2325/2540/2324 2313/2527/2312
f 2315/2541/2325 2326/2542/2326 2314/2529/2314
f 2328/2543/2327 2315/2541/2325 2316/2530/2315
f 2329/2544/2328 2316/2530/2315 2317/2531/2316
f 2330/2545/2329 2317/2531/2316 2318/2532/2317
f 2331/2546/2330 2330/2545/2329 2319/2533/2318
f 2332/2547/2331 2319/2548/2318 2320/2534/2319
f 2333/2549/2332 2320/2534/2319 2321/2536/2320
f 2322/2537/2321 2333/2549/2332 2321/2536/2320
f 2323/2538/2322 2334/2550/2333 2322/2537/2321
f 2324/2539/2323 2335/2551/2334 2323/2538/2322
f 2325/2540/2324 2336/2552/2335 2324/2539/2323
f 2326/2542/2326 2337/2553/2336 2325/2540/2324
f 2327/2554/2337 2338/2555/2338 2326/2542/2326
f 2328/2543/2327 2339/2556/2339 2327/2554/2337
f 2329/2544/2328 2340/2557/2340 2328/2543/2327
f 2342/2558/2341 2329/2544/2328 2330/2545/2329
f 2343/2559/2342 2342/2558/2341 2331/2546/2330
f 2344/2560/2343 2331/2561/2330 2332/2547/2331
f 2345/2562/2344 2332/2547/2331 2333/2549/2332
f 2334/2550/2333 2345/2562/2344 2333/2549/2332
f 2347/2563/2345 2334/2550/2333 2335/2551/2334
f 2348/2564/2346 2335/2551/2334 2336/2552/2335
f 2349/2565/2347 2336/2552/2335 2337/2553/2336
f 2350/2566/2348 2337/2553/2336 2338/2555/2338
f 2339/2556/2339 2350/2566/2348 2338/2555/2338
f 2340/2557/2340 2351/2567/2349 2339/2556/2339
f 2341/2568/2350 2352/2569/2351 2340/2557/2340
f 2342/2558/2341 2353/2570/2352 2341/2568/2350
f 2343/2559/2342 2366/2571/2353 2354/2572/2354
f 2356/2573/2355 2343/2574/2342 2344/2560/2343
f 2357/2575/2356 2344/2560/2343 2345/2562/2344
f 2358/2576/2357 2345/2562/2344 2346/2577/2358
f 2359/2578/2359 2346/2577/2358 2347/2563/2345
f 2360/2579/2360 2347/2563/2345 2348/2564/2346
f 2361/2580/2361 2348/2564/2346 2349/2565/2347
f 2362/2581/2362 2349/2565/2347 2350/2566/2348
f 2351/2567/2349 2362/2581/2362 2350/2566/2348
f 2352/2569/2351 2363/2582/2363 2351/2567/2349
f 2353/2570/2352 2364/2583/2364 2352/2569/2351
f 2354/2572/2354 2365/2584/2365 2353/2570/2352
f 2355/2585/2366 2378/2586/2367 2366/2571/2353
f 2368/2587/2368 2355/2588/2366 2356/2573/2355
f 2369/2589/2369 2356/2573/2355 2357/2575/2356
f 2370/2590/2370 2357/2575/2356 2358/2576/2357
f 2371/2591/2371 2358/2576/2357 2359/2578/2359
f 2372/2592/2372 2359/2578/2359 2360/2579/2360
f 2373/2593/2373 2360/2579/2360 2361/2580/2361
f 2374/2594/2374 2361/2580/2361 2362/2581/2362
f 2363/2582/2363 2374/2594/2374 2362/2581/2362
f 2364/2583/2364 2375/2595/2375 2363/2582/2363
f 2365/2584/2365 2376/2596/2376 2364/2583/2364
f 2366/2571/2353 2377/2597/2377 2365/2584/2365
f 2367/2598/2378 2390/2599/2379 2378/2586/2367
f 2380/2600/2380 2367/2601/2378 2368/2587/2368
f 2381/2602/2381 2368/2587/2368 2369/2589/2369
f 2382/2603/2382 2369/2589/2369 2370/2590/2370
f 2383/2604/2383 2370/2590/2370 2371/2591/2371
f 2384/2605/2384 2371/2591/2371 2372/2592/2372
f 2385/2606/2385 2372/2592/2372 2373/2593/2373
f 2386/2607/2386 2373/2593/2373 2374/2594/2374
f 2375/2595/2375 2386/2607/2386 2374/2594/2374
f 2376/2596/2376 2387/2608/2387 2375/2595/2375
f 2377/2597/2377 2388/2609/2388 2376/2596/2376
f 2378/2586/2367 2389/2610/2389 2377/2597/2377
f 2379/2611/2390 2402/2612/2391 2390/2599/2379
f 2392/2613/2392 2379/2614/2390 2380/2600/2380
f 2393/2615/2393 2380/2600/2380 2381/2602/2381
f 2394/2616/2394 2381/2602/2381 2382/2603/2382
f 2395/2617/2395 2382/2603/2382 2383/2604/2383
f 2396/2618/2396 2383/2604/2383 2384/2605/2384
f 2397/2619/2397 2384/2605/2384 2385/2606/2385
f 2398/2620/2398 2385/2606/2385 2386/2607/2386
f 2387/2608/2387 2398/2620/2398 2386/2607/2386
f 2388/2609/2388 2399/2621/2399 2387/2608/2387
f 2389/2610/2389 2400/2622/2400 2388/2609/2388
f 2390/2599/2379 2401/2623/2401 2389/2610/2389
f 2391/2624/2402 2414/2625/2403 2402/2612/2391
f 2404/2626/2404 2391/2627/2402 2392/2613/2392
f 2405/2628/2405 2392/2613/2392 2393/2615/2393
f 2406/2629/2406 2393/2615/2393 2394/2616/2394
f 2407/2630/2407 2394/2616/2394 2395/2617/2395
f 2408/2631/2408 2395/2617/2395 2396/2618/2396
f 2409/2632/2409 2396/2618/2396 2397/2619/2397
f 2410/2633/2410 2397/2619/2397 2398/2620/2398
f 2399/2621/2399 2410/2633/2410 2398/2620/2398
f 2400/2622/2400 2411/2634/2411 2399/2621/2399
f 2401/2623/2401 2412/2635/2412 2400/2622/2400
f 2402/2612/2391 2413/2636/2413 2401/2623/2401
f 2415/2637/2414 2414/2625/2403 2403/2638/2415
f 2416/2639/2416 2403/2640/2415 2404/2626/2404
f 2417/2641/2417 2404/2626/2404 2405/2628/2405
f 2418/2642/2418 2405/2628/2405 2406/2629/2406
f 2419/2643/2419 2406/2629/2406 2407/2630/2407
f 2420/2644/2420 2407/2630/2407 2408/2631/2408
f 2421/2645/2421 2408/2631/2408 2409/2632/2409
f 2410/2633/2410 2421/2645/2421 2409/2632/2409
f 2411/2634/2411 2422/2646/2422 2410/2633/2410
f 2412/2635/2412 2423/2647/2423 2411/2634/2411
f 2413/2636/2413 2424/2648/2424 2412/2635/2412
f 2414/2625/2403 2425/2649/2425 2413/2636/2413
f 2427/2650/2426 2426/2651/2427 2415/2637/2414
f 2428/2652/2428 2415/2653/2414 2416/2639/2416
f 2429/2654/2429 2416/2639/2416 2417/2641/2417
f 2430/2655/2430 2417/2641/2417 2418/2642/2418
f 2431/2656/2431 2418/2642/2418 2419/2643/2419
f 2420/2644/2420 2431/2656/2431 2419/2643/2419
f 2421/2645/2421 2432/2657/2432 2420/2644/2420
f 2422/2646/2422 2433/2658/2433 2421/2645/2421
f 2423/2647/2423 2434/2659/2434 2422/2646/2422
f 2424/2648/2424 2435/2660/2435 2423/2647/2423
f 2425/2649/2425 2436/2661/2436 2424/2648/2424
f 2438/2662/2437 2425/2649/2425 2426/2651/2427
f 2439/2663/2438 2438/2662/2437 2427/2650/2426
f 2440/2664/2439 2427/2665/2426 2428/2652/2428
f 2441/2666/2440 2428/2652/2428 2429/2654/2429
f 2442/2667/2441 2429/2654/2429 2430/2655/2430
f 2431/2656/2431 2442/2667/2441 2430/2655/2430
f 2432/2657/2432 2443/2668/2442 2431/2656/2431
f 2433/2658/2433 2444/2669/2443 2432/2657/2432
f 2434/2659/2434 2445/2670/2444 2433/2658/2433
f 2435/2660/2435 2446/2671/2445 2434/2659/2434
f 2436/2661/2436 2447/2672/2446 2435/2660/2435
f 2437/2673/2447 2448/2674/2448 2436/2661/2436
f 2450/2675/2449 2437/2673/2447 2438/2662/2437
f 2451/2676/2450 2450/2675/2449 2439/2663/2438
f 2452/2677/2451 2439/2678/2438 2440/2664/2439
f 2453/2679/2452 2440/2664/2439 2441/2666/2440
f 2454/2680/2453 2441/2666/2440 2442/2667/2441
f 2443/2668/2442 2454/2680/2453 2442/2667/2441
f 2444/2669/2443 2455/2681/2454 2443/2668/2442
f 2445/2670/2444 2456/2682/2455 2444/2669/2443
f 2446/2671/2445 2457/2683/2456 2445/2670/2444
f 2447/2672/2446 2458/2684/2457 2446/2671/2445
f 2448/2674/2448 2459/2685/2458 2447/2672/2446
f 2461/2686/2459 2448/2674/2448 2449/2687/2460
f 2462/2688/2461 2449/2687/2460 2450/2675/2449
f 2463/2689/2462 2462/2688/2461 2451/2676/2450
f 2464/2690/2463 2451/2691/2450 2452/2677/2451
f 2465/2692/2464 2452/2677/2451 2453/2679/2452
f 2466/2693/2465 2453/2679/2452 2454/2680/2453
f 2455/2681/2454 2466/2693/2465 2454/2680/2453
f 2456/2682/2455 2467/2694/2466 2455/2681/2454
f 2457/2683/2456 2468/2695/2467 2456/2682/2455
f 2458/2684/2457 2469/2696/2468 2457/2683/2456
f 2459/2685/2458 2470/2697/2469 2458/2684/2457
f 2460/2698/2470 2471/2699/2471 2459/2685/2458
f 2473/2700/2472 2460/2698/2470 2461/2686/2459
f 2474/2701/2473 2461/2686/2459 2462/2688/2461
f 2475/2702/2474 2474/2701/2473 2463/2689/2462
f 2476/2703/2475 2463/2704/2462 2464/2690/2463
f 2477/2705/2476 2464/2690/2463 2465/2692/2464
f 2478/2706/2477 2465/2692/2464 2466/2693/2465
f 2467/2694/2466 2478/2706/2477 2466/2693/2465
f 2468/2695/2467 2479/2707/2478 2467/2694/2466
f 2469/2696/2468 2480/2708/2479 2468/2695/2467
f 2470/2697/2469 2481/2709/2480 2469/2696/2468
f 2471/2699/2471 2482/2710/2481 2470/2697/2469
f 2472/2711/2482 2483/2712/2483 2471/2699/2471
f 2485/2713/2484 2472/2711/2482 2473/2700/2472
f 2486/2714/2485 2473/2700/2472 2474/2701/2473
f 2487/2715/2486 2486/2714/2485 2475/2702/2474
f 2488/2716/2487 2475/2717/2474 2476/2703/2475
f 2489/2718/2488 2476/2703/2475 2477/2705/2476
f 2490/2719/2489 2477/2705/2476 2478/2706/2477
f 2479/2707/2478 2490/2719/2489 2478/2706/2477
f 2480/2708/2479 2491/2720/2490 2479/2707/2478
f 2481/2709/2480 2492/2721/2491 2480/2708/2479
f 2482/2710/2481 2493/2722/2492 2481/2709/2480
f 2483/2712/2483 2494/2723/2493 2482/2710/2481
f 2484/2724/2494 2495/2725/2495 2483/2712/2483
f 2497/2726/2496 2484/2724/2494 2485/2713/2484
f 2498/2727/2497 2485/2713/2484 2486/2714/2485
f 2499/2728/2498 2498/2727/2497 2487/2715/2486
f 2500/2729/2499 2487/2730/2486 2488/2716/2487
f 2501/2731/2500 2488/2716/2487 2489/2718/2488
f 2502/2732/2501 2489/2718/2488 2490/2719/2489
f 2491/2720/2490 2502/2732/2501 2490/2719/2489
f 2492/2721/2491 2503/2733/2502 2491/2720/2490
f 2493/2722/2492 2504/2734/2503 2492/2721/2491
f 2494/2723/2493 2505/2735/2504 2493/2722/2492
f 2495/2725/2495 2506/2736/2505 2494/2723/2493
f 2496/2737/2506 2507/2738/2507 2495/2725/2495
f 2509/2739/2508 2496/2737/2506 2497/2726/2496
f 2510/2740/2509 2497/2726/2496 2498/2727/2497
f 2511/2741/2510 2510/2740/2509 2499/2728/2498
f 2512/2742/2511 2499/2743/2498 2500/2729/2499
f 2513/2744/2512 2500/2729/2499 2501/2731/2500
f 2514/2745/2513 2501/2731/2500 2502/2732/2501
f 2503/2733/2502 2514/2745/2513 2502/2732/2501
f 2504/2734/2503 2515/2746/2514 2503/2733/2502
f 2505/2735/2504 2516/2747/2515 2504/2734/2503
f 2506/2736/2505 2517/2748/2516 2505/2735/2504
f 2507/2738/2507 2518/2749/2517 2506/2736/2505
f 2508/2750/2518 2519/2751/2519 2507/2738/2507
f 2521/2752/2520 2508/2750/2518 2509/2739/2508
f 2522/2753/2521 2509/2739/2508 2510/2740/2509
f 2523/2754/2522 2522/2753/2521 2511/2741/2510
f 2524/2755/2523 2511/2756/2510 2512/2742/2511
f 2525/2757/2524 2512/2742/2511 2513/2744/2512
f 2526/2758/2525 2513/2744/2512 2514/2745/2513
f 2515/2746/2514 2526/2758/2525 2514/2745/2513
f 2516/2747/2515 2527/2759/2526 2515/2746/2514
f 2517/2748/2516 2528/2760/2527 2516/2747/2515
f 2518/2749/2517 2529/2761/2528 2517/2748/2516
f 2519/2751/2519 2530/2762/2529 2518/2749/2517
f 2520/2763/2530 2531/2764/2531 2519/2751/2519
f 2521/2752/2520 2532/2765/2532 2520/2763/2530
f 2534/2766/2533 2521/2752/2520 2522/2753/2521
f 2535/2767/2534 2534/2766/2533 2523/2754/2522
f 2536/2768/2535 2523/2769/2522 2524/2755/2523
f 2537/2770/2536 2524/2755/2523 2525/2757/2524
f 2538/2771/2537 2525/2757/2524 2526/2758/2525
f 2527/2759/2526 2538/2771/2537 2526/2758/2525
f 2528/2760/2527 2539/2772/2538 2527/2759/2526
f 2529/2761/2528 2540/2773/2539 2528/2760/2527
f 2530/2762/2529 2541/2774/2540 2529/2761/2528
f 2531/2764/2531 2542/2775/2541 2530/2762/2529
f 2532/2765/2532 2543/2776/2542 2531/2764/2531
f 2533/2777/2543 2544/2778/2544 2532/2765/2532
f 2546/2779/2545 2533/2777/2543 2534/2766/2533
f 2547/2780/2546 2546/2779/2545 2535/2767/2534
f 2548/2781/2547 2535/2782/2534 2536/2768/2535
f 2549/2783/2548 2536/2768/2535 2537/2770/2536
f 2550/2784/2549 2537/2770/2536 2538/2771/2537
f 2539/2772/2538 2550/2784/2549 2538/2771/2537
f 2540/2773/2539 2551/2785/2550 2539/2772/2538
f 2541/2774/2540 2552/2786/2551 2540/2773/2539
f 2542/2775/2541 2553/2787/2552 2541/2774/2540
f 2543/2776/2542 2554/2788/2553 2542/2775/2541
f 2544/2778/2544 2555/2789/2554 2543/2776/2542
f 2545/2790/2555 2556/2791/2556 2544/2778/2544
f 2558/2792/2557 2545/2790/2555 2546/2779/2545
f 2559/2793/2558 2558/2792/2557 2547/2780/2546
f 2560/2794/2559 2547/2795/2546 2548/2781/2547
f 2561/2796/2560 2548/2781/2547 2549/2783/2548
f 2562/2797/2561 2549/2783/2548 2550/2784/2549
f 2551/2785/2550 2562/2797/2561 2550/2784/2549
f 2552/2786/2551 2563/2798/2562 2551/2785/2550
f 2553/2787/2552 2564/2799/2563 2552/2786/2551
f 2554/2788/2553 2565/2800/2564 2553/2787/2552
f 2555/2789/2554 2566/2801/2565 2554/2788/2553
f 2556/2791/2556 2567/2802/2566 2555/2789/2554
f 2557/2803/2567 2568/2804/2568 2556/2791/2556
f 2570/2805/2569 2557/2803/2567 2558/2792/2557
f 2571/2806/2570 2570/2805/2569 2559/2793/2558
f 2572/2807/2571 2559/2808/2558 2560/2794/2559
f 2573/2809/2572 2560/2794/2559 2561/2796/2560
f 2574/2810/2573 2561/2796/2560 2562/2797/2561
f 2563/2798/2562 2574/2810/2573 2562/2797/2561
f 2564/2799/2563 2575/2811/2574 2563/2798/2562
f 2565/2800/2564 2576/2812/2575 2564/2799/2563
f 2566/2801/2565 2577/2813/2576 2565/2800/2564
f 2567/2802/2566 2578/2814/2577 2566/2801/2565
f 2568/2804/2568 2579/2815/2578 2567/2802/2566
f 2581/2816/2579 2568/2804/2568 2569/2817/2580
f 2582/2818/2581 2569/2817/2580 2570/2805/2569
f 2583/2819/2582 2582/2818/2581 2571/2806/2570
f 2584/2820/2583 2571/2821/2570 2572/2807/2571
f 2585/2822/2584 2572/2807/2571 2573/2809/2572
f 2586/2823/2585 2573/2809/2572 2574/2810/2573
f 2575/2811/2574 2586/2823/2585 2574/2810/2573
f 2576/2812/2575 2587/2824/2586 2575/2811/2574
f 2577/2813/2576 2588/2825/2587 2576/2812/2575
f 2578/2814/2577 2589/2826/2588 2577/2813/2576
f 2579/2815/2578 2590/2827/2589 2578/2814/2577
f 2580/2828/2590 2591/2829/2591 2579/2815/2578
f 2593/2830/2592 2580/2828/2590 2581/2816/2579
f 2594/2831/2593 2581/2816/2579 2582/2818/2581
f 2595/2832/2594 2594/2831/2593 2583/2819/2582
f 2596/2833/2595 2583/2834/2582 2584/2820/2583
f 2597/2835/2596 2584/2820/2583 2585/2822/2584
f 2598/2836/2597 2585/2822/2584 2586/2823/2585
f 2587/2824/2586 2598/2836/2597 2586/2823/2585
f 2588/2825/2587 2599/2837/2598 2587/2824/2586
f 2589/2826/2588 2600/2838/2599 2588/2825/2587
f 2590/2827/2589 2601/2839/2600 2589/2826/2588
f 2591/2829/2591 2602/2840/2601 2590/2827/2589
f 2592/2841/2602 2603/2842/2603 2591/2829/2591
f 2605/2843/2604 2592/2841/2602 2593/2830/2592
f 2606/2844/2605 2593/2830/2592 2594/2831/2593
f 2607/2845/2606 2606/2844/2605 2595/2832/2594
f 2608/2846/2607 2595/2847/2594 2596/2833/2595
f 2609/2848/2608 2596/2833/2595 2597/2835/2596
f 2610/2849/2609 2597/2835/2596 2598/2836/2597
f 2599/2837/2598 2610/2849/2609 2598/2836/2597
f 2600/2838/2599 2611/2850/2610 2599/2837/2598
f 2601/2839/2600 2612/2851/2611 2600/2838/2599
f 2602/2840/2601 2613/2852/2612 2601/2839/2600
f 2603/2842/2603 2614/2853/2613 2602/2840/2601
f 2604/2854/2614 2615/2855/2615 2603/2842/2603
f 2617/2856/2616 2604/2854/2614 2605/2843/2604
f 2618/2857/2617 2605/2843/2604 2606/2844/2605
f 2619/2858/2618 2618/2857/2617 2607/2845/2606
f 2620/2859/2619 2607/2860/2606 2608/2846/2607
f 2621/2861/2620 2608/2846/2607 2609/2848/2608
f 2622/2862/2621 2609/2848/2608 2610/2849/2609
f 2611/2850/2610 2622/2862/2621 2610/2849/2609
f 2612/2851/2611 2623/2863/2622 2611/2850/2610
f 2613/2852/2612 2624/2864/2623 2612/2851/2611
f 2614/2853/2613 2625/2865/2624 2613/2852/2612
f 2615/2855/2615 2626/2866/2625 2614/2853/2613
f 2616/2867/2626 2627/2868/2627 2615/2855/2615
f 2629/2869/2628 2616/2867/2626 2617/2856/2616
f 2630/2870/2629 2617/2856/2616 2618/2857/2617
f 2631/2871/2630 2630/2870/2629 2619/2858/2618
f 2632/2872/2631 2619/2873/2618 2620/2859/2619
f 2633/2874/2632 2620/2859/2619 2621/2861/2620
f 2634/2875/2633 2621/2861/2620 2622/2862/2621
f 2623/2863/2622 2634/2875/2633 2622/2862/2621
f 2624/2864/2623 2635/2876/2634 2623/2863/2622
f 2625/2865/2624 2636/2877/2635 2624/2864/2623
f 2626/2866/2625 2637/2878/2636 2625/2865/2624
f 2627/2868/2627 2638/2879/2637 2626/2866/2625
f 2628/2880/2638 2639/2881/2639 2627/2868/2627
f 2641/2882/2640 2628/2880/2638 2629/2869/2628
f 2642/2883/2641 2629/2869/2628 2630/2870/2629
f 2643/2884/2642 2642/2883/2641 2631/2871/2630
f 2644/2885/2643 2631/2886/2630 2632/2872/2631
f 2645/2887/2644 2632/2872/2631 2633/2874/2632
f 2646/2888/2645 2633/2874/2632 2634/2875/2633
f 2635/2876/2634 2646/2888/2645 2634/2875/2633
f 2636/2877/2635 2647/2889/2646 2635/2876/2634
f 2637/2878/2636 2648/2890/2647 2636/2877/2635
f 2638/2879/2637 2649/2891/2648 2637/2878/2636
f 2639/2881/2639 2650/2892/2649 2638/2879/2637
f 2640/2893/2650 2651/2894/2651 2639/2881/2639
f 2653/2895/2652 2640/2893/2650 2641/2882/2640
f 2654/2896/2653 2641/2882/2640 2642/2883/2641
f 2655/2897/2654 2654/2896/2653 2643/2884/2642
f 2656/2898/2655 2643/2899/2642 2644/2885/2643
f 2657/2900/2656 2644/2885/2643 2645/2887/2644
f 2658/2901/2657 2645/2887/2644 2646/2888/2645
f 2647/2889/2646 2658/2901/2657 2646/2888/2645
f 2648/2890/2647 2659/2902/2658 2647/2889/2646
f 2649/2891/2648 2660/2903/2659 2648/2890/2647
f 2650/2892/2649 2661/2904/2660 2649/2891/2648
f 2651/2894/2651 2662/2905/2661 2650/2892/2649
f 2652/2906/2662 2663/2907/2663 2651/2894/2651
f 2665/2908/2664 2652/2906/2662 2653/2895/2652
f 2666/2909/2665 2653/2895/2652 2654/2896/2653
f 2667/2910/2666 2666/2909/2665 2655/2897/2654
f 2668/2911/2667 2655/2912/2654 2656/2898/2655
f 2669/2913/2668 2656/2898/2655 2657/2900/2656
f 2670/2914/2669 2657/2900/2656 2658/2901/2657
f 2659/2902/2658 2670/2914/2669 2658/2901/2657
f 2660/2903/2659 2671/2915/2670 2659/2902/2658
f 2661/2904/2660 2672/2916/2671 2660/2903/2659
f 2662/2905/2661 2673/2917/2672 2661/2904/2660
f 2663/2907/2663 2674/2918/2673 2662/2905/2661
f 2664/2919/2674 2675/2920/2675 2663/2907/2663
f 2677/2921/2676 2664/2919/2674 2665/2908/2664
f 2678/2922/2677 2665/2908/2664 2666/2909/2665
f 2679/2923/2678 2678/2922/2677 2667/2910/2666
f 2680/2924/2679 2667/2925/2666 2668/2911/2667
f 2681/2926/2680 2668/2911/2667 2669/2913/2668
f 2682/2927/2681 2669/2913/2668 2670/2914/2669
f 2671/2915/2670 2682/2927/2681 2670/2914/2669
f 2672/2916/2671 2683/2928/2682 2671/2915/2670
f 2673/2917/2672 2684/2929/2683 2672/2916/2671
f 2674/2918/2673 2685/2930/2684 2673/2917/2672
f 2675/2920/2675 2686/2931/2685 2674/2918/2673
f 2676/2932/2686 2687/2933/2687 2675/2920/2675
f 2677/2921/2676 2688/2934/2688 2676/2932/2686
f 2678/2922/2677 2689/2935/2689 2677/2921/2676
f 2679/2923/2678 2702/2936/2690 2690/2937/2691
f 2692/2938/2692 2679/2939/2678 2680/2924/2679
f 2693/2940/2693 2680/2924/2679 2681/2926/2680
f 2694/2941/2694 2681/2926/2680 2682/2927/2681
f 2683/2928/2682 2694/2941/2694 2682/2927/2681
f 2696/2942/2695 2683/2928/2682 2684/2929/2683
f 2697/2943/2696 2684/2929/2683 2685/2930/2684
f 2698/2944/2697 2685/2930/2684 2686/2931/2685
f 2699/2945/2698 2686/2931/2685 2687/2933/2687
f 2688/2934/2688 2699/2945/2698 2687/2933/2687
f 2689/2935/2689 2700/2946/2699 2688/2934/2688
f 2690/2937/2691 2701/2947/2700 2689/2935/2689
f 2691/2948/2701 2714/2949/2702 2702/2936/2690
f 2692/2938/2692 2703/2950/2703 2691/2951/2701
f 2705/2952/2704 2692/2938/2692 2693/2940/2693
f 2706/2953/2705 2693/2940/2693 2694/2941/2694
f 2707/2954/2706 2694/2941/2694 2695/2955/2707
f 2708/2956/2708 2695/2955/2707 2696/2942/2695
f 2709/2957/2709 2696/2942/2695 2697/2943/2696
f 2710/2958/2710 2697/2943/2696 2698/2944/2697
f 2711/2959/2711 2698/2944/2697 2699/2945/2698
f 2700/2946/2699 2711/2959/2711 2699/2945/2698
f 2701/2947/2700 2712/2960/2712 2700/2946/2699
f 2702/2936/2690 2713/2961/2713 2701/2947/2700
f 2703/2962/2703 2726/2963/2714 2714/2949/2702
f 2704/2964/2715 2715/2965/2716 2703/2950/2703
f 2705/2952/2704 2716/2966/2717 2704/2964/2715
f 2718/2967/2718 2705/2952/2704 2706/2953/2705
f 2719/2968/2719 2706/2953/2705 2707/2954/2706
f 2720/2969/2720 2707/2954/2706 2708/2956/2708
f 2721/2970/2721 2708/2956/2708 2709/2957/2709
f 2722/2971/2722 2709/2957/2709 2710/2958/2710
f 2723/2972/2723 2710/2958/2710 2711/2959/2711
f 2712/2960/2712 2723/2972/2723 2711/2959/2711
f 2713/2961/2713 2724/2973/2724 2712/2960/2712
f 2714/2949/2702 2725/2974/2725 2713/2961/2713
f 2715/2975/2716 2738/2976/2726 2726/2963/2714
f 2716/2966/2717 2727/2977/2727 2715/2965/2716
f 2717/2978/2728 2728/2979/2729 2716/2966/2717
f 2730/2980/2730 2717/2978/2728 2718/2967/2718
f 2731/2981/2731 2718/2967/2718 2719/2968/2719
f 2732/2982/2732 2719/2968/2719 2720/2969/2720
f 2733/2983/2733 2720/2969/2720 2721/2970/2721
f 2734/2984/2734 2721/2970/2721 2722/2971/2722
f 2735/2985/2735 2722/2971/2722 2723/2972/2723
f 2724/2973/2724 2735/2985/2735 2723/2972/2723
f 2725/2974/2725 2736/2986/2736 2724/2973/2724
f 2726/2963/2714 2737/2987/2737 2725/2974/2725
f 2727/2988/2727 2750/2989/2738 2738/2976/2726
f 2728/2979/2729 2739/2990/2739 2727/2977/2727
f 2729/2991/2740 2740/2992/2741 2728/2979/2729
f 2742/2993/2742 2729/2991/2740 2730/2980/2730
f 2743/2994/2743 2730/2980/2730 2731/2981/2731
f 2744/2995/2744 2731/2981/2731 2732/2982/2732
f 2745/2996/2745 2732/2982/2732 2733/2983/2733
f 2746/2997/2746 2733/2983/2733 2734/2984/2734
f 2747/2998/2747 2734/2984/2734 2735/2985/2735
f 2736/2986/2736 2747/2998/2747 2735/2985/2735
f 2737/2987/2737 2748/2999/2748 2736/2986/2736
f 2738/2976/2726 2749/3000/2749 2737/2987/2737
f 2739/3001/2739 2762/3002/2750 2750/2989/2738
f 2740/2992/2741 2751/3003/2751 2739/2990/2739
f 2753/3004/2752 2740/2992/2741 2741/3005/2753
f 2754/3006/2754 2741/3005/2753 2742/2993/2742
f 2755/3007/2755 2742/2993/2742 2743/2994/2743
f 2756/3008/2756 2743/2994/2743 2744/2995/2744
f 2757/3009/2757 2744/2995/2744 2745/2996/2745
f 2758/3010/2758 2745/2996/2745 2746/2997/2746
f 2759/3011/2759 2746/2997/2746 2747/2998/2747
f 2748/2999/2748 2759/3011/2759 2747/2998/2747
f 2749/3000/2749 2760/3012/2760 2748/2999/2748
f 2750/2989/2738 2761/3013/2761 2749/3000/2749
f 2751/3014/2751 2774/3015/2762 2762/3002/2750
f 2752/3016/2763 2763/3017/2764 2751/3003/2751
f 2765/3018/2765 2752/3016/2763 2753/3004/2752
f 2766/3019/2766 2753/3004/2752 2754/3006/2754
f 2767/3020/2767 2754/3006/2754 2755/3007/2755
f 2768/3021/2768 2755/3007/2755 2756/3008/2756
f 2769/3022/2769 2756/3008/2756 2757/3009/2757
f 2770/3023/2770 2757/3009/2757 2758/3010/2758
f 2759/3011/2759 2770/3023/2770 2758/3010/2758
f 2760/3012/2760 2771/3024/2771 2759/3011/2759
f 2761/3013/2761 2772/3025/2772 2760/3012/2760
f 2762/3002/2750 2773/3026/2773 2761/3013/2761
f 2775/3027/2774 2774/3015/2762 2763/3028/2764
f 2776/3029/2775 2763/3017/2764 2764/3030/2776
f 2777/3031/2777 2764/3030/2776 2765/3018/2765
f 2778/3032/2778 2765/3018/2765 2766/3019/2766
f 2779/3033/2779 2766/3019/2766 2767/3020/2767
f 2780/3034/2780 2767/3020/2767 2768/3021/2768
f 2769/3022/2769 2780/3034/2780 2768/3021/2768
f 2770/3023/2770 2781/3035/2781 2769/3022/2769
f 2771/3024/2771 2782/3036/2782 2770/3023/2770
f 2772/3025/2772 2783/3037/2783 2771/3024/2771
f 2773/3026/2773 2784/3038/2784 2772/3025/2772
f 2774/3015/2762 2785/3039/2785 2773/3026/2773
f 2787/3040/2786 2786/3041/2787 2775/3027/2774
f 2788/3042/2788 2775/3043/2774 2776/3029/2775
f 2789/3044/2789 2776/3029/2775 2777/3031/2777
f 2790/3045/2790 2777/3031/2777 2778/3032/2778
f 2791/3046/2791 2778/3032/2778 2779/3033/2779
f 2792/3047/2792 2779/3033/2779 2780/3034/2780
f 2781/3035/2781 2792/3047/2792 2780/3034/2780
f 2782/3036/2782 2793/3048/2793 2781/3035/2781
f 2783/3037/2783 2794/3049/2794 2782/3036/2782
f 2784/3038/2784 2795/3050/2795 2783/3037/2783
f 2785/3039/2785 2796/3051/2796 2784/3038/2784
f 2786/3041/2787 2797/3052/2797 2785/3039/2785
f 2799/3053/2798 2798/3054/2799 2787/3040/2786
f 2800/3055/2800 2787/3056/2786 2788/3042/2788
f 2801/3057/2801 2788/3042/2788 2789/3044/2789
f 2802/3058/2802 2789/3044/2789 2790/3045/2790
f 2803/3059/2803 2790/3045/2790 2791/3046/2791
f 2792/3047/2792 2803/3059/2803 2791/3046/2791
f 2793/3048/2793 2804/3060/2804 2792/3047/2792
f 2794/3049/2794 2805/3061/2805 2793/3048/2793
f 2795/3050/2795 2806/3062/2806 2794/3049/2794
f 2796/3051/2796 2807/3063/2807 2795/3050/2795
f 2797/3052/2797 2808/3064/2808 2796/3051/2796
f 2810/3065/2809 2797/3052/2797 2798/3054/2799
f 2811/3066/2810 2810/3065/2809 2799/3053/2798
f 2812/3067/2811 2799/3068/2798 2800/3055/2800
f 2813/3069/2812 2800/3055/2800 2801/3057/2801
f 2814/3070/2813 2801/3057/2801 2802/3058/2802
f 2815/3071/2814 2802/3058/2802 2803/3059/2803
f 2804/3060/2804 2815/3071/2814 2803/3059/2803
f 2805/3061/2805 2816/3072/2815 2804/3060/2804
f 2806/3062/2806 2817/3073/2816 2805/3061/2805
f 2807/3063/2807 2818/3074/2817 2806/3062/2806
f 2808/3064/2808 2819/3075/2818 2807/3063/2807
f 2809/3076/2819 2820/3077/2820 2808/3064/2808
f 2822/3078/2821 2809/3076/2819 2810/3065/2809
f 2823/3079/2822 2822/3078/2821 2811/3066/2810
f 2824/3080/2823 2811/3081/2810 2812/3067/2811
f 2825/3082/2824 2812/3067/2811 2813/3069/2812
f 2826/3083/2825 2813/3069/2812 2814/3070/2813
f 2827/3084/2826 2814/3070/2813 2815/3071/2814
f 2828/3085/2827 2815/3071/2814 2816/3072/2815
f 2817/3073/2816 2828/3085/2827 2816/3072/2815
f 2818/3074/2817 2829/3086/2828 2817/3073/2816
f 2819/3075/2818 2830/3087/2829 2818/3074/2817
f 2820/3077/2820 2831/3088/2830 2819/3075/2818
f 2821/3089/2831 2832/3090/2832 2820/3077/2820
f 2834/3091/2833 2821/3089/2831 2822/3078/2821
f 2835/3092/2834 2834/3091/2833 2823/3079/2822
f 2836/3093/2835 2823/3094/2822 2824/3080/2823
f 2837/3095/2836 2824/3080/2823 2825/3082/2824
f 2826/3083/2825 2837/3095/2836 2825/3082/2824
f 2839/3096/2837 2826/3083/2825 2827/3084/2826
f 2828/3085/2827 2839/3096/2837 2827/3084/2826
f 2841/3097/2838 2828/3085/2827 2829/3086/2828
f 2830/3087/2829 2841/3097/2838 2829/3086/2828
f 2831/3088/2830 2842/3098/2839 2830/3087/2829
f 2832/3090/2832 2843/3099/2840 2831/3088/2830
f 2833/3100/2841 2844/3101/2842 2832/3090/2832
f 2834/3091/2833 2845/3102/2843 2833/3100/2841
f 2835/3092/2834 2858/3103/2844 2846/3104/2845
f 2836/3093/2835 2847/3105/2846 2835/3106/2834
f 2837/3095/2836 2848/3107/2847 2836/3093/2835
f 2838/3108/2848 2849/3109/2849 2837/3095/2836
f 2851/3110/2850 2838/3108/2848 2839/3096/2837
f 2840/3111/2851 2851/3110/2850 2839/3096/2837
f 2841/3097/2838 2852/3112/2852 2840/3111/2851
f 2854/3113/2853 2841/3097/2838 2842/3098/2839
f 2855/3114/2854 2842/3098/2839 2843/3099/2840
f 2844/3101/2842 2855/3114/2854 2843/3099/2840
f 2845/3102/2843 2856/3115/2855 2844/3101/2842
f 2846/3104/2845 2857/3116/2856 2845/3102/2843
f 2847/3117/2846 2870/3118/2857 2858/3103/2844
f 2848/3107/2847 2859/3119/2858 2847/3105/2846
f 2849/3109/2849 2860/3120/2859 2848/3107/2847
f 2850/3121/2860 2861/3122/2861 2849/3109/2849
f 2863/3123/2862 2850/3121/2860 2851/3110/2850
f 2864/3124/2863 2851/3110/2850 2852/3112/2852
f 2853/3125/2864 2864/3124/2863 2852/3112/2852
f 2866/3126/2865 2853/3125/2864 2854/3113/2853
f 2867/3127/2866 2854/3113/2853 2855/3114/2854
f 2868/3128/2867 2855/3114/2854 2856/3115/2855
f 2857/3116/2856 2868/3128/2867 2856/3115/2855
f 2858/3103/2844 2869/3129/2868 2857/3116/2856
f 2859/3130/2858 2882/3131/2869 2870/3118/2857
f 2860/3120/2859 2871/3132/2870 2859/3119/2858
f 2861/3122/2861 2872/3133/2871 2860/3120/2859
f 2862/3134/2872 2873/3135/2873 2861/3122/2861
f 2863/3123/2862 2874/3136/2874 2862/3134/2872
f 2876/3137/2875 2863/3123/2862 2864/3124/2863
f 2865/3138/2876 2876/3137/2875 2864/3124/2863
f 2878/3139/2877 2865/3138/2876 2866/3126/2865
f 2879/3140/2878 2866/3126/2865 2867/3127/2866
f 2880/3141/2879 2867/3127/2866 2868/3128/2867
f 2881/3142/2880 2868/3128/2867 2869/3129/2868
f 2870/3118/2857 2881/3142/2880 2869/3129/2868
f 2871/3143/2870 2894/3144/2881 2882/3131/2869
f 2872/3133/2871 2883/3145/2882 2871/3132/2870
f 2873/3135/2873 2884/3146/2883 2872/3133/2871
f 2874/3136/2874 2885/3147/2884 2873/3135/2873
f 2875/3148/2885 2886/3149/2886 2874/3136/2874
f 2888/3150/2887 2875/3148/2885 2876/3137/2875
f 2889/3151/2888 2876/3137/2875 2877/3152/2889
f 2890/3153/2890 2877/3152/2889 2878/3139/2877
f 2891/3154/2891 2878/3139/2877 2879/3140/2878
f 2892/3155/2892 2879/3140/2878 2880/3141/2879
f 2893/3156/2893 2880/3141/2879 2881/3142/2880
f 2882/3131/2869 2893/3156/2893 2881/3142/2880
f 2883/3157/2882 2906/3158/2894 2894/3144/2881
f 2884/3146/2883 2895/3159/2895 2883/3145/2882
f 2885/3147/2884 2896/3160/2896 2884/3146/2883
f 2886/3149/2886 2897/3161/2897 2885/3147/2884
f 2899/3162/2898 2886/3149/2886 2887/3163/2899
f 2900/3164/2900 2887/3163/2899 2888/3150/2887
f 2901/3165/2901 2888/3150/2887 2889/3151/2888
f 2902/3166/2902 2889/3151/2888 2890/3153/2890
f 2903/3167/2903 2890/3153/2890 2891/3154/2891
f 2904/3168/2904 2891/3154/2891 2892/3155/2892
f 2905/3169/2905 2892/3155/2892 2893/3156/2893
f 2894/3144/2881 2905/3169/2905 2893/3156/2893
f 2895/3170/2895 2918/3171/2906 2906/3158/2894
f 2896/3160/2896 2907/3172/2907 2895/3159/2895
f 2897/3161/2897 2908/3173/2908 2896/3160/2896
f 2898/3174/2909 2909/3175/2910 2897/3161/2897
f 2911/3176/2911 2898/3174/2909 2899/3162/2898
f 2912/3177/2912 2899/3162/2898 2900/3164/2900
f 2913/3178/2913 2900/3164/2900 2901/3165/2901
f 2914/3179/2914 2901/3165/2901 2902/3166/2902
f 2915/3180/2915 2902/3166/2902 2903/3167/2903
f 2916/3181/2916 2903/3167/2903 2904/3168/2904
f 2905/3169/2905 2916/3181/2916 2904/3168/2904
f 2906/3158/2894 2917/3182/2917 2905/3169/2905
f 2907/3183/2907 2930/3184/2918 2918/3171/2906
f 2908/3173/2908 2919/3185/2919 2907/3172/2907
f 2909/3175/2910 2920/3186/2920 2908/3173/2908
f 2910/3187/2921 2921/3188/2922 2909/3175/2910
f 2923/3189/2923 2910/3187/2921 2911/3176/2911
f 2924/3190/2924 2911/3176/2911 2912/3177/2912
f 2925/3191/2925 2912/3177/2912 2913/3178/2913
f 2926/3192/2926 2913/3178/2913 2914/3179/2914
f 2927/3193/2927 2914/3179/2914 2915/3180/2915
f 2928/3194/2928 2915/3180/2915 2916/3181/2916
f 2917/3182/2917 2928/3194/2928 2916/3181/2916
f 2918/3171/2906 2929/3195/2929 2917/3182/2917
f 2919/3196/2919 2942/3197/2930 2930/3184/2918
f 2920/3186/2920 2931/3198/2931 2919/3185/2919
f 2921/3188/2922 2932/3199/2932 2920/3186/2920
f 2922/3200/2933 2933/3201/2934 2921/3188/2922
f 2935/3202/2935 2922/3200/2933 2923/3189/2923
f 2936/3203/2936 2923/3189/2923 2924/3190/2924
f 2937/3204/2937 2924/3190/2924 2925/3191/2925
f 2938/3205/2938 2925/3191/2925 2926/3192/2926
f 2939/3206/2939 2926/3192/2926 2927/3193/2927
f 2940/3207/2940 2927/3193/2927 2928/3194/2928
f 2929/3195/2929 2940/3207/2940 2928/3194/2928
f 2930/3184/2918 2941/3208/2941 2929/3195/2929
f 2931/3209/2931 2954/3210/2942 2942/3197/2930
f 2932/3199/2932 2943/3211/2943 2931/3198/2931
f 2933/3201/2934 2944/3212/2944 2932/3199/2932
f 2934/3213/2945 2945/3214/2946 2933/3201/2934
f 2947/3215/2947 2934/3213/2945 2935/3202/2935
f 2948/3216/2948 2935/3202/2935 2936/3203/2936
f 2949/3217/2949 2936/3203/2936 2937/3204/2937
f 2950/3218/2950 2937/3204/2937 2938/3205/2938
f 2951/3219/2951 2938/3205/2938 2939/3206/2939
f 2952/3220/2952 2939/3206/2939 2940/3207/2940
f 2941/3208/2941 2952/3220/2952 2940/3207/2940
f 2942/3197/2930 2953/3221/2953 2941/3208/2941
f 2943/3222/2943 2966/3223/2954 2954/3210/2942
f 2944/3212/2944 2955/3224/2955 2943/3211/2943
f 2945/3214/2946 2956/3225/2956 2944/3212/2944
f 2946/3226/2957 2957/3227/2958 2945/3214/2946
f 2959/3228/2959 2946/3226/2957 2947/3215/2947
f 2960/3229/2960 2947/3215/2947 2948/3216/2948
f 2961/3230/2961 2948/3216/2948 2949/3217/2949
f 2962/3231/2962 2949/3217/2949 2950/3218/2950
f 2963/3232/2963 2950/3218/2950 2951/3219/2951
f 2964/3233/2964 2951/3219/2951 2952/3220/2952
f 2953/3221/2953 2964/3233/2964 2952/3220/2952
f 2954/3210/2942 2965/3234/2965 2953/3221/2953
f 2955/3235/2955 2978/3236/2966 2966/3223/2954
f 2956/3225/2956 2967/3237/2967 2955/3224/2955
f 2957/3227/2958 2968/3238/2968 2956/3225/2956
f 2958/3239/2969 2969/3240/2970 2957/3227/2958
f 2971/3241/2971 2958/3239/2969 2959/3228/2959
f 2972/3242/2972 2959/3228/2959 2960/3229/2960
f 2973/3243/2973 2960/3229/2960 2961/3230/2961
f 2974/3244/2974 2961/3230/2961 2962/3231/2962
f 2975/3245/2975 2962/3231/2962 2963/3232/2963
f 2976/3246/2976 2963/3232/2963 2964/3233/2964
f 2977/3247/2977 2964/3233/2964 2965/3234/2965
f 2966/3223/2954 2977/3247/2977 2965/3234/2965
f 387/442/387 399/466/391 410/443/388
f 388/445/390 400/449/393 399/446/391
f 389/448/392 401/451/395 400/449/393
f 390/450/394 402/453/397 401/451/395
f 391/452/396 403/455/399 402/453/397
f 392/454/398 404/472/415 403/455/399
f 405/456/400 404/472/415 392/454/398
f 406/458/402 405/456/400 393/457/401
f 407/460/404 406/458/402 394/459/403
f 408/462/406 407/460/404 395/461/405
f 409/464/408 408/462/406 396/463/407
f 410/443/388 409/464/408 397/465/409
f 399/466/391 411/479/411 422/467/410
f 400/449/393 412/469/412 411/468/411
f 401/451/395 413/470/413 412/469/412
f 402/453/397 414/471/414 413/470/413
f 403/455/399 415/473/416 414/471/414
f 404/472/415 416/485/427 415/473/416
f 417/474/417 416/485/427 404/472/415
f 418/475/418 417/474/417 405/456/400
f 419/476/419 418/475/418 406/458/402
f 420/477/420 419/476/419 407/460/404
f 421/478/421 420/477/420 408/462/406
f 422/467/410 421/478/421 409/464/408
f 411/479/411 423/492/423 434/480/422
f 412/469/412 424/482/424 423/481/423
f 413/470/413 425/483/425 424/482/424
f 414/471/414 426/484/426 425/483/425
f 415/473/416 427/486/428 426/484/426
f 416/485/427 428/498/439 427/486/428
f 429/487/429 428/498/439 416/485/427
f 430/488/430 429/487/429 417/474/417
f 431/489/431 430/488/430 418/475/418
f 432/490/432 431/489/431 419/476/419
f 433/491/433 432/490/432 420/477/420
f 434/480/422 433/491/433 421/478/421
f 423/492/423 435/506/435 446/493/434
f 424/482/424 436/495/436 435/494/435
f 425/483/425 437/496/437 436/495/436
f 426/484/426 438/497/438 437/496/437
f 427/486/428 439/499/440 438/497/438
f 428/498/439 440/512/452 439/499/440
f 441/500/441 440/512/452 428/498/439
f 442/501/442 441/500/441 429/487/429
f 443/502/443 442/501/442 430/488/430
f 444/503/444 443/502/443 431/489/431
f 445/504/445 444/503/444 432/490/432
f 446/493/434 445/504/445 433/491/433
f 447/505/446 458/519/459 446/493/434
f 448/507/447 447/521/446 435/494/435
f 449/508/448 448/507/447 436/495/436
f 450/509/449 449/508/448 437/496/437
f 451/510/450 450/509/449 438/497/438
f 452/511/451 451/510/450 439/499/440
f 441/500/441 453/513/453 452/511/451
f 442/501/442 454/514/454 453/513/453
f 443/502/443 455/515/455 454/514/454
f 444/503/444 456/516/456 455/515/455
f 445/504/445 457/517/457 456/516/456
f 446/493/434 458/519/459 457/517/457
f 459/518/458 470/532/471 458/519/459
f 460/520/460 459/534/458 447/521/446
f 461/522/461 460/520/460 448/507/447
f 462/523/462 461/522/461 449/508/448
f 463/524/463 462/523/462 450/509/449
f 464/525/464 463/524/463 451/510/450
f 453/513/453 465/526/465 464/525/464
f 454/514/454 466/527/466 465/526/465
f 455/515/455 467/528/467 466/527/466
f 456/516/456 468/529/468 467/528/467
f 457/517/457 469/530/469 468/529/468
f 458/519/459 470/532/471 469/530/469
f 471/531/470 482/545/483 470/532/471
f 472/533/472 471/547/470 459/534/458
f 473/535/473 472/533/472 460/520/460
f 474/536/474 473/535/473 461/522/461
f 475/537/475 474/536/474 462/523/462
f 476/538/476 475/537/475 463/524/463
f 465/526/465 477/539/477 476/538/476
f 466/527/466 478/540/478 477/539/477
f 467/528/467 479/541/479 478/540/478
f 468/529/468 480/542/480 479/541/479
f 469/530/469 481/543/481 480/542/480
f 470/532/471 482/545/483 481/543/481
f 483/544/482 494/558/495 482/545/483
f 484/546/484 483/560/482 471/547/470
f 485/548/485 484/546/484 472/533/472
f 486/549/486 485/548/485 473/535/473
f 487/550/487 486/549/486 474/536/474
f 488/551/488 487/550/487 475/537/475
f 477/539/477 489/552/489 488/551/488
f 478/540/478 490/553/490 489/552/489
f 479/541/479 491/554/491 490/553/490
f 480/542/480 492/555/492 491/554/491
f 481/543/481 493/556/493 492/555/492
f 482/545/483 494/558/495 493/556/493
f 495/557/494 506/571/507 494/558/495
f 496/559/496 495/573/494 483/560/482
f 497/561/497 496/559/496 484/546/484
f 498/562/498 497/561/497 485/548/485
f 499/563/499 498/562/498 486/549/486
f 500/564/500 499/563/499 487/550/487
f 489/552/489 501/565/501 500/564/500
f 490/553/490 502/566/502 501/565/501
f 491/554/491 503/567/503 502/566/502
f 492/555/492 504/568/504 503/567/503
f 493/556/493 505/569/505 504/568/504
f 494/558/495 506/571/507 505/569/505
f 507/570/506 518/584/519 506/571/507
f 508/572/508 507/586/506 495/573/494
f 509/574/509 508/572/508 496/559/496
f 510/575/510 509/574/509 497/561/497
f 511/576/511 510/575/510 498/562/498
f 512/577/512 511/576/511 499/563/499
f 501/565/501 513/578/513 512/577/512
f 502/566/502 514/579/514 513/578/513
f 503/567/503 515/580/515 514/579/514
f 504/568/504 516/581/516 515/580/515
f 505/569/505 517/582/517 516/581/516
f 506/571/507 518/584/519 517/582/517
f 507/570/506 519/596/520 530/583/518
f 508/572/508 520/587/521 519/585/520
f 509/574/509 521/588/522 520/587/521
f 510/575/510 522/600/533 521/588/522
f 523/589/523 522/600/533 510/575/510
f 524/590/524 523/589/523 511/576/511
f 525/591/525 524/590/524 512/577/512
f 526/592/526 525/591/525 513/578/513
f 527/593/527 526/592/526 514/579/514
f 528/594/528 527/593/527 515/580/515
f 529/595/529 528/594/528 516/581/516
f 518/584/519 530/583/518 529/595/529
f 519/596/520 531/609/531 542/597/530
f 520/587/521 532/599/532 531/598/531
f 521/588/522 533/601/534 532/599/532
f 522/600/533 534/602/535 533/601/534
f 523/589/523 535/603/536 534/602/535
f 524/590/524 536/615/547 535/603/536
f 537/604/537 536/615/547 524/590/524
f 538/605/538 537/604/537 525/591/525
f 539/606/539 538/605/538 526/592/526
f 540/607/540 539/606/539 527/593/527
f 541/608/541 540/607/540 528/594/528
f 542/597/530 541/608/541 529/595/529
f 531/609/531 543/622/543 554/610/542
f 532/599/532 544/612/544 543/611/543
f 533/601/534 545/613/545 544/612/544
f 534/602/535 546/614/546 545/613/545
f 535/603/536 547/616/548 546/614/546
f 536/615/547 548/629/560 547/616/548
f 549/617/549 548/629/560 536/615/547
f 550/618/550 549/617/549 537/604/537
f 551/619/551 550/618/550 538/605/538
f 552/620/552 551/619/551 539/606/539
f 553/621/553 552/620/552 540/607/540
f 554/610/542 553/621/553 541/608/541
f 543/622/543 555/636/555 566/623/554
f 544/612/544 556/625/556 555/624/555
f 545/613/545 557/626/557 556/625/556
f 546/614/546 558/627/558 557/626/557
f 547/616/548 559/641/571 558/627/558
f 560/628/559 559/641/571 547/616/548
f 561/630/561 560/628/559 548/629/560
f 562/631/562 561/630/561 549/617/549
f 563/632/563 562/631/562 550/618/550
f 564/633/564 563/632/563 551/619/551
f 565/634/565 564/633/564 552/620/552
f 554/610/542 566/623/554 565/634/565
f 567/635/566 578/649/579 566/623/554
f 568/637/567 567/651/566 555/624/555
f 569/638/568 568/637/567 556/625/556
f 570/639/569 569/638/568 557/626/557
f 571/640/570 570/639/569 558/627/558
f 572/642/572 571/640/570 559/641/571
f 561/630/561 573/643/573 572/642/572
f 562/631/562 574/644/574 573/643/573
f 563/632/563 575/645/575 574/644/574
f 564/633/564 576/646/576 575/645/575
f 565/634/565 577/647/577 576/646/576
f 566/623/554 578/649/579 577/647/577
f 579/648/578 590/662/591 578/649/579
f 580/650/580 579/664/578 567/651/566
f 581/652/581 580/650/580 568/637/567
f 582/653/582 581/652/581 569/638/568
f 583/654/583 582/653/582 570/639/569
f 584/655/584 583/654/583 571/640/570
f 573/643/573 585/656/585 584/655/584
f 574/644/574 586/657/586 585/656/585
f 575/645/575 587/658/587 586/657/586
f 576/646/576 588/659/588 587/658/587
f 577/647/577 589/660/589 588/659/588
f 578/649/579 590/662/591 589/660/589
f 591/661/590 602/675/603 590/662/591
f 592/663/592 591/677/590 579/664/578
f 593/665/593 592/663/592 580/650/580
f 594/666/594 593/665/593 581/652/581
f 595/667/595 594/666/594 582/653/582
f 596/668/596 595/667/595 583/654/583
f 585/656/585 597/669/597 596/668/596
f 586/657/586 598/670/598 597/669/597
f 587/658/587 599/671/599 598/670/598
f 588/659/588 600/672/600 599/671/599
f 589/660/589 601/673/601 600/672/600
f 590/662/591 602/675/603 601/673/601
f 603/674/602 614/688/615 602/675/603
f 604/676/604 603/690/602 591/677/590
f 605/678/605 604/676/604 592/663/592
f 606/679/606 605/678/605 593/665/593
f 607/680/607 606/679/606 594/666/594
f 608/681/608 607/680/607 595/667/595
f 597/669/597 609/682/609 608/681/608
f 598/670/598 610/683/610 609/682/609
f 599/671/599 611/684/611 610/683/610
f 600/672/600 612/685/612 611/684/611
f 601/673/601 613/686/613 612/685/612
f 602/675/603 614/688/615 613/686/613
f 615/687/614 626/701/627 614/688/615
f 616/689/616 615/703/614 603/690/602
f 617/691/617 616/689/616 604/676/604
f 618/692/618 617/691/617 605/678/605
f 619/693/619 618/692/618 606/679/606
f 620/694/620 619/693/619 607/680/607
f 609/682/609 621/695/621 620/694/620
f 610/683/610 622/696/622 621/695/621
f 611/684/611 623/697/623 622/696/622
f 612/685/612 624/698/624 623/697/623
f 613/686/613 625/699/625 624/698/624
f 614/688/615 626/701/627 625/699/625
f 615/687/614 627/713/628 638/700/626
f 616/689/616 628/704/629 627/702/628
f 617/691/617 629/705/630 628/704/629
f 618/692/618 630/706/631 629/705/630
f 619/693/619 631/707/632 630/706/631
f 620/694/620 632/719/643 631/707/632
f 633/708/633 632/719/643 620/694/620
f 634/709/634 633/708/633 621/695/621
f 635/710/635 634/709/634 622/696/622
f 636/711/636 635/710/635 623/697/623
f 637/712/637 636/711/636 624/698/624
f 638/700/626 637/712/637 625/699/625
f 627/713/628 639/726/639 650/714/638
f 628/704/629 640/716/640 639/715/639
f 629/705/630 641/717/641 640/716/640
f 630/706/631 642/718/642 641/717/641
f 631/707/632 643/720/644 642/718/642
f 632/719/643 644/732/655 643/720/644
f 645/721/645 644/732/655 632/719/643
f 646/722/646 645/721/645 633/708/633
f 647/723/647 646/722/646 634/709/634
f 648/724/648 647/723/647 635/710/635
f 649/725/649 648/724/648 636/711/636
f 650/714/638 649/725/649 637/712/637
f 639/726/639 651/739/651 662/727/650
f 640/716/640 652/729/652 651/728/651
f 641/717/641 653/730/653 652/729/652
f 642/718/642 654/731/654 653/730/653
f 643/720/644 655/733/656 654/731/654
f 644/732/655 656/745/667 655/733/656
f 657/734/657 656/745/667 644/732/655
f 658/735/658 657/734/657 645/721/645
f 659/736/659 658/735/658 646/722/646
f 660/737/660 659/736/659 647/723/647
f 661/738/661 660/737/660 648/724/648
f 662/727/650 661/738/661 649/725/649
f 651/739/651 663/753/663 674/740/662
f 652/729/652 664/742/664 663/741/663
f 653/730/653 665/743/665 664/742/664
f 654/731/654 666/744/666 665/743/665
f 655/733/656 667/746/668 666/744/666
f 656/745/667 668/757/678 667/746/668
f 669/747/669 668/757/678 656/745/667
f 670/748/670 669/747/669 657/734/657
f 671/749/671 670/748/670 658/735/658
f 672/750/672 671/749/671 659/736/659
f 673/751/673 672/750/672 660/737/660
f 674/740/662 673/751/673 661/738/661
f 675/752/674 686/764/685 674/740/662
f 676/754/675 675/767/674 663/741/663
f 665/743/665 677/755/676 676/754/675
f 666/744/666 678/756/677 677/755/676
f 667/746/668 679/758/679 678/756/677
f 668/757/678 680/759/680 679/758/679
f 669/747/669 681/771/691 680/759/680
f 682/760/681 681/771/691 669/747/669
f 683/761/682 682/760/681 670/748/670
f 684/762/683 683/761/682 671/749/671
f 685/763/684 684/762/683 672/750/672
f 686/764/685 685/763/684 673/751/673
f 687/765/686 698/777/697 686/764/685
f 688/766/687 687/780/686 675/767/674
f 689/768/688 688/766/687 676/754/675
f 690/769/689 689/768/688 677/755/676
f 691/770/690 690/769/689 678/756/677
f 680/759/680 692/772/692 691/770/690
f 681/771/691 693/773/693 692/772/692
f 682/760/681 694/774/694 693/773/693
f 683/761/682 695/775/695 694/774/694
f 684/762/683 696/776/696 695/775/695
f 685/763/684 697/788/707 696/776/696
f 698/777/697 697/788/707 685/763/684
f 699/778/698 710/792/711 698/777/697
f 700/779/699 699/794/698 687/780/686
f 701/781/700 700/779/699 688/766/687
f 702/782/701 701/781/700 689/768/688
f 703/783/702 702/782/701 690/769/689
f 704/784/703 703/783/702 691/770/690
f 693/773/693 705/785/704 704/784/703
f 694/774/694 706/786/705 705/785/704
f 695/775/695 707/787/706 706/786/705
f 696/776/696 708/789/708 707/787/706
f 697/788/707 709/790/709 708/789/708
f 698/777/697 710/792/711 709/790/709
f 711/791/710 722/805/723 710/792/711
f 712/793/712 711/807/710 699/794/698
f 713/795/713 712/793/712 700/779/699
f 714/796/714 713/795/713 701/781/700
f 715/797/715 714/796/714 702/782/701
f 716/798/716 715/797/715 703/783/702
f 705/785/704 717/799/717 716/798/716
f 706/786/705 718/800/718 717/799/717
f 707/787/706 719/801/719 718/800/718
f 708/789/708 720/802/720 719/801/719
f 709/790/709 721/803/721 720/802/720
f 710/792/711 722/805/723 721/803/721
f 723/804/722 734/818/735 722/805/723
f 724/806/724 723/820/722 711/807/710
f 725/808/725 724/806/724 712/793/712
f 726/809/726 725/808/725 713/795/713
f 727/810/727 726/809/726 714/796/714
f 728/811/728 727/810/727 715/797/715
f 717/799/717 729/812/729 728/811/728
f 718/800/718 730/813/730 729/812/729
f 719/801/719 731/814/731 730/813/730
f 720/802/720 732/815/732 731/814/731
f 721/803/721 733/816/733 732/815/732
f 722/805/723 734/818/735 733/816/733
f 735/817/734 746/831/747 734/818/735
f 736/819/736 735/833/734 723/820/722
f 737/821/737 736/819/736 724/806/724
f 738/822/738 737/821/737 725/808/725
f 739/823/739 738/822/738 726/809/726
f 740/824/740 739/823/739 727/810/727
f 729/812/729 741/825/741 740/824/740
f 730/813/730 742/826/742 741/825/741
f 731/814/731 743/827/743 742/826/742
f 732/815/732 744/828/744 743/827/743
f 733/816/733 745/829/745 744/828/744
f 734/818/735 746/831/747 745/829/745
f 747/830/746 758/844/759 746/831/747
f 748/832/748 747/846/746 735/833/734
f 749/834/749 748/832/748 736/819/736
f 750/835/750 749/834/749 737/821/737
f 751/836/751 750/835/750 738/822/738
f 752/837/752 751/836/751 739/823/739
f 741/825/741 753/838/753 752/837/752
f 742/826/742 754/839/754 753/838/753
f 743/827/743 755/840/755 754/839/754
f 744/828/744 756/841/756 755/840/755
f 745/829/745 757/842/757 756/841/756
f 746/831/747 758/844/759 757/842/757
f 759/843/758 770/857/771 758/844/759
f 760/845/760 759/859/758 747/846/746
f 761/847/761 760/845/760 748/832/748
f 762/848/762 761/847/761 749/834/749
f 763/849/763 762/848/762 750/835/750
f 764/850/764 763/849/763 751/836/751
f 753/838/753 765/851/765 764/850/764
f 754/839/754 766/852/766 765/851/765
f 755/840/755 767/853/767 766/852/766
f 756/841/756 768/854/768 767/853/767
f 757/842/757 769/855/769 768/854/768
f 758/844/759 770/857/771 769/855/769
f 771/856/770 782/870/783 770/857/771
f 772/858/772 771/872/770 759/859/758
f 773/860/773 772/858/772 760/845/760
f 774/861/774 773/860/773 761/847/761
f 775/862/775 774/861/774 762/848/762
f 776/863/776 775/862/775 763/849/763
f 765/851/765 777/864/777 776/863/776
f 766/852/766 778/865/778 777/864/777
f 767/853/767 779/866/779 778/865/778
f 768/854/768 780/867/780 779/866/779
f 769/855/769 781/868/781 780/867/780
f 770/857/771 782/870/783 781/868/781
f 783/869/782 794/883/795 782/870/783
f 784/871/784 783/885/782 771/872/770
f 785/873/785 784/871/784 772/858/772
f 786/874/786 785/873/785 773/860/773
f 787/875/787 786/874/786 774/861/774
f 788/876/788 787/875/787 775/862/775
f 777/864/777 789/877/789 788/876/788
f 778/865/778 790/878/790 789/877/789
f 779/866/779 791/879/791 790/878/790
f 780/867/780 792/880/792 791/879/791
f 781/868/781 793/881/793 792/880/792
f 782/870/783 794/883/795 793/881/793
f 795/882/794 806/896/807 794/883/795
f 796/884/796 795/898/794 783/885/782
f 797/886/797 796/884/796 784/871/784
f 798/887/798 797/886/797 785/873/785
f 799/888/799 798/887/798 786/874/786
f 800/889/800 799/888/799 787/875/787
f 789/877/789 801/890/801 800/889/800
f 790/878/790 802/891/802 801/890/801
f 791/879/791 803/892/803 802/891/802
f 792/880/792 804/893/804 803/892/803
f 793/881/793 805/894/805 804/893/804
f 794/883/795 806/896/807 805/894/805
f 807/895/806 818/907/817 806/896/807
f 808/897/808 807/910/806 795/898/794
f 809/899/809 808/897/808 796/884/796
f 810/900/810 809/899/809 797/886/797
f 811/901/811 810/900/810 798/887/798
f 800/889/800 812/902/812 811/901/811
f 801/890/801 813/903/813 812/902/812
f 802/891/802 814/904/814 813/903/813
f 803/892/803 815/905/815 814/904/814
f 804/893/804 816/906/816 815/905/815
f 805/894/805 817/919/828 816/906/816
f 818/907/817 817/919/828 805/894/805
f 819/908/818 830/920/829 818/907/817
f 820/909/819 819/923/818 807/910/806
f 821/911/820 820/909/819 808/897/808
f 822/912/821 821/911/820 809/899/809
f 811/901/811 823/913/822 822/912/821
f 812/902/812 824/914/823 823/913/822
f 813/903/813 825/915/824 824/914/823
f 814/904/814 826/916/825 825/915/824
f 815/905/815 827/917/826 826/916/825
f 816/906/816 828/931/839 827/917/826
f 829/918/827 828/931/839 816/906/816
f 830/920/829 829/918/827 817/919/828
f 831/921/830 842/933/841 830/920/829
f 832/922/831 831/936/830 819/923/818
f 821/911/820 833/924/832 832/922/831
f 822/912/821 834/925/833 833/924/832
f 823/913/822 835/926/834 834/925/833
f 824/914/823 836/927/835 835/926/834
f 825/915/824 837/928/836 836/927/835
f 826/916/825 838/943/849 837/928/836
f 839/929/837 838/943/849 826/916/825
f 840/930/838 839/929/837 827/917/826
f 841/932/840 840/930/838 828/931/839
f 842/933/841 841/932/840 829/918/827
f 843/934/842 854/947/853 842/933/841
f 832/922/831 844/937/843 843/935/842
f 833/924/832 845/938/844 844/937/843
f 834/925/833 846/939/845 845/938/844
f 835/926/834 847/940/846 846/939/845
f 836/927/835 848/941/847 847/940/846
f 837/928/836 849/954/859 848/941/847
f 850/942/848 849/954/859 837/928/836
f 851/944/850 850/942/848 838/943/849
f 852/945/851 851/944/850 839/929/837
f 853/946/852 852/945/851 840/930/838
f 854/947/853 853/946/852 841/932/840
f 855/948/854 866/960/865 854/947/853
f 844/937/843 856/950/855 855/949/854
f 845/938/844 857/951/856 856/950/855
f 846/939/845 858/952/857 857/951/856
f 847/940/846 859/953/858 858/952/857
f 848/941/847 860/955/860 859/953/858
f 849/954/859 861/968/873 860/955/860
f 862/956/861 861/968/873 849/954/859
f 863/957/862 862/956/861 850/942/848
f 864/958/863 863/957/862 851/944/850
f 865/959/864 864/958/863 852/945/851
f 866/960/865 865/959/864 853/946/852
f 855/948/854 867/973/867 878/961/866
f 856/950/855 868/963/868 867/962/867
f 857/951/856 869/964/869 868/963/868
f 858/952/857 870/965/870 869/964/869
f 859/953/858 871/966/871 870/965/870
f 860/955/860 872/979/883 871/966/871
f 873/967/872 872/979/883 860/955/860
f 874/969/874 873/967/872 861/968/873
f 875/970/875 874/969/874 862/956/861
f 876/971/876 875/970/875 863/957/862
f 877/972/877 876/971/876 864/958/863
f 878/961/866 877/972/877 865/959/864
f 867/973/867 879/986/879 890/974/878
f 868/963/868 880/976/880 879/975/879
f 869/964/869 881/977/881 880/976/880
f 870/965/870 882/978/882 881/977/881
f 871/966/871 883/980/884 882/978/882
f 872/979/883 884/992/895 883/980/884
f 885/981/885 884/992/895 872/979/883
f 886/982/886 885/981/885 873/967/872
f 887/983/887 886/982/886 874/969/874
f 888/984/888 887/983/887 875/970/875
f 889/985/889 888/984/888 876/971/876
f 890/974/878 889/985/889 877/972/877
f 879/986/879 891/999/891 902/987/890
f 880/976/880 892/989/892 891/988/891
f 881/977/881 893/990/893 892/989/892
f 882/978/882 894/991/894 893/990/893
f 883/980/884 895/993/896 894/991/894
f 884/992/895 896/1005/907 895/993/896
f 897/994/897 896/1005/907 884/992/895
f 898/995/898 897/994/897 885/981/885
f 899/996/899 898/995/898 886/982/886
f 900/997/900 899/996/899 887/983/887
f 901/998/901 900/997/900 888/984/888
f 902/987/890 901/998/901 889/985/889
f 891/999/891 903/1012/903 914/1000/902
f 892/989/892 904/1002/904 903/1001/903
f 893/990/893 905/1003/905 904/1002/904
f 894/991/894 906/1004/906 905/1003/905
f 895/993/896 907/1006/908 906/1004/906
f 896/1005/907 908/1018/919 907/1006/908
f 909/1007/909 908/1018/919 896/1005/907
f 910/1008/910 909/1007/909 897/994/897
f 911/1009/911 910/1008/910 898/995/898
f 912/1010/912 911/1009/911 899/996/899
f 913/1011/913 912/1010/912 900/997/900
f 914/1000/902 913/1011/913 901/998/901
f 903/1012/903 915/1025/915 926/1013/914
f 904/1002/904 916/1015/916 915/1014/915
f 905/1003/905 917/1016/917 916/1015/916
f 906/1004/906 918/1017/918 917/1016/917
f 907/1006/908 919/1019/920 918/1017/918
f 908/1018/919 920/1031/931 919/1019/920
f 921/1020/921 920/1031/931 908/1018/919
f 922/1021/922 921/1020/921 909/1007/909
f 923/1022/923 922/1021/922 910/1008/910
f 924/1023/924 923/1022/923 911/1009/911
f 925/1024/925 924/1023/924 912/1010/912
f 926/1013/914 925/1024/925 913/1011/913
f 915/1025/915 927/1038/927 938/1026/926
f 916/1015/916 928/1028/928 927/1027/927
f 917/1016/917 929/1029/929 928/1028/928
f 918/1017/918 930/1030/930 929/1029/929
f 919/1019/920 931/1032/932 930/1030/930
f 920/1031/931 932/1044/943 931/1032/932
f 933/1033/933 932/1044/943 920/1031/931
f 934/1034/934 933/1033/933 921/1020/921
f 935/1035/935 934/1034/934 922/1021/922
f 936/1036/936 935/1035/935 923/1022/923
f 937/1037/937 936/1036/936 924/1023/924
f 938/1026/926 937/1037/937 925/1024/925
f 927/1038/927 939/1051/939 950/1039/938
f 928/1028/928 940/1041/940 939/1040/939
f 929/1029/929 941/1042/941 940/1041/940
f 930/1030/930 942/1043/942 941/1042/941
f 931/1032/932 943/1045/944 942/1043/942
f 932/1044/943 944/1057/955 943/1045/944
f 945/1046/945 944/1057/955 932/1044/943
f 946/1047/946 945/1046/945 933/1033/933
f 947/1048/947 946/1047/946 934/1034/934
f 948/1049/948 947/1048/947 935/1035/935
f 949/1050/949 948/1049/948 936/1036/936
f 950/1039/938 949/1050/949 937/1037/937
f 939/1051/939 951/1064/951 962/1052/950
f 940/1041/940 952/1054/952 951/1053/951
f 941/1042/941 953/1055/953 952/1054/952
f 942/1043/942 954/1056/954 953/1055/953
f 943/1045/944 955/1058/956 954/1056/954
f 944/1057/955 956/1070/967 955/1058/956
f 957/1059/957 956/1070/967 944/1057/955
f 958/1060/958 957/1059/957 945/1046/945
f 959/1061/959 958/1060/958 946/1047/946
f 960/1062/960 959/1061/959 947/1048/947
f 961/1063/961 960/1062/960 948/1049/948
f 962/1052/950 961/1063/961 949/1050/949
f 951/1064/951 963/1077/963 974/1065/962
f 952/1054/952 964/1067/964 963/1066/963
f 953/1055/953 965/1068/965 964/1067/964
f 954/1056/954 966/1069/966 965/1068/965
f 955/1058/956 967/1071/968 966/1069/966
f 956/1070/967 968/1083/979 967/1071/968
f 969/1072/969 968/1083/979 956/1070/967
f 970/1073/970 969/1072/969 957/1059/957
f 971/1074/971 970/1073/970 958/1060/958
f 972/1075/972 971/1074/971 959/1061/959
f 973/1076/973 972/1075/972 960/1062/960
f 974/1065/962 973/1076/973 961/1063/961
f 963/1077/963 975/1091/975 986/1078/974
f 964/1067/964 976/1080/976 975/1079/975
f 965/1068/965 977/1081/977 976/1080/976
f 966/1069/966 978/1082/978 977/1081/977
f 967/1071/968 979/1084/980 978/1082/978
f 968/1083/979 980/1085/981 979/1084/980
f 969/1072/969 981/1097/992 980/1085/981
f 982/1086/982 981/1097/992 969/1072/969
f 983/1087/983 982/1086/982 970/1073/970
f 984/1088/984 983/1087/983 971/1074/971
f 985/1089/985 984/1088/984 972/1075/972
f 986/1078/974 985/1089/985 973/1076/973
f 987/1090/986 998/1102/997 986/1078/974
f 988/1092/987 987/1105/986 975/1079/975
f 989/1093/988 988/1092/987 976/1080/976
f 990/1094/989 989/1093/988 977/1081/977
f 991/1095/990 990/1094/989 978/1082/978
f 992/1096/991 991/1095/990 979/1084/980
f 981/1097/992 993/1098/993 992/1096/991
f 982/1086/982 994/1099/994 993/1098/993
f 983/1087/983 995/1100/995 994/1099/994
f 984/1088/984 996/1101/996 995/1100/995
f 985/1089/985 997/1113/1007 996/1101/996
f 998/1102/997 997/1113/1007 985/1089/985
f 999/1103/998 1010/1117/1011 998/1102/997
f 1000/1104/999 999/1119/998 987/1105/986
f 1001/1106/1000 1000/1104/999 988/1092/987
f 1002/1107/1001 1001/1106/1000 989/1093/988
f 1003/1108/1002 1002/1107/1001 990/1094/989
f 1004/1109/1003 1003/1108/1002 991/1095/990
f 993/1098/993 1005/1110/1004 1004/1109/1003
f 994/1099/994 1006/1111/1005 1005/1110/1004
f 995/1100/995 1007/1112/1006 1006/1111/1005
f 996/1101/996 1008/1114/1008 1007/1112/1006
f 997/1113/1007 1009/1115/1009 1008/1114/1008
f 998/1102/997 1010/1117/1011 1009/1115/1009
f 1011/1116/1010 1022/1130/1023 1010/1117/1011
f 1012/1118/1012 1011/1132/1010 999/1119/998
f 1013/1120/1013 1012/1118/1012 1000/1104/999
f 1014/1121/1014 1013/1120/1013 1001/1106/1000
f 1015/1122/1015 1014/1121/1014 1002/1107/1001
f 1016/1123/1016 1015/1122/1015 1003/1108/1002
f 1005/1110/1004 1017/1124/1017 1016/1123/1016
f 1006/1111/1005 1018/1125/1018 1017/1124/1017
f 1007/1112/1006 1019/1126/1019 1018/1125/1018
f 1008/1114/1008 1020/1127/1020 1019/1126/1019
f 1009/1115/1009 1021/1128/1021 1020/1127/1020
f 1010/1117/1011 1022/1130/1023 1021/1128/1021
f 1023/1129/1022 1034/1143/1035 1022/1130/1023
f 1024/1131/1024 1023/1145/1022 1011/1132/1010
f 1025/1133/1025 1024/1131/1024 1012/1118/1012
f 1026/1134/1026 1025/1133/1025 1013/1120/1013
f 1027/1135/1027 1026/1134/1026 1014/1121/1014
f 1028/1136/1028 1027/1135/1027 1015/1122/1015
f 1017/1124/1017 1029/1137/1029 1028/1136/1028
f 1018/1125/1018 1030/1138/1030 1029/1137/1029
f 1019/1126/1019 1031/1139/1031 1030/1138/1030
f 1020/1127/1020 1032/1140/1032 1031/1139/1031
f 1021/1128/1021 1033/1141/1033 1032/1140/1032
f 1022/1130/1023 1034/1143/1035 1033/1141/1033
f 1035/1142/1034 1046/1156/1047 1034/1143/1035
f 1036/1144/1036 1035/1158/1034 1023/1145/1022
f 1037/1146/1037 1036/1144/1036 1024/1131/1024
f 1038/1147/1038 1037/1146/1037 1025/1133/1025
f 1039/1148/1039 1038/1147/1038 1026/1134/1026
f 1040/1149/1040 1039/1148/1039 1027/1135/1027
f 1029/1137/1029 1041/1150/1041 1040/1149/1040
f 1030/1138/1030 1042/1151/1042 1041/1150/1041
f 1031/1139/1031 1043/1152/1043 1042/1151/1042
f 1032/1140/1032 1044/1153/1044 1043/1152/1043
f 1033/1141/1033 1045/1154/1045 1044/1153/1044
f 1034/1143/1035 1046/1156/1047 1045/1154/1045
f 1047/1155/1046 1058/1169/1059 1046/1156/1047
f 1048/1157/1048 1047/1171/1046 1035/1158/1034
f 1049/1159/1049 1048/1157/1048 1036/1144/1036
f 1050/1160/1050 1049/1159/1049 1037/1146/1037
f 1051/1161/1051 1050/1160/1050 1038/1147/1038
f 1052/1162/1052 1051/1161/1051 1039/1148/1039
f 1041/1150/1041 1053/1163/1053 1052/1162/1052
f 1042/1151/1042 1054/1164/1054 1053/1163/1053
f 1043/1152/1043 1055/1165/1055 1054/1164/1054
f 1044/1153/1044 1056/1166/1056 1055/1165/1055
f 1045/1154/1045 1057/1167/1057 1056/1166/1056
f 1046/1156/1047 1058/1169/1059 1057/1167/1057
f 1059/1168/1058 1070/1182/1071 1058/1169/1059
f 1060/1170/1060 1059/1184/1058 1047/1171/1046
f 1061/1172/1061 1060/1170/1060 1048/1157/1048
f 1062/1173/1062 1061/1172/1061 1049/1159/1049
f 1063/1174/1063 1062/1173/1062 1050/1160/1050
f 1064/1175/1064 1063/1174/1063 1051/1161/1051
f 1053/1163/1053 1065/1176/1065 1064/1175/1064
f 1054/1164/1054 1066/1177/1066 1065/1176/1065
f 1055/1165/1055 1067/1178/1067 1066/1177/1066
f 1056/1166/1056 1068/1179/1068 1067/1178/1067
f 1057/1167/1057 1069/1180/1069 1068/1179/1068
f 1058/1169/1059 1070/1182/1071 1069/1180/1069
f 1071/1181/1070 1082/1193/1081 1070/1182/1071
f 1072/1183/1072 1071/1196/1070 1059/1184/1058
f 1073/1185/1073 1072/1183/1072 1060/1170/1060
f 1074/1186/1074 1073/1185/1073 1061/1172/1061
f 1075/1187/1075 1074/1186/1074 1062/1173/1062
f 1064/1175/1064 1076/1188/1076 1075/1187/1075
f 1065/1176/1065 1077/1189/1077 1076/1188/1076
f 1066/1177/1066 1078/1190/1078 1077/1189/1077
f 1067/1178/1067 1079/1191/1079 1078/1190/1078
f 1068/1179/1068 1080/1192/1080 1079/1191/1079
f 1069/1180/1069 1081/1205/1092 1080/1192/1080
f 1082/1193/1081 1081/1205/1092 1069/1180/1069
f 1083/1194/1082 1094/1206/1093 1082/1193/1081
f 1084/1195/1083 1083/1209/1082 1071/1196/1070
f 1085/1197/1084 1084/1195/1083 1072/1183/1072
f 1086/1198/1085 1085/1197/1084 1073/1185/1073
f 1075/1187/1075 1087/1199/1086 1086/1198/1085
f 1076/1188/1076 1088/1200/1087 1087/1199/1086
f 1077/1189/1077 1089/1201/1088 1088/1200/1087
f 1078/1190/1078 1090/1202/1089 1089/1201/1088
f 1079/1191/1079 1091/1203/1090 1090/1202/1089
f 1080/1192/1080 1092/1217/1103 1091/1203/1090
f 1093/1204/1091 1092/1217/1103 1080/1192/1080
f 1094/1206/1093 1093/1204/1091 1081/1205/1092
f 1095/1207/1094 1106/1219/1105 1094/1206/1093
f 1096/1208/1095 1095/1222/1094 1083/1209/1082
f 1085/1197/1084 1097/1210/1096 1096/1208/1095
f 1086/1198/1085 1098/1211/1097 1097/1210/1096
f 1087/1199/1086 1099/1212/1098 1098/1211/1097
f 1088/1200/1087 1100/1213/1099 1099/1212/1098
f 1089/1201/1088 1101/1214/1100 1100/1213/1099
f 1090/1202/1089 1102/1228/1113 1101/1214/1100
f 1103/1215/1101 1102/1228/1113 1090/1202/1089
f 1104/1216/1102 1103/1215/1101 1091/1203/1090
f 1105/1218/1104 1104/1216/1102 1092/1217/1103
f 1106/1219/1105 1105/1218/1104 1093/1204/1091
f 1107/1220/1106 1118/1232/1117 1106/1219/1105
f 1108/1221/1107 1107/1235/1106 1095/1222/1094
f 1097/1210/1096 1109/1223/1108 1108/1221/1107
f 1098/1211/1097 1110/1224/1109 1109/1223/1108
f 1099/1212/1098 1111/1225/1110 1110/1224/1109
f 1100/1213/1099 1112/1226/1111 1111/1225/1110
f 1101/1214/1100 1113/1240/1123 1112/1226/1111
f 1114/1227/1112 1113/1240/1123 1101/1214/1100
f 1115/1229/1114 1114/1227/1112 1102/1228/1113
f 1116/1230/1115 1115/1229/1114 1103/1215/1101
f 1117/1231/1116 1116/1230/1115 1104/1216/1102
f 1118/1232/1117 1117/1231/1116 1105/1218/1104
f 1119/1233/1118 1130/1246/1129 1118/1232/1117
f 1108/1221/1107 1120/1236/1119 1119/1234/1118
f 1109/1223/1108 1121/1237/1120 1120/1236/1119
f 1110/1224/1109 1122/1238/1121 1121/1237/1120
f 1111/1225/1110 1123/1239/1122 1122/1238/1121
f 1112/1226/1111 1124/1241/1124 1123/1239/1122
f 1113/1240/1123 1125/1253/1135 1124/1241/1124
f 1126/1242/1125 1125/1253/1135 1113/1240/1123
f 1127/1243/1126 1126/1242/1125 1114/1227/1112
f 1128/1244/1127 1127/1243/1126 1115/1229/1114
f 1129/1245/1128 1128/1244/1127 1116/1230/1115
f 1130/1246/1129 1129/1245/1128 1117/1231/1116
f 1131/1247/1130 1142/1259/1141 1130/1246/1129
f 1120/1236/1119 1132/1249/1131 1131/1248/1130
f 1121/1237/1120 1133/1250/1132 1132/1249/1131
f 1122/1238/1121 1134/1251/1133 1133/1250/1132
f 1123/1239/1122 1135/1252/1134 1134/1251/1133
f 1124/1241/1124 1136/1254/1136 1135/1252/1134
f 1125/1253/1135 1137/1266/1147 1136/1254/1136
f 1138/1255/1137 1137/1266/1147 1125/1253/1135
f 1139/1256/1138 1138/1255/1137 1126/1242/1125
f 1140/1257/1139 1139/1256/1138 1127/1243/1126
f 1141/1258/1140 1140/1257/1139 1128/1244/1127
f 1142/1259/1141 1141/1258/1140 1129/1245/1128
f 1143/1260/1142 1154/1272/1153 1142/1259/1141
f 1132/1249/1131 1144/1262/1143 1143/1261/1142
f 1133/1250/1132 1145/1263/1144 1144/1262/1143
f 1134/1251/1133 1146/1264/1145 1145/1263/1144
f 1135/1252/1134 1147/1265/1146 1146/1264/1145
f 1136/1254/1136 1148/1267/1148 1147/1265/1146
f 1137/1266/1147 1149/1279/1159 1148/1267/1148
f 1150/1268/1149 1149/1279/1159 1137/1266/1147
f 1151/1269/1150 1150/1268/1149 1138/1255/1137
f 1152/1270/1151 1151/1269/1150 1139/1256/1138
f 1153/1271/1152 1152/1270/1151 1140/1257/1139
f 1154/1272/1153 1153/1271/1152 1141/1258/1140
f 1155/1273/1154 1166/1285/1165 1154/1272/1153
f 1144/1262/1143 1156/1275/1155 1155/1274/1154
f 1145/1263/1144 1157/1276/1156 1156/1275/1155
f 1146/1264/1145 1158/1277/1157 1157/1276/1156
f 1147/1265/1146 1159/1278/1158 1158/1277/1157
f 1148/1267/1148 1160/1280/1160 1159/1278/1158
f 1149/1279/1159 1161/1292/1171 1160/1280/1160
f 1162/1281/1161 1161/1292/1171 1149/1279/1159
f 1163/1282/1162 1162/1281/1161 1150/1268/1149
f 1164/1283/1163 1163/1282/1162 1151/1269/1150
f 1165/1284/1164 1164/1283/1163 1152/1270/1151
f 1166/1285/1165 1165/1284/1164 1153/1271/1152
f 1167/1286/1166 1178/1298/1177 1166/1285/1165
f 1156/1275/1155 1168/1288/1167 1167/1287/1166
f 1157/1276/1156 1169/1289/1168 1168/1288/1167
f 1158/1277/1157 1170/1290/1169 1169/1289/1168
f 1159/1278/1158 1171/1291/1170 1170/1290/1169
f 1160/1280/1160 1172/1293/1172 1171/1291/1170
f 1161/1292/1171 1173/1304/1183 1172/1293/1172
f 1174/1294/1173 1173/1304/1183 1161/1292/1171
f 1175/1295/1174 1174/1294/1173 1162/1281/1161
f 1176/1296/1175 1175/1295/1174 1163/1282/1162
f 1177/1297/1176 1176/1296/1175 1164/1283/1163
f 1178/1298/1177 1177/1297/1176 1165/1284/1164
f 1179/1299/1178 1190/1310/1189 1178/1298/1177
f 1180/1300/1179 1179/1313/1178 1167/1287/1166
f 1169/1289/1168 1181/1301/1180 1180/1300/1179
f 1170/1290/1169 1182/1302/1181 1181/1301/1180
f 1171/1291/1170 1183/1303/1182 1182/1302/1181
f 1172/1293/1172 1184/1305/1184 1183/1303/1182
f 1173/1304/1183 1185/1306/1185 1184/1305/1184
f 1174/1294/1173 1186/1318/1196 1185/1306/1185
f 1187/1307/1186 1186/1318/1196 1174/1294/1173
f 1188/1308/1187 1187/1307/1186 1175/1295/1174
f 1189/1309/1188 1188/1308/1187 1176/1296/1175
f 1190/1310/1189 1189/1309/1188 1177/1297/1176
f 1191/1311/1190 1202/1323/1201 1190/1310/1189
f 1192/1312/1191 1191/1326/1190 1179/1313/1178
f 1193/1314/1192 1192/1312/1191 1180/1300/1179
f 1194/1315/1193 1193/1314/1192 1181/1301/1180
f 1195/1316/1194 1194/1315/1193 1182/1302/1181
f 1184/1305/1184 1196/1317/1195 1195/1316/1194
f 1185/1306/1185 1197/1319/1197 1196/1317/1195
f 1186/1318/1196 1198/1320/1198 1197/1319/1197
f 1187/1307/1186 1199/1321/1199 1198/1320/1198
f 1188/1308/1187 1200/1333/1210 1199/1321/1199
f 1201/1322/1200 1200/1333/1210 1188/1308/1187
f 1202/1323/1201 1201/1322/1200 1189/1309/1188
f 1203/1324/1202 1214/1336/1213 1202/1323/1201
f 1204/1325/1203 1203/1339/1202 1191/1326/1190
f 1205/1327/1204 1204/1325/1203 1192/1312/1191
f 1206/1328/1205 1205/1327/1204 1193/1314/1192
f 1207/1329/1206 1206/1328/1205 1194/1315/1193
f 1208/1330/1207 1207/1329/1206 1195/1316/1194
f 1197/1319/1197 1209/1331/1208 1208/1330/1207
f 1198/1320/1198 1210/1332/1209 1209/1331/1208
f 1199/1321/1199 1211/1334/1211 1210/1332/1209
f 1200/1333/1210 1212/1335/1212 1211/1334/1211
f 1201/1322/1200 1213/1347/1223 1212/1335/1212
f 1214/1336/1213 1213/1347/1223 1201/1322/1200
f 1215/1337/1214 1226/1349/1225 1214/1336/1213
f 1216/1338/1215 1215/1352/1214 1203/1339/1202
f 1217/1340/1216 1216/1338/1215 1204/1325/1203
f 1218/1341/1217 1217/1340/1216 1205/1327/1204
f 1219/1342/1218 1218/1341/1217 1206/1328/1205
f 1220/1343/1219 1219/1342/1218 1207/1329/1206
f 1209/1331/1208 1221/1344/1220 1220/1343/1219
f 1210/1332/1209 1222/1345/1221 1221/1344/1220
f 1211/1334/1211 1223/1346/1222 1222/1345/1221
f 1212/1335/1212 1224/1348/1224 1223/1346/1222
f 1213/1347/1223 1225/1360/1235 1224/1348/1224
f 1226/1349/1225 1225/1360/1235 1213/1347/1223
f 1227/1350/1226 1238/1362/1237 1226/1349/1225
f 1228/1351/1227 1227/1365/1226 1215/1352/1214
f 1229/1353/1228 1228/1351/1227 1216/1338/1215
f 1230/1354/1229 1229/1353/1228 1217/1340/1216
f 1231/1355/1230 1230/1354/1229 1218/1341/1217
f 1232/1356/1231 1231/1355/1230 1219/1342/1218
f 1221/1344/1220 1233/1357/1232 1232/1356/1231
f 1222/1345/1221 1234/1358/1233 1233/1357/1232
f 1223/1346/1222 1235/1359/1234 1234/1358/1233
f 1224/1348/1224 1236/1361/1236 1235/1359/1234
f 1225/1360/1235 1237/1373/1247 1236/1361/1236
f 1238/1362/1237 1237/1373/1247 1225/1360/1235
f 1239/1363/1238 1250/1375/1249 1238/1362/1237
f 1240/1364/1239 1239/1378/1238 1227/1365/1226
f 1241/1366/1240 1240/1364/1239 1228/1351/1227
f 1242/1367/1241 1241/1366/1240 1229/1353/1228
f 1243/1368/1242 1242/1367/1241 1230/1354/1229
f 1244/1369/1243 1243/1368/1242 1231/1355/1230
f 1233/1357/1232 1245/1370/1244 1244/1369/1243
f 1234/1358/1233 1246/1371/1245 1245/1370/1244
f 1235/1359/1234 1247/1372/1246 1246/1371/1245
f 1236/1361/1236 1248/1374/1248 1247/1372/1246
f 1237/1373/1247 1249/1387/1260 1248/1374/1248
f 1250/1375/1249 1249/1387/1260 1237/1373/1247
f 1251/1376/1250 1262/1388/1261 1250/1375/1249
f 1252/1377/1251 1251/1391/1250 1239/1378/1238
f 1253/1379/1252 1252/1377/1251 1240/1364/1239
f 1242/1367/1241 1254/1380/1253 1253/1379/1252
f 1243/1368/1242 1255/1381/1254 1254/1380/1253
f 1244/1369/1243 1256/1382/1255 1255/1381/1254
f 1245/1370/1244 1257/1383/1256 1256/1382/1255
f 1246/1371/1245 1258/1384/1257 1257/1383/1256
f 1247/1372/1246 1259/1385/1258 1258/1384/1257
f 1248/1374/1248 1260/1400/1271 1259/1385/1258
f 1261/1386/1259 1260/1400/1271 1248/1374/1248
f 1262/1388/1261 1261/1386/1259 1249/1387/1260
f 1263/1389/1262 1274/1402/1273 1262/1388/1261
f 1252/1377/1251 1264/1392/1263 1263/1390/1262
f 1253/1379/1252 1265/1393/1264 1264/1392/1263
f 1254/1380/1253 1266/1394/1265 1265/1393/1264
f 1255/1381/1254 1267/1395/1266 1266/1394/1265
f 1256/1382/1255 1268/1396/1267 1267/1395/1266
f 1257/1383/1256 1269/1397/1268 1268/1396/1267
f 1258/1384/1257 1270/1411/1281 1269/1397/1268
f 1271/1398/1269 1270/1411/1281 1258/1384/1257
f 1272/1399/1270 1271/1398/1269 1259/1385/1258
f 1273/1401/1272 1272/1399/1270 1260/1400/1271
f 1274/1402/1273 1273/1401/1272 1261/1386/1259
f 1275/1403/1274 1286/1415/1285 1274/1402/1273
f 1264/1392/1263 1276/1405/1275 1275/1404/1274
f 1265/1393/1264 1277/1406/1276 1276/1405/1275
f 1266/1394/1265 1278/1407/1277 1277/1406/1276
f 1267/1395/1266 1279/1408/1278 1278/1407/1277
f 1268/1396/1267 1280/1409/1279 1279/1408/1278
f 1269/1397/1268 1281/1422/1291 1280/1409/1279
f 1282/1410/1280 1281/1422/1291 1269/1397/1268
f 1283/1412/1282 1282/1410/1280 1270/1411/1281
f 1284/1413/1283 1283/1412/1282 1271/1398/1269
f 1285/1414/1284 1284/1413/1283 1272/1399/1270
f 1286/1415/1285 1285/1414/1284 1273/1401/1272
f 1287/1416/1286 1298/1428/1297 1286/1415/1285
f 1276/1405/1275 1288/1418/1287 1287/1417/1286
f 1277/1406/1276 1289/1419/1288 1288/1418/1287
f 1278/1407/1277 1290/1420/1289 1289/1419/1288
f 1279/1408/1278 1291/1421/1290 1290/1420/1289
f 1280/1409/1279 1292/1423/1292 1291/1421/1290
f 1281/1422/1291 1293/1435/1303 1292/1423/1292
f 1294/1424/1293 1293/1435/1303 1281/1422/1291
f 1295/1425/1294 1294/1424/1293 1282/1410/1280
f 1296/1426/1295 1295/1425/1294 1283/1412/1282
f 1297/1427/1296 1296/1426/1295 1284/1413/1283
f 1298/1428/1297 1297/1427/1296 1285/1414/1284
f 1299/1429/1298 1310/1441/1309 1298/1428/1297
f 1288/1418/1287 1300/1431/1299 1299/1430/1298
f 1289/1419/1288 1301/1432/1300 1300/1431/1299
f 1290/1420/1289 1302/1433/1301 1301/1432/1300
f 1291/1421/1290 1303/1434/1302 1302/1433/1301
f 1292/1423/1292 1304/1436/1304 1303/1434/1302
f 1293/1435/1303 1305/1448/1315 1304/1436/1304
f 1306/1437/1305 1305/1448/1315 1293/1435/1303
f 1307/1438/1306 1306/1437/1305 1294/1424/1293
f 1308/1439/1307 1307/1438/1306 1295/1425/1294
f 1309/1440/1308 1308/1439/1307 1296/1426/1295
f 1310/1441/1309 1309/1440/1308 1297/1427/1296
f 1311/1442/1310 1322/1454/1321 1310/1441/1309
f 1300/1431/1299 1312/1444/1311 1311/1443/1310
f 1301/1432/1300 1313/1445/1312 1312/1444/1311
f 1302/1433/1301 1314/1446/1313 1313/1445/1312
f 1303/1434/1302 1315/1447/1314 1314/1446/1313
f 1304/1436/1304 1316/1449/1316 1315/1447/1314
f 1305/1448/1315 1317/1461/1327 1316/1449/1316
f 1318/1450/1317 1317/1461/1327 1305/1448/1315
f 1319/1451/1318 1318/1450/1317 1306/1437/1305
f 1320/1452/1319 1319/1451/1318 1307/1438/1306
f 1321/1453/1320 1320/1452/1319 1308/1439/1307
f 1322/1454/1321 1321/1453/1320 1309/1440/1308
f 1323/1455/1322 1334/1467/1333 1322/1454/1321
f 1312/1444/1311 1324/1457/1323 1323/1456/1322
f 1313/1445/1312 1325/1458/1324 1324/1457/1323
f 1314/1446/1313 1326/1459/1325 1325/1458/1324
f 1315/1447/1314 1327/1460/1326 1326/1459/1325
f 1316/1449/1316 1328/1462/1328 1327/1460/1326
f 1317/1461/1327 1329/1474/1339 1328/1462/1328
f 1330/1463/1329 1329/1474/1339 1317/1461/1327
f 1331/1464/1330 1330/1463/1329 1318/1450/1317
f 1332/1465/1331 1331/1464/1330 1319/1451/1318
f 1333/1466/1332 1332/1465/1331 1320/1452/1319
f 1334/1467/1333 1333/1466/1332 1321/1453/1320
f 1335/1468/1334 1346/1480/1345 1334/1467/1333
f 1324/1457/1323 1336/1470/1335 1335/1469/1334
f 1325/1458/1324 1337/1471/1336 1336/1470/1335
f 1326/1459/1325 1338/1472/1337 1337/1471/1336
f 1327/1460/1326 1339/1473/1338 1338/1472/1337
f 1328/1462/1328 1340/1475/1340 1339/1473/1338
f 1329/1474/1339 1341/1486/1351 1340/1475/1340
f 1342/1476/1341 1341/1486/1351 1329/1474/1339
f 1343/1477/1342 1342/1476/1341 1330/1463/1329
f 1344/1478/1343 1343/1477/1342 1331/1464/1330
f 1345/1479/1344 1344/1478/1343 1332/1465/1331
f 1346/1480/1345 1345/1479/1344 1333/1466/1332
f 1347/1481/1346 1358/1492/1357 1346/1480/1345
f 1348/1482/1347 1347/1495/1346 1335/1469/1334
f 1337/1471/1336 1349/1483/1348 1348/1482/1347
f 1338/1472/1337 1350/1484/1349 1349/1483/1348
f 1339/1473/1338 1351/1485/1350 1350/1484/1349
f 1340/1475/1340 1352/1487/1352 1351/1485/1350
f 1341/1486/1351 1353/1488/1353 1352/1487/1352
f 1342/1476/1341 1354/1500/1364 1353/1488/1353
f 1355/1489/1354 1354/1500/1364 1342/1476/1341
f 1356/1490/1355 1355/1489/1354 1343/1477/1342
f 1357/1491/1356 1356/1490/1355 1344/1478/1343
f 1358/1492/1357 1357/1491/1356 1345/1479/1344
f 1359/1493/1358 1370/1507/1371 1358/1492/1357
f 1360/1494/1359 1359/1509/1358 1347/1495/1346
f 1361/1496/1360 1360/1494/1359 1348/1482/1347
f 1362/1497/1361 1361/1496/1360 1349/1483/1348
f 1363/1498/1362 1362/1497/1361 1350/1484/1349
f 1352/1487/1352 1364/1499/1363 1363/1498/1362
f 1353/1488/1353 1365/1501/1365 1364/1499/1363
f 1354/1500/1364 1366/1502/1366 1365/1501/1365
f 1355/1489/1354 1367/1503/1367 1366/1502/1366
f 1356/1490/1355 1368/1504/1368 1367/1503/1367
f 1357/1491/1356 1369/1505/1369 1368/1504/1368
f 1358/1492/1357 1370/1507/1371 1369/1505/1369
f 1359/1493/1358 1371/1519/1382 1382/1506/1370
f 1372/1508/1372 1371/1522/1382 1359/1509/1358
f 1373/1510/1373 1372/1508/1372 1360/1494/1359
f 1374/1511/1374 1373/1510/1373 1361/1496/1360
f 1375/1512/1375 1374/1511/1374 1362/1497/1361
f 1376/1513/1376 1375/1512/1375 1363/1498/1362
f 1365/1501/1365 1377/1514/1377 1376/1513/1376
f 1366/1502/1366 1378/1515/1378 1377/1514/1377
f 1367/1503/1367 1379/1516/1379 1378/1515/1378
f 1368/1504/1368 1380/1517/1380 1379/1516/1379
f 1369/1505/1369 1381/1518/1381 1380/1517/1380
f 1370/1507/1371 1382/1506/1370 1381/1518/1381
f 1371/1519/1382 1383/1532/1394 1394/1520/1383
f 1384/1521/1384 1383/1535/1394 1371/1522/1382
f 1385/1523/1385 1384/1521/1384 1372/1508/1372
f 1386/1524/1386 1385/1523/1385 1373/1510/1373
f 1387/1525/1387 1386/1524/1386 1374/1511/1374
f 1388/1526/1388 1387/1525/1387 1375/1512/1375
f 1389/1527/1389 1388/1526/1388 1376/1513/1376
f 1378/1515/1378 1390/1528/1390 1389/1527/1389
f 1379/1516/1379 1391/1529/1391 1390/1528/1390
f 1380/1517/1380 1392/1530/1392 1391/1529/1391
f 1381/1518/1381 1393/1531/1393 1392/1530/1392
f 1382/1506/1370 1394/1520/1383 1393/1531/1393
f 1383/1532/1394 1395/1545/1406 1406/1533/1395
f 1396/1534/1396 1395/1548/1406 1383/1535/1394
f 1397/1536/1397 1396/1534/1396 1384/1521/1384
f 1398/1537/1398 1397/1536/1397 1385/1523/1385
f 1399/1538/1399 1398/1537/1398 1386/1524/1386
f 1400/1539/1400 1399/1538/1399 1387/1525/1387
f 1401/1540/1401 1400/1539/1400 1388/1526/1388
f 1390/1528/1390 1402/1541/1402 1401/1540/1401
f 1391/1529/1391 1403/1542/1403 1402/1541/1402
f 1392/1530/1392 1404/1543/1404 1403/1542/1403
f 1393/1531/1393 1405/1544/1405 1404/1543/1404
f 1394/1520/1383 1406/1533/1395 1405/1544/1405
f 1395/1545/1406 1407/1558/1418 1418/1546/1407
f 1408/1547/1408 1407/1561/1418 1395/1548/1406
f 1409/1549/1409 1408/1547/1408 1396/1534/1396
f 1410/1550/1410 1409/1549/1409 1397/1536/1397
f 1411/1551/1411 1410/1550/1410 1398/1537/1398
f 1412/1552/1412 1411/1551/1411 1399/1538/1399
f 1413/1553/1413 1412/1552/1412 1400/1539/1400
f 1402/1541/1402 1414/1554/1414 1413/1553/1413
f 1403/1542/1403 1415/1555/1415 1414/1554/1414
f 1404/1543/1404 1416/1556/1416 1415/1555/1415
f 1405/1544/1405 1417/1557/1417 1416/1556/1416
f 1406/1533/1395 1418/1546/1407 1417/1557/1417
f 1407/1558/1418 1419/1571/1430 1430/1559/1419
f 1420/1560/1420 1419/1574/1430 1407/1561/1418
f 1421/1562/1421 1420/1560/1420 1408/1547/1408
f 1422/1563/1422 1421/1562/1421 1409/1549/1409
f 1423/1564/1423 1422/1563/1422 1410/1550/1410
f 1424/1565/1424 1423/1564/1423 1411/1551/1411
f 1425/1566/1425 1424/1565/1424 1412/1552/1412
f 1414/1554/1414 1426/1567/1426 1425/1566/1425
f 1415/1555/1415 1427/1568/1427 1426/1567/1426
f 1416/1556/1416 1428/1569/1428 1427/1568/1427
f 1417/1557/1417 1429/1570/1429 1428/1569/1428
f 1418/1546/1407 1430/1559/1419 1429/1570/1429
f 1419/1571/1430 1431/1584/1442 1442/1572/1431
f 1432/1573/1432 1431/1587/1442 1419/1574/1430
f 1433/1575/1433 1432/1573/1432 1420/1560/1420
f 1434/1576/1434 1433/1575/1433 1421/1562/1421
f 1435/1577/1435 1434/1576/1434 1422/1563/1422
f 1436/1578/1436 1435/1577/1435 1423/1564/1423
f 1437/1579/1437 1436/1578/1436 1424/1565/1424
f 1426/1567/1426 1438/1580/1438 1437/1579/1437
f 1427/1568/1427 1439/1581/1439 1438/1580/1438
f 1428/1569/1428 1440/1582/1440 1439/1581/1439
f 1429/1570/1429 1441/1583/1441 1440/1582/1440
f 1430/1559/1419 1442/1572/1431 1441/1583/1441
f 1431/1584/1442 1443/1597/1454 1454/1585/1443
f 1444/1586/1444 1443/1600/1454 1431/1587/1442
f 1445/1588/1445 1444/1586/1444 1432/1573/1432
f 1446/1589/1446 1445/1588/1445 1433/1575/1433
f 1447/1590/1447 1446/1589/1446 1434/1576/1434
f 1448/1591/1448 1447/1590/1447 1435/1577/1435
f 1449/1592/1449 1448/1591/1448 1436/1578/1436
f 1438/1580/1438 1450/1593/1450 1449/1592/1449
f 1439/1581/1439 1451/1594/1451 1450/1593/1450
f 1440/1582/1440 1452/1595/1452 1451/1594/1451
f 1441/1583/1441 1453/1596/1453 1452/1595/1452
f 1442/1572/1431 1454/1585/1443 1453/1596/1453
f 1443/1597/1454 1455/1610/1466 1466/1598/1455
f 1456/1599/1456 1455/1613/1466 1443/1600/1454
f 1457/1601/1457 1456/1599/1456 1444/1586/1444
f 1458/1602/1458 1457/1601/1457 1445/1588/1445
f 1459/1603/1459 1458/1602/1458 1446/1589/1446
f 1460/1604/1460 1459/1603/1459 1447/1590/1447
f 1461/1605/1461 1460/1604/1460 1448/1591/1448
f 1450/1593/1450 1462/1606/1462 1461/1605/1461
f 1451/1594/1451 1463/1607/1463 1462/1606/1462
f 1452/1595/1452 1464/1608/1464 1463/1607/1463
f 1453/1596/1453 1465/1609/1465 1464/1608/1464
f 1454/1585/1443 1466/1598/1455 1465/1609/1465
f 1455/1610/1466 1467/1623/1478 1478/1611/1467
f 1468/1612/1468 1467/1626/1478 1455/1613/1466
f 1469/1614/1469 1468/1612/1468 1456/1599/1456
f 1470/1615/1470 1469/1614/1469 1457/1601/1457
f 1471/1616/1471 1470/1615/1470 1458/1602/1458
f 1472/1617/1472 1471/1616/1471 1459/1603/1459
f 1473/1618/1473 1472/1617/1472 1460/1604/1460
f 1462/1606/1462 1474/1619/1474 1473/1618/1473
f 1463/1607/1463 1475/1620/1475 1474/1619/1474
f 1464/1608/1464 1476/1621/1476 1475/1620/1475
f 1465/1609/1465 1477/1622/1477 1476/1621/1476
f 1466/1598/1455 1478/1611/1467 1477/1622/1477
f 1467/1623/1478 1479/1637/1491 1490/1624/1479
f 1480/1625/1480 1479/1639/1491 1467/1626/1478
f 1481/1627/1481 1480/1625/1480 1468/1612/1468
f 1482/1628/1482 1481/1627/1481 1469/1614/1469
f 1483/1629/1483 1482/1628/1482 1470/1615/1470
f 1484/1630/1484 1483/1629/1483 1471/1616/1471
f 1485/1631/1485 1484/1630/1484 1472/1617/1472
f 1474/1619/1474 1486/1632/1486 1485/1631/1485
f 1475/1620/1475 1487/1633/1487 1486/1632/1486
f 1476/1621/1476 1488/1634/1488 1487/1633/1487
f 1477/1622/1477 1489/1635/1489 1488/1634/1488
f 1478/1611/1467 1490/1624/1479 1489/1635/1489
f 1491/1636/1490 1502/1650/1503 1490/1624/1479
f 1492/1638/1492 1491/1652/1490 1479/1639/1491
f 1493/1640/1493 1492/1638/1492 1480/1625/1480
f 1494/1641/1494 1493/1640/1493 1481/1627/1481
f 1495/1642/1495 1494/1641/1494 1482/1628/1482
f 1496/1643/1496 1495/1642/1495 1483/1629/1483
f 1485/1631/1485 1497/1644/1497 1496/1643/1496
f 1486/1632/1486 1498/1645/1498 1497/1644/1497
f 1487/1633/1487 1499/1646/1499 1498/1645/1498
f 1488/1634/1488 1500/1647/1500 1499/1646/1499
f 1489/1635/1489 1501/1648/1501 1500/1647/1500
f 1490/1624/1479 1502/1650/1503 1501/1648/1501
f 1503/1649/1502 1514/1661/1513 1502/1650/1503
f 1504/1651/1504 1503/1664/1502 1491/1652/1490
f 1505/1653/1505 1504/1651/1504 1492/1638/1492
f 1506/1654/1506 1505/1653/1505 1493/1640/1493
f 1507/1655/1507 1506/1654/1506 1494/1641/1494
f 1496/1643/1496 1508/1656/1508 1507/1655/1507
f 1497/1644/1497 1509/1657/1509 1508/1656/1508
f 1498/1645/1498 1510/1658/1510 1509/1657/1509
f 1499/1646/1499 1511/1659/1511 1510/1658/1510
f 1500/1647/1500 1512/1660/1512 1511/1659/1511
f 1501/1648/1501 1513/1673/1524 1512/1660/1512
f 1514/1661/1513 1513/1673/1524 1501/1648/1501
f 1515/1662/1514 1526/1674/1525 1514/1661/1513
f 1516/1663/1515 1515/1677/1514 1503/1664/1502
f 1505/1653/1505 1517/1665/1516 1516/1663/1515
f 1506/1654/1506 1518/1666/1517 1517/1665/1516
f 1507/1655/1507 1519/1667/1518 1518/1666/1517
f 1508/1656/1508 1520/1668/1519 1519/1667/1518
f 1509/1657/1509 1521/1669/1520 1520/1668/1519
f 1510/1658/1510 1522/1682/1532 1521/1669/1520
f 1523/1670/1521 1522/1682/1532 1510/1658/1510
f 1524/1671/1522 1523/1670/1521 1511/1659/1511
f 1525/1672/1523 1524/1671/1522 1512/1660/1512
f 1526/1674/1525 1525/1672/1523 1513/1673/1524
f 1527/1675/1526 1538/1687/1537 1526/1674/1525
f 1528/1676/1527 1527/1690/1526 1515/1677/1514
f 1517/1665/1516 1529/1678/1528 1528/1676/1527
f 1518/1666/1517 1530/1679/1529 1529/1678/1528
f 1519/1667/1518 1531/1680/1530 1530/1679/1529
f 1520/1668/1519 1532/1681/1531 1531/1680/1530
f 1521/1669/1520 1533/1683/1533 1532/1681/1531
f 1522/1682/1532 1534/1696/1544 1533/1683/1533
f 1535/1684/1534 1534/1696/1544 1522/1682/1532
f 1536/1685/1535 1535/1684/1534 1523/1670/1521
f 1537/1686/1536 1536/1685/1535 1524/1671/1522
f 1538/1687/1537 1537/1686/1536 1525/1672/1523
f 1539/1688/1538 1550/1701/1549 1538/1687/1537
f 1528/1676/1527 1540/1691/1539 1539/1689/1538
f 1529/1678/1528 1541/1692/1540 1540/1691/1539
f 1530/1679/1529 1542/1693/1541 1541/1692/1540
f 1531/1680/1530 1543/1694/1542 1542/1693/1541
f 1532/1681/1531 1544/1695/1543 1543/1694/1542
f 1533/1683/1533 1545/1697/1545 1544/1695/1543
f 1534/1696/1544 1546/1710/1557 1545/1697/1545
f 1547/1698/1546 1546/1710/1557 1534/1696/1544
f 1548/1699/1547 1547/1698/1546 1535/1684/1534
f 1549/1700/1548 1548/1699/1547 1536/1685/1535
f 1550/1701/1549 1549/1700/1548 1537/1686/1536
f 1551/1702/1550 1562/1714/1561 1550/1701/1549
f 1540/1691/1539 1552/1704/1551 1551/1703/1550
f 1541/1692/1540 1553/1705/1552 1552/1704/1551
f 1542/1693/1541 1554/1706/1553 1553/1705/1552
f 1543/1694/1542 1555/1707/1554 1554/1706/1553
f 1544/1695/1543 1556/1708/1555 1555/1707/1554
f 1545/1697/1545 1557/1721/1567 1556/1708/1555
f 1558/1709/1556 1557/1721/1567 1545/1697/1545
f 1559/1711/1558 1558/1709/1556 1546/1710/1557
f 1560/1712/1559 1559/1711/1558 1547/1698/1546
f 1561/1713/1560 1560/1712/1559 1548/1699/1547
f 1562/1714/1561 1561/1713/1560 1549/1700/1548
f 1563/1715/1562 1574/1727/1573 1562/1714/1561
f 1552/1704/1551 1564/1717/1563 1563/1716/1562
f 1553/1705/1552 1565/1718/1564 1564/1717/1563
f 1554/1706/1553 1566/1719/1565 1565/1718/1564
f 1555/1707/1554 1567/1720/1566 1566/1719/1565
f 1556/1708/1555 1568/1722/1568 1567/1720/1566
f 1557/1721/1567 1569/1734/1579 1568/1722/1568
f 1570/1723/1569 1569/1734/1579 1557/1721/1567
f 1571/1724/1570 1570/1723/1569 1558/1709/1556
f 1572/1725/1571 1571/1724/1570 1559/1711/1558
f 1573/1726/1572 1572/1725/1571 1560/1712/1559
f 1574/1727/1573 1573/1726/1572 1561/1713/1560
f 1575/1728/1574 1586/1740/1585 1574/1727/1573
f 1564/1717/1563 1576/1730/1575 1575/1729/1574
f 1565/1718/1564 1577/1731/1576 1576/1730/1575
f 1566/1719/1565 1578/1732/1577 1577/1731/1576
f 1567/1720/1566 1579/1733/1578 1578/1732/1577
f 1568/1722/1568 1580/1735/1580 1579/1733/1578
f 1569/1734/1579 1581/1747/1591 1580/1735/1580
f 1582/1736/1581 1581/1747/1591 1569/1734/1579
f 1583/1737/1582 1582/1736/1581 1570/1723/1569
f 1584/1738/1583 1583/1737/1582 1571/1724/1570
f 1585/1739/1584 1584/1738/1583 1572/1725/1571
f 1586/1740/1585 1585/1739/1584 1573/1726/1572
f 1587/1741/1586 1598/1753/1597 1586/1740/1585
f 1576/1730/1575 1588/1743/1587 1587/1742/1586
f 1577/1731/1576 1589/1744/1588 1588/1743/1587
f 1578/1732/1577 1590/1745/1589 1589/1744/1588
f 1579/1733/1578 1591/1746/1590 1590/1745/1589
f 1580/1735/1580 1592/1748/1592 1591/1746/1590
f 1581/1747/1591 1593/1760/1603 1592/1748/1592
f 1594/1749/1593 1593/1760/1603 1581/1747/1591
f 1595/1750/1594 1594/1749/1593 1582/1736/1581
f 1596/1751/1595 1595/1750/1594 1583/1737/1582
f 1597/1752/1596 1596/1751/1595 1584/1738/1583
f 1598/1753/1597 1597/1752/1596 1585/1739/1584
f 1599/1754/1598 1610/1766/1609 1598/1753/1597
f 1588/1743/1587 1600/1756/1599 1599/1755/1598
f 1589/1744/1588 1601/1757/1600 1600/1756/1599
f 1590/1745/1589 1602/1758/1601 1601/1757/1600
f 1591/1746/1590 1603/1759/1602 1602/1758/1601
f 1592/1748/1592 1604/1761/1604 1603/1759/1602
f 1593/1760/1603 1605/1773/1615 1604/1761/1604
f 1606/1762/1605 1605/1773/1615 1593/1760/1603
f 1607/1763/1606 1606/1762/1605 1594/1749/1593
f 1608/1764/1607 1607/1763/1606 1595/1750/1594
f 1609/1765/1608 1608/1764/1607 1596/1751/1595
f 1610/1766/1609 1609/1765/1608 1597/1752/1596
f 1611/1767/1610 1622/1779/1621 1610/1766/1609
f 1600/1756/1599 1612/1769/1611 1611/1768/1610
f 1601/1757/1600 1613/1770/1612 1612/1769/1611
f 1602/1758/1601 1614/1771/1613 1613/1770/1612
f 1603/1759/1602 1615/1772/1614 1614/1771/1613
f 1604/1761/1604 1616/1774/1616 1615/1772/1614
f 1605/1773/1615 1617/1786/1627 1616/1774/1616
f 1618/1775/1617 1617/1786/1627 1605/1773/1615
f 1619/1776/1618 1618/1775/1617 1606/1762/1605
f 1620/1777/1619 1619/1776/1618 1607/1763/1606
f 1621/1778/1620 1620/1777/1619 1608/1764/1607
f 1622/1779/1621 1621/1778/1620 1609/1765/1608
f 1623/1780/1622 1634/1792/1633 1622/1779/1621
f 1612/1769/1611 1624/1782/1623 1623/1781/1622
f 1613/1770/1612 1625/1783/1624 1624/1782/1623
f 1614/1771/1613 1626/1784/1625 1625/1783/1624
f 1615/1772/1614 1627/1785/1626 1626/1784/1625
f 1616/1774/1616 1628/1787/1628 1627/1785/1626
f 1617/1786/1627 1629/1799/1639 1628/1787/1628
f 1630/1788/1629 1629/1799/1639 1617/1786/1627
f 1631/1789/1630 1630/1788/1629 1618/1775/1617
f 1632/1790/1631 1631/1789/1630 1619/1776/1618
f 1633/1791/1632 1632/1790/1631 1620/1777/1619
f 1634/1792/1633 1633/1791/1632 1621/1778/1620
f 1635/1793/1634 1646/1805/1645 1634/1792/1633
f 1624/1782/1623 1636/1795/1635 1635/1794/1634
f 1625/1783/1624 1637/1796/1636 1636/1795/1635
f 1626/1784/1625 1638/1797/1637 1637/1796/1636
f 1627/1785/1626 1639/1798/1638 1638/1797/1637
f 1628/1787/1628 1640/1800/1640 1639/1798/1638
f 1629/1799/1639 1641/1812/1651 1640/1800/1640
f 1642/1801/1641 1641/1812/1651 1629/1799/1639
f 1643/1802/1642 1642/1801/1641 1630/1788/1629
f 1644/1803/1643 1643/1802/1642 1631/1789/1630
f 1645/1804/1644 1644/1803/1643 1632/1790/1631
f 1646/1805/1645 1645/1804/1644 1633/1791/1632
f 1647/1806/1646 1658/1818/1657 1646/1805/1645
f 1636/1795/1635 1648/1808/1647 1647/1807/1646
f 1637/1796/1636 1649/1809/1648 1648/1808/1647
f 1638/1797/1637 1650/1810/1649 1649/1809/1648
f 1639/1798/1638 1651/1811/1650 1650/1810/1649
f 1640/1800/1640 1652/1813/1652 1651/1811/1650
f 1641/1812/1651 1653/1814/1653 1652/1813/1652
f 1642/1801/1641 1654/1826/1664 1653/1814/1653
f 1655/1815/1654 1654/1826/1664 1642/1801/1641
f 1656/1816/1655 1655/1815/1654 1643/1802/1642
f 1657/1817/1656 1656/1816/1655 1644/1803/1643
f 1658/1818/1657 1657/1817/1656 1645/1804/1644
f 1659/1819/1658 1670/1831/1669 1658/1818/1657
f 1648/1808/1647 1660/1821/1659 1659/1820/1658
f 1649/1809/1648 1661/1822/1660 1660/1821/1659
f 1650/1810/1649 1662/1823/1661 1661/1822/1660
f 1651/1811/1650 1663/1824/1662 1662/1823/1661
f 1652/1813/1652 1664/1825/1663 1663/1824/1662
f 1653/1814/1653 1665/1827/1665 1664/1825/1663
f 1654/1826/1664 1666/1838/1676 1665/1827/1665
f 1667/1828/1666 1666/1838/1676 1654/1826/1664
f 1668/1829/1667 1667/1828/1666 1655/1815/1654
f 1669/1830/1668 1668/1829/1667 1656/1816/1655
f 1670/1831/1669 1669/1830/1668 1657/1817/1656
f 1671/1832/1670 1682/1843/1681 1670/1831/1669
f 1672/1833/1671 1671/1846/1670 1659/1820/1658
f 1661/1822/1660 1673/1834/1672 1672/1833/1671
f 1662/1823/1661 1674/1835/1673 1673/1834/1672
f 1663/1824/1662 1675/1836/1674 1674/1835/1673
f 1664/1825/1663 1676/1837/1675 1675/1836/1674
f 1665/1827/1665 1677/1839/1677 1676/1837/1675
f 1666/1838/1676 1678/1840/1678 1677/1839/1677
f 1667/1828/1666 1679/1841/1679 1678/1840/1678
f 1668/1829/1667 1680/1853/1690 1679/1841/1679
f 1681/1842/1680 1680/1853/1690 1668/1829/1667
f 1682/1843/1681 1681/1842/1680 1669/1830/1668
f 1683/1844/1682 1694/1858/1695 1682/1843/1681
f 1684/1845/1683 1683/1860/1682 1671/1846/1670
f 1685/1847/1684 1684/1845/1683 1672/1833/1671
f 1686/1848/1685 1685/1847/1684 1673/1834/1672
f 1687/1849/1686 1686/1848/1685 1674/1835/1673
f 1688/1850/1687 1687/1849/1686 1675/1836/1674
f 1689/1851/1688 1688/1850/1687 1676/1837/1675
f 1678/1840/1678 1690/1852/1689 1689/1851/1688
f 1679/1841/1679 1691/1854/1691 1690/1852/1689
f 1680/1853/1690 1692/1855/1692 1691/1854/1691
f 1681/1842/1680 1693/1856/1693 1692/1855/1692
f 1682/1843/1681 1694/1858/1695 1693/1856/1693
f 1683/1844/1682 1695/1870/1706 1706/1857/1694
f 1696/1859/1696 1695/1873/1706 1683/1860/1682
f 1697/1861/1697 1696/1859/1696 1684/1845/1683
f 1698/1862/1698 1697/1861/1697 1685/1847/1684
f 1699/1863/1699 1698/1862/1698 1686/1848/1685
f 1700/1864/1700 1699/1863/1699 1687/1849/1686
f 1701/1865/1701 1700/1864/1700 1688/1850/1687
f 1690/1852/1689 1702/1866/1702 1701/1865/1701
f 1691/1854/1691 1703/1867/1703 1702/1866/1702
f 1692/1855/1692 1704/1868/1704 1703/1867/1703
f 1693/1856/1693 1705/1869/1705 1704/1868/1704
f 1694/1858/1695 1706/1857/1694 1705/1869/1705
f 1695/1870/1706 1707/1883/1718 1718/1871/1707
f 1708/1872/1708 1707/1886/1718 1695/1873/1706
f 1709/1874/1709 1708/1872/1708 1696/1859/1696
f 1710/1875/1710 1709/1874/1709 1697/1861/1697
f 1711/1876/1711 1710/1875/1710 1698/1862/1698
f 1712/1877/1712 1711/1876/1711 1699/1863/1699
f 1713/1878/1713 1712/1877/1712 1700/1864/1700
f 1702/1866/1702 1714/1879/1714 1713/1878/1713
f 1703/1867/1703 1715/1880/1715 1714/1879/1714
f 1704/1868/1704 1716/1881/1716 1715/1880/1715
f 1705/1869/1705 1717/1882/1717 1716/1881/1716
f 1706/1857/1694 1718/1871/1707 1717/1882/1717
f 1707/1883/1718 1719/1896/1730 1730/1884/1719
f 1720/1885/1720 1719/1899/1730 1707/1886/1718
f 1721/1887/1721 1720/1885/1720 1708/1872/1708
f 1722/1888/1722 1721/1887/1721 1709/1874/1709
f 1723/1889/1723 1722/1888/1722 1710/1875/1710
f 1724/1890/1724 1723/1889/1723 1711/1876/1711
f 1725/1891/1725 1724/1890/1724 1712/1877/1712
f 1714/1879/1714 1726/1892/1726 1725/1891/1725
f 1715/1880/1715 1727/1893/1727 1726/1892/1726
f 1716/1881/1716 1728/1894/1728 1727/1893/1727
f 1717/1882/1717 1729/1895/1729 1728/1894/1728
f 1718/1871/1707 1730/1884/1719 1729/1895/1729
f 1719/1896/1730 1731/1909/1742 1742/1897/1731
f 1732/1898/1732 1731/1912/1742 1719/1899/1730
f 1733/1900/1733 1732/1898/1732 1720/1885/1720
f 1734/1901/1734 1733/1900/1733 1721/1887/1721
f 1735/1902/1735 1734/1901/1734 1722/1888/1722
f 1736/1903/1736 1735/1902/1735 1723/1889/1723
f 1737/1904/1737 1736/1903/1736 1724/1890/1724
f 1726/1892/1726 1738/1905/1738 1737/1904/1737
f 1727/1893/1727 1739/1906/1739 1738/1905/1738
f 1728/1894/1728 1740/1907/1740 1739/1906/1739
f 1729/1895/1729 1741/1908/1741 1740/1907/1740
f 1730/1884/1719 1742/1897/1731 1741/1908/1741
f 1731/1909/1742 1743/1923/1755 1754/1910/1743
f 1744/1911/1744 1743/1925/1755 1731/1912/1742
f 1745/1913/1745 1744/1911/1744 1732/1898/1732
f 1746/1914/1746 1745/1913/1745 1733/1900/1733
f 1747/1915/1747 1746/1914/1746 1734/1901/1734
f 1748/1916/1748 1747/1915/1747 1735/1902/1735
f 1737/1904/1737 1749/1917/1749 1748/1916/1748
f 1738/1905/1738 1750/1918/1750 1749/1917/1749
f 1739/1906/1739 1751/1919/1751 1750/1918/1750
f 1740/1907/1740 1752/1920/1752 1751/1919/1751
f 1741/1908/1741 1753/1921/1753 1752/1920/1752
f 1742/1897/1731 1754/1910/1743 1753/1921/1753
f 1755/1922/1754 1766/1936/1767 1754/1910/1743
f 1756/1924/1756 1755/1938/1754 1743/1925/1755
f 1757/1926/1757 1756/1924/1756 1744/1911/1744
f 1758/1927/1758 1757/1926/1757 1745/1913/1745
f 1759/1928/1759 1758/1927/1758 1746/1914/1746
f 1760/1929/1760 1759/1928/1759 1747/1915/1747
f 1749/1917/1749 1761/1930/1761 1760/1929/1760
f 1750/1918/1750 1762/1931/1762 1761/1930/1761
f 1751/1919/1751 1763/1932/1763 1762/1931/1762
f 1752/1920/1752 1764/1933/1764 1763/1932/1763
f 1753/1921/1753 1765/1934/1765 1764/1933/1764
f 1754/1910/1743 1766/1936/1767 1765/1934/1765
f 1767/1935/1766 1778/1947/1777 1766/1936/1767
f 1768/1937/1768 1767/1950/1766 1755/1938/1754
f 1769/1939/1769 1768/1937/1768 1756/1924/1756
f 1770/1940/1770 1769/1939/1769 1757/1926/1757
f 1759/1928/1759 1771/1941/1771 1770/1940/1770
f 1760/1929/1760 1772/1942/1772 1771/1941/1771
f 1761/1930/1761 1773/1943/1773 1772/1942/1772
f 1762/1931/1762 1774/1944/1774 1773/1943/1773
f 1763/1932/1763 1775/1945/1775 1774/1944/1774
f 1764/1933/1764 1776/1958/1787 1775/1945/1775
f 1777/1946/1776 1776/1958/1787 1764/1933/1764
f 1778/1947/1777 1777/1946/1776 1765/1934/1765
f 1779/1948/1778 1790/1960/1789 1778/1947/1777
f 1780/1949/1779 1779/1963/1778 1767/1950/1766
f 1781/1951/1780 1780/1949/1779 1768/1937/1768
f 1770/1940/1770 1782/1952/1781 1781/1951/1780
f 1771/1941/1771 1783/1953/1782 1782/1952/1781
f 1772/1942/1772 1784/1954/1783 1783/1953/1782
f 1773/1943/1773 1785/1955/1784 1784/1954/1783
f 1774/1944/1774 1786/1956/1785 1785/1955/1784
f 1775/1945/1775 1787/1970/1798 1786/1956/1785
f 1788/1957/1786 1787/1970/1798 1775/1945/1775
f 1789/1959/1788 1788/1957/1786 1776/1958/1787
f 1790/1960/1789 1789/1959/1788 1777/1946/1776
f 1791/1961/1790 1802/1973/1801 1790/1960/1789
f 1792/1962/1791 1791/1976/1790 1779/1963/1778
f 1793/1964/1792 1792/1962/1791 1780/1949/1779
f 1782/1952/1781 1794/1965/1793 1793/1964/1792
f 1783/1953/1782 1795/1966/1794 1794/1965/1793
f 1784/1954/1783 1796/1967/1795 1795/1966/1794
f 1785/1955/1784 1797/1968/1796 1796/1967/1795
f 1786/1956/1785 1798/1981/1808 1797/1968/1796
f 1799/1969/1797 1798/1981/1808 1786/1956/1785
f 1800/1971/1799 1799/1969/1797 1787/1970/1798
f 1801/1972/1800 1800/1971/1799 1788/1957/1786
f 1802/1973/1801 1801/1972/1800 1789/1959/1788
f 1803/1974/1802 1814/1986/1813 1802/1973/1801
f 1804/1975/1803 1803/1989/1802 1791/1976/1790
f 1805/1977/1804 1804/1975/1803 1792/1962/1791
f 1794/1965/1793 1806/1978/1805 1805/1977/1804
f 1795/1966/1794 1807/1979/1806 1806/1978/1805
f 1796/1967/1795 1808/1980/1807 1807/1979/1806
f 1797/1968/1796 1809/1982/1809 1808/1980/1807
f 1798/1981/1808 1810/1994/1820 1809/1982/1809
f 1811/1983/1810 1810/1994/1820 1798/1981/1808
f 1812/1984/1811 1811/1983/1810 1799/1969/1797
f 1813/1985/1812 1812/1984/1811 1800/1971/1799
f 1814/1986/1813 1813/1985/1812 1801/1972/1800
f 1815/1987/1814 1826/1999/1825 1814/1986/1813
f 1816/1988/1815 1815/2002/1814 1803/1989/1802
f 1817/1990/1816 1816/1988/1815 1804/1975/1803
f 1806/1978/1805 1818/1991/1817 1817/1990/1816
f 1807/1979/1806 1819/1992/1818 1818/1991/1817
f 1808/1980/1807 1820/1993/1819 1819/1992/1818
f 1809/1982/1809 1821/1995/1821 1820/1993/1819
f 1810/1994/1820 1822/2007/1832 1821/1995/1821
f 1823/1996/1822 1822/2007/1832 1810/1994/1820
f 1824/1997/1823 1823/1996/1822 1811/1983/1810
f 1825/1998/1824 1824/1997/1823 1812/1984/1811
f 1826/1999/1825 1825/1998/1824 1813/1985/1812
f 1827/2000/1826 1838/2012/1837 1826/1999/1825
f 1828/2001/1827 1827/2015/1826 1815/2002/1814
f 1829/2003/1828 1828/2001/1827 1816/1988/1815
f 1818/1991/1817 1830/2004/1829 1829/2003/1828
f 1819/1992/1818 1831/2005/1830 1830/2004/1829
f 1820/1993/1819 1832/2006/1831 1831/2005/1830
f 1821/1995/1821 1833/2008/1833 1832/2006/1831
f 1822/2007/1832 1834/2020/1844 1833/2008/1833
f 1835/2009/1834 1834/2020/1844 1822/2007/1832
f 1836/2010/1835 1835/2009/1834 1823/1996/1822
f 1837/2011/1836 1836/2010/1835 1824/1997/1823
f 1838/2012/1837 1837/2011/1836 1825/1998/1824
f 1839/2013/1838 1850/2025/1849 1838/2012/1837
f 1840/2014/1839 1839/2028/1838 1827/2015/1826
f 1841/2016/1840 1840/2014/1839 1828/2001/1827
f 1830/2004/1829 1842/2017/1841 1841/2016/1840
f 1831/2005/1830 1843/2018/1842 1842/2017/1841
f 1832/2006/1831 1844/2019/1843 1843/2018/1842
f 1833/2008/1833 1845/2021/1845 1844/2019/1843
f 1834/2020/1844 1846/2022/1846 1845/2021/1845
f 1835/2009/1834 1847/2034/1857 1846/2022/1846
f 1848/2023/1847 1847/2034/1857 1835/2009/1834
f 1849/2024/1848 1848/2023/1847 1836/2010/1835
f 1850/2025/1849 1849/2024/1848 1837/2011/1836
f 1851/2026/1850 1862/2038/1861 1850/2025/1849
f 1852/2027/1851 1851/2041/1850 1839/2028/1838
f 1853/2029/1852 1852/2027/1851 1840/2014/1839
f 1854/2030/1853 1853/2029/1852 1841/2016/1840
f 1843/2018/1842 1855/2031/1854 1854/2030/1853
f 1844/2019/1843 1856/2032/1855 1855/2031/1854
f 1845/2021/1845 1857/2033/1856 1856/2032/1855
f 1846/2022/1846 1858/2035/1858 1857/2033/1856
f 1847/2034/1857 1859/2036/1859 1858/2035/1858
f 1848/2023/1847 1860/2048/1870 1859/2036/1859
f 1861/2037/1860 1860/2048/1870 1848/2023/1847
f 1862/2038/1861 1861/2037/1860 1849/2024/1848
f 1863/2039/1862 1874/2053/1875 1862/2038/1861
f 1864/2040/1863 1863/2055/1862 1851/2041/1850
f 1865/2042/1864 1864/2040/1863 1852/2027/1851
f 1866/2043/1865 1865/2042/1864 1853/2029/1852
f 1867/2044/1866 1866/2043/1865 1854/2030/1853
f 1868/2045/1867 1867/2044/1866 1855/2031/1854
f 1869/2046/1868 1868/2045/1867 1856/2032/1855
f 1858/2035/1858 1870/2047/1869 1869/2046/1868
f 1859/2036/1859 1871/2049/1871 1870/2047/1869
f 1860/2048/1870 1872/2050/1872 1871/2049/1871
f 1861/2037/1860 1873/2051/1873 1872/2050/1872
f 1862/2038/1861 1874/2053/1875 1873/2051/1873
f 1863/2039/1862 1875/2065/1886 1886/2052/1874
f 1876/2054/1876 1875/2068/1886 1863/2055/1862
f 1877/2056/1877 1876/2054/1876 1864/2040/1863
f 1878/2057/1878 1877/2056/1877 1865/2042/1864
f 1879/2058/1879 1878/2057/1878 1866/2043/1865
f 1880/2059/1880 1879/2058/1879 1867/2044/1866
f 1881/2060/1881 1880/2059/1880 1868/2045/1867
f 1870/2047/1869 1882/2061/1882 1881/2060/1881
f 1871/2049/1871 1883/2062/1883 1882/2061/1882
f 1872/2050/1872 1884/2063/1884 1883/2062/1883
f 1873/2051/1873 1885/2064/1885 1884/2063/1884
f 1874/2053/1875 1886/2052/1874 1885/2064/1885
f 1875/2065/1886 1887/2078/1898 1898/2066/1887
f 1888/2067/1888 1887/2081/1898 1875/2068/1886
f 1889/2069/1889 1888/2067/1888 1876/2054/1876
f 1890/2070/1890 1889/2069/1889 1877/2056/1877
f 1891/2071/1891 1890/2070/1890 1878/2057/1878
f 1892/2072/1892 1891/2071/1891 1879/2058/1879
f 1893/2073/1893 1892/2072/1892 1880/2059/1880
f 1882/2061/1882 1894/2074/1894 1893/2073/1893
f 1883/2062/1883 1895/2075/1895 1894/2074/1894
f 1884/2063/1884 1896/2076/1896 1895/2075/1895
f 1885/2064/1885 1897/2077/1897 1896/2076/1896
f 1886/2052/1874 1898/2066/1887 1897/2077/1897
f 1887/2078/1898 1899/2091/1910 1910/2079/1899
f 1900/2080/1900 1899/2094/1910 1887/2081/1898
f 1901/2082/1901 1900/2080/1900 1888/2067/1888
f 1902/2083/1902 1901/2082/1901 1889/2069/1889
f 1903/2084/1903 1902/2083/1902 1890/2070/1890
f 1904/2085/1904 1903/2084/1903 1891/2071/1891
f 1905/2086/1905 1904/2085/1904 1892/2072/1892
f 1894/2074/1894 1906/2087/1906 1905/2086/1905
f 1895/2075/1895 1907/2088/1907 1906/2087/1906
f 1896/2076/1896 1908/2089/1908 1907/2088/1907
f 1897/2077/1897 1909/2090/1909 1908/2089/1908
f 1898/2066/1887 1910/2079/1899 1909/2090/1909
f 1899/2091/1910 1911/2105/1923 1922/2092/1911
f 1912/2093/1912 1911/2107/1923 1899/2094/1910
f 1913/2095/1913 1912/2093/1912 1900/2080/1900
f 1914/2096/1914 1913/2095/1913 1901/2082/1901
f 1915/2097/1915 1914/2096/1914 1902/2083/1902
f 1916/2098/1916 1915/2097/1915 1903/2084/1903
f 1917/2099/1917 1916/2098/1916 1904/2085/1904
f 1906/2087/1906 1918/2100/1918 1917/2099/1917
f 1907/2088/1907 1919/2101/1919 1918/2100/1918
f 1908/2089/1908 1920/2102/1920 1919/2101/1919
f 1909/2090/1909 1921/2103/1921 1920/2102/1920
f 1910/2079/1899 1922/2092/1911 1921/2103/1921
f 1923/2104/1922 1934/2118/1935 1922/2092/1911
f 1924/2106/1924 1923/2120/1922 1911/2107/1923
f 1925/2108/1925 1924/2106/1924 1912/2093/1912
f 1926/2109/1926 1925/2108/1925 1913/2095/1913
f 1927/2110/1927 1926/2109/1926 1914/2096/1914
f 1928/2111/1928 1927/2110/1927 1915/2097/1915
f 1929/2112/1929 1928/2111/1928 1916/2098/1916
f 1918/2100/1918 1930/2113/1930 1929/2112/1929
f 1919/2101/1919 1931/2114/1931 1930/2113/1930
f 1920/2102/1920 1932/2115/1932 1931/2114/1931
f 1921/2103/1921 1933/2116/1933 1932/2115/1932
f 1922/2092/1911 1934/2118/1935 1933/2116/1933
f 1935/2117/1934 1946/2129/1945 1934/2118/1935
f 1936/2119/1936 1935/2132/1934 1923/2120/1922
f 1937/2121/1937 1936/2119/1936 1924/2106/1924
f 1926/2109/1926 1938/2122/1938 1937/2121/1937
f 1927/2110/1927 1939/2123/1939 1938/2122/1938
f 1928/2111/1928 1940/2124/1940 1939/2123/1939
f 1929/2112/1929 1941/2125/1941 1940/2124/1940
f 1930/2113/1930 1942/2126/1942 1941/2125/1941
f 1931/2114/1931 1943/2127/1943 1942/2126/1942
f 1932/2115/1932 1944/2128/1944 1943/2127/1943
f 1933/2116/1933 1945/2141/1956 1944/2128/1944
f 1946/2129/1945 1945/2141/1956 1933/2116/1933
f 1947/2130/1946 1958/2142/1957 1946/2129/1945
f 1948/2131/1947 1947/2145/1946 1935/2132/1934
f 1937/2121/1937 1949/2133/1948 1948/2131/1947
f 1938/2122/1938 1950/2134/1949 1949/2133/1948
f 1939/2123/1939 1951/2135/1950 1950/2134/1949
f 1940/2124/1940 1952/2136/1951 1951/2135/1950
f 1941/2125/1941 1953/2137/1952 1952/2136/1951
f 1942/2126/1942 1954/2138/1953 1953/2137/1952
f 1943/2127/1943 1955/2152/1966 1954/2138/1953
f 1956/2139/1954 1955/2152/1966 1943/2127/1943
f 1957/2140/1955 1956/2139/1954 1944/2128/1944
f 1958/2142/1957 1957/2140/1955 1945/2141/1956
f 1959/2143/1958 1970/2155/1969 1958/2142/1957
f 1960/2144/1959 1959/2158/1958 1947/2145/1946
f 1949/2133/1948 1961/2146/1960 1960/2144/1959
f 1950/2134/1949 1962/2147/1961 1961/2146/1960
f 1951/2135/1950 1963/2148/1962 1962/2147/1961
f 1952/2136/1951 1964/2149/1963 1963/2148/1962
f 1953/2137/1952 1965/2150/1964 1964/2149/1963
f 1954/2138/1953 1966/2163/1976 1965/2150/1964
f 1967/2151/1965 1966/2163/1976 1954/2138/1953
f 1968/2153/1967 1967/2151/1965 1955/2152/1966
f 1969/2154/1968 1968/2153/1967 1956/2139/1954
f 1970/2155/1969 1969/2154/1968 1957/2140/1955
f 1971/2156/1970 1982/2168/1981 1970/2155/1969
f 1972/2157/1971 1971/2171/1970 1959/2158/1958
f 1961/2146/1960 1973/2159/1972 1972/2157/1971
f 1962/2147/1961 1974/2160/1973 1973/2159/1972
f 1963/2148/1962 1975/2161/1974 1974/2160/1973
f 1964/2149/1963 1976/2162/1975 1975/2161/1974
f 1965/2150/1964 1977/2164/1977 1976/2162/1975
f 1966/2163/1976 1978/2176/1988 1977/2164/1977
f 1979/2165/1978 1978/2176/1988 1966/2163/1976
f 1980/2166/1979 1979/2165/1978 1967/2151/1965
f 1981/2167/1980 1980/2166/1979 1968/2153/1967
f 1982/2168/1981 1981/2167/1980 1969/2154/1968
f 1983/2169/1982 1994/2181/1993 1982/2168/1981
f 1984/2170/1983 1983/2184/1982 1971/2171/1970
f 1973/2159/1972 1985/2172/1984 1984/2170/1983
f 1974/2160/1973 1986/2173/1985 1985/2172/1984
f 1975/2161/1974 1987/2174/1986 1986/2173/1985
f 1976/2162/1975 1988/2175/1987 1987/2174/1986
f 1977/2164/1977 1989/2177/1989 1988/2175/1987
f 1978/2176/1988 1990/2189/2000 1989/2177/1989
f 1991/2178/1990 1990/2189/2000 1978/2176/1988
f 1992/2179/1991 1991/2178/1990 1979/2165/1978
f 1993/2180/1992 1992/2179/1991 1980/2166/1979
f 1994/2181/1993 1993/2180/1992 1981/2167/1980
f 1995/2182/1994 2006/2194/2005 1994/2181/1993
f 1996/2183/1995 1995/2197/1994 1983/2184/1982
f 1985/2172/1984 1997/2185/1996 1996/2183/1995
f 1986/2173/1985 1998/2186/1997 1997/2185/1996
f 1987/2174/1986 1999/2187/1998 1998/2186/1997
f 1988/2175/1987 2000/2188/1999 1999/2187/1998
f 1989/2177/1989 2001/2190/2001 2000/2188/1999
f 1990/2189/2000 2002/2202/2012 2001/2190/2001
f 2003/2191/2002 2002/2202/2012 1990/2189/2000
f 2004/2192/2003 2003/2191/2002 1991/2178/1990
f 2005/2193/2004 2004/2192/2003 1992/2179/1991
f 2006/2194/2005 2005/2193/2004 1993/2180/1992
f 2007/2195/2006 2018/2207/2017 2006/2194/2005
f 2008/2196/2007 2007/2210/2006 1995/2197/1994
f 1997/2185/1996 2009/2198/2008 2008/2196/2007
f 1998/2186/1997 2010/2199/2009 2009/2198/2008
f 1999/2187/1998 2011/2200/2010 2010/2199/2009
f 2000/2188/1999 2012/2201/2011 2011/2200/2010
f 2001/2190/2001 2013/2203/2013 2012/2201/2011
f 2002/2202/2012 2014/2215/2024 2013/2203/2013
f 2015/2204/2014 2014/2215/2024 2002/2202/2012
f 2016/2205/2015 2015/2204/2014 2003/2191/2002
f 2017/2206/2016 2016/2205/2015 2004/2192/2003
f 2018/2207/2017 2017/2206/2016 2005/2193/2004
f 2019/2208/2018 2030/2220/2029 2018/2207/2017
f 2020/2209/2019 2019/2223/2018 2007/2210/2006
f 2009/2198/2008 2021/2211/2020 2020/2209/2019
f 2010/2199/2009 2022/2212/2021 2021/2211/2020
f 2011/2200/2010 2023/2213/2022 2022/2212/2021
f 2012/2201/2011 2024/2214/2023 2023/2213/2022
f 2013/2203/2013 2025/2216/2025 2024/2214/2023
f 2014/2215/2024 2026/2228/2036 2025/2216/2025
f 2027/2217/2026 2026/2228/2036 2014/2215/2024
f 2028/2218/2027 2027/2217/2026 2015/2204/2014
f 2029/2219/2028 2028/2218/2027 2016/2205/2015
f 2030/2220/2029 2029/2219/2028 2017/2206/2016
f 2031/2221/2030 2042/2233/2041 2030/2220/2029
f 2032/2222/2031 2031/2236/2030 2019/2223/2018
f 2021/2211/2020 2033/2224/2032 2032/2222/2031
f 2022/2212/2021 2034/2225/2033 2033/2224/2032
f 2023/2213/2022 2035/2226/2034 2034/2225/2033
f 2024/2214/2023 2036/2227/2035 2035/2226/2034
f 2025/2216/2025 2037/2229/2037 2036/2227/2035
f 2026/2228/2036 2038/2241/2048 2037/2229/2037
f 2039/2230/2038 2038/2241/2048 2026/2228/2036
f 2040/2231/2039 2039/2230/2038 2027/2217/2026
f 2041/2232/2040 2040/2231/2039 2028/2218/2027
f 2042/2233/2041 2041/2232/2040 2029/2219/2028
f 2043/2234/2042 2054/2246/2053 2042/2233/2041
f 2044/2235/2043 2043/2249/2042 2031/2236/2030
f 2033/2224/2032 2045/2237/2044 2044/2235/2043
f 2034/2225/2033 2046/2238/2045 2045/2237/2044
f 2035/2226/2034 2047/2239/2046 2046/2238/2045
f 2036/2227/2035 2048/2240/2047 2047/2239/2046
f 2037/2229/2037 2049/2242/2049 2048/2240/2047
f 2038/2241/2048 2050/2254/2060 2049/2242/2049
f 2051/2243/2050 2050/2254/2060 2038/2241/2048
f 2052/2244/2051 2051/2243/2050 2039/2230/2038
f 2053/2245/2052 2052/2244/2051 2040/2231/2039
f 2054/2246/2053 2053/2245/2052 2041/2232/2040
f 2055/2247/2054 2066/2259/2065 2054/2246/2053
f 2056/2248/2055 2055/2262/2054 2043/2249/2042
f 2045/2237/2044 2057/2250/2056 2056/2248/2055
f 2046/2238/2045 2058/2251/2057 2057/2250/2056
f 2047/2239/2046 2059/2252/2058 2058/2251/2057
f 2048/2240/2047 2060/2253/2059 2059/2252/2058
f 2049/2242/2049 2061/2255/2061 2060/2253/2059
f 2050/2254/2060 2062/2256/2062 2061/2255/2061
f 2051/2243/2050 2063/2267/2072 2062/2256/2062
f 2064/2257/2063 2063/2267/2072 2051/2243/2050
f 2065/2258/2064 2064/2257/2063 2052/2244/2051
f 2066/2259/2065 2065/2258/2064 2053/2245/2052
f 2067/2260/2066 2078/2271/2076 2066/2259/2065
f 2068/2261/2067 2067/2274/2066 2055/2262/2054
f 2069/2263/2068 2068/2261/2067 2056/2248/2055
f 2058/2251/2057 2070/2264/2069 2069/2263/2068
f 2059/2252/2058 2071/2278/2082 2070/2264/2069
f 2072/2265/2070 2071/2278/2082 2059/2252/2058
f 2061/2255/2061 2073/2266/2071 2072/2265/2070
f 2062/2256/2062 2074/2268/2073 2073/2266/2071
f 2063/2267/2072 2075/2269/2074 2074/2268/2073
f 2064/2257/2063 2076/2270/2075 2075/2269/2074
f 2065/2258/2064 2077/2283/2087 2076/2270/2075
f 2078/2271/2076 2077/2283/2087 2065/2258/2064
f 2067/2260/2066 2079/2286/2090 2090/2272/2077
f 2080/2273/2078 2079/2289/2090 2067/2274/2066
f 2081/2275/2079 2080/2273/2078 2068/2261/2067
f 2082/2276/2080 2081/2275/2079 2069/2263/2068
f 2083/2277/2081 2082/2276/2080 2070/2264/2069
f 2084/2279/2083 2083/2277/2081 2071/2278/2082
f 2085/2280/2084 2084/2279/2083 2072/2265/2070
f 2086/2281/2085 2085/2280/2084 2073/2266/2071
f 2075/2269/2074 2087/2282/2086 2086/2281/2085
f 2076/2270/2075 2088/2284/2088 2087/2282/2086
f 2077/2283/2087 2089/2285/2089 2088/2284/2088
f 2078/2271/2076 2090/2272/2077 2089/2285/2089
f 2079/2286/2090 2091/2299/2092 2102/2287/2091
f 2080/2273/2078 2092/2301/2103 2091/2288/2092
f 2093/2290/2093 2092/2301/2103 2080/2273/2078
f 2094/2291/2094 2093/2290/2093 2081/2275/2079
f 2095/2292/2095 2094/2291/2094 2082/2276/2080
f 2096/2293/2096 2095/2292/2095 2083/2277/2081
f 2097/2294/2097 2096/2293/2096 2084/2279/2083
f 2098/2295/2098 2097/2294/2097 2085/2280/2084
f 2087/2282/2086 2099/2296/2099 2098/2295/2098
f 2088/2284/2088 2100/2297/2100 2099/2296/2099
f 2089/2285/2089 2101/2298/2101 2100/2297/2100
f 2090/2272/2077 2102/2287/2091 2101/2298/2101
f 2091/2299/2092 2103/2312/2104 2114/2300/2102
f 2092/2301/2103 2104/2314/2115 2103/2302/2104
f 2105/2303/2105 2104/2314/2115 2092/2301/2103
f 2106/2304/2106 2105/2303/2105 2093/2290/2093
f 2107/2305/2107 2106/2304/2106 2094/2291/2094
f 2108/2306/2108 2107/2305/2107 2095/2292/2095
f 2109/2307/2109 2108/2306/2108 2096/2293/2096
f 2110/2308/2110 2109/2307/2109 2097/2294/2097
f 2099/2296/2099 2111/2309/2111 2110/2308/2110
f 2100/2297/2100 2112/2310/2112 2111/2309/2111
f 2101/2298/2101 2113/2311/2113 2112/2310/2112
f 2102/2287/2091 2114/2300/2102 2113/2311/2113
f 2103/2312/2104 2115/2325/2116 2126/2313/2114
f 2104/2314/2115 2116/2327/2127 2115/2315/2116
f 2117/2316/2117 2116/2327/2127 2104/2314/2115
f 2118/2317/2118 2117/2316/2117 2105/2303/2105
f 2119/2318/2119 2118/2317/2118 2106/2304/2106
f 2120/2319/2120 2119/2318/2119 2107/2305/2107
f 2121/2320/2121 2120/2319/2120 2108/2306/2108
f 2122/2321/2122 2121/2320/2121 2109/2307/2109
f 2111/2309/2111 2123/2322/2123 2122/2321/2122
f 2112/2310/2112 2124/2323/2124 2123/2322/2123
f 2113/2311/2113 2125/2324/2125 2124/2323/2124
f 2114/2300/2102 2126/2313/2114 2125/2324/2125
f 2115/2325/2116 2127/2338/2128 2138/2326/2126
f 2116/2327/2127 2128/2340/2139 2127/2328/2128
f 2129/2329/2129 2128/2340/2139 2116/2327/2127
f 2130/2330/2130 2129/2329/2129 2117/2316/2117
f 2131/2331/2131 2130/2330/2130 2118/2317/2118
f 2132/2332/2132 2131/2331/2131 2119/2318/2119
f 2133/2333/2133 2132/2332/2132 2120/2319/2120
f 2134/2334/2134 2133/2333/2133 2121/2320/2121
f 2123/2322/2123 2135/2335/2135 2134/2334/2134
f 2124/2323/2124 2136/2336/2136 2135/2335/2135
f 2125/2324/2125 2137/2337/2137 2136/2336/2136
f 2126/2313/2114 2138/2326/2126 2137/2337/2137
f 2127/2338/2128 2139/2351/2140 2150/2339/2138
f 2128/2340/2139 2140/2354/2152 2139/2341/2140
f 2141/2342/2141 2140/2354/2152 2128/2340/2139
f 2142/2343/2142 2141/2342/2141 2129/2329/2129
f 2143/2344/2143 2142/2343/2142 2130/2330/2130
f 2144/2345/2144 2143/2344/2143 2131/2331/2131
f 2145/2346/2145 2144/2345/2144 2132/2332/2132
f 2146/2347/2146 2145/2346/2145 2133/2333/2133
f 2135/2335/2135 2147/2348/2147 2146/2347/2146
f 2136/2336/2136 2148/2349/2148 2147/2348/2147
f 2137/2337/2137 2149/2350/2149 2148/2349/2148
f 2138/2326/2126 2150/2339/2138 2149/2350/2149
f 2139/2351/2140 2151/2364/2162 2162/2352/2150
f 2152/2353/2151 2151/2367/2162 2139/2341/2140
f 2153/2355/2153 2152/2353/2151 2140/2354/2152
f 2154/2356/2154 2153/2355/2153 2141/2342/2141
f 2155/2357/2155 2154/2356/2154 2142/2343/2142
f 2156/2358/2156 2155/2357/2155 2143/2344/2143
f 2157/2359/2157 2156/2358/2156 2144/2345/2144
f 2146/2347/2146 2158/2360/2158 2157/2359/2157
f 2147/2348/2147 2159/2361/2159 2158/2360/2158
f 2148/2349/2148 2160/2362/2160 2159/2361/2159
f 2149/2350/2149 2161/2363/2161 2160/2362/2160
f 2150/2339/2138 2162/2352/2150 2161/2363/2161
f 2151/2364/2162 2163/2378/2175 2174/2365/2163
f 2164/2366/2164 2163/2380/2175 2151/2367/2162
f 2165/2368/2165 2164/2366/2164 2152/2353/2151
f 2166/2369/2166 2165/2368/2165 2153/2355/2153
f 2167/2370/2167 2166/2369/2166 2154/2356/2154
f 2168/2371/2168 2167/2370/2167 2155/2357/2155
f 2169/2372/2169 2168/2371/2168 2156/2358/2156
f 2158/2360/2158 2170/2373/2170 2169/2372/2169
f 2159/2361/2159 2171/2374/2171 2170/2373/2170
f 2160/2362/2160 2172/2375/2172 2171/2374/2171
f 2161/2363/2161 2173/2376/2173 2172/2375/2172
f 2162/2352/2150 2174/2365/2163 2173/2376/2173
f 2175/2377/2174 2186/2391/2187 2174/2365/2163
f 2176/2379/2176 2175/2393/2174 2163/2380/2175
f 2177/2381/2177 2176/2379/2176 2164/2366/2164
f 2178/2382/2178 2177/2381/2177 2165/2368/2165
f 2179/2383/2179 2178/2382/2178 2166/2369/2166
f 2180/2384/2180 2179/2383/2179 2167/2370/2167
f 2169/2372/2169 2181/2385/2181 2180/2384/2180
f 2170/2373/2170 2182/2386/2182 2181/2385/2181
f 2171/2374/2171 2183/2387/2183 2182/2386/2182
f 2172/2375/2172 2184/2388/2184 2183/2387/2183
f 2173/2376/2173 2185/2389/2185 2184/2388/2184
f 2174/2365/2163 2186/2391/2187 2185/2389/2185
f 2187/2390/2186 2198/2402/2197 2186/2391/2187
f 2188/2392/2188 2187/2405/2186 2175/2393/2174
f 2189/2394/2189 2188/2392/2188 2176/2379/2176
f 2190/2395/2190 2189/2394/2189 2177/2381/2177
f 2179/2383/2179 2191/2396/2191 2190/2395/2190
f 2180/2384/2180 2192/2397/2192 2191/2396/2191
f 2181/2385/2181 2193/2398/2193 2192/2397/2192
f 2182/2386/2182 2194/2399/2194 2193/2398/2193
f 2183/2387/2183 2195/2400/2195 2194/2399/2194
f 2184/2388/2184 2196/2401/2196 2195/2400/2195
f 2185/2389/2185 2197/2414/2208 2196/2401/2196
f 2198/2402/2197 2197/2414/2208 2185/2389/2185
f 2199/2403/2198 2210/2415/2209 2198/2402/2197
f 2200/2404/2199 2199/2418/2198 2187/2405/2186
f 2201/2406/2200 2200/2404/2199 2188/2392/2188
f 2202/2407/2201 2201/2406/2200 2189/2394/2189
f 2191/2396/2191 2203/2408/2202 2202/2407/2201
f 2192/2397/2192 2204/2409/2203 2203/2408/2202
f 2193/2398/2193 2205/2410/2204 2204/2409/2203
f 2194/2399/2194 2206/2411/2205 2205/2410/2204
f 2195/2400/2195 2207/2412/2206 2206/2411/2205
f 2196/2401/2196 2208/2426/2219 2207/2412/2206
f 2209/2413/2207 2208/2426/2219 2196/2401/2196
f 2210/2415/2209 2209/2413/2207 2197/2414/2208
f 2211/2416/2210 2222/2428/2221 2210/2415/2209
f 2212/2417/2211 2211/2431/2210 2199/2418/2198
f 2213/2419/2212 2212/2417/2211 2200/2404/2199
f 2202/2407/2201 2214/2420/2213 2213/2419/2212
f 2203/2408/2202 2215/2421/2214 2214/2420/2213
f 2204/2409/2203 2216/2422/2215 2215/2421/2214
f 2205/2410/2204 2217/2423/2216 2216/2422/2215
f 2206/2411/2205 2218/2424/2217 2217/2423/2216
f 2207/2412/2206 2219/2437/2229 2218/2424/2217
f 2220/2425/2218 2219/2437/2229 2207/2412/2206
f 2221/2427/2220 2220/2425/2218 2208/2426/2219
f 2222/2428/2221 2221/2427/2220 2209/2413/2207
f 2223/2429/2222 2234/2441/2233 2222/2428/2221
f 2224/2430/2223 2223/2444/2222 2211/2431/2210
f 2225/2432/2224 2224/2430/2223 2212/2417/2211
f 2214/2420/2213 2226/2433/2225 2225/2432/2224
f 2215/2421/2214 2227/2434/2226 2226/2433/2225
f 2216/2422/2215 2228/2435/2227 2227/2434/2226
f 2217/2423/2216 2229/2436/2228 2228/2435/2227
f 2218/2424/2217 2230/2438/2230 2229/2436/2228
f 2219/2437/2229 2231/2450/2241 2230/2438/2230
f 2232/2439/2231 2231/2450/2241 2219/2437/2229
f 2233/2440/2232 2232/2439/2231 2220/2425/2218
f 2234/2441/2233 2233/2440/2232 2221/2427/2220
f 2235/2442/2234 2246/2454/2245 2234/2441/2233
f 2236/2443/2235 2235/2457/2234 2223/2444/2222
f 2237/2445/2236 2236/2443/2235 2224/2430/2223
f 2226/2433/2225 2238/2446/2237 2237/2445/2236
f 2227/2434/2226 2239/2447/2238 2238/2446/2237
f 2228/2435/2227 2240/2448/2239 2239/2447/2238
f 2229/2436/2228 2241/2449/2240 2240/2448/2239
f 2230/2438/2230 2242/2451/2242 2241/2449/2240
f 2231/2450/2241 2243/2463/2253 2242/2451/2242
f 2244/2452/2243 2243/2463/2253 2231/2450/2241
f 2245/2453/2244 2244/2452/2243 2232/2439/2231
f 2246/2454/2245 2245/2453/2244 2233/2440/2232
f 2247/2455/2246 2258/2467/2257 2246/2454/2245
f 2248/2456/2247 2247/2470/2246 2235/2457/2234
f 2249/2458/2248 2248/2456/2247 2236/2443/2235
f 2238/2446/2237 2250/2459/2249 2249/2458/2248
f 2239/2447/2238 2251/2460/2250 2250/2459/2249
f 2240/2448/2239 2252/2461/2251 2251/2460/2250
f 2241/2449/2240 2253/2462/2252 2252/2461/2251
f 2242/2451/2242 2254/2464/2254 2253/2462/2252
f 2243/2463/2253 2255/2476/2265 2254/2464/2254
f 2256/2465/2255 2255/2476/2265 2243/2463/2253
f 2257/2466/2256 2256/2465/2255 2244/2452/2243
f 2258/2467/2257 2257/2466/2256 2245/2453/2244
f 2259/2468/2258 2270/2480/2269 2258/2467/2257
f 2260/2469/2259 2259/2483/2258 2247/2470/2246
f 2261/2471/2260 2260/2469/2259 2248/2456/2247
f 2250/2459/2249 2262/2472/2261 2261/2471/2260
f 2251/2460/2250 2263/2473/2262 2262/2472/2261
f 2252/2461/2251 2264/2474/2263 2263/2473/2262
f 2253/2462/2252 2265/2475/2264 2264/2474/2263
f 2254/2464/2254 2266/2477/2266 2265/2475/2264
f 2255/2476/2265 2267/2489/2277 2266/2477/2266
f 2268/2478/2267 2267/2489/2277 2255/2476/2265
f 2269/2479/2268 2268/2478/2267 2256/2465/2255
f 2270/2480/2269 2269/2479/2268 2257/2466/2256
f 2271/2481/2270 2282/2493/2281 2270/2480/2269
f 2272/2482/2271 2271/2496/2270 2259/2483/2258
f 2273/2484/2272 2272/2482/2271 2260/2469/2259
f 2262/2472/2261 2274/2485/2273 2273/2484/2272
f 2263/2473/2262 2275/2486/2274 2274/2485/2273
f 2264/2474/2263 2276/2487/2275 2275/2486/2274
f 2265/2475/2264 2277/2488/2276 2276/2487/2275
f 2266/2477/2266 2278/2490/2278 2277/2488/2276
f 2267/2489/2277 2279/2502/2289 2278/2490/2278
f 2280/2491/2279 2279/2502/2289 2267/2489/2277
f 2281/2492/2280 2280/2491/2279 2268/2478/2267
f 2282/2493/2281 2281/2492/2280 2269/2479/2268
f 2283/2494/2282 2294/2506/2293 2282/2493/2281
f 2284/2495/2283 2283/2509/2282 2271/2496/2270
f 2285/2497/2284 2284/2495/2283 2272/2482/2271
f 2274/2485/2273 2286/2498/2285 2285/2497/2284
f 2275/2486/2274 2287/2499/2286 2286/2498/2285
f 2276/2487/2275 2288/2500/2287 2287/2499/2286
f 2277/2488/2276 2289/2501/2288 2288/2500/2287
f 2278/2490/2278 2290/2503/2290 2289/2501/2288
f 2279/2502/2289 2291/2515/2301 2290/2503/2290
f 2292/2504/2291 2291/2515/2301 2279/2502/2289
f 2293/2505/2292 2292/2504/2291 2280/2491/2279
f 2294/2506/2293 2293/2505/2292 2281/2492/2280
f 2295/2507/2294 2306/2519/2305 2294/2506/2293
f 2296/2508/2295 2295/2522/2294 2283/2509/2282
f 2297/2510/2296 2296/2508/2295 2284/2495/2283
f 2286/2498/2285 2298/2511/2297 2297/2510/2296
f 2287/2499/2286 2299/2512/2298 2298/2511/2297
f 2288/2500/2287 2300/2513/2299 2299/2512/2298
f 2289/2501/2288 2301/2514/2300 2300/2513/2299
f 2290/2503/2290 2302/2516/2302 2301/2514/2300
f 2291/2515/2301 2303/2528/2313 2302/2516/2302
f 2304/2517/2303 2303/2528/2313 2291/2515/2301
f 2305/2518/2304 2304/2517/2303 2292/2504/2291
f 2306/2519/2305 2305/2518/2304 2293/2505/2292
f 2307/2520/2306 2318/2532/2317 2306/2519/2305
f 2308/2521/2307 2307/2535/2306 2295/2522/2294
f 2309/2523/2308 2308/2521/2307 2296/2508/2295
f 2298/2511/2297 2310/2524/2309 2309/2523/2308
f 2299/2512/2298 2311/2525/2310 2310/2524/2309
f 2300/2513/2299 2312/2526/2311 2311/2525/2310
f 2301/2514/2300 2313/2527/2312 2312/2526/2311
f 2302/2516/2302 2314/2529/2314 2313/2527/2312
f 2303/2528/2313 2315/2541/2325 2314/2529/2314
f 2316/2530/2315 2315/2541/2325 2303/2528/2313
f 2317/2531/2316 2316/2530/2315 2304/2517/2303
f 2318/2532/2317 2317/2531/2316 2305/2518/2304
f 2319/2533/2318 2330/2545/2329 2318/2532/2317
f 2320/2534/2319 2319/2548/2318 2307/2535/2306
f 2321/2536/2320 2320/2534/2319 2308/2521/2307
f 2310/2524/2309 2322/2537/2321 2321/2536/2320
f 2311/2525/2310 2323/2538/2322 2322/2537/2321
f 2312/2526/2311 2324/2539/2323 2323/2538/2322
f 2313/2527/2312 2325/2540/2324 2324/2539/2323
f 2314/2529/2314 2326/2542/2326 2325/2540/2324
f 2315/2541/2325 2327/2554/2337 2326/2542/2326
f 2328/2543/2327 2327/2554/2337 2315/2541/2325
f 2329/2544/2328 2328/2543/2327 2316/2530/2315
f 2330/2545/2329 2329/2544/2328 2317/2531/2316
f 2331/2546/2330 2342/2558/2341 2330/2545/2329
f 2332/2547/2331 2331/2561/2330 2319/2548/2318
f 2333/2549/2332 2332/2547/2331 2320/2534/2319
f 2322/2537/2321 2334/2550/2333 2333/2549/2332
f 2323/2538/2322 2335/2551/2334 2334/2550/2333
f 2324/2539/2323 2336/2552/2335 2335/2551/2334
f 2325/2540/2324 2337/2553/2336 2336/2552/2335
f 2326/2542/2326 2338/2555/2338 2337/2553/2336
f 2327/2554/2337 2339/2556/2339 2338/2555/2338
f 2328/2543/2327 2340/2557/2340 2339/2556/2339
f 2329/2544/2328 2341/2568/2350 2340/2557/2340
f 2342/2558/2341 2341/2568/2350 2329/2544/2328
f 2343/2559/2342 2354/2572/2354 2342/2558/2341
f 2344/2560/2343 2343/2574/2342 2331/2561/2330
f 2345/2562/2344 2344/2560/2343 2332/2547/2331
f 2334/2550/2333 2346/2577/2358 2345/2562/2344
f 2347/2563/2345 2346/2577/2358 2334/2550/2333
f 2348/2564/2346 2347/2563/2345 2335/2551/2334
f 2349/2565/2347 2348/2564/2346 2336/2552/2335
f 2350/2566/2348 2349/2565/2347 2337/2553/2336
f 2339/2556/2339 2351/2567/2349 2350/2566/2348
f 2340/2557/2340 2352/2569/2351 2351/2567/2349
f 2341/2568/2350 2353/2570/2352 2352/2569/2351
f 2342/2558/2341 2354/2572/2354 2353/2570/2352
f 2343/2559/2342 2355/2585/2366 2366/2571/2353
f 2356/2573/2355 2355/2588/2366 2343/2574/2342
f 2357/2575/2356 2356/2573/2355 2344/2560/2343
f 2358/2576/2357 2357/2575/2356 2345/2562/2344
f 2359/2578/2359 2358/2576/2357 2346/2577/2358
f 2360/2579/2360 2359/2578/2359 2347/2563/2345
f 2361/2580/2361 2360/2579/2360 2348/2564/2346
f 2362/2581/2362 2361/2580/2361 2349/2565/2347
f 2351/2567/2349 2363/2582/2363 2362/2581/2362
f 2352/2569/2351 2364/2583/2364 2363/2582/2363
f 2353/2570/2352 2365/2584/2365 2364/2583/2364
f 2354/2572/2354 2366/2571/2353 2365/2584/2365
f 2355/2585/2366 2367/2598/2378 2378/2586/2367
f 2368/2587/2368 2367/2601/2378 2355/2588/2366
f 2369/2589/2369 2368/2587/2368 2356/2573/2355
f 2370/2590/2370 2369/2589/2369 2357/2575/2356
f 2371/2591/2371 2370/2590/2370 2358/2576/2357
f 2372/2592/2372 2371/2591/2371 2359/2578/2359
f 2373/2593/2373 2372/2592/2372 2360/2579/2360
f 2374/2594/2374 2373/2593/2373 2361/2580/2361
f 2363/2582/2363 2375/2595/2375 2374/2594/2374
f 2364/2583/2364 2376/2596/2376 2375/2595/2375
f 2365/2584/2365 2377/2597/2377 2376/2596/2376
f 2366/2571/2353 2378/2586/2367 2377/2597/2377
f 2367/2598/2378 2379/2611/2390 2390/2599/2379
f 2380/2600/2380 2379/2614/2390 2367/2601/2378
f 2381/2602/2381 2380/2600/2380 2368/2587/2368
f 2382/2603/2382 2381/2602/2381 2369/2589/2369
f 2383/2604/2383 2382/2603/2382 2370/2590/2370
f 2384/2605/2384 2383/2604/2383 2371/2591/2371
f 2385/2606/2385 2384/2605/2384 2372/2592/2372
f 2386/2607/2386 2385/2606/2385 2373/2593/2373
f 2375/2595/2375 2387/2608/2387 2386/2607/2386
f 2376/2596/2376 2388/2609/2388 2387/2608/2387
f 2377/2597/2377 2389/2610/2389 2388/2609/2388
f 2378/2586/2367 2390/2599/2379 2389/2610/2389
f 2379/2611/2390 2391/2624/2402 2402/2612/2391
f 2392/2613/2392 2391/2627/2402 2379/2614/2390
f 2393/2615/2393 2392/2613/2392 2380/2600/2380
f 2394/2616/2394 2393/2615/2393 2381/2602/2381
f 2395/2617/2395 2394/2616/2394 2382/2603/2382
f 2396/2618/2396 2395/2617/2395 2383/2604/2383
f 2397/2619/2397 2396/2618/2396 2384/2605/2384
f 2398/2620/2398 2397/2619/2397 2385/2606/2385
f 2387/2608/2387 2399/2621/2399 2398/2620/2398
f 2388/2609/2388 2400/2622/2400 2399/2621/2399
f 2389/2610/2389 2401/2623/2401 2400/2622/2400
f 2390/2599/2379 2402/2612/2391 2401/2623/2401
f 2391/2624/2402 2403/2638/2415 2414/2625/2403
f 2404/2626/2404 2403/2640/2415 2391/2627/2402
f 2405/2628/2405 2404/2626/2404 2392/2613/2392
f 2406/2629/2406 2405/2628/2405 2393/2615/2393
f 2407/2630/2407 2406/2629/2406 2394/2616/2394
f 2408/2631/2408 2407/2630/2407 2395/2617/2395
f 2409/2632/2409 2408/2631/2408 2396/2618/2396
f 2410/2633/2410 2409/2632/2409 2397/2619/2397
f 2399/2621/2399 2411/2634/2411 2410/2633/2410
f 2400/2622/2400 2412/2635/2412 2411/2634/2411
f 2401/2623/2401 2413/2636/2413 2412/2635/2412
f 2402/2612/2391 2414/2625/2403 2413/2636/2413
f 2415/2637/2414 2426/2651/2427 2414/2625/2403
f 2416/2639/2416 2415/2653/2414 2403/2640/2415
f 2417/2641/2417 2416/2639/2416 2404/2626/2404
f 2418/2642/2418 2417/2641/2417 2405/2628/2405
f 2419/2643/2419 2418/2642/2418 2406/2629/2406
f 2420/2644/2420 2419/2643/2419 2407/2630/2407
f 2421/2645/2421 2420/2644/2420 2408/2631/2408
f 2410/2633/2410 2422/2646/2422 2421/2645/2421
f 2411/2634/2411 2423/2647/2423 2422/2646/2422
f 2412/2635/2412 2424/2648/2424 2423/2647/2423
f 2413/2636/2413 2425/2649/2425 2424/2648/2424
f 2414/2625/2403 2426/2651/2427 2425/2649/2425
f 2427/2650/2426 2438/2662/2437 2426/2651/2427
f 2428/2652/2428 2427/2665/2426 2415/2653/2414
f 2429/2654/2429 2428/2652/2428 2416/2639/2416
f 2430/2655/2430 2429/2654/2429 2417/2641/2417
f 2431/2656/2431 2430/2655/2430 2418/2642/2418
f 2420/2644/2420 2432/2657/2432 2431/2656/2431
f 2421/2645/2421 2433/2658/2433 2432/2657/2432
f 2422/2646/2422 2434/2659/2434 2433/2658/2433
f 2423/2647/2423 2435/2660/2435 2434/2659/2434
f 2424/2648/2424 2436/2661/2436 2435/2660/2435
f 2425/2649/2425 2437/2673/2447 2436/2661/2436
f 2438/2662/2437 2437/2673/2447 2425/2649/2425
f 2439/2663/2438 2450/2675/2449 2438/2662/2437
f 2440/2664/2439 2439/2678/2438 2427/2665/2426
f 2441/2666/2440 2440/2664/2439 2428/2652/2428
f 2442/2667/2441 2441/2666/2440 2429/2654/2429
f 2431/2656/2431 2443/2668/2442 2442/2667/2441
f 2432/2657/2432 2444/2669/2443 2443/2668/2442
f 2433/2658/2433 2445/2670/2444 2444/2669/2443
f 2434/2659/2434 2446/2671/2445 2445/2670/2444
f 2435/2660/2435 2447/2672/2446 2446/2671/2445
f 2436/2661/2436 2448/2674/2448 2447/2672/2446
f 2437/2673/2447 2449/2687/2460 2448/2674/2448
f 2450/2675/2449 2449/2687/2460 2437/2673/2447
f 2451/2676/2450 2462/2688/2461 2450/2675/2449
f 2452/2677/2451 2451/2691/2450 2439/2678/2438
f 2453/2679/2452 2452/2677/2451 2440/2664/2439
f 2454/2680/2453 2453/2679/2452 2441/2666/2440
f 2443/2668/2442 2455/2681/2454 2454/2680/2453
f 2444/2669/2443 2456/2682/2455 2455/2681/2454
f 2445/2670/2444 2457/2683/2456 2456/2682/2455
f 2446/2671/2445 2458/2684/2457 2457/2683/2456
f 2447/2672/2446 2459/2685/2458 2458/2684/2457
f 2448/2674/2448 2460/2698/2470 2459/2685/2458
f 2461/2686/2459 2460/2698/2470 2448/2674/2448
f 2462/2688/2461 2461/2686/2459 2449/2687/2460
f 2463/2689/2462 2474/2701/2473 2462/2688/2461
f 2464/2690/2463 2463/2704/2462 2451/2691/2450
f 2465/2692/2464 2464/2690/2463 2452/2677/2451
f 2466/2693/2465 2465/2692/2464 2453/2679/2452
f 2455/2681/2454 2467/2694/2466 2466/2693/2465
f 2456/2682/2455 2468/2695/2467 2467/2694/2466
f 2457/2683/2456 2469/2696/2468 2468/2695/2467
f 2458/2684/2457 2470/2697/2469 2469/2696/2468
f 2459/2685/2458 2471/2699/2471 2470/2697/2469
f 2460/2698/2470 2472/2711/2482 2471/2699/2471
f 2473/2700/2472 2472/2711/2482 2460/2698/2470
f 2474/2701/2473 2473/2700/2472 2461/2686/2459
f 2475/2702/2474 2486/2714/2485 2474/2701/2473
f 2476/2703/2475 2475/2717/2474 2463/2704/2462
f 2477/2705/2476 2476/2703/2475 2464/2690/2463
f 2478/2706/2477 2477/2705/2476 2465/2692/2464
f 2467/2694/2466 2479/2707/2478 2478/2706/2477
f 2468/2695/2467 2480/2708/2479 2479/2707/2478
f 2469/2696/2468 2481/2709/2480 2480/2708/2479
f 2470/2697/2469 2482/2710/2481 2481/2709/2480
f 2471/2699/2471 2483/2712/2483 2482/2710/2481
f 2472/2711/2482 2484/2724/2494 2483/2712/2483
f 2485/2713/2484 2484/2724/2494 2472/2711/2482
f 2486/2714/2485 2485/2713/2484 2473/2700/2472
f 2487/2715/2486 2498/2727/2497 2486/2714/2485
f 2488/2716/2487 2487/2730/2486 2475/2717/2474
f 2489/2718/2488 2488/2716/2487 2476/2703/2475
f 2490/2719/2489 2489/2718/2488 2477/2705/2476
f 2479/2707/2478 2491/2720/2490 2490/2719/2489
f 2480/2708/2479 2492/2721/2491 2491/2720/2490
f 2481/2709/2480 2493/2722/2492 2492/2721/2491
f 2482/2710/2481 2494/2723/2493 2493/2722/2492
f 2483/2712/2483 2495/2725/2495 2494/2723/2493
f 2484/2724/2494 2496/2737/2506 2495/2725/2495
f 2497/2726/2496 2496/2737/2506 2484/2724/2494
f 2498/2727/2497 2497/2726/2496 2485/2713/2484
f 2499/2728/2498 2510/2740/2509 2498/2727/2497
f 2500/2729/2499 2499/2743/2498 2487/2730/2486
f 2501/2731/2500 2500/2729/2499 2488/2716/2487
f 2502/2732/2501 2501/2731/2500 2489/2718/2488
f 2491/2720/2490 2503/2733/2502 2502/2732/2501
f 2492/2721/2491 2504/2734/2503 2503/2733/2502
f 2493/2722/2492 2505/2735/2504 2504/2734/2503
f 2494/2723/2493 2506/2736/2505 2505/2735/2504
f 2495/2725/2495 2507/2738/2507 2506/2736/2505
f 2496/2737/2506 2508/2750/2518 2507/2738/2507
f 2509/2739/2508 2508/2750/2518 2496/2737/2506
f 2510/2740/2509 2509/2739/2508 2497/2726/2496
f 2511/2741/2510 2522/2753/2521 2510/2740/2509
f 2512/2742/2511 2511/2756/2510 2499/2743/2498
f 2513/2744/2512 2512/2742/2511 2500/2729/2499
f 2514/2745/2513 2513/2744/2512 2501/2731/2500
f 2503/2733/2502 2515/2746/2514 2514/2745/2513
f 2504/2734/2503 2516/2747/2515 2515/2746/2514
f 2505/2735/2504 2517/2748/2516 2516/2747/2515
f 2506/2736/2505 2518/2749/2517 2517/2748/2516
f 2507/2738/2507 2519/2751/2519 2518/2749/2517
f 2508/2750/2518 2520/2763/2530 2519/2751/2519
f 2521/2752/2520 2520/2763/2530 2508/2750/2518
f 2522/2753/2521 2521/2752/2520 2509/2739/2508
f 2523/2754/2522 2534/2766/2533 2522/2753/2521
f 2524/2755/2523 2523/2769/2522 2511/2756/2510
f 2525/2757/2524 2524/2755/2523 2512/2742/2511
f 2526/2758/2525 2525/2757/2524 2513/2744/2512
f 2515/2746/2514 2527/2759/2526 2526/2758/2525
f 2516/2747/2515 2528/2760/2527 2527/2759/2526
f 2517/2748/2516 2529/2761/2528 2528/2760/2527
f 2518/2749/2517 2530/2762/2529 2529/2761/2528
f 2519/2751/2519 2531/2764/2531 2530/2762/2529
f 2520/2763/2530 2532/2765/2532 2531/2764/2531
f 2521/2752/2520 2533/2777/2543 2532/2765/2532
f 2534/2766/2533 2533/2777/2543 2521/2752/2520
f 2535/2767/2534 2546/2779/2545 2534/2766/2533
f 2536/2768/2535 2535/2782/2534 2523/2769/2522
f 2537/2770/2536 2536/2768/2535 2524/2755/2523
f 2538/2771/2537 2537/2770/2536 2525/2757/2524
f 2527/2759/2526 2539/2772/2538 2538/2771/2537
f 2528/2760/2527 2540/2773/2539 2539/2772/2538
f 2529/2761/2528 2541/2774/2540 2540/2773/2539
f 2530/2762/2529 2542/2775/2541 2541/2774/2540
f 2531/2764/2531 2543/2776/2542 2542/2775/2541
f 2532/2765/2532 2544/2778/2544 2543/2776/2542
f 2533/2777/2543 2545/2790/2555 2544/2778/2544
f 2546/2779/2545 2545/2790/2555 2533/2777/2543
f 2547/2780/2546 2558/2792/2557 2546/2779/2545
f 2548/2781/2547 2547/2795/2546 2535/2782/2534
f 2549/2783/2548 2548/2781/2547 2536/2768/2535
f 2550/2784/2549 2549/2783/2548 2537/2770/2536
f 2539/2772/2538 2551/2785/2550 2550/2784/2549
f 2540/2773/2539 2552/2786/2551 2551/2785/2550
f 2541/2774/2540 2553/2787/2552 2552/2786/2551
f 2542/2775/2541 2554/2788/2553 2553/2787/2552
f 2543/2776/2542 2555/2789/2554 2554/2788/2553
f 2544/2778/2544 2556/2791/2556 2555/2789/2554
f 2545/2790/2555 2557/2803/2567 2556/2791/2556
f 2558/2792/2557 2557/2803/2567 2545/2790/2555
f 2559/2793/2558 2570/2805/2569 2558/2792/2557
f 2560/2794/2559 2559/2808/2558 2547/2795/2546
f 2561/2796/2560 2560/2794/2559 2548/2781/2547
f 2562/2797/2561 2561/2796/2560 2549/2783/2548
f 2551/2785/2550 2563/2798/2562 2562/2797/2561
f 2552/2786/2551 2564/2799/2563 2563/2798/2562
f 2553/2787/2552 2565/2800/2564 2564/2799/2563
f 2554/2788/2553 2566/2801/2565 2565/2800/2564
f 2555/2789/2554 2567/2802/2566 2566/2801/2565
f 2556/2791/2556 2568/2804/2568 2567/2802/2566
f 2557/2803/2567 2569/2817/2580 2568/2804/2568
f 2570/2805/2569 2569/2817/2580 2557/2803/2567
f 2571/2806/2570 2582/2818/2581 2570/2805/2569
f 2572/2807/2571 2571/2821/2570 2559/2808/2558
f 2573/2809/2572 2572/2807/2571 2560/2794/2559
f 2574/2810/2573 2573/2809/2572 2561/2796/2560
f 2563/2798/2562 2575/2811/2574 2574/2810/2573
f 2564/2799/2563 2576/2812/2575 2575/2811/2574
f 2565/2800/2564 2577/2813/2576 2576/2812/2575
f 2566/2801/2565 2578/2814/2577 2577/2813/2576
f 2567/2802/2566 2579/2815/2578 2578/2814/2577
f 2568/2804/2568 2580/2828/2590 2579/2815/2578
f 2581/2816/2579 2580/2828/2590 2568/2804/2568
f 2582/2818/2581 2581/2816/2579 2569/2817/2580
f 2583/2819/2582 2594/2831/2593 2582/2818/2581
f 2584/2820/2583 2583/2834/2582 2571/2821/2570
f 2585/2822/2584 2584/2820/2583 2572/2807/2571
f 2586/2823/2585 2585/2822/2584 2573/2809/2572
f 2575/2811/2574 2587/2824/2586 2586/2823/2585
f 2576/2812/2575 2588/2825/2587 2587/2824/2586
f 2577/2813/2576 2589/2826/2588 2588/2825/2587
f 2578/2814/2577 2590/2827/2589 2589/2826/2588
f 2579/2815/2578 2591/2829/2591 2590/2827/2589
f 2580/2828/2590 2592/2841/2602 2591/2829/2591
f 2593/2830/2592 2592/2841/2602 2580/2828/2590
f 2594/2831/2593 2593/2830/2592 2581/2816/2579
f 2595/2832/2594 2606/2844/2605 2594/2831/2593
f 2596/2833/2595 2595/2847/2594 2583/2834/2582
f 2597/2835/2596 2596/2833/2595 2584/2820/2583
f 2598/2836/2597 2597/2835/2596 2585/2822/2584
f 2587/2824/2586 2599/2837/2598 2598/2836/2597
f 2588/2825/2587 2600/2838/2599 2599/2837/2598
f 2589/2826/2588 2601/2839/2600 2600/2838/2599
f 2590/2827/2589 2602/2840/2601 2601/2839/2600
f 2591/2829/2591 2603/2842/2603 2602/2840/2601
f 2592/2841/2602 2604/2854/2614 2603/2842/2603
f 2605/2843/2604 2604/2854/2614 2592/2841/2602
f 2606/2844/2605 2605/2843/2604 2593/2830/2592
f 2607/2845/2606 2618/2857/2617 2606/2844/2605
f 2608/2846/2607 2607/2860/2606 2595/2847/2594
f 2609/2848/2608 2608/2846/2607 2596/2833/2595
f 2610/2849/2609 2609/2848/2608 2597/2835/2596
f 2599/2837/2598 2611/2850/2610 2610/2849/2609
f 2600/2838/2599 2612/2851/2611 2611/2850/2610
f 2601/2839/2600 2613/2852/2612 2612/2851/2611
f 2602/2840/2601 2614/2853/2613 2613/2852/2612
f 2603/2842/2603 2615/2855/2615 2614/2853/2613
f 2604/2854/2614 2616/2867/2626 2615/2855/2615
f 2617/2856/2616 2616/2867/2626 2604/2854/2614
f 2618/2857/2617 2617/2856/2616 2605/2843/2604
f 2619/2858/2618 2630/2870/2629 2618/2857/2617
f 2620/2859/2619 2619/2873/2618 2607/2860/2606
f 2621/2861/2620 2620/2859/2619 2608/2846/2607
f 2622/2862/2621 2621/2861/2620 2609/2848/2608
f 2611/2850/2610 2623/2863/2622 2622/2862/2621
f 2612/2851/2611 2624/2864/2623 2623/2863/2622
f 2613/2852/2612 2625/2865/2624 2624/2864/2623
f 2614/2853/2613 2626/2866/2625 2625/2865/2624
f 2615/2855/2615 2627/2868/2627 2626/2866/2625
f 2616/2867/2626 2628/2880/2638 2627/2868/2627
f 2629/2869/2628 2628/2880/2638 2616/2867/2626
f 2630/2870/2629 2629/2869/2628 2617/2856/2616
f 2631/2871/2630 2642/2883/2641 2630/2870/2629
f 2632/2872/2631 2631/2886/2630 2619/2873/2618
f 2633/2874/2632 2632/2872/2631 2620/2859/2619
f 2634/2875/2633 2633/2874/2632 2621/2861/2620
f 2623/2863/2622 2635/2876/2634 2634/2875/2633
f 2624/2864/2623 2636/2877/2635 2635/2876/2634
f 2625/2865/2624 2637/2878/2636 2636/2877/2635
f 2626/2866/2625 2638/2879/2637 2637/2878/2636
f 2627/2868/2627 2639/2881/2639 2638/2879/2637
f 2628/2880/2638 2640/2893/2650 2639/2881/2639
f 2641/2882/2640 2640/2893/2650 2628/2880/2638
f 2642/2883/2641 2641/2882/2640 2629/2869/2628
f 2643/2884/2642 2654/2896/2653 2642/2883/2641
f 2644/2885/2643 2643/2899/2642 2631/2886/2630
f 2645/2887/2644 2644/2885/2643 2632/2872/2631
f 2646/2888/2645 2645/2887/2644 2633/2874/2632
f 2635/2876/2634 2647/2889/2646 2646/2888/2645
f 2636/2877/2635 2648/2890/2647 2647/2889/2646
f 2637/2878/2636 2649/2891/2648 2648/2890/2647
f 2638/2879/2637 2650/2892/2649 2649/2891/2648
f 2639/2881/2639 2651/2894/2651 2650/2892/2649
f 2640/2893/2650 2652/2906/2662 2651/2894/2651
f 2653/2895/2652 2652/2906/2662 2640/2893/2650
f 2654/2896/2653 2653/2895/2652 2641/2882/2640
f 2655/2897/2654 2666/2909/2665 2654/2896/2653
f 2656/2898/2655 2655/2912/2654 2643/2899/2642
f 2657/2900/2656 2656/2898/2655 2644/2885/2643
f 2658/2901/2657 2657/2900/2656 2645/2887/2644
f 2647/2889/2646 2659/2902/2658 2658/2901/2657
f 2648/2890/2647 2660/2903/2659 2659/2902/2658
f 2649/2891/2648 2661/2904/2660 2660/2903/2659
f 2650/2892/2649 2662/2905/2661 2661/2904/2660
f 2651/2894/2651 2663/2907/2663 2662/2905/2661
f 2652/2906/2662 2664/2919/2674 2663/2907/2663
f 2665/2908/2664 2664/2919/2674 2652/2906/2662
f 2666/2909/2665 2665/2908/2664 2653/2895/2652
f 2667/2910/2666 2678/2922/2677 2666/2909/2665
f 2668/2911/2667 2667/2925/2666 2655/2912/2654
f 2669/2913/2668 2668/2911/2667 2656/2898/2655
f 2670/2914/2669 2669/2913/2668 2657/2900/2656
f 2659/2902/2658 2671/2915/2670 2670/2914/2669
f 2660/2903/2659 2672/2916/2671 2671/2915/2670
f 2661/2904/2660 2673/2917/2672 2672/2916/2671
f 2662/2905/2661 2674/2918/2673 2673/2917/2672
f 2663/2907/2663 2675/2920/2675 2674/2918/2673
f 2664/2919/2674 2676/2932/2686 2675/2920/2675
f 2677/2921/2676 2676/2932/2686 2664/2919/2674
f 2678/2922/2677 2677/2921/2676 2665/2908/2664
f 2679/2923/2678 2690/2937/2691 2678/2922/2677
f 2680/2924/2679 2679/2939/2678 2667/2925/2666
f 2681/2926/2680 2680/2924/2679 2668/2911/2667
f 2682/2927/2681 2681/2926/2680 2669/2913/2668
f 2671/2915/2670 2683/2928/2682 2682/2927/2681
f 2672/2916/2671 2684/2929/2683 2683/2928/2682
f 2673/2917/2672 2685/2930/2684 2684/2929/2683
f 2674/2918/2673 2686/2931/2685 2685/2930/2684
f 2675/2920/2675 2687/2933/2687 2686/2931/2685
f 2676/2932/2686 2688/2934/2688 2687/2933/2687
f 2677/2921/2676 2689/2935/2689 2688/2934/2688
f 2678/2922/2677 2690/2937/2691 2689/2935/2689
f 2679/2923/2678 2691/2948/2701 2702/2936/2690
f 2692/2938/2692 2691/2951/2701 2679/2939/2678
f 2693/2940/2693 2692/2938/2692 2680/2924/2679
f 2694/2941/2694 2693/2940/2693 2681/2926/2680
f 2683/2928/2682 2695/2955/2707 2694/2941/2694
f 2696/2942/2695 2695/2955/2707 2683/2928/2682
f 2697/2943/2696 2696/2942/2695 2684/2929/2683
f 2698/2944/2697 2697/2943/2696 2685/2930/2684
f 2699/2945/2698 2698/2944/2697 2686/2931/2685
f 2688/2934/2688 2700/2946/2699 2699/2945/2698
f 2689/2935/2689 2701/2947/2700 2700/2946/2699
f 2690/2937/2691 2702/2936/2690 2701/2947/2700
f 2691/2948/2701 2703/2962/2703 2714/2949/2702
f 2692/2938/2692 2704/2964/2715 2703/2950/2703
f 2705/2952/2704 2704/2964/2715 2692/2938/2692
f 2706/2953/2705 2705/2952/2704 2693/2940/2693
f 2707/2954/2706 2706/2953/2705 2694/2941/2694
f 2708/2956/2708 2707/2954/2706 2695/2955/2707
f 2709/2957/2709 2708/2956/2708 2696/2942/2695
f 2710/2958/2710 2709/2957/2709 2697/2943/2696
f 2711/2959/2711 2710/2958/2710 2698/2944/2697
f 2700/2946/2699 2712/2960/2712 2711/2959/2711
f 2701/2947/2700 2713/2961/2713 2712/2960/2712
f 2702/2936/2690 2714/2949/2702 2713/2961/2713
f 2703/2962/2703 2715/2975/2716 2726/2963/2714
f 2704/2964/2715 2716/2966/2717 2715/2965/2716
f 2705/2952/2704 2717/2978/2728 2716/2966/2717
f 2718/2967/2718 2717/2978/2728 2705/2952/2704
f 2719/2968/2719 2718/2967/2718 2706/2953/2705
f 2720/2969/2720 2719/2968/2719 2707/2954/2706
f 2721/2970/2721 2720/2969/2720 2708/2956/2708
f 2722/2971/2722 2721/2970/2721 2709/2957/2709
f 2723/2972/2723 2722/2971/2722 2710/2958/2710
f 2712/2960/2712 2724/2973/2724 2723/2972/2723
f 2713/2961/2713 2725/2974/2725 2724/2973/2724
f 2714/2949/2702 2726/2963/2714 2725/2974/2725
f 2715/2975/2716 2727/2988/2727 2738/2976/2726
f 2716/2966/2717 2728/2979/2729 2727/2977/2727
f 2717/2978/2728 2729/2991/2740 2728/2979/2729
f 2730/2980/2730 2729/2991/2740 2717/2978/2728
f 2731/2981/2731 2730/2980/2730 2718/2967/2718
f 2732/2982/2732 2731/2981/2731 2719/2968/2719
f 2733/2983/2733 2732/2982/2732 2720/2969/2720
f 2734/2984/2734 2733/2983/2733 2721/2970/2721
f 2735/2985/2735 2734/2984/2734 2722/2971/2722
f 2724/2973/2724 2736/2986/2736 2735/2985/2735
f 2725/2974/2725 2737/2987/2737 2736/2986/2736
f 2726/2963/2714 2738/2976/2726 2737/2987/2737
f 2727/2988/2727 2739/3001/2739 2750/2989/2738
f 2728/2979/2729 2740/2992/2741 2739/2990/2739
f 2729/2991/2740 2741/3005/2753 2740/2992/2741
f 2742/2993/2742 2741/3005/2753 2729/2991/2740
f 2743/2994/2743 2742/2993/2742 2730/2980/2730
f 2744/2995/2744 2743/2994/2743 2731/2981/2731
f 2745/2996/2745 2744/2995/2744 2732/2982/2732
f 2746/2997/2746 2745/2996/2745 2733/2983/2733
f 2747/2998/2747 2746/2997/2746 2734/2984/2734
f 2736/2986/2736 2748/2999/2748 2747/2998/2747
f 2737/2987/2737 2749/3000/2749 2748/2999/2748
f 2738/2976/2726 2750/2989/2738 2749/3000/2749
f 2739/3001/2739 2751/3014/2751 2762/3002/2750
f 2740/2992/2741 2752/3016/2763 2751/3003/2751
f 2753/3004/2752 2752/3016/2763 2740/2992/2741
f 2754/3006/2754 2753/3004/2752 2741/3005/2753
f 2755/3007/2755 2754/3006/2754 2742/2993/2742
f 2756/3008/2756 2755/3007/2755 2743/2994/2743
f 2757/3009/2757 2756/3008/2756 2744/2995/2744
f 2758/3010/2758 2757/3009/2757 2745/2996/2745
f 2759/3011/2759 2758/3010/2758 2746/2997/2746
f 2748/2999/2748 2760/3012/2760 2759/3011/2759
f 2749/3000/2749 2761/3013/2761 2760/3012/2760
f 2750/2989/2738 2762/3002/2750 2761/3013/2761
f 2751/3014/2751 2763/3028/2764 2774/3015/2762
f 2752/3016/2763 2764/3030/2776 2763/3017/2764
f 2765/3018/2765 2764/3030/2776 2752/3016/2763
f 2766/3019/2766 2765/3018/2765 2753/3004/2752
f 2767/3020/2767 2766/3019/2766 2754/3006/2754
f 2768/3021/2768 2767/3020/2767 2755/3007/2755
f 2769/3022/2769 2768/3021/2768 2756/3008/2756
f 2770/3023/2770 2769/3022/2769 2757/3009/2757
f 2759/3011/2759 2771/3024/2771 2770/3023/2770
f 2760/3012/2760 2772/3025/2772 2771/3024/2771
f 2761/3013/2761 2773/3026/2773 2772/3025/2772
f 2762/3002/2750 2774/3015/2762 2773/3026/2773
f 2775/3027/2774 2786/3041/2787 2774/3015/2762
f 2776/3029/2775 2775/3043/2774 2763/3017/2764
f 2777/3031/2777 2776/3029/2775 2764/3030/2776
f 2778/3032/2778 2777/3031/2777 2765/3018/2765
f 2779/3033/2779 2778/3032/2778 2766/3019/2766
f 2780/3034/2780 2779/3033/2779 2767/3020/2767
f 2769/3022/2769 2781/3035/2781 2780/3034/2780
f 2770/3023/2770 2782/3036/2782 2781/3035/2781
f 2771/3024/2771 2783/3037/2783 2782/3036/2782
f 2772/3025/2772 2784/3038/2784 2783/3037/2783
f 2773/3026/2773 2785/3039/2785 2784/3038/2784
f 2774/3015/2762 2786/3041/2787 2785/3039/2785
f 2787/3040/2786 2798/3054/2799 2786/3041/2787
f 2788/3042/2788 2787/3056/2786 2775/3043/2774
f 2789/3044/2789 2788/3042/2788 2776/3029/2775
f 2790/3045/2790 2789/3044/2789 2777/3031/2777
f 2791/3046/2791 2790/3045/2790 2778/3032/2778
f 2792/3047/2792 2791/3046/2791 2779/3033/2779
f 2781/3035/2781 2793/3048/2793 2792/3047/2792
f 2782/3036/2782 2794/3049/2794 2793/3048/2793
f 2783/3037/2783 2795/3050/2795 2794/3049/2794
f 2784/3038/2784 2796/3051/2796 2795/3050/2795
f 2785/3039/2785 2797/3052/2797 2796/3051/2796
f 2786/3041/2787 2798/3054/2799 2797/3052/2797
f 2799/3053/2798 2810/3065/2809 2798/3054/2799
f 2800/3055/2800 2799/3068/2798 2787/3056/2786
f 2801/3057/2801 2800/3055/2800 2788/3042/2788
f 2802/3058/2802 2801/3057/2801 2789/3044/2789
f 2803/3059/2803 2802/3058/2802 2790/3045/2790
f 2792/3047/2792 2804/3060/2804 2803/3059/2803
f 2793/3048/2793 2805/3061/2805 2804/3060/2804
f 2794/3049/2794 2806/3062/2806 2805/3061/2805
f 2795/3050/2795 2807/3063/2807 2806/3062/2806
f 2796/3051/2796 2808/3064/2808 2807/3063/2807
f 2797/3052/2797 2809/3076/2819 2808/3064/2808
f 2810/3065/2809 2809/3076/2819 2797/3052/2797
f 2811/3066/2810 2822/3078/2821 2810/3065/2809
f 2812/3067/2811 2811/3081/2810 2799/3068/2798
f 2813/3069/2812 2812/3067/2811 2800/3055/2800
f 2814/3070/2813 2813/3069/2812 2801/3057/2801
f 2815/3071/2814 2814/3070/2813 2802/3058/2802
f 2804/3060/2804 2816/3072/2815 2815/3071/2814
f 2805/3061/2805 2817/3073/2816 2816/3072/2815
f 2806/3062/2806 2818/3074/2817 2817/3073/2816
f 2807/3063/2807 2819/3075/2818 2818/3074/2817
f 2808/3064/2808 2820/3077/2820 2819/3075/2818
f 2809/3076/2819 2821/3089/2831 2820/3077/2820
f 2822/3078/2821 2821/3089/2831 2809/3076/2819
f 2823/3079/2822 2834/3091/2833 2822/3078/2821
f 2824/3080/2823 2823/3094/2822 2811/3081/2810
f 2825/3082/2824 2824/3080/2823 2812/3067/2811
f 2826/3083/2825 2825/3082/2824 2813/3069/2812
f 2827/3084/2826 2826/3083/2825 2814/3070/2813
f 2828/3085/2827 2827/3084/2826 2815/3071/2814
f 2817/3073/2816 2829/3086/2828 2828/3085/2827
f 2818/3074/2817 2830/3087/2829 2829/3086/2828
f 2819/3075/2818 2831/3088/2830 2830/3087/2829
f 2820/3077/2820 2832/3090/2832 2831/3088/2830
f 2821/3089/2831 2833/3100/2841 2832/3090/2832
f 2834/3091/2833 2833/3100/2841 2821/3089/2831
f 2835/3092/2834 2846/3104/2845 2834/3091/2833
f 2836/3093/2835 2835/3106/2834 2823/3094/2822
f 2837/3095/2836 2836/3093/2835 2824/3080/2823
f 2826/3083/2825 2838/3108/2848 2837/3095/2836
f 2839/3096/2837 2838/3108/2848 2826/3083/2825
f 2828/3085/2827 2840/3111/2851 2839/3096/2837
f 2841/3097/2838 2840/3111/2851 2828/3085/2827
f 2830/3087/2829 2842/3098/2839 2841/3097/2838
f 2831/3088/2830 2843/3099/2840 2842/3098/2839
f 2832/3090/2832 2844/3101/2842 2843/3099/2840
f 2833/3100/2841 2845/3102/2843 2844/3101/2842
f 2834/3091/2833 2846/3104/2845 2845/3102/2843
f 2835/3092/2834 2847/3117/2846 2858/3103/2844
f 2836/3093/2835 2848/3107/2847 2847/3105/2846
f 2837/3095/2836 2849/3109/2849 2848/3107/2847
f 2838/3108/2848 2850/3121/2860 2849/3109/2849
f 2851/3110/2850 2850/3121/2860 2838/3108/2848
f 2840/3111/2851 2852/3112/2852 2851/3110/2850
f 2841/3097/2838 2853/3125/2864 2852/3112/2852
f 2854/3113/2853 2853/3125/2864 2841/3097/2838
f 2855/3114/2854 2854/3113/2853 2842/3098/2839
f 2844/3101/2842 2856/3115/2855 2855/3114/2854
f 2845/3102/2843 2857/3116/2856 2856/3115/2855
f 2846/3104/2845 2858/3103/2844 2857/3116/2856
f 2847/3117/2846 2859/3130/2858 2870/3118/2857
f 2848/3107/2847 2860/3120/2859 2859/3119/2858
f 2849/3109/2849 2861/3122/2861 2860/3120/2859
f 2850/3121/2860 2862/3134/2872 2861/3122/2861
f 2863/3123/2862 2862/3134/2872 2850/3121/2860
f 2864/3124/2863 2863/3123/2862 2851/3110/2850
f 2853/3125/2864 2865/3138/2876 2864/3124/2863
f 2866/3126/2865 2865/3138/2876 2853/3125/2864
f 2867/3127/2866 2866/3126/2865 2854/3113/2853
f 2868/3128/2867 2867/3127/2866 2855/3114/2854
f 2857/3116/2856 2869/3129/2868 2868/3128/2867
f 2858/3103/2844 2870/3118/2857 2869/3129/2868
f 2859/3130/2858 2871/3143/2870 2882/3131/2869
f 2860/3120/2859 2872/3133/2871 2871/3132/2870
f 2861/3122/2861 2873/3135/2873 2872/3133/2871
f 2862/3134/2872 2874/3136/2874 2873/3135/2873
f 2863/3123/2862 2875/3148/2885 2874/3136/2874
f 2876/3137/2875 2875/3148/2885 2863/3123/2862
f 2865/3138/2876 2877/3152/2889 2876/3137/2875
f 2878/3139/2877 2877/3152/2889 2865/3138/2876
f 2879/3140/2878 2878/3139/2877 2866/3126/2865
f 2880/3141/2879 2879/3140/2878 2867/3127/2866
f 2881/3142/2880 2880/3141/2879 2868/3128/2867
f 2870/3118/2857 2882/3131/2869 2881/3142/2880
f 2871/3143/2870 2883/3157/2882 2894/3144/2881
f 2872/3133/2871 2884/3146/2883 2883/3145/2882
f 2873/3135/2873 2885/3147/2884 2884/3146/2883
f 2874/3136/2874 2886/3149/2886 2885/3147/2884
f 2875/3148/2885 2887/3163/2899 2886/3149/2886
f 2888/3150/2887 2887/3163/2899 2875/3148/2885
f 2889/3151/2888 2888/3150/2887 2876/3137/2875
f 2890/3153/2890 2889/3151/2888 2877/3152/2889
f 2891/3154/2891 2890/3153/2890 2878/3139/2877
f 2892/3155/2892 2891/3154/2891 2879/3140/2878
f 2893/3156/2893 2892/3155/2892 2880/3141/2879
f 2882/3131/2869 2894/3144/2881 2893/3156/2893
f 2883/3157/2882 2895/3170/2895 2906/3158/2894
f 2884/3146/2883 2896/3160/2896 2895/3159/2895
f 2885/3147/2884 2897/3161/2897 2896/3160/2896
f 2886/3149/2886 2898/3174/2909 2897/3161/2897
f 2899/3162/2898 2898/3174/2909 2886/3149/2886
f 2900/3164/2900 2899/3162/2898 2887/3163/2899
f 2901/3165/2901 2900/3164/2900 2888/3150/2887
f 2902/3166/2902 2901/3165/2901 2889/3151/2888
f 2903/3167/2903 2902/3166/2902 2890/3153/2890
f 2904/3168/2904 2903/3167/2903 2891/3154/2891
f 2905/3169/2905 2904/3168/2904 2892/3155/2892
f 2894/3144/2881 2906/3158/2894 2905/3169/2905
f 2895/3170/2895 2907/3183/2907 2918/3171/2906
f 2896/3160/2896 2908/3173/2908 2907/3172/2907
f 2897/3161/2897 2909/3175/2910 2908/3173/2908
f 2898/3174/2909 2910/3187/2921 2909/3175/2910
f 2911/3176/2911 2910/3187/2921 2898/3174/2909
f 2912/3177/2912 2911/3176/2911 2899/3162/2898
f 2913/3178/2913 2912/3177/2912 2900/3164/2900
f 2914/3179/2914 2913/3178/2913 2901/3165/2901
f 2915/3180/2915 2914/3179/2914 2902/3166/2902
f 2916/3181/2916 2915/3180/2915 2903/3167/2903
f 2905/3169/2905 2917/3182/2917 2916/3181/2916
f 2906/3158/2894 2918/3171/2906 2917/3182/2917
f 2907/3183/2907 2919/3196/2919 2930/3184/2918
f 2908/3173/2908 2920/3186/2920 2919/3185/2919
f 2909/3175/2910 2921/3188/2922 2920/3186/2920
f 2910/3187/2921 2922/3200/2933 2921/3188/2922
f 2923/3189/2923 2922/3200/2933 2910/3187/2921
f 2924/3190/2924 2923/3189/2923 2911/3176/2911
f 2925/3191/2925 2924/3190/2924 2912/3177/2912
f 2926/3192/2926 2925/3191/2925 2913/3178/2913
f 2927/3193/2927 2926/3192/2926 2914/3179/2914
f 2928/3194/2928 2927/3193/2927 2915/3180/2915
f 2917/3182/2917 2929/3195/2929 2928/3194/2928
f 2918/3171/2906 2930/3184/2918 2929/3195/2929
f 2919/3196/2919 2931/3209/2931 2942/3197/2930
f 2920/3186/2920 2932/3199/2932 2931/3198/2931
f 2921/3188/2922 2933/3201/2934 2932/3199/2932
f 2922/3200/2933 2934/3213/2945 2933/3201/2934
f 2935/3202/2935 2934/3213/2945 2922/3200/2933
f 2936/3203/2936 2935/3202/2935 2923/3189/2923
f 2937/3204/2937 2936/3203/2936 2924/3190/2924
f 2938/3205/2938 2937/3204/2937 2925/3191/2925
f 2939/3206/2939 2938/3205/2938 2926/3192/2926
f 2940/3207/2940 2939/3206/2939 2927/3193/2927
f 2929/3195/2929 2941/3208/2941 2940/3207/2940
f 2930/3184/2918 2942/3197/2930 2941/3208/2941
f 2931/3209/2931 2943/3222/2943 2954/3210/2942
f 2932/3199/2932 2944/3212/2944 2943/3211/2943
f 2933/3201/2934 2945/3214/2946 2944/3212/2944
f 2934/3213/2945 2946/3226/2957 2945/3214/2946
f 2947/3215/2947 2946/3226/2957 2934/3213/2945
f 2948/3216/2948 2947/3215/2947 2935/3202/2935
f 2949/3217/2949 2948/3216/2948 2936/3203/2936
f 2950/3218/2950 2949/3217/2949 2937/3204/2937
f 2951/3219/2951 2950/3218/2950 2938/3205/2938
f 2952/3220/2952 2951/3219/2951 2939/3206/2939
f 2941/3208/2941 2953/3221/2953 2952/3220/2952
f 2942/3197/2930 2954/3210/2942 2953/3221/2953
f 2943/3222/2943 2955/3235/2955 2966/3223/2954
f 2944/3212/2944 2956/3225/2956 2955/3224/2955
f 2945/3214/2946 2957/3227/2958 2956/3225/2956
f 2946/3226/2957 2958/3239/2969 2957/3227/2958
f 2959/3228/2959 2958/3239/2969 2946/3226/2957
f 2960/3229/2960 2959/3228/2959 2947/3215/2947
f 2961/3230/2961 2960/3229/2960 2948/3216/2948
f 2962/3231/2962 2961/3230/2961 2949/3217/2949
f 2963/3232/2963 2962/3231/2962 2950/3218/2950
f 2964/3233/2964 2963/3232/2963 2951/3219/2951
f 2953/3221/2953 2965/3234/2965 2964/3233/2964
f 2954/3210/2942 2966/3223/2954 2965/3234/2965
f 2955/3235/2955 2967/3248/2967 2978/3236/2966
f 2956/3225/2956 2968/3238/2968 2967/3237/2967
f 2957/3227/2958 2969/3240/2970 2968/3238/2968
f 2958/3239/2969 2970/3249/2978 2969/3240/2970
f 2971/3241/2971 2970/3249/2978 2958/3239/2969
f 2972/3242/2972 2971/3241/2971 2959/3228/2959
f 2973/3243/2973 2972/3242/2972 2960/3229/2960
f 2974/3244/2974 2973/3243/2973 2961/3230/2961
f 2975/3245/2975 2974/3244/2974 2962/3231/2962
f 2976/3246/2976 2975/3245/2975 2963/3232/2963
f 2977/3247/2977 2976/3246/2976 2964/3233/2964
f 2966/3223/2954 2978/3236/2966 2977/3247/2977
o Cube.041
v -0.370938 -0.115983 0.662910
v -0.370938 0.155279 0.662910
v -0.370938 -0.115983 0.439796
v -0.370938 0.155279 0.439796
v -0.147824 -0.115983 0.662910
v -0.147824 0.155279 0.662910
v -0.147824 -0.115983 0.439796
v -0.147824 0.155279 0.439796
v -0.378773 -0.125509 0.457902
v -0.387210 -0.135767 0.485166
v -0.393168 -0.143010 0.517127
v -0.395384 -0.145704 0.551353
v -0.393168 -0.143010 0.585579
v -0.387210 -0.135767 0.617540
v -0.378773 -0.125509 0.644804
v -0.378773 -0.093970 0.670745
v -0.387210 -0.060822 0.679182
v -0.393168 -0.021964 0.685140
v -0.395384 0.019648 0.687356
v -0.393168 0.061260 0.685140
v -0.387210 0.100118 0.679182
v -0.378773 0.133266 0.670745
v -0.378773 0.164805 0.644804
v -0.387210 0.175063 0.617540
v -0.393168 0.182306 0.585579
v -0.395384 0.185001 0.551353
v -0.393168 0.182306 0.517127
v -0.387210 0.175063 0.485166
v -0.378773 0.164805 0.457902
v -0.378773 0.133266 0.431961
v -0.387210 0.100118 0.423523
v -0.393168 0.061260 0.417566
v -0.395384 0.019648 0.415350
v -0.393168 -0.021964 0.417566
v -0.387210 -0.060822 0.423523
v -0.378773 -0.093970 0.431961
v -0.165930 -0.125509 0.431961
v -0.193194 -0.135767 0.423524
v -0.225155 -0.143010 0.417566
v -0.259381 -0.145704 0.415350
v -0.293607 -0.143010 0.417566
v -0.325568 -0.135767 0.423523
v -0.352832 -0.125509 0.431961
v -0.352832 0.164805 0.431960
v -0.325568 0.175063 0.423523
v -0.293607 0.182306 0.417566
v -0.259381 0.185001 0.415350
v -0.225155 0.182306 0.417566
v -0.193194 0.175063 0.423523
v -0.165930 0.164805 0.431961
v -0.139989 0.133266 0.431961
v -0.131552 0.100118 0.423523
v -0.125594 0.061260 0.417566
v -0.123378 0.019648 0.415350
v -0.125594 -0.021964 0.417566
v -0.131552 -0.060822 0.423523
v -0.139989 -0.093970 0.431961
v -0.139989 -0.125509 0.644804
v -0.131552 -0.135767 0.617540
v -0.125594 -0.143010 0.585579
v -0.123378 -0.145704 0.551353
v -0.125594 -0.143010 0.517127
v -0.131552 -0.135767 0.485166
v -0.139989 -0.125509 0.457902
v -0.139989 0.164805 0.457902
v -0.131552 0.175063 0.485166
v -0.125594 0.182306 0.517127
v -0.123378 0.185001 0.551353
v -0.125594 0.182306 0.585579
v -0.131551 0.175063 0.617540
v -0.139989 0.164805 0.644804
v -0.139989 0.133266 0.670745
v -0.131552 0.100118 0.679182
v -0.125594 0.061260 0.685140
v -0.123378 0.019648 0.687356
v -0.125594 -0.021964 0.685140
v -0.131552 -0.060822 0.679182
v -0.139989 -0.093970 0.670745
v -0.352832 -0.125509 0.670745
v -0.325568 -0.135767 0.679182
v -0.293607 -0.143010 0.685140
v -0.259381 -0.145704 0.687356
v -0.225155 -0.143010 0.685140
v -0.193194 -0.135767 0.679182
v -0.165930 -0.125509 0.670745
v -0.165930 0.164805 0.670745
v -0.193194 0.175063 0.679182
v -0.225155 0.182306 0.685140
v -0.259381 0.185001 0.687356
v -0.293607 0.182306 0.685140
v -0.325568 0.175063 0.679182
v -0.352832 0.164805 0.670745
v -0.395583 -0.097472 0.647684
v -0.407558 -0.062540 0.652937
v -0.415120 -0.022693 0.657198
v -0.417780 0.019648 0.658891
v -0.415120 0.061990 0.657198
v -0.407558 0.101836 0.652937
v -0.395583 0.136768 0.647684
v -0.407558 -0.103858 0.618952
v -0.422029 -0.066113 0.621892
v -0.430831 -0.024273 0.624550
v -0.433818 0.019648 0.625681
v -0.430831 0.063570 0.624550
v -0.422029 0.105409 0.621892
v -0.407558 0.143154 0.618952
v -0.415120 -0.109039 0.586179
v -0.430831 -0.069345 0.587478
v -0.440296 -0.025811 0.588743
v -0.443464 0.019648 0.589308
v -0.440296 0.065107 0.588743
v -0.430831 0.108641 0.587478
v -0.415120 0.148335 0.586179
v -0.417780 -0.111097 0.551353
v -0.433818 -0.070720 0.551353
v -0.443464 -0.026498 0.551353
v -0.446686 0.019648 0.551353
v -0.443464 0.065794 0.551353
v -0.433818 0.110016 0.551353
v -0.417780 0.150393 0.551353
v -0.415120 -0.109039 0.516527
v -0.430831 -0.069345 0.515227
v -0.440296 -0.025811 0.513963
v -0.443464 0.019648 0.513398
v -0.440296 0.065107 0.513963
v -0.430831 0.108641 0.515227
v -0.415120 0.148335 0.516527
v -0.407558 -0.103858 0.483753
v -0.422029 -0.066113 0.480814
v -0.430831 -0.024273 0.478156
v -0.433818 0.019648 0.477024
v -0.430831 0.063570 0.478156
v -0.422029 0.105409 0.480814
v -0.407558 0.143154 0.483753
v -0.395583 -0.097472 0.455021
v -0.407558 -0.062540 0.449769
v -0.415120 -0.022694 0.445508
v -0.417780 0.019648 0.443815
v -0.415120 0.061990 0.445507
v -0.407558 0.101836 0.449768
v -0.395583 0.136768 0.455021
v -0.355712 -0.097472 0.415150
v -0.360965 -0.062540 0.403175
v -0.365226 -0.022694 0.395613
v -0.366919 0.019648 0.392953
v -0.365226 0.061990 0.395613
v -0.360965 0.101836 0.403175
v -0.355712 0.136768 0.415150
v -0.326980 -0.103858 0.403175
v -0.329920 -0.066113 0.388705
v -0.332578 -0.024273 0.379903
v -0.333709 0.019648 0.376916
v -0.332578 0.063570 0.379903
v -0.329920 0.105409 0.388705
v -0.326980 0.143154 0.403175
v -0.294207 -0.109039 0.395613
v -0.295506 -0.069345 0.379903
v -0.296771 -0.025811 0.370438
v -0.297336 0.019648 0.367270
v -0.296771 0.065107 0.370438
v -0.295506 0.108641 0.379903
v -0.294207 0.148335 0.395613
v -0.259381 -0.111097 0.392953
v -0.259381 -0.070720 0.376916
v -0.259381 -0.026498 0.367270
v -0.259381 0.019648 0.364047
v -0.259381 0.065794 0.367270
v -0.259381 0.110016 0.376916
v -0.259381 0.150393 0.392953
v -0.224555 -0.109039 0.395613
v -0.223255 -0.069345 0.379903
v -0.221991 -0.025811 0.370438
v -0.221426 0.019648 0.367270
v -0.221991 0.065107 0.370438
v -0.223255 0.108641 0.379903
v -0.224555 0.148335 0.395613
v -0.191781 -0.103858 0.403175
v -0.188842 -0.066113 0.388705
v -0.186184 -0.024273 0.379903
v -0.185053 0.019648 0.376916
v -0.186184 0.063570 0.379903
v -0.188842 0.105409 0.388705
v -0.191781 0.143154 0.403175
v -0.163049 -0.097472 0.415150
v -0.157797 -0.062540 0.403175
v -0.153536 -0.022694 0.395613
v -0.151843 0.019648 0.392953
v -0.153536 0.061990 0.395613
v -0.157797 0.101836 0.403175
v -0.163049 0.136768 0.415150
v -0.123178 -0.097472 0.455021
v -0.111203 -0.062540 0.449769
v -0.103642 -0.022694 0.445508
v -0.100981 0.019648 0.443815
v -0.103642 0.061990 0.445507
v -0.111203 0.101836 0.449768
v -0.123178 0.136768 0.455021
v -0.111203 -0.103858 0.483753
v -0.096733 -0.066113 0.480814
v -0.087931 -0.024273 0.478156
v -0.084944 0.019648 0.477024
v -0.087931 0.063570 0.478156
v -0.096733 0.105409 0.480814
v -0.111203 0.143154 0.483753
v -0.103642 -0.109039 0.516527
v -0.087931 -0.069345 0.515227
v -0.078466 -0.025811 0.513963
v -0.075298 0.019648 0.513398
v -0.078466 0.065107 0.513963
v -0.087931 0.108641 0.515227
v -0.103641 0.148335 0.516527
v -0.100981 -0.111097 0.551353
v -0.084944 -0.070720 0.551353
v -0.075298 -0.026498 0.551353
v -0.072075 0.019648 0.551353
v -0.075298 0.065794 0.551353
v -0.084944 0.110016 0.551353
v -0.100981 0.150393 0.551353
v -0.103642 -0.109039 0.586179
v -0.087931 -0.069345 0.587478
v -0.078466 -0.025811 0.588743
v -0.075298 0.019648 0.589308
v -0.078466 0.065107 0.588743
v -0.087931 0.108641 0.587478
v -0.103641 0.148335 0.586179
v -0.111203 -0.103858 0.618952
v -0.096733 -0.066113 0.621892
v -0.087931 -0.024273 0.624550
v -0.084944 0.019648 0.625681
v -0.087931 0.063570 0.624550
v -0.096733 0.105409 0.621892
v -0.111203 0.143154 0.618952
v -0.123178 -0.097472 0.647684
v -0.111203 -0.062540 0.652937
v -0.103641 -0.022693 0.657198
v -0.100981 0.019648 0.658891
v -0.103641 0.061990 0.657198
v -0.111203 0.101836 0.652937
v -0.123178 0.136768 0.647684
v -0.163049 -0.097472 0.687555
v -0.157797 -0.062540 0.699530
v -0.153536 -0.022693 0.707092
v -0.151843 0.019648 0.709752
v -0.153536 0.061990 0.707092
v -0.157797 0.101836 0.699530
v -0.163049 0.136768 0.687555
v -0.191781 -0.103858 0.699530
v -0.188842 -0.066113 0.714001
v -0.186184 -0.024273 0.722803
v -0.185053 0.019648 0.725790
v -0.186184 0.063570 0.722803
v -0.188842 0.105409 0.714001
v -0.191781 0.143154 0.699530
v -0.224555 -0.109039 0.707092
v -0.223255 -0.069345 0.722803
v -0.221991 -0.025811 0.732267
v -0.221426 0.019648 0.735436
v -0.221991 0.065107 0.732267
v -0.223255 0.108641 0.722803
v -0.224555 0.148335 0.707092
v -0.259381 -0.111097 0.709752
v -0.259381 -0.070720 0.725790
v -0.259381 -0.026498 0.735436
v -0.259381 0.019648 0.738658
v -0.259381 0.065794 0.735436
v -0.259381 0.110016 0.725790
v -0.259381 0.150393 0.709752
v -0.294207 -0.109039 0.707092
v -0.295506 -0.069345 0.722803
v -0.296771 -0.025811 0.732267
v -0.297336 0.019648 0.735436
v -0.296771 0.065107 0.732267
v -0.295506 0.108641 0.722803
v -0.294207 0.148335 0.707092
v -0.326980 -0.103858 0.699530
v -0.329920 -0.066113 0.714001
v -0.332578 -0.024273 0.722803
v -0.333709 0.019648 0.725790
v -0.332578 0.063570 0.722803
v -0.329920 0.105409 0.714001
v -0.326980 0.143154 0.699530
v -0.355712 -0.097472 0.687555
v -0.360965 -0.062540 0.699530
v -0.365226 -0.022693 0.707092
v -0.366919 0.019648 0.709752
v -0.365226 0.061990 0.707092
v -0.360965 0.101836 0.699530
v -0.355712 0.136768 0.687555
v -0.355712 -0.145947 0.455021
v -0.326980 -0.160506 0.449769
v -0.294207 -0.169700 0.445508
v -0.259381 -0.172934 0.443815
v -0.224555 -0.169700 0.445508
v -0.191781 -0.160506 0.449769
v -0.163049 -0.145947 0.455021
v -0.360965 -0.160506 0.483753
v -0.329920 -0.178099 0.480814
v -0.295506 -0.188801 0.478156
v -0.259381 -0.192432 0.477025
v -0.223255 -0.188801 0.478156
v -0.188842 -0.178099 0.480814
v -0.157797 -0.160506 0.483753
v -0.365226 -0.169700 0.516527
v -0.332578 -0.188801 0.515227
v -0.296771 -0.200308 0.513963
v -0.259381 -0.204160 0.513398
v -0.221991 -0.200308 0.513963
v -0.186184 -0.188801 0.515227
v -0.153536 -0.169700 0.516527
v -0.366919 -0.172934 0.551353
v -0.333709 -0.192432 0.551353
v -0.297336 -0.204160 0.551353
v -0.259381 -0.208078 0.551353
v -0.221426 -0.204160 0.551353
v -0.185053 -0.192432 0.551353
v -0.151843 -0.172934 0.551353
v -0.365226 -0.169700 0.586179
v -0.332578 -0.188801 0.587478
v -0.296771 -0.200308 0.588743
v -0.259381 -0.204160 0.589308
v -0.221991 -0.200308 0.588743
v -0.186184 -0.188801 0.587478
v -0.153536 -0.169700 0.586179
v -0.360965 -0.160506 0.618952
v -0.329920 -0.178099 0.621892
v -0.295506 -0.188801 0.624550
v -0.259381 -0.192432 0.625681
v -0.223255 -0.188801 0.624550
v -0.188842 -0.178099 0.621892
v -0.157797 -0.160506 0.618953
v -0.355712 -0.145947 0.647684
v -0.326980 -0.160506 0.652937
v -0.294207 -0.169700 0.657198
v -0.259381 -0.172934 0.658891
v -0.224555 -0.169700 0.657198
v -0.191781 -0.160506 0.652937
v -0.163049 -0.145947 0.647684
v -0.163049 0.185243 0.455021
v -0.191781 0.199802 0.449768
v -0.224555 0.208996 0.445507
v -0.259381 0.212230 0.443815
v -0.294207 0.208996 0.445507
v -0.326980 0.199802 0.449768
v -0.355712 0.185243 0.455021
v -0.157797 0.199802 0.483753
v -0.188842 0.217395 0.480814
v -0.223255 0.228097 0.478156
v -0.259381 0.231728 0.477024
v -0.295506 0.228097 0.478156
v -0.329920 0.217395 0.480814
v -0.360965 0.199802 0.483753
v -0.153536 0.208996 0.516527
v -0.186184 0.228097 0.515227
v -0.221991 0.239604 0.513963
v -0.259381 0.243456 0.513398
v -0.296771 0.239604 0.513963
v -0.332578 0.228097 0.515227
v -0.365226 0.208996 0.516527
v -0.151843 0.212230 0.551353
v -0.185053 0.231728 0.551353
v -0.221426 0.243456 0.551353
v -0.259381 0.247374 0.551353
v -0.297336 0.243456 0.551353
v -0.333709 0.231728 0.551353
v -0.366919 0.212230 0.551353
v -0.153536 0.208996 0.586179
v -0.186184 0.228097 0.587478
v -0.221991 0.239604 0.588743
v -0.259381 0.243456 0.589308
v -0.296771 0.239604 0.588743
v -0.332578 0.228097 0.587478
v -0.365226 0.208996 0.586179
v -0.157797 0.199802 0.618952
v -0.188842 0.217395 0.621892
v -0.223255 0.228097 0.624550
v -0.259381 0.231728 0.625681
v -0.295506 0.228097 0.624550
v -0.329920 0.217395 0.621892
v -0.360965 0.199802 0.618952
v -0.163049 0.185243 0.647684
v -0.191781 0.199802 0.652937
v -0.224555 0.208996 0.657198
v -0.259381 0.212230 0.658891
v -0.294207 0.208996 0.657198
v -0.326980 0.199802 0.652937
v -0.355712 0.185243 0.647684
vn -0.7623 -0.4113 0.4997
vn -0.8933 -0.2859 0.3468
vn -0.8301 -0.4378 0.3454
vn -0.8097 -0.2773 0.5172
vn -0.9266 -0.1430 0.3477
vn -0.8380 -0.1424 0.5268
vn -0.9377 -0.0000 0.3476
vn -0.8380 0.1424 0.5268
vn -0.8481 -0.0000 0.5299
vn -0.8097 0.2773 0.5172
vn -0.9266 0.1430 0.3477
vn -0.7623 0.4113 0.4997
vn -0.8933 0.2859 0.3468
vn -0.9403 -0.2914 0.1760
vn -0.8727 -0.4538 0.1802
vn -0.9745 -0.1428 0.1730
vn -0.9852 -0.0000 0.1716
vn -0.9745 0.1428 0.1730
vn -0.8301 0.4378 0.3454
vn -0.9403 0.2914 0.1760
vn -0.9561 -0.2931 -0.0000
vn -0.8881 -0.4596 -0.0000
vn -0.9898 -0.1425 -0.0000
vn -1.0000 -0.0000 -0.0000
vn -0.9898 0.1425 -0.0000
vn -0.8727 0.4538 0.1802
vn -0.9561 0.2931 -0.0000
vn -0.8727 -0.4538 -0.1802
vn -0.9403 -0.2914 -0.1760
vn -0.9745 -0.1428 -0.1730
vn -0.9745 0.1428 -0.1730
vn -0.9852 -0.0000 -0.1716
vn -0.9403 0.2914 -0.1760
vn -0.8727 0.4538 -0.1802
vn -0.8301 -0.4378 -0.3454
vn -0.8933 -0.2859 -0.3467
vn -0.9266 -0.1430 -0.3477
vn -0.9266 0.1430 -0.3477
vn -0.9377 -0.0000 -0.3476
vn -0.8933 0.2859 -0.3468
vn -0.8301 0.4378 -0.3454
vn -0.7623 -0.4113 -0.4997
vn -0.8097 -0.2773 -0.5172
vn -0.8380 -0.1424 -0.5268
vn -0.8380 0.1424 -0.5268
vn -0.8481 -0.0000 -0.5299
vn -0.8097 0.2773 -0.5172
vn -0.7623 0.4113 -0.4997
vn -0.6114 -0.5023 0.6114
vn -0.6722 -0.5556 0.4894
vn -0.6512 -0.3897 0.6512
vn -0.6804 -0.2724 0.6804
vn -0.6999 -0.1420 0.6999
vn -0.6999 0.1420 0.6999
vn -0.7071 -0.0000 0.7071
vn -0.6804 0.2724 0.6804
vn -0.6512 0.3897 0.6512
vn -0.6114 0.5023 0.6114
vn -0.6722 0.5556 0.4894
vn -0.7210 0.5969 0.3520
vn -0.7565 0.6267 0.1868
vn -0.8881 0.4596 -0.0000
vn -0.7565 0.6267 -0.1868
vn -0.7210 0.5969 -0.3520
vn -0.6722 0.5556 -0.4894
vn -0.6114 0.5023 -0.6114
vn -0.6512 0.3897 -0.6512
vn -0.6804 0.2724 -0.6804
vn -0.6999 0.1420 -0.6999
vn -0.7071 -0.0000 -0.7071
vn -0.6999 -0.1420 -0.6999
vn -0.6804 -0.2724 -0.6804
vn -0.6512 -0.3897 -0.6512
vn -0.6114 -0.5023 -0.6114
vn -0.6722 -0.5556 -0.4894
vn -0.7210 -0.5969 -0.3520
vn -0.7565 -0.6267 -0.1868
vn -0.7699 -0.6382 -0.0000
vn -0.7565 -0.6267 0.1868
vn -0.7210 -0.5969 0.3520
vn -0.4997 -0.4113 -0.7623
vn -0.3468 -0.2859 -0.8933
vn -0.3454 -0.4378 -0.8301
vn -0.5172 -0.2773 -0.8097
vn -0.3477 -0.1430 -0.9266
vn -0.5268 -0.1424 -0.8380
vn -0.3476 -0.0000 -0.9377
vn -0.5268 0.1424 -0.8380
vn -0.5299 -0.0000 -0.8481
vn -0.5172 0.2773 -0.8097
vn -0.3477 0.1430 -0.9266
vn -0.4997 0.4113 -0.7623
vn -0.3468 0.2859 -0.8933
vn -0.1760 -0.2914 -0.9403
vn -0.1802 -0.4538 -0.8727
vn -0.1730 -0.1428 -0.9745
vn -0.1716 -0.0000 -0.9852
vn -0.1730 0.1428 -0.9745
vn -0.3454 0.4378 -0.8301
vn -0.1760 0.2914 -0.9403
vn -0.0000 -0.2931 -0.9561
vn -0.0000 -0.4596 -0.8881
vn -0.0000 -0.1425 -0.9898
vn -0.0000 -0.0000 -1.0000
vn -0.0000 0.1425 -0.9898
vn -0.1802 0.4538 -0.8727
vn -0.0000 0.2931 -0.9561
vn 0.1802 -0.4538 -0.8727
vn 0.1760 -0.2914 -0.9403
vn 0.1730 -0.1428 -0.9745
vn 0.1730 0.1428 -0.9745
vn 0.1716 -0.0000 -0.9852
vn 0.1760 0.2914 -0.9403
vn 0.1802 0.4538 -0.8727
vn 0.3454 -0.4378 -0.8301
vn 0.3467 -0.2859 -0.8933
vn 0.3477 -0.1430 -0.9266
vn 0.3477 0.1430 -0.9266
vn 0.3476 -0.0000 -0.9377
vn 0.3468 0.2859 -0.8933
vn 0.3454 0.4378 -0.8301
vn 0.4997 -0.4113 -0.7623
vn 0.5172 -0.2773 -0.8097
vn 0.5268 -0.1424 -0.8380
vn 0.5268 0.1424 -0.8380
vn 0.5299 -0.0000 -0.8481
vn 0.5172 0.2773 -0.8097
vn 0.4997 0.4113 -0.7623
vn -0.4894 -0.5556 -0.6722
vn -0.4894 0.5556 -0.6722
vn -0.3520 0.5969 -0.7210
vn -0.1868 0.6267 -0.7565
vn -0.0000 0.4596 -0.8881
vn 0.1868 0.6267 -0.7565
vn 0.3520 0.5969 -0.7210
vn 0.4894 0.5556 -0.6722
vn 0.6114 0.5023 -0.6114
vn 0.6512 0.3897 -0.6512
vn 0.6804 0.2724 -0.6804
vn 0.6999 0.1420 -0.6999
vn 0.7071 -0.0000 -0.7071
vn 0.6999 -0.1420 -0.6999
vn 0.6804 -0.2724 -0.6804
vn 0.6512 -0.3897 -0.6512
vn 0.6114 -0.5023 -0.6114
vn 0.4894 -0.5556 -0.6722
vn 0.3520 -0.5969 -0.7210
vn 0.1868 -0.6267 -0.7565
vn -0.0000 -0.6382 -0.7699
vn -0.1868 -0.6267 -0.7565
vn -0.3520 -0.5969 -0.7210
vn 0.7623 -0.4113 -0.4997
vn 0.8933 -0.2859 -0.3468
vn 0.8301 -0.4378 -0.3454
vn 0.8097 -0.2773 -0.5172
vn 0.9266 -0.1430 -0.3477
vn 0.8380 -0.1424 -0.5268
vn 0.9377 -0.0000 -0.3476
vn 0.8380 0.1424 -0.5268
vn 0.8481 -0.0000 -0.5299
vn 0.8097 0.2773 -0.5172
vn 0.9266 0.1430 -0.3477
vn 0.7623 0.4113 -0.4997
vn 0.8933 0.2859 -0.3467
vn 0.9403 -0.2914 -0.1760
vn 0.8727 -0.4538 -0.1802
vn 0.9745 -0.1428 -0.1730
vn 0.9852 -0.0000 -0.1716
vn 0.9745 0.1428 -0.1730
vn 0.8301 0.4378 -0.3454
vn 0.9403 0.2914 -0.1760
vn 0.9561 -0.2931 -0.0000
vn 0.8881 -0.4596 -0.0000
vn 0.9898 -0.1425 -0.0000
vn 1.0000 -0.0000 -0.0000
vn 0.9898 0.1425 -0.0000
vn 0.8727 0.4538 -0.1802
vn 0.9561 0.2931 -0.0000
vn 0.8727 -0.4538 0.1802
vn 0.9403 -0.2914 0.1760
vn 0.9745 -0.1428 0.1730
vn 0.9745 0.1428 0.1730
vn 0.9852 -0.0000 0.1716
vn 0.9403 0.2914 0.1760
vn 0.8727 0.4538 0.1802
vn 0.8301 -0.4378 0.3454
vn 0.8933 -0.2859 0.3468
vn 0.9266 -0.1430 0.3477
vn 0.9266 0.1430 0.3477
vn 0.9377 -0.0000 0.3476
vn 0.8933 0.2859 0.3468
vn 0.8301 0.4378 0.3454
vn 0.7623 -0.4113 0.4997
vn 0.8097 -0.2773 0.5172
vn 0.8380 -0.1424 0.5268
vn 0.8380 0.1424 0.5268
vn 0.8481 -0.0000 0.5299
vn 0.8097 0.2773 0.5172
vn 0.7623 0.4113 0.4997
vn 0.6722 -0.5556 -0.4894
vn 0.6722 0.5556 -0.4894
vn 0.7210 0.5969 -0.3520
vn 0.7565 0.6267 -0.1868
vn 0.8881 0.4596 -0.0000
vn 0.7565 0.6267 0.1868
vn 0.7210 0.5969 0.3520
vn 0.6722 0.5556 0.4894
vn 0.6114 0.5023 0.6114
vn 0.6512 0.3897 0.6512
vn 0.6804 0.2724 0.6804
vn 0.6999 0.1420 0.6999
vn 0.7071 -0.0000 0.7071
vn 0.6999 -0.1420 0.6999
vn 0.6804 -0.2724 0.6804
vn 0.6512 -0.3897 0.6512
vn 0.6114 -0.5023 0.6114
vn 0.6722 -0.5556 0.4894
vn 0.7210 -0.5969 0.3520
vn 0.7565 -0.6267 0.1868
vn 0.7699 -0.6382 -0.0000
vn 0.7565 -0.6267 -0.1868
vn 0.7210 -0.5969 -0.3520
vn 0.4997 -0.4113 0.7623
vn 0.3468 -0.2859 0.8933
vn 0.3454 -0.4378 0.8301
vn 0.5172 -0.2773 0.8097
vn 0.3477 -0.1430 0.9266
vn 0.5268 -0.1424 0.8380
vn 0.3476 -0.0000 0.9377
vn 0.5268 0.1424 0.8380
vn 0.5299 -0.0000 0.8481
vn 0.5172 0.2773 0.8097
vn 0.3477 0.1430 0.9266
vn 0.4997 0.4113 0.7623
vn 0.3467 0.2859 0.8933
vn 0.1760 -0.2914 0.9403
vn 0.1802 -0.4538 0.8727
vn 0.1730 -0.1428 0.9745
vn 0.1716 -0.0000 0.9852
vn 0.1730 0.1428 0.9745
vn 0.3454 0.4378 0.8301
vn 0.1760 0.2914 0.9403
vn -0.0000 -0.2931 0.9561
vn -0.0000 -0.4596 0.8881
vn -0.0000 -0.1425 0.9898
vn -0.0000 -0.0000 1.0000
vn -0.0000 0.1425 0.9898
vn 0.1802 0.4538 0.8727
vn -0.0000 0.2931 0.9561
vn -0.1802 -0.4538 0.8727
vn -0.1760 -0.2914 0.9403
vn -0.1730 -0.1428 0.9745
vn -0.1730 0.1428 0.9745
vn -0.1716 -0.0000 0.9852
vn -0.1760 0.2914 0.9403
vn -0.1802 0.4538 0.8727
vn -0.3454 -0.4378 0.8301
vn -0.3467 -0.2859 0.8933
vn -0.3477 -0.1430 0.9266
vn -0.3477 0.1430 0.9266
vn -0.3476 -0.0000 0.9377
vn -0.3468 0.2859 0.8933
vn -0.3454 0.4378 0.8301
vn -0.4997 -0.4113 0.7623
vn -0.5172 -0.2773 0.8097
vn -0.5268 -0.1424 0.8380
vn -0.5268 0.1424 0.8380
vn -0.5299 -0.0000 0.8481
vn -0.5172 0.2773 0.8097
vn -0.4997 0.4113 0.7623
vn 0.4894 -0.5556 0.6722
vn 0.4894 0.5556 0.6722
vn 0.3520 0.5969 0.7210
vn 0.1868 0.6267 0.7565
vn -0.0000 0.4596 0.8881
vn -0.1868 0.6267 0.7565
vn -0.3520 0.5969 0.7210
vn -0.4894 0.5556 0.6722
vn -0.4894 -0.5556 0.6722
vn -0.3520 -0.5969 0.7210
vn -0.1868 -0.6267 0.7565
vn -0.0000 -0.6382 0.7699
vn 0.1868 -0.6267 0.7565
vn 0.3520 -0.5969 0.7210
vn -0.3708 -0.7352 -0.5674
vn -0.5674 -0.7352 -0.3708
vn -0.5279 -0.6652 -0.5279
vn -0.2016 -0.8921 -0.4043
vn -0.3911 -0.8331 -0.3911
vn -0.1948 -0.7815 -0.5928
vn -0.0000 -0.9127 -0.4087
vn 0.1948 -0.7815 -0.5928
vn -0.0000 -0.7986 -0.6018
vn 0.3708 -0.7352 -0.5674
vn 0.2016 -0.8921 -0.4043
vn 0.5674 -0.7352 -0.3708
vn 0.3911 -0.8331 -0.3911
vn -0.4043 -0.8921 -0.2016
vn -0.5928 -0.7815 -0.1948
vn -0.2052 -0.9569 -0.2052
vn -0.0000 -0.9785 -0.2061
vn 0.2052 -0.9569 -0.2052
vn 0.4043 -0.8921 -0.2016
vn -0.4087 -0.9127 -0.0000
vn -0.6018 -0.7986 -0.0000
vn -0.2061 -0.9785 -0.0000
vn -0.0000 -1.0000 -0.0000
vn 0.2061 -0.9785 -0.0000
vn 0.5928 -0.7815 -0.1948
vn 0.4087 -0.9127 -0.0000
vn -0.5928 -0.7815 0.1948
vn -0.4043 -0.8921 0.2016
vn -0.2052 -0.9569 0.2052
vn 0.2052 -0.9569 0.2052
vn -0.0000 -0.9785 0.2061
vn 0.4043 -0.8921 0.2016
vn 0.5928 -0.7815 0.1948
vn -0.5674 -0.7352 0.3708
vn -0.3911 -0.8331 0.3911
vn -0.2016 -0.8921 0.4043
vn 0.2016 -0.8921 0.4043
vn -0.0000 -0.9127 0.4087
vn 0.3911 -0.8331 0.3911
vn 0.5674 -0.7352 0.3708
vn -0.3708 -0.7352 0.5674
vn -0.5279 -0.6652 0.5279
vn -0.1948 -0.7815 0.5928
vn 0.1948 -0.7815 0.5928
vn -0.0000 -0.7986 0.6018
vn 0.3708 -0.7352 0.5674
vn 0.5279 -0.6652 -0.5279
vn 0.6018 -0.7986 -0.0000
vn 0.5279 -0.6652 0.5279
vn 0.3708 0.7352 -0.5674
vn 0.5674 0.7352 -0.3708
vn 0.5279 0.6652 -0.5279
vn 0.2016 0.8921 -0.4043
vn 0.3911 0.8331 -0.3911
vn 0.1948 0.7815 -0.5928
vn -0.0000 0.9127 -0.4087
vn -0.1948 0.7815 -0.5928
vn -0.0000 0.7986 -0.6018
vn -0.3708 0.7352 -0.5674
vn -0.2016 0.8921 -0.4043
vn -0.5674 0.7352 -0.3708
vn -0.3911 0.8331 -0.3911
vn 0.4043 0.8921 -0.2016
vn 0.5928 0.7815 -0.1948
vn 0.2052 0.9569 -0.2052
vn -0.0000 0.9785 -0.2061
vn -0.2052 0.9569 -0.2052
vn -0.4043 0.8921 -0.2016
vn 0.4087 0.9127 -0.0000
vn 0.6018 0.7986 -0.0000
vn 0.2061 0.9785 -0.0000
vn -0.0000 1.0000 -0.0000
vn -0.2061 0.9785 -0.0000
vn -0.5928 0.7815 -0.1948
vn -0.4087 0.9127 -0.0000
vn 0.5928 0.7815 0.1948
vn 0.4043 0.8921 0.2016
vn 0.2052 0.9569 0.2052
vn -0.2052 0.9569 0.2052
vn -0.0000 0.9785 0.2061
vn -0.4043 0.8921 0.2016
vn -0.5928 0.7815 0.1948
vn 0.5674 0.7352 0.3708
vn 0.3911 0.8331 0.3911
vn 0.2016 0.8921 0.4043
vn -0.2016 0.8921 0.4043
vn -0.0000 0.9127 0.4087
vn -0.3911 0.8331 0.3911
vn -0.5674 0.7352 0.3708
vn 0.3708 0.7352 0.5674
vn 0.5279 0.6652 0.5279
vn 0.1948 0.7815 0.5928
vn -0.1948 0.7815 0.5928
vn -0.0000 0.7986 0.6018
vn -0.3708 0.7352 0.5674
vn -0.0000 0.6382 -0.7699
vn -0.5279 0.6652 -0.5279
vn -0.7699 0.6382 -0.0000
vn -0.6018 0.7986 -0.0000
vn -0.5279 0.6652 0.5279
vn -0.0000 0.6382 0.7699
vn 0.7699 0.6382 -0.0000
vt 0.406250 0.031250
vt 0.437500 0.062500
vt 0.406250 0.062500
vt 0.437500 0.031250
vt 0.468750 0.062500
vt 0.468750 0.031250
vt 0.500000 0.062500
vt 0.531250 0.031250
vt 0.500000 0.031250
vt 0.562500 0.031250
vt 0.531250 0.062500
vt 0.593750 0.031250
vt 0.562500 0.062500
vt 0.437500 0.093750
vt 0.406250 0.093750
vt 0.468750 0.093750
vt 0.500000 0.093750
vt 0.531250 0.093750
vt 0.593750 0.062500
vt 0.562500 0.093750
vt 0.437500 0.125000
vt 0.406250 0.125000
vt 0.468750 0.125000
vt 0.500000 0.125000
vt 0.531250 0.125000
vt 0.593750 0.093750
vt 0.562500 0.125000
vt 0.406250 0.156250
vt 0.437500 0.156250
vt 0.468750 0.156250
vt 0.531250 0.156250
vt 0.500000 0.156250
vt 0.562500 0.156250
vt 0.593750 0.156250
vt 0.406250 0.187500
vt 0.437500 0.187500
vt 0.468750 0.187500
vt 0.531250 0.187500
vt 0.500000 0.187500
vt 0.562500 0.187500
vt 0.593750 0.187500
vt 0.406250 0.218750
vt 0.437500 0.218750
vt 0.468750 0.218750
vt 0.531250 0.218750
vt 0.500000 0.218750
vt 0.562500 0.218750
vt 0.593750 0.218750
vt 0.375000 0.000000
vt 0.375000 0.031250
vt 0.406250 0.000000
vt 0.437500 0.000000
vt 0.468750 0.000000
vt 0.531250 0.000000
vt 0.500000 0.000000
vt 0.562500 0.000000
vt 0.593750 0.000000
vt 0.625000 0.000000
vt 0.625000 0.031250
vt 0.625000 0.062500
vt 0.625000 0.093750
vt 0.593750 0.125000
vt 0.625000 0.156250
vt 0.625000 0.187500
vt 0.625000 0.218750
vt 0.625000 0.250000
vt 0.593750 0.250000
vt 0.562500 0.250000
vt 0.531250 0.250000
vt 0.500000 0.250000
vt 0.468750 0.250000
vt 0.437500 0.250000
vt 0.406250 0.250000
vt 0.375000 0.250000
vt 0.375000 0.218750
vt 0.375000 0.187500
vt 0.375000 0.156250
vt 0.375000 0.125000
vt 0.375000 0.093750
vt 0.375000 0.062500
vt 0.406250 0.281250
vt 0.437500 0.312500
vt 0.406250 0.312500
vt 0.437500 0.281250
vt 0.468750 0.312500
vt 0.468750 0.281250
vt 0.500000 0.312500
vt 0.531250 0.281250
vt 0.500000 0.281250
vt 0.562500 0.281250
vt 0.531250 0.312500
vt 0.593750 0.281250
vt 0.562500 0.312500
vt 0.437500 0.343750
vt 0.406250 0.343750
vt 0.468750 0.343750
vt 0.500000 0.343750
vt 0.531250 0.343750
vt 0.593750 0.312500
vt 0.562500 0.343750
vt 0.437500 0.375000
vt 0.406250 0.375000
vt 0.468750 0.375000
vt 0.500000 0.375000
vt 0.531250 0.375000
vt 0.593750 0.343750
vt 0.562500 0.375000
vt 0.406250 0.406250
vt 0.437500 0.406250
vt 0.468750 0.406250
vt 0.531250 0.406250
vt 0.500000 0.406250
vt 0.562500 0.406250
vt 0.593750 0.406250
vt 0.406250 0.437500
vt 0.437500 0.437500
vt 0.468750 0.437500
vt 0.531250 0.437500
vt 0.500000 0.437500
vt 0.562500 0.437500
vt 0.593750 0.437500
vt 0.406250 0.468750
vt 0.437500 0.468750
vt 0.468750 0.468750
vt 0.531250 0.468750
vt 0.500000 0.468750
vt 0.562500 0.468750
vt 0.593750 0.468750
vt 0.375000 0.281250
vt 0.625000 0.281250
vt 0.625000 0.312500
vt 0.625000 0.343750
vt 0.593750 0.375000
vt 0.625000 0.406250
vt 0.625000 0.437500
vt 0.625000 0.468750
vt 0.625000 0.500000
vt 0.593750 0.500000
vt 0.562500 0.500000
vt 0.531250 0.500000
vt 0.500000 0.500000
vt 0.468750 0.500000
vt 0.437500 0.500000
vt 0.406250 0.500000
vt 0.375000 0.500000
vt 0.375000 0.468750
vt 0.375000 0.437500
vt 0.375000 0.406250
vt 0.375000 0.375000
vt 0.375000 0.343750
vt 0.375000 0.312500
vt 0.406250 0.531250
vt 0.437500 0.562500
vt 0.406250 0.562500
vt 0.437500 0.531250
vt 0.468750 0.562500
vt 0.468750 0.531250
vt 0.500000 0.562500
vt 0.531250 0.531250
vt 0.500000 0.531250
vt 0.562500 0.531250
vt 0.531250 0.562500
vt 0.593750 0.531250
vt 0.562500 0.562500
vt 0.437500 0.593750
vt 0.406250 0.593750
vt 0.468750 0.593750
vt 0.500000 0.593750
vt 0.531250 0.593750
vt 0.593750 0.562500
vt 0.562500 0.593750
vt 0.437500 0.625000
vt 0.406250 0.625000
vt 0.468750 0.625000
vt 0.500000 0.625000
vt 0.531250 0.625000
vt 0.593750 0.593750
vt 0.562500 0.625000
vt 0.406250 0.656250
vt 0.437500 0.656250
vt 0.468750 0.656250
vt 0.531250 0.656250
vt 0.500000 0.656250
vt 0.562500 0.656250
vt 0.593750 0.656250
vt 0.406250 0.687500
vt 0.437500 0.687500
vt 0.468750 0.687500
vt 0.531250 0.687500
vt 0.500000 0.687500
vt 0.562500 0.687500
vt 0.593750 0.687500
vt 0.406250 0.718750
vt 0.437500 0.718750
vt 0.468750 0.718750
vt 0.531250 0.718750
vt 0.500000 0.718750
vt 0.562500 0.718750
vt 0.593750 0.718750
vt 0.375000 0.531250
vt 0.625000 0.531250
vt 0.625000 0.562500
vt 0.625000 0.593750
vt 0.593750 0.625000
vt 0.625000 0.656250
vt 0.625000 0.687500
vt 0.625000 0.718750
vt 0.625000 0.750000
vt 0.593750 0.750000
vt 0.562500 0.750000
vt 0.531250 0.750000
vt 0.500000 0.750000
vt 0.468750 0.750000
vt 0.437500 0.750000
vt 0.406250 0.750000
vt 0.375000 0.750000
vt 0.375000 0.718750
vt 0.375000 0.687500
vt 0.375000 0.656250
vt 0.375000 0.625000
vt 0.375000 0.593750
vt 0.375000 0.562500
vt 0.406250 0.781250
vt 0.437500 0.812500
vt 0.406250 0.812500
vt 0.437500 0.781250
vt 0.468750 0.812500
vt 0.468750 0.781250
vt 0.500000 0.812500
vt 0.531250 0.781250
vt 0.500000 0.781250
vt 0.562500 0.781250
vt 0.531250 0.812500
vt 0.593750 0.781250
vt 0.562500 0.812500
vt 0.437500 0.843750
vt 0.406250 0.843750
vt 0.468750 0.843750
vt 0.500000 0.843750
vt 0.531250 0.843750
vt 0.593750 0.812500
vt 0.562500 0.843750
vt 0.437500 0.875000
vt 0.406250 0.875000
vt 0.468750 0.875000
vt 0.500000 0.875000
vt 0.531250 0.875000
vt 0.593750 0.843750
vt 0.562500 0.875000
vt 0.406250 0.906250
vt 0.437500 0.906250
vt 0.468750 0.906250
vt 0.531250 0.906250
vt 0.500000 0.906250
vt 0.562500 0.906250
vt 0.593750 0.906250
vt 0.406250 0.937500
vt 0.437500 0.937500
vt 0.468750 0.937500
vt 0.531250 0.937500
vt 0.500000 0.937500
vt 0.562500 0.937500
vt 0.593750 0.937500
vt 0.406250 0.968750
vt 0.437500 0.968750
vt 0.468750 0.968750
vt 0.531250 0.968750
vt 0.500000 0.968750
vt 0.562500 0.968750
vt 0.593750 0.968750
vt 0.375000 0.781250
vt 0.625000 0.781250
vt 0.625000 0.812500
vt 0.625000 0.843750
vt 0.593750 0.875000
vt 0.625000 0.906250
vt 0.625000 0.937500
vt 0.625000 0.968750
vt 0.625000 1.000000
vt 0.593750 1.000000
vt 0.562500 1.000000
vt 0.531250 1.000000
vt 0.500000 1.000000
vt 0.468750 1.000000
vt 0.437500 1.000000
vt 0.406250 1.000000
vt 0.375000 1.000000
vt 0.375000 0.968750
vt 0.375000 0.937500
vt 0.375000 0.906250
vt 0.375000 0.875000
vt 0.375000 0.843750
vt 0.375000 0.812500
vt 0.187500 0.531250
vt 0.156250 0.562500
vt 0.156250 0.531250
vt 0.218750 0.562500
vt 0.187500 0.562500
vt 0.218750 0.531250
vt 0.250000 0.562500
vt 0.281250 0.531250
vt 0.250000 0.531250
vt 0.312500 0.531250
vt 0.281250 0.562500
vt 0.343750 0.562500
vt 0.312500 0.562500
vt 0.187500 0.593750
vt 0.156250 0.593750
vt 0.218750 0.593750
vt 0.250000 0.593750
vt 0.281250 0.593750
vt 0.312500 0.593750
vt 0.187500 0.625000
vt 0.156250 0.625000
vt 0.218750 0.625000
vt 0.250000 0.625000
vt 0.281250 0.625000
vt 0.343750 0.593750
vt 0.312500 0.625000
vt 0.156250 0.656250
vt 0.187500 0.656250
vt 0.218750 0.656250
vt 0.281250 0.656250
vt 0.250000 0.656250
vt 0.312500 0.656250
vt 0.343750 0.656250
vt 0.156250 0.687500
vt 0.187500 0.687500
vt 0.218750 0.687500
vt 0.281250 0.687500
vt 0.250000 0.687500
vt 0.312500 0.687500
vt 0.343750 0.687500
vt 0.187500 0.718750
vt 0.156250 0.718750
vt 0.218750 0.718750
vt 0.281250 0.718750
vt 0.250000 0.718750
vt 0.312500 0.718750
vt 0.125000 0.500000
vt 0.125000 0.531250
vt 0.187500 0.500000
vt 0.156250 0.500000
vt 0.218750 0.500000
vt 0.250000 0.500000
vt 0.281250 0.500000
vt 0.312500 0.500000
vt 0.343750 0.531250
vt 0.343750 0.500000
vt 0.343750 0.625000
vt 0.343750 0.718750
vt 0.343750 0.750000
vt 0.312500 0.750000
vt 0.281250 0.750000
vt 0.250000 0.750000
vt 0.218750 0.750000
vt 0.187500 0.750000
vt 0.156250 0.750000
vt 0.125000 0.750000
vt 0.125000 0.718750
vt 0.125000 0.687500
vt 0.125000 0.656250
vt 0.125000 0.625000
vt 0.125000 0.593750
vt 0.125000 0.562500
vt 0.687500 0.531250
vt 0.656250 0.562500
vt 0.656250 0.531250
vt 0.718750 0.562500
vt 0.687500 0.562500
vt 0.718750 0.531250
vt 0.750000 0.562500
vt 0.781250 0.531250
vt 0.750000 0.531250
vt 0.812500 0.531250
vt 0.781250 0.562500
vt 0.843750 0.562500
vt 0.812500 0.562500
vt 0.687500 0.593750
vt 0.656250 0.593750
vt 0.718750 0.593750
vt 0.750000 0.593750
vt 0.781250 0.593750
vt 0.812500 0.593750
vt 0.687500 0.625000
vt 0.656250 0.625000
vt 0.718750 0.625000
vt 0.750000 0.625000
vt 0.781250 0.625000
vt 0.843750 0.593750
vt 0.812500 0.625000
vt 0.656250 0.656250
vt 0.687500 0.656250
vt 0.718750 0.656250
vt 0.781250 0.656250
vt 0.750000 0.656250
vt 0.812500 0.656250
vt 0.843750 0.656250
vt 0.656250 0.687500
vt 0.687500 0.687500
vt 0.718750 0.687500
vt 0.781250 0.687500
vt 0.750000 0.687500
vt 0.812500 0.687500
vt 0.843750 0.687500
vt 0.687500 0.718750
vt 0.656250 0.718750
vt 0.718750 0.718750
vt 0.781250 0.718750
vt 0.750000 0.718750
vt 0.812500 0.718750
vt 0.687500 0.500000
vt 0.656250 0.500000
vt 0.718750 0.500000
vt 0.750000 0.500000
vt 0.781250 0.500000
vt 0.812500 0.500000
vt 0.843750 0.531250
vt 0.875000 0.500000
vt 0.843750 0.500000
vt 0.875000 0.562500
vt 0.875000 0.593750
vt 0.875000 0.625000
vt 0.843750 0.625000
vt 0.875000 0.656250
vt 0.875000 0.687500
vt 0.843750 0.718750
vt 0.875000 0.750000
vt 0.843750 0.750000
vt 0.812500 0.750000
vt 0.781250 0.750000
vt 0.750000 0.750000
vt 0.718750 0.750000
vt 0.687500 0.750000
vt 0.656250 0.750000
vt 0.625000 0.625000
vt 0.625000 0.125000
vt 0.625000 0.375000
vt 0.625000 0.875000
vt 0.875000 0.531250
vt 0.875000 0.718750
s 1
usemtl Eye
f 3071/3250/2979 3079/3251/2980 3078/3252/2981
f 3072/3253/2982 3080/3254/2983 3079/3251/2980
f 3073/3255/2984 3081/3256/2985 3080/3254/2983
f 3075/3257/2986 3081/3256/2985 3074/3258/2987
f 3076/3259/2988 3082/3260/2989 3075/3257/2986
f 3077/3261/2990 3083/3262/2991 3076/3259/2988
f 3078/3252/2981 3086/3263/2992 3085/3264/2993
f 3079/3251/2980 3087/3265/2994 3086/3263/2992
f 3080/3254/2983 3088/3266/2995 3087/3265/2994
f 3082/3260/2989 3088/3266/2995 3081/3256/2985
f 3083/3262/2991 3089/3267/2996 3082/3260/2989
f 3084/3268/2997 3090/3269/2998 3083/3262/2991
f 3085/3264/2993 3093/3270/2999 3092/3271/3000
f 3086/3263/2992 3094/3272/3001 3093/3270/2999
f 3087/3265/2994 3095/3273/3002 3094/3272/3001
f 3089/3267/2996 3095/3273/3002 3088/3266/2995
f 3090/3269/2998 3096/3274/3003 3089/3267/2996
f 3091/3275/3004 3097/3276/3005 3090/3269/2998
f 3093/3270/2999 3099/3277/3006 3092/3271/3000
f 3094/3272/3001 3100/3278/3007 3093/3270/2999
f 3095/3273/3002 3101/3279/3008 3094/3272/3001
f 3095/3273/3002 3103/3280/3009 3102/3281/3010
f 3096/3274/3003 3104/3282/3011 3103/3280/3009
f 3097/3276/3005 3105/3283/3012 3104/3282/3011
f 3100/3278/3007 3106/3284/3013 3099/3277/3006
f 3101/3279/3008 3107/3285/3014 3100/3278/3007
f 3102/3281/3010 3108/3286/3015 3101/3279/3008
f 3102/3281/3010 3110/3287/3016 3109/3288/3017
f 3103/3280/3009 3111/3289/3018 3110/3287/3016
f 3104/3282/3011 3112/3290/3019 3111/3289/3018
f 3107/3285/3014 3113/3291/3020 3106/3284/3013
f 3108/3286/3015 3114/3292/3021 3107/3285/3014
f 3109/3288/3017 3115/3293/3022 3108/3286/3015
f 3109/3288/3017 3117/3294/3023 3116/3295/3024
f 3110/3287/3016 3118/3296/3025 3117/3294/3023
f 3111/3289/3018 3119/3297/3026 3118/3296/3025
f 2979/3298/3027 3071/3250/2979 2993/3299/3028
f 2994/3300/3029 3072/3253/2982 3071/3250/2979
f 2995/3301/3030 3073/3255/2984 3072/3253/2982
f 2996/3302/3031 3074/3258/2987 3073/3255/2984
f 2998/3303/3032 3074/3258/2987 2997/3304/3033
f 2999/3305/3034 3075/3257/2986 2998/3303/3032
f 3000/3306/3035 3076/3259/2988 2999/3305/3034
f 2980/3307/3036 3077/3261/2990 3000/3306/3035
f 3001/3308/3037 3084/3268/2997 3077/3261/2990
f 3002/3309/3038 3091/3275/3004 3084/3268/2997
f 3003/3310/3039 3098/3311/3040 3091/3275/3004
f 3098/3311/3040 3005/3312/3041 3105/3283/3012
f 3105/3283/3012 3006/3313/3042 3112/3290/3019
f 3112/3290/3019 3007/3314/3043 3119/3297/3026
f 3119/3297/3026 2982/3315/3044 3008/3316/3045
f 3118/3296/3025 3008/3316/3045 3009/3317/3046
f 3117/3294/3023 3009/3317/3046 3010/3318/3047
f 3116/3295/3024 3010/3318/3047 3011/3319/3048
f 3116/3295/3024 3012/3320/3049 3115/3293/3022
f 3115/3293/3022 3013/3321/3050 3114/3292/3021
f 3114/3292/3021 3014/3322/3051 3113/3291/3020
f 3113/3291/3020 2981/3323/3052 2987/3324/3053
f 3106/3284/3013 2987/3324/3053 2988/3325/3054
f 3099/3277/3006 2988/3325/3054 2989/3326/3055
f 3092/3271/3000 2989/3326/3055 2990/3327/3056
f 2991/3328/3057 3092/3271/3000 2990/3327/3056
f 2992/3329/3058 3085/3264/2993 2991/3328/3057
f 2993/3299/3028 3078/3252/2981 2992/3329/3058
f 3120/3330/3059 3128/3331/3060 3127/3332/3061
f 3121/3333/3062 3129/3334/3063 3128/3331/3060
f 3122/3335/3064 3130/3336/3065 3129/3334/3063
f 3124/3337/3066 3130/3336/3065 3123/3338/3067
f 3125/3339/3068 3131/3340/3069 3124/3337/3066
f 3126/3341/3070 3132/3342/3071 3125/3339/3068
f 3127/3332/3061 3135/3343/3072 3134/3344/3073
f 3128/3331/3060 3136/3345/3074 3135/3343/3072
f 3129/3334/3063 3137/3346/3075 3136/3345/3074
f 3131/3340/3069 3137/3346/3075 3130/3336/3065
f 3132/3342/3071 3138/3347/3076 3131/3340/3069
f 3133/3348/3077 3139/3349/3078 3132/3342/3071
f 3134/3344/3073 3142/3350/3079 3141/3351/3080
f 3135/3343/3072 3143/3352/3081 3142/3350/3079
f 3136/3345/3074 3144/3353/3082 3143/3352/3081
f 3138/3347/3076 3144/3353/3082 3137/3346/3075
f 3139/3349/3078 3145/3354/3083 3138/3347/3076
f 3140/3355/3084 3146/3356/3085 3139/3349/3078
f 3142/3350/3079 3148/3357/3086 3141/3351/3080
f 3143/3352/3081 3149/3358/3087 3142/3350/3079
f 3144/3353/3082 3150/3359/3088 3143/3352/3081
f 3144/3353/3082 3152/3360/3089 3151/3361/3090
f 3145/3354/3083 3153/3362/3091 3152/3360/3089
f 3146/3356/3085 3154/3363/3092 3153/3362/3091
f 3149/3358/3087 3155/3364/3093 3148/3357/3086
f 3150/3359/3088 3156/3365/3094 3149/3358/3087
f 3151/3361/3090 3157/3366/3095 3150/3359/3088
f 3151/3361/3090 3159/3367/3096 3158/3368/3097
f 3152/3360/3089 3160/3369/3098 3159/3367/3096
f 3153/3362/3091 3161/3370/3099 3160/3369/3098
f 3156/3365/3094 3162/3371/3100 3155/3364/3093
f 3157/3366/3095 3163/3372/3101 3156/3365/3094
f 3158/3368/3097 3164/3373/3102 3157/3366/3095
f 3158/3368/3097 3166/3374/3103 3165/3375/3104
f 3159/3367/3096 3167/3376/3105 3166/3374/3103
f 3160/3369/3098 3168/3377/3106 3167/3376/3105
f 2981/3323/3052 3120/3330/3059 3021/3378/3107
f 3014/3322/3051 3121/3333/3062 3120/3330/3059
f 3013/3321/3050 3122/3335/3064 3121/3333/3062
f 3012/3320/3049 3123/3338/3067 3122/3335/3064
f 3010/3318/3047 3123/3338/3067 3011/3319/3048
f 3009/3317/3046 3124/3337/3066 3010/3318/3047
f 3008/3316/3045 3125/3339/3068 3009/3317/3046
f 2982/3315/3044 3126/3341/3070 3008/3316/3045
f 3022/3379/3108 3133/3348/3077 3126/3341/3070
f 3023/3380/3109 3140/3355/3084 3133/3348/3077
f 3024/3381/3110 3147/3382/3111 3140/3355/3084
f 3147/3382/3111 3026/3383/3112 3154/3363/3092
f 3154/3363/3092 3027/3384/3113 3161/3370/3099
f 3161/3370/3099 3028/3385/3114 3168/3377/3106
f 3168/3377/3106 2986/3386/3115 3029/3387/3116
f 3167/3376/3105 3029/3387/3116 3030/3388/3117
f 3166/3374/3103 3030/3388/3117 3031/3389/3118
f 3165/3375/3104 3031/3389/3118 3032/3390/3119
f 3165/3375/3104 3033/3391/3120 3164/3373/3102
f 3164/3373/3102 3034/3392/3121 3163/3372/3101
f 3163/3372/3101 3035/3393/3122 3162/3371/3100
f 3162/3371/3100 2985/3394/3123 3015/3395/3124
f 3155/3364/3093 3015/3395/3124 3016/3396/3125
f 3148/3357/3086 3016/3396/3125 3017/3397/3126
f 3141/3351/3080 3017/3397/3126 3018/3398/3127
f 3019/3399/3128 3141/3351/3080 3018/3398/3127
f 3020/3400/3129 3134/3344/3073 3019/3399/3128
f 3021/3378/3107 3127/3332/3061 3020/3400/3129
f 3169/3401/3130 3177/3402/3131 3176/3403/3132
f 3170/3404/3133 3178/3405/3134 3177/3402/3131
f 3171/3406/3135 3179/3407/3136 3178/3405/3134
f 3173/3408/3137 3179/3407/3136 3172/3409/3138
f 3174/3410/3139 3180/3411/3140 3173/3408/3137
f 3175/3412/3141 3181/3413/3142 3174/3410/3139
f 3176/3403/3132 3184/3414/3143 3183/3415/3144
f 3177/3402/3131 3185/3416/3145 3184/3414/3143
f 3178/3405/3134 3186/3417/3146 3185/3416/3145
f 3180/3411/3140 3186/3417/3146 3179/3407/3136
f 3181/3413/3142 3187/3418/3147 3180/3411/3140
f 3182/3419/3148 3188/3420/3149 3181/3413/3142
f 3183/3415/3144 3191/3421/3150 3190/3422/3151
f 3184/3414/3143 3192/3423/3152 3191/3421/3150
f 3185/3416/3145 3193/3424/3153 3192/3423/3152
f 3187/3418/3147 3193/3424/3153 3186/3417/3146
f 3188/3420/3149 3194/3425/3154 3187/3418/3147
f 3189/3426/3155 3195/3427/3156 3188/3420/3149
f 3191/3421/3150 3197/3428/3157 3190/3422/3151
f 3192/3423/3152 3198/3429/3158 3191/3421/3150
f 3193/3424/3153 3199/3430/3159 3192/3423/3152
f 3193/3424/3153 3201/3431/3160 3200/3432/3161
f 3194/3425/3154 3202/3433/3162 3201/3431/3160
f 3195/3427/3156 3203/3434/3163 3202/3433/3162
f 3198/3429/3158 3204/3435/3164 3197/3428/3157
f 3199/3430/3159 3205/3436/3165 3198/3429/3158
f 3200/3432/3161 3206/3437/3166 3199/3430/3159
f 3200/3432/3161 3208/3438/3167 3207/3439/3168
f 3201/3431/3160 3209/3440/3169 3208/3438/3167
f 3202/3433/3162 3210/3441/3170 3209/3440/3169
f 3205/3436/3165 3211/3442/3171 3204/3435/3164
f 3206/3437/3166 3212/3443/3172 3205/3436/3165
f 3207/3439/3168 3213/3444/3173 3206/3437/3166
f 3207/3439/3168 3215/3445/3174 3214/3446/3175
f 3208/3438/3167 3216/3447/3176 3215/3445/3174
f 3209/3440/3169 3217/3448/3177 3216/3447/3176
f 2985/3394/3123 3169/3401/3130 3042/3449/3178
f 3035/3393/3122 3170/3404/3133 3169/3401/3130
f 3034/3392/3121 3171/3406/3135 3170/3404/3133
f 3033/3391/3120 3172/3409/3138 3171/3406/3135
f 3031/3389/3118 3172/3409/3138 3032/3390/3119
f 3030/3388/3117 3173/3408/3137 3031/3389/3118
f 3029/3387/3116 3174/3410/3139 3030/3388/3117
f 2986/3386/3115 3175/3412/3141 3029/3387/3116
f 3043/3450/3179 3182/3419/3148 3175/3412/3141
f 3044/3451/3180 3189/3426/3155 3182/3419/3148
f 3045/3452/3181 3196/3453/3182 3189/3426/3155
f 3196/3453/3182 3047/3454/3183 3203/3434/3163
f 3203/3434/3163 3048/3455/3184 3210/3441/3170
f 3210/3441/3170 3049/3456/3185 3217/3448/3177
f 3217/3448/3177 2984/3457/3186 3050/3458/3187
f 3216/3447/3176 3050/3458/3187 3051/3459/3188
f 3215/3445/3174 3051/3459/3188 3052/3460/3189
f 3214/3446/3175 3052/3460/3189 3053/3461/3190
f 3214/3446/3175 3054/3462/3191 3213/3444/3173
f 3213/3444/3173 3055/3463/3192 3212/3443/3172
f 3212/3443/3172 3056/3464/3193 3211/3442/3171
f 3211/3442/3171 2983/3465/3194 3036/3466/3195
f 3204/3435/3164 3036/3466/3195 3037/3467/3196
f 3197/3428/3157 3037/3467/3196 3038/3468/3197
f 3190/3422/3151 3038/3468/3197 3039/3469/3198
f 3040/3470/3199 3190/3422/3151 3039/3469/3198
f 3041/3471/3200 3183/3415/3144 3040/3470/3199
f 3042/3449/3178 3176/3403/3132 3041/3471/3200
f 3218/3472/3201 3226/3473/3202 3225/3474/3203
f 3219/3475/3204 3227/3476/3205 3226/3473/3202
f 3220/3477/3206 3228/3478/3207 3227/3476/3205
f 3222/3479/3208 3228/3478/3207 3221/3480/3209
f 3223/3481/3210 3229/3482/3211 3222/3479/3208
f 3224/3483/3212 3230/3484/3213 3223/3481/3210
f 3225/3474/3203 3233/3485/3214 3232/3486/3215
f 3226/3473/3202 3234/3487/3216 3233/3485/3214
f 3227/3476/3205 3235/3488/3217 3234/3487/3216
f 3229/3482/3211 3235/3488/3217 3228/3478/3207
f 3230/3484/3213 3236/3489/3218 3229/3482/3211
f 3231/3490/3219 3237/3491/3220 3230/3484/3213
f 3232/3486/3215 3240/3492/3221 3239/3493/3222
f 3233/3485/3214 3241/3494/3223 3240/3492/3221
f 3234/3487/3216 3242/3495/3224 3241/3494/3223
f 3236/3489/3218 3242/3495/3224 3235/3488/3217
f 3237/3491/3220 3243/3496/3225 3236/3489/3218
f 3238/3497/3226 3244/3498/3227 3237/3491/3220
f 3240/3492/3221 3246/3499/3228 3239/3493/3222
f 3241/3494/3223 3247/3500/3229 3240/3492/3221
f 3242/3495/3224 3248/3501/3230 3241/3494/3223
f 3242/3495/3224 3250/3502/3231 3249/3503/3232
f 3243/3496/3225 3251/3504/3233 3250/3502/3231
f 3244/3498/3227 3252/3505/3234 3251/3504/3233
f 3247/3500/3229 3253/3506/3235 3246/3499/3228
f 3248/3501/3230 3254/3507/3236 3247/3500/3229
f 3249/3503/3232 3255/3508/3237 3248/3501/3230
f 3249/3503/3232 3257/3509/3238 3256/3510/3239
f 3250/3502/3231 3258/3511/3240 3257/3509/3238
f 3251/3504/3233 3259/3512/3241 3258/3511/3240
f 3254/3507/3236 3260/3513/3242 3253/3506/3235
f 3255/3508/3237 3261/3514/3243 3254/3507/3236
f 3256/3510/3239 3262/3515/3244 3255/3508/3237
f 3256/3510/3239 3264/3516/3245 3263/3517/3246
f 3257/3509/3238 3265/3518/3247 3264/3516/3245
f 3258/3511/3240 3266/3519/3248 3265/3518/3247
f 2983/3465/3194 3218/3472/3201 3063/3520/3249
f 3056/3464/3193 3219/3475/3204 3218/3472/3201
f 3055/3463/3192 3220/3477/3206 3219/3475/3204
f 3054/3462/3191 3221/3480/3209 3220/3477/3206
f 3052/3460/3189 3221/3480/3209 3053/3461/3190
f 3051/3459/3188 3222/3479/3208 3052/3460/3189
f 3050/3458/3187 3223/3481/3210 3051/3459/3188
f 2984/3457/3186 3224/3483/3212 3050/3458/3187
f 3064/3521/3250 3231/3490/3219 3224/3483/3212
f 3065/3522/3251 3238/3497/3226 3231/3490/3219
f 3066/3523/3252 3245/3524/3253 3238/3497/3226
f 3245/3524/3253 3068/3525/3254 3252/3505/3234
f 3252/3505/3234 3069/3526/3255 3259/3512/3241
f 3259/3512/3241 3070/3527/3256 3266/3519/3248
f 3266/3519/3248 2980/3528/3036 3000/3529/3035
f 3265/3518/3247 3000/3529/3035 2999/3530/3034
f 3264/3516/3245 2999/3530/3034 2998/3531/3032
f 3263/3517/3246 2998/3531/3032 2997/3532/3033
f 3263/3517/3246 2996/3533/3031 3262/3515/3244
f 3262/3515/3244 2995/3534/3030 3261/3514/3243
f 3261/3514/3243 2994/3535/3029 3260/3513/3242
f 3260/3513/3242 2979/3536/3027 3057/3537/3257
f 3253/3506/3235 3057/3537/3257 3058/3538/3258
f 3246/3499/3228 3058/3538/3258 3059/3539/3259
f 3239/3493/3222 3059/3539/3259 3060/3540/3260
f 3061/3541/3261 3239/3493/3222 3060/3540/3260
f 3062/3542/3262 3232/3486/3215 3061/3541/3261
f 3063/3520/3249 3225/3474/3203 3062/3542/3262
f 3268/3543/3263 3274/3544/3264 3267/3545/3265
f 3268/3543/3263 3276/3546/3266 3275/3547/3267
f 3269/3548/3268 3277/3549/3269 3276/3546/3266
f 3271/3550/3270 3277/3549/3269 3270/3551/3271
f 3272/3552/3272 3278/3553/3273 3271/3550/3270
f 3272/3552/3272 3280/3554/3274 3279/3555/3275
f 3274/3544/3264 3282/3556/3276 3281/3557/3277
f 3275/3547/3267 3283/3558/3278 3282/3556/3276
f 3276/3546/3266 3284/3559/3279 3283/3558/3278
f 3278/3553/3273 3284/3559/3279 3277/3549/3269
f 3279/3555/3275 3285/3560/3280 3278/3553/3273
f 3280/3554/3274 3286/3561/3281 3279/3555/3275
f 3281/3557/3277 3289/3562/3282 3288/3563/3283
f 3282/3556/3276 3290/3564/3284 3289/3562/3282
f 3283/3558/3278 3291/3565/3285 3290/3564/3284
f 3285/3560/3280 3291/3565/3285 3284/3559/3279
f 3286/3561/3281 3292/3566/3286 3285/3560/3280
f 3287/3567/3287 3293/3568/3288 3286/3561/3281
f 3289/3562/3282 3295/3569/3289 3288/3563/3283
f 3290/3564/3284 3296/3570/3290 3289/3562/3282
f 3291/3565/3285 3297/3571/3291 3290/3564/3284
f 3291/3565/3285 3299/3572/3292 3298/3573/3293
f 3292/3566/3286 3300/3574/3294 3299/3572/3292
f 3293/3568/3288 3301/3575/3295 3300/3574/3294
f 3296/3570/3290 3302/3576/3296 3295/3569/3289
f 3297/3571/3291 3303/3577/3297 3296/3570/3290
f 3298/3573/3293 3304/3578/3298 3297/3571/3291
f 3298/3573/3293 3306/3579/3299 3305/3580/3300
f 3299/3572/3292 3307/3581/3301 3306/3579/3299
f 3300/3574/3294 3308/3582/3302 3307/3581/3301
f 3302/3576/3296 3310/3583/3303 3309/3584/3304
f 3304/3578/3298 3310/3583/3303 3303/3577/3297
f 3305/3580/3300 3311/3585/3305 3304/3578/3298
f 3305/3580/3300 3313/3586/3306 3312/3587/3307
f 3306/3579/3299 3314/3588/3308 3313/3586/3306
f 3308/3582/3302 3314/3588/3308 3307/3581/3301
f 2981/3589/3052 3267/3545/3265 2987/3590/3053
f 3020/3591/3129 3267/3545/3265 3021/3592/3107
f 3019/3593/3128 3268/3543/3263 3020/3591/3129
f 3018/3594/3127 3269/3548/3268 3019/3593/3128
f 3018/3594/3127 3271/3550/3270 3270/3551/3271
f 3017/3595/3126 3272/3552/3272 3271/3550/3270
f 3016/3596/3125 3273/3597/3309 3272/3552/3272
f 2985/3394/3123 3273/3597/3309 3015/3598/3124
f 3273/3597/3309 3041/3471/3200 3280/3554/3274
f 3280/3554/3274 3040/3470/3199 3287/3567/3287
f 3287/3567/3287 3039/3469/3198 3294/3599/3310
f 3039/3469/3198 3301/3575/3295 3294/3599/3310
f 3038/3468/3197 3308/3582/3302 3301/3575/3295
f 3037/3467/3196 3315/3600/3311 3308/3582/3302
f 3315/3600/3311 2983/3465/3194 3063/3601/3249
f 3315/3600/3311 3062/3602/3262 3314/3588/3308
f 3314/3588/3308 3061/3603/3261 3313/3586/3306
f 3313/3586/3306 3060/3604/3260 3312/3587/3307
f 3311/3585/3305 3060/3604/3260 3059/3605/3259
f 3310/3583/3303 3059/3605/3259 3058/3606/3258
f 3309/3584/3304 3058/3606/3258 3057/3607/3257
f 3309/3584/3304 2979/3608/3027 2993/3609/3028
f 2992/3610/3058 3309/3584/3304 2993/3609/3028
f 2991/3611/3057 3302/3576/3296 2992/3610/3058
f 2990/3612/3056 3295/3569/3289 2991/3611/3057
f 3281/3557/3277 2990/3612/3056 2989/3613/3055
f 3274/3544/3264 2989/3613/3055 2988/3614/3054
f 3267/3545/3265 2988/3614/3054 2987/3590/3053
f 3317/3615/3312 3323/3616/3313 3316/3617/3314
f 3317/3615/3312 3325/3618/3315 3324/3619/3316
f 3318/3620/3317 3326/3621/3318 3325/3618/3315
f 3320/3622/3319 3326/3621/3318 3319/3623/3320
f 3321/3624/3321 3327/3625/3322 3320/3622/3319
f 3321/3624/3321 3329/3626/3323 3328/3627/3324
f 3323/3616/3313 3331/3628/3325 3330/3629/3326
f 3324/3619/3316 3332/3630/3327 3331/3628/3325
f 3325/3618/3315 3333/3631/3328 3332/3630/3327
f 3327/3625/3322 3333/3631/3328 3326/3621/3318
f 3328/3627/3324 3334/3632/3329 3327/3625/3322
f 3329/3626/3323 3335/3633/3330 3328/3627/3324
f 3330/3629/3326 3338/3634/3331 3337/3635/3332
f 3331/3628/3325 3339/3636/3333 3338/3634/3331
f 3332/3630/3327 3340/3637/3334 3339/3636/3333
f 3334/3632/3329 3340/3637/3334 3333/3631/3328
f 3335/3633/3330 3341/3638/3335 3334/3632/3329
f 3336/3639/3336 3342/3640/3337 3335/3633/3330
f 3338/3634/3331 3344/3641/3338 3337/3635/3332
f 3339/3636/3333 3345/3642/3339 3338/3634/3331
f 3340/3637/3334 3346/3643/3340 3339/3636/3333
f 3340/3637/3334 3348/3644/3341 3347/3645/3342
f 3341/3638/3335 3349/3646/3343 3348/3644/3341
f 3342/3640/3337 3350/3647/3344 3349/3646/3343
f 3345/3642/3339 3351/3648/3345 3344/3641/3338
f 3346/3643/3340 3352/3649/3346 3345/3642/3339
f 3347/3645/3342 3353/3650/3347 3346/3643/3340
f 3347/3645/3342 3355/3651/3348 3354/3652/3349
f 3348/3644/3341 3356/3653/3350 3355/3651/3348
f 3349/3646/3343 3357/3654/3351 3356/3653/3350
f 3351/3648/3345 3359/3655/3352 3358/3656/3353
f 3353/3650/3347 3359/3655/3352 3352/3649/3346
f 3354/3652/3349 3360/3657/3354 3353/3650/3347
f 3354/3652/3349 3362/3658/3355 3361/3659/3356
f 3355/3651/3348 3363/3660/3357 3362/3658/3355
f 3357/3654/3351 3363/3660/3357 3356/3653/3350
f 2986/3386/3115 3316/3617/3314 3043/3450/3179
f 3027/3661/3113 3316/3617/3314 3028/3662/3114
f 3026/3663/3112 3317/3615/3312 3027/3661/3113
f 3025/3664/3358 3318/3620/3317 3026/3663/3112
f 3025/3664/3358 3320/3622/3319 3319/3623/3320
f 3024/3665/3110 3321/3624/3321 3320/3622/3319
f 3023/3666/3109 3322/3667/3359 3321/3624/3321
f 2982/3668/3044 3322/3667/3359 3022/3669/3108
f 3322/3667/3359 3006/3670/3042 3329/3626/3323
f 3329/3626/3323 3005/3671/3041 3336/3639/3336
f 3336/3639/3336 3004/3672/3360 3343/3673/3361
f 3004/3672/3360 3350/3647/3344 3343/3673/3361
f 3003/3674/3039 3357/3654/3351 3350/3647/3344
f 3002/3675/3038 3364/3676/3362 3357/3654/3351
f 3364/3676/3362 2980/3677/3036 3070/3678/3256
f 3364/3676/3362 3069/3679/3255 3363/3660/3357
f 3363/3660/3357 3068/3680/3254 3362/3658/3355
f 3362/3658/3355 3067/3681/3363 3361/3659/3356
f 3360/3657/3354 3067/3681/3363 3066/3682/3252
f 3359/3655/3352 3066/3682/3252 3065/3683/3251
f 3358/3656/3353 3065/3683/3251 3064/3684/3250
f 3358/3656/3353 2984/3457/3186 3049/3456/3185
f 3048/3455/3184 3358/3656/3353 3049/3456/3185
f 3047/3454/3183 3351/3648/3345 3048/3455/3184
f 3046/3685/3364 3344/3641/3338 3047/3454/3183
f 3330/3629/3326 3046/3685/3364 3045/3452/3181
f 3323/3616/3313 3045/3452/3181 3044/3451/3180
f 3316/3617/3314 3044/3451/3180 3043/3450/3179
f 3071/3250/2979 3072/3253/2982 3079/3251/2980
f 3072/3253/2982 3073/3255/2984 3080/3254/2983
f 3073/3255/2984 3074/3258/2987 3081/3256/2985
f 3075/3257/2986 3082/3260/2989 3081/3256/2985
f 3076/3259/2988 3083/3262/2991 3082/3260/2989
f 3077/3261/2990 3084/3268/2997 3083/3262/2991
f 3078/3252/2981 3079/3251/2980 3086/3263/2992
f 3079/3251/2980 3080/3254/2983 3087/3265/2994
f 3080/3254/2983 3081/3256/2985 3088/3266/2995
f 3082/3260/2989 3089/3267/2996 3088/3266/2995
f 3083/3262/2991 3090/3269/2998 3089/3267/2996
f 3084/3268/2997 3091/3275/3004 3090/3269/2998
f 3085/3264/2993 3086/3263/2992 3093/3270/2999
f 3086/3263/2992 3087/3265/2994 3094/3272/3001
f 3087/3265/2994 3088/3266/2995 3095/3273/3002
f 3089/3267/2996 3096/3274/3003 3095/3273/3002
f 3090/3269/2998 3097/3276/3005 3096/3274/3003
f 3091/3275/3004 3098/3311/3040 3097/3276/3005
f 3093/3270/2999 3100/3278/3007 3099/3277/3006
f 3094/3272/3001 3101/3279/3008 3100/3278/3007
f 3095/3273/3002 3102/3281/3010 3101/3279/3008
f 3095/3273/3002 3096/3274/3003 3103/3280/3009
f 3096/3274/3003 3097/3276/3005 3104/3282/3011
f 3097/3276/3005 3098/3311/3040 3105/3283/3012
f 3100/3278/3007 3107/3285/3014 3106/3284/3013
f 3101/3279/3008 3108/3286/3015 3107/3285/3014
f 3102/3281/3010 3109/3288/3017 3108/3286/3015
f 3102/3281/3010 3103/3280/3009 3110/3287/3016
f 3103/3280/3009 3104/3282/3011 3111/3289/3018
f 3104/3282/3011 3105/3283/3012 3112/3290/3019
f 3107/3285/3014 3114/3292/3021 3113/3291/3020
f 3108/3286/3015 3115/3293/3022 3114/3292/3021
f 3109/3288/3017 3116/3295/3024 3115/3293/3022
f 3109/3288/3017 3110/3287/3016 3117/3294/3023
f 3110/3287/3016 3111/3289/3018 3118/3296/3025
f 3111/3289/3018 3112/3290/3019 3119/3297/3026
f 2979/3298/3027 2994/3300/3029 3071/3250/2979
f 2994/3300/3029 2995/3301/3030 3072/3253/2982
f 2995/3301/3030 2996/3302/3031 3073/3255/2984
f 2996/3302/3031 2997/3304/3033 3074/3258/2987
f 2998/3303/3032 3075/3257/2986 3074/3258/2987
f 2999/3305/3034 3076/3259/2988 3075/3257/2986
f 3000/3306/3035 3077/3261/2990 3076/3259/2988
f 2980/3307/3036 3001/3308/3037 3077/3261/2990
f 3001/3308/3037 3002/3309/3038 3084/3268/2997
f 3002/3309/3038 3003/3310/3039 3091/3275/3004
f 3003/3310/3039 3004/3686/3360 3098/3311/3040
f 3098/3311/3040 3004/3686/3360 3005/3312/3041
f 3105/3283/3012 3005/3312/3041 3006/3313/3042
f 3112/3290/3019 3006/3313/3042 3007/3314/3043
f 3119/3297/3026 3007/3314/3043 2982/3315/3044
f 3118/3296/3025 3119/3297/3026 3008/3316/3045
f 3117/3294/3023 3118/3296/3025 3009/3317/3046
f 3116/3295/3024 3117/3294/3023 3010/3318/3047
f 3116/3295/3024 3011/3319/3048 3012/3320/3049
f 3115/3293/3022 3012/3320/3049 3013/3321/3050
f 3114/3292/3021 3013/3321/3050 3014/3322/3051
f 3113/3291/3020 3014/3322/3051 2981/3323/3052
f 3106/3284/3013 3113/3291/3020 2987/3324/3053
f 3099/3277/3006 3106/3284/3013 2988/3325/3054
f 3092/3271/3000 3099/3277/3006 2989/3326/3055
f 2991/3328/3057 3085/3264/2993 3092/3271/3000
f 2992/3329/3058 3078/3252/2981 3085/3264/2993
f 2993/3299/3028 3071/3250/2979 3078/3252/2981
f 3120/3330/3059 3121/3333/3062 3128/3331/3060
f 3121/3333/3062 3122/3335/3064 3129/3334/3063
f 3122/3335/3064 3123/3338/3067 3130/3336/3065
f 3124/3337/3066 3131/3340/3069 3130/3336/3065
f 3125/3339/3068 3132/3342/3071 3131/3340/3069
f 3126/3341/3070 3133/3348/3077 3132/3342/3071
f 3127/3332/3061 3128/3331/3060 3135/3343/3072
f 3128/3331/3060 3129/3334/3063 3136/3345/3074
f 3129/3334/3063 3130/3336/3065 3137/3346/3075
f 3131/3340/3069 3138/3347/3076 3137/3346/3075
f 3132/3342/3071 3139/3349/3078 3138/3347/3076
f 3133/3348/3077 3140/3355/3084 3139/3349/3078
f 3134/3344/3073 3135/3343/3072 3142/3350/3079
f 3135/3343/3072 3136/3345/3074 3143/3352/3081
f 3136/3345/3074 3137/3346/3075 3144/3353/3082
f 3138/3347/3076 3145/3354/3083 3144/3353/3082
f 3139/3349/3078 3146/3356/3085 3145/3354/3083
f 3140/3355/3084 3147/3382/3111 3146/3356/3085
f 3142/3350/3079 3149/3358/3087 3148/3357/3086
f 3143/3352/3081 3150/3359/3088 3149/3358/3087
f 3144/3353/3082 3151/3361/3090 3150/3359/3088
f 3144/3353/3082 3145/3354/3083 3152/3360/3089
f 3145/3354/3083 3146/3356/3085 3153/3362/3091
f 3146/3356/3085 3147/3382/3111 3154/3363/3092
f 3149/3358/3087 3156/3365/3094 3155/3364/3093
f 3150/3359/3088 3157/3366/3095 3156/3365/3094
f 3151/3361/3090 3158/3368/3097 3157/3366/3095
f 3151/3361/3090 3152/3360/3089 3159/3367/3096
f 3152/3360/3089 3153/3362/3091 3160/3369/3098
f 3153/3362/3091 3154/3363/3092 3161/3370/3099
f 3156/3365/3094 3163/3372/3101 3162/3371/3100
f 3157/3366/3095 3164/3373/3102 3163/3372/3101
f 3158/3368/3097 3165/3375/3104 3164/3373/3102
f 3158/3368/3097 3159/3367/3096 3166/3374/3103
f 3159/3367/3096 3160/3369/3098 3167/3376/3105
f 3160/3369/3098 3161/3370/3099 3168/3377/3106
f 2981/3323/3052 3014/3322/3051 3120/3330/3059
f 3014/3322/3051 3013/3321/3050 3121/3333/3062
f 3013/3321/3050 3012/3320/3049 3122/3335/3064
f 3012/3320/3049 3011/3319/3048 3123/3338/3067
f 3010/3318/3047 3124/3337/3066 3123/3338/3067
f 3009/3317/3046 3125/3339/3068 3124/3337/3066
f 3008/3316/3045 3126/3341/3070 3125/3339/3068
f 2982/3315/3044 3022/3379/3108 3126/3341/3070
f 3022/3379/3108 3023/3380/3109 3133/3348/3077
f 3023/3380/3109 3024/3381/3110 3140/3355/3084
f 3024/3381/3110 3025/3687/3358 3147/3382/3111
f 3147/3382/3111 3025/3687/3358 3026/3383/3112
f 3154/3363/3092 3026/3383/3112 3027/3384/3113
f 3161/3370/3099 3027/3384/3113 3028/3385/3114
f 3168/3377/3106 3028/3385/3114 2986/3386/3115
f 3167/3376/3105 3168/3377/3106 3029/3387/3116
f 3166/3374/3103 3167/3376/3105 3030/3388/3117
f 3165/3375/3104 3166/3374/3103 3031/3389/3118
f 3165/3375/3104 3032/3390/3119 3033/3391/3120
f 3164/3373/3102 3033/3391/3120 3034/3392/3121
f 3163/3372/3101 3034/3392/3121 3035/3393/3122
f 3162/3371/3100 3035/3393/3122 2985/3394/3123
f 3155/3364/3093 3162/3371/3100 3015/3395/3124
f 3148/3357/3086 3155/3364/3093 3016/3396/3125
f 3141/3351/3080 3148/3357/3086 3017/3397/3126
f 3019/3399/3128 3134/3344/3073 3141/3351/3080
f 3020/3400/3129 3127/3332/3061 3134/3344/3073
f 3021/3378/3107 3120/3330/3059 3127/3332/3061
f 3169/3401/3130 3170/3404/3133 3177/3402/3131
f 3170/3404/3133 3171/3406/3135 3178/3405/3134
f 3171/3406/3135 3172/3409/3138 3179/3407/3136
f 3173/3408/3137 3180/3411/3140 3179/3407/3136
f 3174/3410/3139 3181/3413/3142 3180/3411/3140
f 3175/3412/3141 3182/3419/3148 3181/3413/3142
f 3176/3403/3132 3177/3402/3131 3184/3414/3143
f 3177/3402/3131 3178/3405/3134 3185/3416/3145
f 3178/3405/3134 3179/3407/3136 3186/3417/3146
f 3180/3411/3140 3187/3418/3147 3186/3417/3146
f 3181/3413/3142 3188/3420/3149 3187/3418/3147
f 3182/3419/3148 3189/3426/3155 3188/3420/3149
f 3183/3415/3144 3184/3414/3143 3191/3421/3150
f 3184/3414/3143 3185/3416/3145 3192/3423/3152
f 3185/3416/3145 3186/3417/3146 3193/3424/3153
f 3187/3418/3147 3194/3425/3154 3193/3424/3153
f 3188/3420/3149 3195/3427/3156 3194/3425/3154
f 3189/3426/3155 3196/3453/3182 3195/3427/3156
f 3191/3421/3150 3198/3429/3158 3197/3428/3157
f 3192/3423/3152 3199/3430/3159 3198/3429/3158
f 3193/3424/3153 3200/3432/3161 3199/3430/3159
f 3193/3424/3153 3194/3425/3154 3201/3431/3160
f 3194/3425/3154 3195/3427/3156 3202/3433/3162
f 3195/3427/3156 3196/3453/3182 3203/3434/3163
f 3198/3429/3158 3205/3436/3165 3204/3435/3164
f 3199/3430/3159 3206/3437/3166 3205/3436/3165
f 3200/3432/3161 3207/3439/3168 3206/3437/3166
f 3200/3432/3161 3201/3431/3160 3208/3438/3167
f 3201/3431/3160 3202/3433/3162 3209/3440/3169
f 3202/3433/3162 3203/3434/3163 3210/3441/3170
f 3205/3436/3165 3212/3443/3172 3211/3442/3171
f 3206/3437/3166 3213/3444/3173 3212/3443/3172
f 3207/3439/3168 3214/3446/3175 3213/3444/3173
f 3207/3439/3168 3208/3438/3167 3215/3445/3174
f 3208/3438/3167 3209/3440/3169 3216/3447/3176
f 3209/3440/3169 3210/3441/3170 3217/3448/3177
f 2985/3394/3123 3035/3393/3122 3169/3401/3130
f 3035/3393/3122 3034/3392/3121 3170/3404/3133
f 3034/3392/3121 3033/3391/3120 3171/3406/3135
f 3033/3391/3120 3032/3390/3119 3172/3409/3138
f 3031/3389/3118 3173/3408/3137 3172/3409/3138
f 3030/3388/3117 3174/3410/3139 3173/3408/3137
f 3029/3387/3116 3175/3412/3141 3174/3410/3139
f 2986/3386/3115 3043/3450/3179 3175/3412/3141
f 3043/3450/3179 3044/3451/3180 3182/3419/3148
f 3044/3451/3180 3045/3452/3181 3189/3426/3155
f 3045/3452/3181 3046/3685/3364 3196/3453/3182
f 3196/3453/3182 3046/3685/3364 3047/3454/3183
f 3203/3434/3163 3047/3454/3183 3048/3455/3184
f 3210/3441/3170 3048/3455/3184 3049/3456/3185
f 3217/3448/3177 3049/3456/3185 2984/3457/3186
f 3216/3447/3176 3217/3448/3177 3050/3458/3187
f 3215/3445/3174 3216/3447/3176 3051/3459/3188
f 3214/3446/3175 3215/3445/3174 3052/3460/3189
f 3214/3446/3175 3053/3461/3190 3054/3462/3191
f 3213/3444/3173 3054/3462/3191 3055/3463/3192
f 3212/3443/3172 3055/3463/3192 3056/3464/3193
f 3211/3442/3171 3056/3464/3193 2983/3465/3194
f 3204/3435/3164 3211/3442/3171 3036/3466/3195
f 3197/3428/3157 3204/3435/3164 3037/3467/3196
f 3190/3422/3151 3197/3428/3157 3038/3468/3197
f 3040/3470/3199 3183/3415/3144 3190/3422/3151
f 3041/3471/3200 3176/3403/3132 3183/3415/3144
f 3042/3449/3178 3169/3401/3130 3176/3403/3132
f 3218/3472/3201 3219/3475/3204 3226/3473/3202
f 3219/3475/3204 3220/3477/3206 3227/3476/3205
f 3220/3477/3206 3221/3480/3209 3228/3478/3207
f 3222/3479/3208 3229/3482/3211 3228/3478/3207
f 3223/3481/3210 3230/3484/3213 3229/3482/3211
f 3224/3483/3212 3231/3490/3219 3230/3484/3213
f 3225/3474/3203 3226/3473/3202 3233/3485/3214
f 3226/3473/3202 3227/3476/3205 3234/3487/3216
f 3227/3476/3205 3228/3478/3207 3235/3488/3217
f 3229/3482/3211 3236/3489/3218 3235/3488/3217
f 3230/3484/3213 3237/3491/3220 3236/3489/3218
f 3231/3490/3219 3238/3497/3226 3237/3491/3220
f 3232/3486/3215 3233/3485/3214 3240/3492/3221
f 3233/3485/3214 3234/3487/3216 3241/3494/3223
f 3234/3487/3216 3235/3488/3217 3242/3495/3224
f 3236/3489/3218 3243/3496/3225 3242/3495/3224
f 3237/3491/3220 3244/3498/3227 3243/3496/3225
f 3238/3497/3226 3245/3524/3253 3244/3498/3227
f 3240/3492/3221 3247/3500/3229 3246/3499/3228
f 3241/3494/3223 3248/3501/3230 3247/3500/3229
f 3242/3495/3224 3249/3503/3232 3248/3501/3230
f 3242/3495/3224 3243/3496/3225 3250/3502/3231
f 3243/3496/3225 3244/3498/3227 3251/3504/3233
f 3244/3498/3227 3245/3524/3253 3252/3505/3234
f 3247/3500/3229 3254/3507/3236 3253/3506/3235
f 3248/3501/3230 3255/3508/3237 3254/3507/3236
f 3249/3503/3232 3256/3510/3239 3255/3508/3237
f 3249/3503/3232 3250/3502/3231 3257/3509/3238
f 3250/3502/3231 3251/3504/3233 3258/3511/3240
f 3251/3504/3233 3252/3505/3234 3259/3512/3241
f 3254/3507/3236 3261/3514/3243 3260/3513/3242
f 3255/3508/3237 3262/3515/3244 3261/3514/3243
f 3256/3510/3239 3263/3517/3246 3262/3515/3244
f 3256/3510/3239 3257/3509/3238 3264/3516/3245
f 3257/3509/3238 3258/3511/3240 3265/3518/3247
f 3258/3511/3240 3259/3512/3241 3266/3519/3248
f 2983/3465/3194 3056/3464/3193 3218/3472/3201
f 3056/3464/3193 3055/3463/3192 3219/3475/3204
f 3055/3463/3192 3054/3462/3191 3220/3477/3206
f 3054/3462/3191 3053/3461/3190 3221/3480/3209
f 3052/3460/3189 3222/3479/3208 3221/3480/3209
f 3051/3459/3188 3223/3481/3210 3222/3479/3208
f 3050/3458/3187 3224/3483/3212 3223/3481/3210
f 2984/3457/3186 3064/3521/3250 3224/3483/3212
f 3064/3521/3250 3065/3522/3251 3231/3490/3219
f 3065/3522/3251 3066/3523/3252 3238/3497/3226
f 3066/3523/3252 3067/3688/3363 3245/3524/3253
f 3245/3524/3253 3067/3688/3363 3068/3525/3254
f 3252/3505/3234 3068/3525/3254 3069/3526/3255
f 3259/3512/3241 3069/3526/3255 3070/3527/3256
f 3266/3519/3248 3070/3527/3256 2980/3528/3036
f 3265/3518/3247 3266/3519/3248 3000/3529/3035
f 3264/3516/3245 3265/3518/3247 2999/3530/3034
f 3263/3517/3246 3264/3516/3245 2998/3531/3032
f 3263/3517/3246 2997/3532/3033 2996/3533/3031
f 3262/3515/3244 2996/3533/3031 2995/3534/3030
f 3261/3514/3243 2995/3534/3030 2994/3535/3029
f 3260/3513/3242 2994/3535/3029 2979/3536/3027
f 3253/3506/3235 3260/3513/3242 3057/3537/3257
f 3246/3499/3228 3253/3506/3235 3058/3538/3258
f 3239/3493/3222 3246/3499/3228 3059/3539/3259
f 3061/3541/3261 3232/3486/3215 3239/3493/3222
f 3062/3542/3262 3225/3474/3203 3232/3486/3215
f 3063/3520/3249 3218/3472/3201 3225/3474/3203
f 3268/3543/3263 3275/3547/3267 3274/3544/3264
f 3268/3543/3263 3269/3548/3268 3276/3546/3266
f 3269/3548/3268 3270/3551/3271 3277/3549/3269
f 3271/3550/3270 3278/3553/3273 3277/3549/3269
f 3272/3552/3272 3279/3555/3275 3278/3553/3273
f 3272/3552/3272 3273/3597/3309 3280/3554/3274
f 3274/3544/3264 3275/3547/3267 3282/3556/3276
f 3275/3547/3267 3276/3546/3266 3283/3558/3278
f 3276/3546/3266 3277/3549/3269 3284/3559/3279
f 3278/3553/3273 3285/3560/3280 3284/3559/3279
f 3279/3555/3275 3286/3561/3281 3285/3560/3280
f 3280/3554/3274 3287/3567/3287 3286/3561/3281
f 3281/3557/3277 3282/3556/3276 3289/3562/3282
f 3282/3556/3276 3283/3558/3278 3290/3564/3284
f 3283/3558/3278 3284/3559/3279 3291/3565/3285
f 3285/3560/3280 3292/3566/3286 3291/3565/3285
f 3286/3561/3281 3293/3568/3288 3292/3566/3286
f 3287/3567/3287 3294/3599/3310 3293/3568/3288
f 3289/3562/3282 3296/3570/3290 3295/3569/3289
f 3290/3564/3284 3297/3571/3291 3296/3570/3290
f 3291/3565/3285 3298/3573/3293 3297/3571/3291
f 3291/3565/3285 3292/3566/3286 3299/3572/3292
f 3292/3566/3286 3293/3568/3288 3300/3574/3294
f 3293/3568/3288 3294/3599/3310 3301/3575/3295
f 3296/3570/3290 3303/3577/3297 3302/3576/3296
f 3297/3571/3291 3304/3578/3298 3303/3577/3297
f 3298/3573/3293 3305/3580/3300 3304/3578/3298
f 3298/3573/3293 3299/3572/3292 3306/3579/3299
f 3299/3572/3292 3300/3574/3294 3307/3581/3301
f 3300/3574/3294 3301/3575/3295 3308/3582/3302
f 3302/3576/3296 3303/3577/3297 3310/3583/3303
f 3304/3578/3298 3311/3585/3305 3310/3583/3303
f 3305/3580/3300 3312/3587/3307 3311/3585/3305
f 3305/3580/3300 3306/3579/3299 3313/3586/3306
f 3306/3579/3299 3307/3581/3301 3314/3588/3308
f 3308/3582/3302 3315/3600/3311 3314/3588/3308
f 2981/3589/3052 3021/3592/3107 3267/3545/3265
f 3020/3591/3129 3268/3543/3263 3267/3545/3265
f 3019/3593/3128 3269/3548/3268 3268/3543/3263
f 3018/3594/3127 3270/3551/3271 3269/3548/3268
f 3018/3594/3127 3017/3595/3126 3271/3550/3270
f 3017/3595/3126 3016/3596/3125 3272/3552/3272
f 3016/3596/3125 3015/3598/3124 3273/3597/3309
f 2985/3394/3123 3042/3449/3178 3273/3597/3309
f 3273/3597/3309 3042/3449/3178 3041/3471/3200
f 3280/3554/3274 3041/3471/3200 3040/3470/3199
f 3287/3567/3287 3040/3470/3199 3039/3469/3198
f 3039/3469/3198 3038/3468/3197 3301/3575/3295
f 3038/3468/3197 3037/3467/3196 3308/3582/3302
f 3037/3467/3196 3036/3466/3195 3315/3600/3311
f 3315/3600/3311 3036/3466/3195 2983/3465/3194
f 3315/3600/3311 3063/3601/3249 3062/3602/3262
f 3314/3588/3308 3062/3602/3262 3061/3603/3261
f 3313/3586/3306 3061/3603/3261 3060/3604/3260
f 3311/3585/3305 3312/3587/3307 3060/3604/3260
f 3310/3583/3303 3311/3585/3305 3059/3605/3259
f 3309/3584/3304 3310/3583/3303 3058/3606/3258
f 3309/3584/3304 3057/3607/3257 2979/3608/3027
f 2992/3610/3058 3302/3576/3296 3309/3584/3304
f 2991/3611/3057 3295/3569/3289 3302/3576/3296
f 2990/3612/3056 3288/3563/3283 3295/3569/3289
f 3281/3557/3277 3288/3563/3283 2990/3612/3056
f 3274/3544/3264 3281/3557/3277 2989/3613/3055
f 3267/3545/3265 3274/3544/3264 2988/3614/3054
f 3317/3615/3312 3324/3619/3316 3323/3616/3313
f 3317/3615/3312 3318/3620/3317 3325/3618/3315
f 3318/3620/3317 3319/3623/3320 3326/3621/3318
f 3320/3622/3319 3327/3625/3322 3326/3621/3318
f 3321/3624/3321 3328/3627/3324 3327/3625/3322
f 3321/3624/3321 3322/3667/3359 3329/3626/3323
f 3323/3616/3313 3324/3619/3316 3331/3628/3325
f 3324/3619/3316 3325/3618/3315 3332/3630/3327
f 3325/3618/3315 3326/3621/3318 3333/3631/3328
f 3327/3625/3322 3334/3632/3329 3333/3631/3328
f 3328/3627/3324 3335/3633/3330 3334/3632/3329
f 3329/3626/3323 3336/3639/3336 3335/3633/3330
f 3330/3629/3326 3331/3628/3325 3338/3634/3331
f 3331/3628/3325 3332/3630/3327 3339/3636/3333
f 3332/3630/3327 3333/3631/3328 3340/3637/3334
f 3334/3632/3329 3341/3638/3335 3340/3637/3334
f 3335/3633/3330 3342/3640/3337 3341/3638/3335
f 3336/3639/3336 3343/3673/3361 3342/3640/3337
f 3338/3634/3331 3345/3642/3339 3344/3641/3338
f 3339/3636/3333 3346/3643/3340 3345/3642/3339
f 3340/3637/3334 3347/3645/3342 3346/3643/3340
f 3340/3637/3334 3341/3638/3335 3348/3644/3341
f 3341/3638/3335 3342/3640/3337 3349/3646/3343
f 3342/3640/3337 3343/3673/3361 3350/3647/3344
f 3345/3642/3339 3352/3649/3346 3351/3648/3345
f 3346/3643/3340 3353/3650/3347 3352/3649/3346
f 3347/3645/3342 3354/3652/3349 3353/3650/3347
f 3347/3645/3342 3348/3644/3341 3355/3651/3348
f 3348/3644/3341 3349/3646/3343 3356/3653/3350
f 3349/3646/3343 3350/3647/3344 3357/3654/3351
f 3351/3648/3345 3352/3649/3346 3359/3655/3352
f 3353/3650/3347 3360/3657/3354 3359/3655/3352
f 3354/3652/3349 3361/3659/3356 3360/3657/3354
f 3354/3652/3349 3355/3651/3348 3362/3658/3355
f 3355/3651/3348 3356/3653/3350 3363/3660/3357
f 3357/3654/3351 3364/3676/3362 3363/3660/3357
f 2986/3386/3115 3028/3662/3114 3316/3617/3314
f 3027/3661/3113 3317/3615/3312 3316/3617/3314
f 3026/3663/3112 3318/3620/3317 3317/3615/3312
f 3025/3664/3358 3319/3623/3320 3318/3620/3317
f 3025/3664/3358 3024/3665/3110 3320/3622/3319
f 3024/3665/3110 3023/3666/3109 3321/3624/3321
f 3023/3666/3109 3022/3669/3108 3322/3667/3359
f 2982/3668/3044 3007/3689/3043 3322/3667/3359
f 3322/3667/3359 3007/3689/3043 3006/3670/3042
f 3329/3626/3323 3006/3670/3042 3005/3671/3041
f 3336/3639/3336 3005/3671/3041 3004/3672/3360
f 3004/3672/3360 3003/3674/3039 3350/3647/3344
f 3003/3674/3039 3002/3675/3038 3357/3654/3351
f 3002/3675/3038 3001/3690/3037 3364/3676/3362
f 3364/3676/3362 3001/3690/3037 2980/3677/3036
f 3364/3676/3362 3070/3678/3256 3069/3679/3255
f 3363/3660/3357 3069/3679/3255 3068/3680/3254
f 3362/3658/3355 3068/3680/3254 3067/3681/3363
f 3360/3657/3354 3361/3659/3356 3067/3681/3363
f 3359/3655/3352 3360/3657/3354 3066/3682/3252
f 3358/3656/3353 3359/3655/3352 3065/3683/3251
f 3358/3656/3353 3064/3684/3250 2984/3457/3186
f 3048/3455/3184 3351/3648/3345 3358/3656/3353
f 3047/3454/3183 3344/3641/3338 3351/3648/3345
f 3046/3685/3364 3337/3635/3332 3344/3641/3338
f 3330/3629/3326 3337/3635/3332 3046/3685/3364
f 3323/3616/3313 3330/3629/3326 3045/3452/3181
f 3316/3617/3314 3323/3616/3313 3044/3451/3180
o Cube.043
v -0.099702 -0.381968 0.774650
v -0.099362 -0.420570 0.771635
v -0.099429 -0.407142 0.786196
v -0.099382 -0.411849 0.785006
v -0.100923 -0.278103 0.697436
v -0.100600 -0.296892 0.730341
v -0.100905 -0.272000 0.712171
v -0.100865 -0.273384 0.716533
v -0.099362 -0.443908 0.726825
v -0.099702 -0.424249 0.693467
v -0.099382 -0.449864 0.712014
v -0.099429 -0.448140 0.707475
v -0.100600 -0.339173 0.649159
v -0.100923 -0.301440 0.652626
v -0.100865 -0.314382 0.637813
v -0.100905 -0.310015 0.639179
v -0.003199 -0.430569 0.696759
v -0.003199 -0.451282 0.730666
v -0.003199 -0.455558 0.711339
v -0.003199 -0.457252 0.715862
v -0.003199 -0.302118 0.652979
v -0.003199 -0.340976 0.650097
v -0.003199 -0.310692 0.639532
v -0.003199 -0.315057 0.638164
v -0.003199 -0.427945 0.775476
v -0.003199 -0.388289 0.777942
v -0.003199 -0.419237 0.788853
v -0.003199 -0.414560 0.790059
v -0.003199 -0.298695 0.731280
v -0.003199 -0.278780 0.697789
v -0.003199 -0.274058 0.716884
v -0.003199 -0.272677 0.712523
v -0.280266 -0.302391 0.733089
v -0.293726 -0.312025 0.715103
v -0.289417 -0.302757 0.731831
v -0.292431 -0.304555 0.729126
v -0.287284 -0.274957 0.718801
v -0.305906 -0.272025 0.694271
v -0.300135 -0.266952 0.713183
v -0.304171 -0.265816 0.708950
v -0.280266 -0.344577 0.652089
v -0.293726 -0.335362 0.670294
v -0.289417 -0.343756 0.653111
v -0.292431 -0.342570 0.656134
v -0.287284 -0.317143 0.637801
v -0.305906 -0.295363 0.649461
v -0.300135 -0.307950 0.634463
v -0.304171 -0.303831 0.635958
v -0.217227 -0.295720 0.649647
v -0.213286 -0.327693 0.643180
v -0.216787 -0.304331 0.636219
v -0.215762 -0.308782 0.634896
v -0.217227 -0.272382 0.694457
v -0.213286 -0.285412 0.724362
v -0.216787 -0.266316 0.709210
v -0.215762 -0.267783 0.713616
v -0.207445 -0.378174 0.749554
v -0.207841 -0.346525 0.756191
v -0.207289 -0.369618 0.763011
v -0.206927 -0.365293 0.764400
v -0.207444 -0.401512 0.704745
v -0.207841 -0.388806 0.675008
v -0.207289 -0.407633 0.690020
v -0.206927 -0.406292 0.685680
v 0.092964 -0.420570 0.771635
v 0.093303 -0.381968 0.774650
v 0.092984 -0.411849 0.785006
v 0.093031 -0.407142 0.786196
v 0.094201 -0.296892 0.730341
v 0.094524 -0.278103 0.697436
v 0.094466 -0.273384 0.716533
v 0.094507 -0.272000 0.712171
v 0.093303 -0.424249 0.693467
v 0.092964 -0.443908 0.726825
v 0.093031 -0.448140 0.707475
v 0.092984 -0.449864 0.712014
v 0.094524 -0.301440 0.652626
v 0.094201 -0.339173 0.649159
v 0.094507 -0.310015 0.639179
v 0.094466 -0.314382 0.637813
v 0.273867 -0.302391 0.733089
v 0.287328 -0.312025 0.715103
v 0.283019 -0.302757 0.731831
v 0.286032 -0.304555 0.729126
v 0.280885 -0.274957 0.718801
v 0.299507 -0.272025 0.694271
v 0.293737 -0.266952 0.713183
v 0.297772 -0.265816 0.708950
v 0.273867 -0.344577 0.652089
v 0.287328 -0.335362 0.670294
v 0.283019 -0.343756 0.653111
v 0.286032 -0.342570 0.656134
v 0.280885 -0.317143 0.637801
v 0.299507 -0.295363 0.649461
v 0.293737 -0.307950 0.634463
v 0.297772 -0.303831 0.635958
v 0.206887 -0.327693 0.643180
v 0.210828 -0.295720 0.649647
v 0.209364 -0.308782 0.634896
v 0.210388 -0.304331 0.636219
v 0.206887 -0.285412 0.724362
v 0.210828 -0.272382 0.694457
v 0.209364 -0.267783 0.713616
v 0.210388 -0.266316 0.709210
v 0.201442 -0.346525 0.756191
v 0.201046 -0.378174 0.749554
v 0.200529 -0.365293 0.764400
v 0.200890 -0.369618 0.763011
v 0.201442 -0.388806 0.675008
v 0.201046 -0.401512 0.704745
v 0.200529 -0.406292 0.685680
v 0.200890 -0.407633 0.690020
v -0.003199 -0.457196 0.717202
v -0.003199 -0.456499 0.719487
v -0.003199 -0.454686 0.723660
v -0.026347 -0.451167 0.730606
v -0.049852 -0.450360 0.730186
v -0.074072 -0.448171 0.729046
v -0.099365 -0.447309 0.719818
v -0.099369 -0.449120 0.715644
v -0.099375 -0.449814 0.713357
v -0.074080 -0.454134 0.714238
v -0.049855 -0.456328 0.715381
v -0.026348 -0.457136 0.715802
v -0.003199 -0.456207 0.712400
v -0.003199 -0.456711 0.713521
v -0.003199 -0.457062 0.714682
v -0.099392 -0.449668 0.710831
v -0.099403 -0.449310 0.709667
v -0.099415 -0.448799 0.708542
v -0.074100 -0.452426 0.709707
v -0.049861 -0.454628 0.710854
v -0.026348 -0.455441 0.711278
v -0.003199 -0.443916 0.703931
v -0.003199 -0.451217 0.708057
v -0.003199 -0.454441 0.710179
v -0.099448 -0.447032 0.706320
v -0.099486 -0.443922 0.704258
v -0.099565 -0.436949 0.700302
v -0.074215 -0.427917 0.695378
v -0.049895 -0.429792 0.696354
v -0.026353 -0.430475 0.696710
v -0.003199 -0.272782 0.711209
v -0.003199 -0.273517 0.708944
v -0.003199 -0.275358 0.704785
v -0.026372 -0.278805 0.697802
v -0.050048 -0.278790 0.697794
v -0.074730 -0.278601 0.697695
v -0.100920 -0.274680 0.704432
v -0.100917 -0.272840 0.708591
v -0.100912 -0.272105 0.710856
v -0.074723 -0.272498 0.712430
v -0.050045 -0.272687 0.712528
v -0.026371 -0.272702 0.712536
v -0.003199 -0.273502 0.715870
v -0.003199 -0.273082 0.714793
v -0.003199 -0.272805 0.713671
v -0.100897 -0.272129 0.713319
v -0.100888 -0.272406 0.714441
v -0.100877 -0.272827 0.715519
v -0.074706 -0.273880 0.716791
v -0.050040 -0.274069 0.716889
v -0.026371 -0.274083 0.716897
v -0.003199 -0.285416 0.724144
v -0.003199 -0.278203 0.720063
v -0.003199 -0.275076 0.717992
v -0.100848 -0.274385 0.717632
v -0.100812 -0.277389 0.719639
v -0.100735 -0.284267 0.723545
v -0.074594 -0.298022 0.730930
v -0.050007 -0.298548 0.731203
v -0.026367 -0.298696 0.731281
v -0.100912 -0.308998 0.640019
v -0.100917 -0.307563 0.641919
v -0.100920 -0.305211 0.645812
v -0.074730 -0.301938 0.652886
v -0.050048 -0.302128 0.652985
v -0.026372 -0.302143 0.652992
v -0.003199 -0.305888 0.646165
v -0.003199 -0.308240 0.642272
v -0.003199 -0.309675 0.640371
v -0.026371 -0.310717 0.639545
v -0.050045 -0.310702 0.639537
v -0.074723 -0.310513 0.639438
v -0.100877 -0.313232 0.637937
v -0.100888 -0.312108 0.638211
v -0.100897 -0.311029 0.638627
v -0.003199 -0.311706 0.638979
v -0.003199 -0.312784 0.638563
v -0.003199 -0.313907 0.638289
v -0.026371 -0.315082 0.638177
v -0.050040 -0.315067 0.638169
v -0.074706 -0.314879 0.638071
v -0.100735 -0.326367 0.642710
v -0.100812 -0.319224 0.639313
v -0.100848 -0.315857 0.638003
v -0.003199 -0.316548 0.638363
v -0.003199 -0.320038 0.639737
v -0.003199 -0.327517 0.643308
v -0.026367 -0.340977 0.650098
v -0.050007 -0.340829 0.650021
v -0.074594 -0.340303 0.649747
v -0.099375 -0.412921 0.784195
v -0.099369 -0.414397 0.782315
v -0.099365 -0.416779 0.778439
v -0.074072 -0.424834 0.773855
v -0.049852 -0.427023 0.774995
v -0.026347 -0.427830 0.775416
v -0.003199 -0.424156 0.782281
v -0.003199 -0.421776 0.786159
v -0.003199 -0.420303 0.788040
v -0.026348 -0.419121 0.788793
v -0.049855 -0.418313 0.788372
v -0.074080 -0.416119 0.787230
v -0.099415 -0.408393 0.786123
v -0.099403 -0.409608 0.785898
v -0.099392 -0.410767 0.785523
v -0.003199 -0.418161 0.789374
v -0.003199 -0.417009 0.789752
v -0.003199 -0.415802 0.789982
v -0.026348 -0.414443 0.789998
v -0.049861 -0.413630 0.789575
v -0.074100 -0.411428 0.788428
v -0.099565 -0.394848 0.781137
v -0.099486 -0.402087 0.784584
v -0.099448 -0.405560 0.785949
v -0.003199 -0.412969 0.789808
v -0.003199 -0.409382 0.788383
v -0.003199 -0.401816 0.784766
v -0.026353 -0.388194 0.777893
v -0.049895 -0.387511 0.777537
v -0.074215 -0.385636 0.776560
v -0.288338 -0.302441 0.732242
v -0.286526 -0.302285 0.732590
v -0.283536 -0.302332 0.732905
v -0.284834 -0.295252 0.729422
v -0.288512 -0.286556 0.724918
v -0.289029 -0.279273 0.721100
v -0.291919 -0.271812 0.717009
v -0.296153 -0.269134 0.715325
v -0.298676 -0.267666 0.714131
v -0.306746 -0.271956 0.715789
v -0.306672 -0.279707 0.719826
v -0.300651 -0.290032 0.725203
v -0.291832 -0.304051 0.729944
v -0.291121 -0.303578 0.730676
v -0.290312 -0.303145 0.731309
v -0.301333 -0.266468 0.712207
v -0.302417 -0.266114 0.711164
v -0.303369 -0.265895 0.710072
v -0.310964 -0.271357 0.711836
v -0.310729 -0.279830 0.716249
v -0.304279 -0.290981 0.722056
v -0.293544 -0.308410 0.721999
v -0.293276 -0.306286 0.726010
v -0.292909 -0.305164 0.728074
v -0.304812 -0.265960 0.707656
v -0.305303 -0.266725 0.705406
v -0.305662 -0.268588 0.701259
v -0.312778 -0.277797 0.697277
v -0.312472 -0.286581 0.701851
v -0.305839 -0.298086 0.707843
v -0.298676 -0.309136 0.634504
v -0.296153 -0.310956 0.635022
v -0.291919 -0.313872 0.636251
v -0.289029 -0.321501 0.640020
v -0.288512 -0.328804 0.643798
v -0.284834 -0.337480 0.648342
v -0.283536 -0.344392 0.652147
v -0.286526 -0.344108 0.652288
v -0.288338 -0.343911 0.652616
v -0.300651 -0.331031 0.646483
v -0.306672 -0.320705 0.641106
v -0.306746 -0.312954 0.637069
v -0.303369 -0.304796 0.635380
v -0.302417 -0.305816 0.634934
v -0.301333 -0.306874 0.634626
v -0.290312 -0.343550 0.653727
v -0.291121 -0.343280 0.654445
v -0.291832 -0.342952 0.655252
v -0.304279 -0.328996 0.649065
v -0.310729 -0.317845 0.643257
v -0.310964 -0.309372 0.638844
v -0.305662 -0.299118 0.642639
v -0.305303 -0.301449 0.638735
v -0.304812 -0.302853 0.636818
v -0.292909 -0.342057 0.657237
v -0.293276 -0.341010 0.659339
v -0.293544 -0.338940 0.663379
v -0.305839 -0.321424 0.663034
v -0.312472 -0.309918 0.657042
v -0.312778 -0.301135 0.652467
v -0.215417 -0.310189 0.635051
v -0.214953 -0.312929 0.636035
v -0.214274 -0.318322 0.638520
v -0.239041 -0.323716 0.641111
v -0.261101 -0.320198 0.639296
v -0.277742 -0.317895 0.638140
v -0.286474 -0.305710 0.633296
v -0.266873 -0.305617 0.633248
v -0.242809 -0.306899 0.633915
v -0.216583 -0.305362 0.635675
v -0.216341 -0.306460 0.635269
v -0.216066 -0.307607 0.635007
v -0.289946 -0.301293 0.634637
v -0.269535 -0.301094 0.634533
v -0.244596 -0.302389 0.635208
v -0.217165 -0.299496 0.642835
v -0.217074 -0.301855 0.638947
v -0.216949 -0.303300 0.637051
v -0.291439 -0.292696 0.648073
v -0.270680 -0.292452 0.647946
v -0.245364 -0.293753 0.648623
v -0.215417 -0.268717 0.714680
v -0.214953 -0.271094 0.716361
v -0.214274 -0.276222 0.719355
v -0.185539 -0.289132 0.726300
v -0.156887 -0.292361 0.727982
v -0.128263 -0.294986 0.729348
v -0.128787 -0.272479 0.716061
v -0.157827 -0.271199 0.715394
v -0.187110 -0.269611 0.714568
v -0.216583 -0.266461 0.710367
v -0.216341 -0.266758 0.711500
v -0.216066 -0.267201 0.712589
v -0.128877 -0.271092 0.711698
v -0.158051 -0.269801 0.711025
v -0.187623 -0.268189 0.710186
v -0.217165 -0.268965 0.701455
v -0.217074 -0.267132 0.705618
v -0.216949 -0.266407 0.707888
v -0.128916 -0.277193 0.696962
v -0.158148 -0.275898 0.696287
v -0.187843 -0.274275 0.695442
v -0.206833 -0.363926 0.764266
v -0.206865 -0.361226 0.763303
v -0.207156 -0.355868 0.760836
v -0.232277 -0.333821 0.749572
v -0.253482 -0.321180 0.742971
v -0.270111 -0.310023 0.737117
v -0.273705 -0.317570 0.739545
v -0.254238 -0.333601 0.747894
v -0.231738 -0.349845 0.756354
v -0.207217 -0.368612 0.763568
v -0.207132 -0.367543 0.763990
v -0.207035 -0.366431 0.764269
v -0.275998 -0.320167 0.737257
v -0.255791 -0.336908 0.745976
v -0.232618 -0.353738 0.754741
v -0.207423 -0.374406 0.756370
v -0.207390 -0.372058 0.760265
v -0.207346 -0.370628 0.762168
v -0.276984 -0.327981 0.723413
v -0.256458 -0.345027 0.732291
v -0.232996 -0.362110 0.741188
v -0.206833 -0.405398 0.684637
v -0.206865 -0.403061 0.682977
v -0.207156 -0.397968 0.680000
v -0.181460 -0.400348 0.681019
v -0.154074 -0.410277 0.686190
v -0.126537 -0.418330 0.690385
v -0.126025 -0.441234 0.703879
v -0.153313 -0.431795 0.698962
v -0.180534 -0.420066 0.692854
v -0.207217 -0.407513 0.688876
v -0.207132 -0.407245 0.687759
v -0.207035 -0.406836 0.686687
v -0.125945 -0.442973 0.708425
v -0.153247 -0.433508 0.703496
v -0.180594 -0.421663 0.697327
v -0.207423 -0.404936 0.697750
v -0.207390 -0.406781 0.693593
v -0.207346 -0.407521 0.691331
v -0.125910 -0.437023 0.723240
v -0.153219 -0.427547 0.718304
v -0.180619 -0.415652 0.712109
v -0.128263 -0.337267 0.648166
v -0.156887 -0.334642 0.646799
v -0.185539 -0.331413 0.645117
v -0.187110 -0.310609 0.635848
v -0.157827 -0.312197 0.636674
v -0.128787 -0.313477 0.637341
v -0.187623 -0.306203 0.637194
v -0.158051 -0.307816 0.638034
v -0.128877 -0.309106 0.638706
v -0.187843 -0.297612 0.650633
v -0.158148 -0.299235 0.651478
v -0.128916 -0.300530 0.652153
v -0.277742 -0.275665 0.719223
v -0.261101 -0.277933 0.720447
v -0.239041 -0.281438 0.722290
v -0.242809 -0.265901 0.712635
v -0.266873 -0.264619 0.711968
v -0.286475 -0.264711 0.712016
v -0.244596 -0.264374 0.708199
v -0.269535 -0.263079 0.707525
v -0.289946 -0.263278 0.707628
v -0.245364 -0.270416 0.693432
v -0.270680 -0.269115 0.692755
v -0.291439 -0.269359 0.692882
v -0.126537 -0.376049 0.771567
v -0.154074 -0.367996 0.767373
v -0.181460 -0.358067 0.762202
v -0.180534 -0.379068 0.771574
v -0.153314 -0.390796 0.777682
v -0.126025 -0.400236 0.782599
v -0.180594 -0.383648 0.770318
v -0.153247 -0.395493 0.776487
v -0.125945 -0.404958 0.781417
v -0.180619 -0.392314 0.756919
v -0.153219 -0.404209 0.763114
v -0.125910 -0.413686 0.768049
v -0.270111 -0.352252 0.656033
v -0.253482 -0.363444 0.661819
v -0.232277 -0.376100 0.668393
v -0.231738 -0.390843 0.677634
v -0.254238 -0.374599 0.669174
v -0.273705 -0.358568 0.660825
v -0.232618 -0.391753 0.681749
v -0.255791 -0.374923 0.672984
v -0.275998 -0.358182 0.664265
v -0.232997 -0.385447 0.696378
v -0.256458 -0.368364 0.687481
v -0.276984 -0.351318 0.678604
v 0.019954 -0.430475 0.696710
v 0.043496 -0.429792 0.696354
v 0.067816 -0.427917 0.695378
v 0.093166 -0.436949 0.700302
v 0.093088 -0.443922 0.704258
v 0.093049 -0.447032 0.706320
v 0.067701 -0.452426 0.709707
v 0.043462 -0.454628 0.710854
v 0.019950 -0.455441 0.711278
v 0.093017 -0.448799 0.708542
v 0.093004 -0.449310 0.709667
v 0.092993 -0.449668 0.710831
v 0.067682 -0.454134 0.714238
v 0.043456 -0.456327 0.715381
v 0.019949 -0.457136 0.715802
v 0.092976 -0.449814 0.713357
v 0.092971 -0.449120 0.715644
v 0.092966 -0.447309 0.719818
v 0.067673 -0.448171 0.729046
v 0.043454 -0.450360 0.730186
v 0.019949 -0.451167 0.730606
v 0.019968 -0.298696 0.731281
v 0.043608 -0.298548 0.731203
v 0.068195 -0.298022 0.730930
v 0.094337 -0.284267 0.723545
v 0.094413 -0.277389 0.719639
v 0.094450 -0.274385 0.717632
v 0.068307 -0.273881 0.716791
v 0.043642 -0.274069 0.716889
v 0.019972 -0.274083 0.716897
v 0.094478 -0.272827 0.715519
v 0.094489 -0.272406 0.714441
v 0.094499 -0.272129 0.713319
v 0.068324 -0.272498 0.712430
v 0.043647 -0.272687 0.712528
v 0.019973 -0.272702 0.712536
v 0.094513 -0.272105 0.710856
v 0.094518 -0.272840 0.708591
v 0.094522 -0.274680 0.704432
v 0.068331 -0.278601 0.697695
v 0.043649 -0.278790 0.697794
v 0.019973 -0.278805 0.697802
v 0.094450 -0.315857 0.638003
v 0.094413 -0.319224 0.639313
v 0.094337 -0.326367 0.642710
v 0.068195 -0.340303 0.649747
v 0.043608 -0.340829 0.650021
v 0.019968 -0.340977 0.650098
v 0.019972 -0.315082 0.638177
v 0.043642 -0.315067 0.638169
v 0.068307 -0.314879 0.638071
v 0.094499 -0.311029 0.638627
v 0.094489 -0.312108 0.638211
v 0.094478 -0.313232 0.637937
v 0.019973 -0.310717 0.639545
v 0.043647 -0.310702 0.639537
v 0.068324 -0.310513 0.639438
v 0.094522 -0.305211 0.645812
v 0.094518 -0.307563 0.641919
v 0.094513 -0.308998 0.640019
v 0.019973 -0.302143 0.652992
v 0.043649 -0.302128 0.652985
v 0.068331 -0.301938 0.652886
v 0.093049 -0.405560 0.785949
v 0.093088 -0.402087 0.784584
v 0.093166 -0.394848 0.781137
v 0.067816 -0.385636 0.776560
v 0.043496 -0.387511 0.777537
v 0.019954 -0.388194 0.777893
v 0.019950 -0.414443 0.789998
v 0.043462 -0.413630 0.789575
v 0.067701 -0.411428 0.788427
v 0.092993 -0.410767 0.785523
v 0.093004 -0.409608 0.785898
v 0.093017 -0.408393 0.786123
v 0.019949 -0.419121 0.788793
v 0.043456 -0.418313 0.788372
v 0.067682 -0.416119 0.787230
v 0.092966 -0.416779 0.778439
v 0.092971 -0.414397 0.782315
v 0.092976 -0.412921 0.784195
v 0.019949 -0.427830 0.775416
v 0.043454 -0.427023 0.774995
v 0.067673 -0.424834 0.773855
v 0.286511 -0.305164 0.728074
v 0.286877 -0.306286 0.726010
v 0.287145 -0.308410 0.721999
v 0.299440 -0.298086 0.707844
v 0.306074 -0.286581 0.701851
v 0.306379 -0.277797 0.697277
v 0.299263 -0.268588 0.701259
v 0.298904 -0.266725 0.705406
v 0.298413 -0.265960 0.707656
v 0.304566 -0.271357 0.711836
v 0.304330 -0.279830 0.716249
v 0.297880 -0.290981 0.722056
v 0.283913 -0.303145 0.731309
v 0.284723 -0.303578 0.730676
v 0.285433 -0.304051 0.729944
v 0.296970 -0.265895 0.710072
v 0.296019 -0.266114 0.711164
v 0.294935 -0.266468 0.712207
v 0.300347 -0.271956 0.715789
v 0.300274 -0.279707 0.719826
v 0.294252 -0.290032 0.725203
v 0.277138 -0.302332 0.732905
v 0.280128 -0.302285 0.732590
v 0.281940 -0.302441 0.732242
v 0.292278 -0.267666 0.714131
v 0.289755 -0.269134 0.715325
v 0.285521 -0.271812 0.717009
v 0.282631 -0.279273 0.721100
v 0.282114 -0.286556 0.724918
v 0.278435 -0.295252 0.729422
v 0.298413 -0.302853 0.636818
v 0.298904 -0.301449 0.638735
v 0.299263 -0.299118 0.642639
v 0.306379 -0.301135 0.652467
v 0.306074 -0.309918 0.657042
v 0.299440 -0.321424 0.663034
v 0.287145 -0.338940 0.663379
v 0.286877 -0.341010 0.659339
v 0.286511 -0.342057 0.657237
v 0.297880 -0.328996 0.649065
v 0.304330 -0.317845 0.643257
v 0.304566 -0.309372 0.638844
v 0.294935 -0.306874 0.634626
v 0.296019 -0.305816 0.634934
v 0.296970 -0.304796 0.635380
v 0.285433 -0.342952 0.655252
v 0.284723 -0.343280 0.654445
v 0.283913 -0.343550 0.653727
v 0.294252 -0.331031 0.646483
v 0.300274 -0.320705 0.641106
v 0.300347 -0.312954 0.637069
v 0.285521 -0.313872 0.636251
v 0.289755 -0.310956 0.635022
v 0.292278 -0.309136 0.634504
v 0.281940 -0.343911 0.652616
v 0.280128 -0.344108 0.652288
v 0.277138 -0.344392 0.652147
v 0.278435 -0.337480 0.648342
v 0.282114 -0.328804 0.643798
v 0.282631 -0.321501 0.640020
v 0.210550 -0.303300 0.637051
v 0.210675 -0.301855 0.638947
v 0.210766 -0.299496 0.642835
v 0.238965 -0.293753 0.648623
v 0.264281 -0.292452 0.647946
v 0.285040 -0.292696 0.648073
v 0.283548 -0.301293 0.634637
v 0.263136 -0.301094 0.634533
v 0.238197 -0.302389 0.635208
v 0.209668 -0.307607 0.635007
v 0.209943 -0.306460 0.635269
v 0.210184 -0.305362 0.635675
v 0.280076 -0.305710 0.633296
v 0.260474 -0.305617 0.633248
v 0.236411 -0.306899 0.633915
v 0.207875 -0.318322 0.638520
v 0.208554 -0.312929 0.636035
v 0.209019 -0.310189 0.635051
v 0.271343 -0.317895 0.638140
v 0.254702 -0.320198 0.639296
v 0.232643 -0.323716 0.641111
v 0.210550 -0.266407 0.707888
v 0.210675 -0.267132 0.705618
v 0.210766 -0.268965 0.701455
v 0.181444 -0.274275 0.695442
v 0.151749 -0.275898 0.696287
v 0.122517 -0.277193 0.696962
v 0.122479 -0.271092 0.711698
v 0.151653 -0.269801 0.711025
v 0.181224 -0.268189 0.710186
v 0.209668 -0.267201 0.712589
v 0.209943 -0.266758 0.711500
v 0.210184 -0.266461 0.710367
v 0.122388 -0.272479 0.716061
v 0.151428 -0.271199 0.715394
v 0.180711 -0.269611 0.714568
v 0.207875 -0.276222 0.719355
v 0.208554 -0.271094 0.716361
v 0.209019 -0.268717 0.714680
v 0.121865 -0.294986 0.729348
v 0.150489 -0.292361 0.727982
v 0.179140 -0.289132 0.726300
v 0.200948 -0.370628 0.762168
v 0.200992 -0.372058 0.760265
v 0.201024 -0.374406 0.756370
v 0.226598 -0.362110 0.741188
v 0.250060 -0.345027 0.732291
v 0.270585 -0.327981 0.723413
v 0.269599 -0.320167 0.737257
v 0.249392 -0.336908 0.745976
v 0.226219 -0.353738 0.754741
v 0.200636 -0.366431 0.764269
v 0.200733 -0.367543 0.763990
v 0.200818 -0.368612 0.763568
v 0.267306 -0.317570 0.739545
v 0.247839 -0.333601 0.747894
v 0.225339 -0.349845 0.756354
v 0.200757 -0.355868 0.760836
v 0.200466 -0.361226 0.763303
v 0.200435 -0.363926 0.764266
v 0.263712 -0.310023 0.737117
v 0.247083 -0.321180 0.742971
v 0.225878 -0.333821 0.749572
v 0.200948 -0.407521 0.691331
v 0.200992 -0.406781 0.693593
v 0.201024 -0.404936 0.697750
v 0.174221 -0.415652 0.712109
v 0.146820 -0.427547 0.718304
v 0.119511 -0.437023 0.723240
v 0.119546 -0.442973 0.708425
v 0.146848 -0.433508 0.703496
v 0.174195 -0.421663 0.697327
v 0.200636 -0.406836 0.686687
v 0.200733 -0.407245 0.687759
v 0.200818 -0.407513 0.688876
v 0.119626 -0.441234 0.703879
v 0.146915 -0.431795 0.698962
v 0.174136 -0.420066 0.692854
v 0.200757 -0.397968 0.680000
v 0.200466 -0.403061 0.682977
v 0.200435 -0.405398 0.684637
v 0.120138 -0.418330 0.690385
v 0.147676 -0.410277 0.686190
v 0.175062 -0.400348 0.681019
v 0.122517 -0.300530 0.652153
v 0.151749 -0.299235 0.651478
v 0.181444 -0.297612 0.650633
v 0.181224 -0.306203 0.637194
v 0.151653 -0.307816 0.638034
v 0.122479 -0.309106 0.638706
v 0.180711 -0.310609 0.635848
v 0.151428 -0.312197 0.636674
v 0.122388 -0.313477 0.637341
v 0.179140 -0.331413 0.645117
v 0.150489 -0.334642 0.646799
v 0.121865 -0.337267 0.648166
v 0.285040 -0.269359 0.692882
v 0.264281 -0.269115 0.692755
v 0.238965 -0.270416 0.693432
v 0.238197 -0.264374 0.708199
v 0.263136 -0.263079 0.707525
v 0.283548 -0.263278 0.707628
v 0.236411 -0.265901 0.712635
v 0.260474 -0.264619 0.711968
v 0.280076 -0.264711 0.712016
v 0.232643 -0.281438 0.722290
v 0.254702 -0.277933 0.720447
v 0.271343 -0.275665 0.719223
v 0.119512 -0.413686 0.768049
v 0.146820 -0.404209 0.763114
v 0.174221 -0.392314 0.756919
v 0.174195 -0.383648 0.770318
v 0.146848 -0.395493 0.776487
v 0.119546 -0.404958 0.781417
v 0.174136 -0.379068 0.771574
v 0.146915 -0.390796 0.777682
v 0.119626 -0.400236 0.782599
v 0.175062 -0.358067 0.762202
v 0.147676 -0.367996 0.767373
v 0.120138 -0.376049 0.771567
v 0.270585 -0.351318 0.678604
v 0.250060 -0.368364 0.687481
v 0.226598 -0.385447 0.696378
v 0.226219 -0.391753 0.681749
v 0.249392 -0.374923 0.672984
v 0.269599 -0.358182 0.664265
v 0.225339 -0.390843 0.677634
v 0.247839 -0.374599 0.669174
v 0.267306 -0.358568 0.660825
v 0.225878 -0.376100 0.668393
v 0.247083 -0.363444 0.661819
v 0.263712 -0.352252 0.656033
v -0.099361 -0.438686 0.737134
v -0.099360 -0.432393 0.749310
v -0.099361 -0.426023 0.761447
v -0.207458 -0.383613 0.739359
v -0.207462 -0.389979 0.727220
v -0.207458 -0.396276 0.715046
v -0.003199 -0.446059 0.740974
v -0.003199 -0.439766 0.753150
v -0.003199 -0.433397 0.765287
v -0.099907 -0.362515 0.764649
v -0.100151 -0.339328 0.752617
v -0.100395 -0.316193 0.740524
v -0.211948 -0.299310 0.731731
v -0.210440 -0.315908 0.740420
v -0.208993 -0.332537 0.749036
v -0.003199 -0.367814 0.767409
v -0.003199 -0.343392 0.754734
v -0.003199 -0.319020 0.741997
v -0.100924 -0.283337 0.687134
v -0.100925 -0.289634 0.674959
v -0.100924 -0.295999 0.662821
v -0.217264 -0.290276 0.659840
v -0.217276 -0.283909 0.671978
v -0.217264 -0.277614 0.684153
v -0.003199 -0.284015 0.687487
v -0.003199 -0.290312 0.675312
v -0.003199 -0.296677 0.663174
v -0.100395 -0.358581 0.659136
v -0.100151 -0.381752 0.671160
v -0.099907 -0.404903 0.683261
v -0.208993 -0.374925 0.667648
v -0.210440 -0.358332 0.658962
v -0.211948 -0.341698 0.650343
v -0.003199 -0.361409 0.660608
v -0.003199 -0.385816 0.673277
v -0.003199 -0.410202 0.686021
v 0.092962 -0.438686 0.737134
v 0.092961 -0.432393 0.749310
v 0.092962 -0.426023 0.761447
v 0.093996 -0.358581 0.659136
v 0.093752 -0.381752 0.671160
v 0.093508 -0.404903 0.683261
v 0.094526 -0.283337 0.687134
v 0.094526 -0.289634 0.674959
v 0.094526 -0.295999 0.662821
v 0.093508 -0.362515 0.764649
v 0.093752 -0.339328 0.752617
v 0.093996 -0.316193 0.740524
v -0.293835 -0.317373 0.704861
v -0.293871 -0.323708 0.692706
v -0.293835 -0.330036 0.680548
v -0.306051 -0.277268 0.683973
v -0.306099 -0.283568 0.671800
v -0.306051 -0.289931 0.659660
v 0.201059 -0.396276 0.715046
v 0.201063 -0.389979 0.727220
v 0.201059 -0.383613 0.739359
v 0.202594 -0.332537 0.749036
v 0.204041 -0.315908 0.740420
v 0.205550 -0.299310 0.731731
v 0.210865 -0.277614 0.684153
v 0.210877 -0.283909 0.671978
v 0.210865 -0.290276 0.659840
v 0.205550 -0.341698 0.650343
v 0.204041 -0.358332 0.658962
v 0.202594 -0.374925 0.667648
v 0.287436 -0.330036 0.680548
v 0.287472 -0.323708 0.692706
v 0.287436 -0.317373 0.704861
v 0.299652 -0.289931 0.659660
v 0.299701 -0.283568 0.671800
v 0.299652 -0.277268 0.683973
v -0.237348 -0.335751 0.647249
v -0.235485 -0.350006 0.654630
v -0.233680 -0.364226 0.662079
v -0.259336 -0.330060 0.644307
v -0.257432 -0.341776 0.650367
v -0.255215 -0.353621 0.656578
v -0.276623 -0.325321 0.641898
v -0.275238 -0.334513 0.646648
v -0.272460 -0.344305 0.651785
v -0.128919 -0.282427 0.686660
v -0.128920 -0.288724 0.674485
v -0.128919 -0.295089 0.662347
v -0.158156 -0.281131 0.685985
v -0.158159 -0.287428 0.673811
v -0.158156 -0.293794 0.661672
v -0.187861 -0.279507 0.685140
v -0.187868 -0.285804 0.672965
v -0.187861 -0.292170 0.660826
v -0.127869 -0.355765 0.657669
v -0.127399 -0.377839 0.669122
v -0.126930 -0.399892 0.680651
v -0.156235 -0.351913 0.655663
v -0.155467 -0.372503 0.666343
v -0.154706 -0.393071 0.677099
v -0.184569 -0.347174 0.653195
v -0.183448 -0.365936 0.662923
v -0.182354 -0.384671 0.672724
v -0.126930 -0.357504 0.762039
v -0.127399 -0.335415 0.750579
v -0.127869 -0.313377 0.739058
v -0.154706 -0.350683 0.758487
v -0.155467 -0.330079 0.747800
v -0.156235 -0.309525 0.737051
v -0.182354 -0.342283 0.754112
v -0.183448 -0.323513 0.744380
v -0.184569 -0.304786 0.734583
v 0.067672 -0.442949 0.739354
v 0.067672 -0.436656 0.751530
v 0.067672 -0.430286 0.763667
v 0.043454 -0.445138 0.740494
v 0.043453 -0.438845 0.752670
v 0.043454 -0.432475 0.764807
v 0.019949 -0.445944 0.740914
v 0.019949 -0.439651 0.753090
v 0.019949 -0.433282 0.765227
v -0.233680 -0.321840 0.743462
v -0.235485 -0.307585 0.736081
v -0.237348 -0.293366 0.728632
v -0.255215 -0.311253 0.737926
v -0.257432 -0.299375 0.731782
v -0.259336 -0.287693 0.725656
v -0.272460 -0.301986 0.733041
v -0.275238 -0.292164 0.727962
v -0.276623 -0.283002 0.723154
v -0.305969 -0.303404 0.697585
v -0.312618 -0.291869 0.691578
v -0.312929 -0.283060 0.686990
v -0.306012 -0.309729 0.685425
v -0.312667 -0.298184 0.679412
v -0.312980 -0.289366 0.674820
v -0.305969 -0.316067 0.673272
v -0.312618 -0.304531 0.667264
v -0.312929 -0.295722 0.662677
v 0.119509 -0.431802 0.733548
v 0.146817 -0.422324 0.728612
v 0.174223 -0.410425 0.722415
v 0.119508 -0.425509 0.745725
v 0.146817 -0.416031 0.740789
v 0.174223 -0.404131 0.734591
v 0.119509 -0.419139 0.757861
v 0.146817 -0.409662 0.752926
v 0.174223 -0.397763 0.746728
v -0.245428 -0.275644 0.683128
v -0.245449 -0.281940 0.670952
v -0.245428 -0.288307 0.658815
v -0.270775 -0.274344 0.682450
v -0.270807 -0.280639 0.670275
v -0.270775 -0.287006 0.658137
v -0.291563 -0.274591 0.682579
v -0.291605 -0.280888 0.670404
v -0.291563 -0.287254 0.658266
v -0.026356 -0.367741 0.767371
v -0.026360 -0.343346 0.754709
v -0.026363 -0.319000 0.741986
v -0.049921 -0.367179 0.767078
v -0.049951 -0.342930 0.754493
v -0.049982 -0.318730 0.741846
v -0.074302 -0.365609 0.766261
v -0.074405 -0.341729 0.753867
v -0.074507 -0.317899 0.741413
v -0.074302 -0.407997 0.684872
v -0.074405 -0.384152 0.672410
v -0.074507 -0.360287 0.660024
v -0.049921 -0.409567 0.685690
v -0.049951 -0.385353 0.673036
v -0.049982 -0.361118 0.660457
v -0.026356 -0.410129 0.685983
v -0.026360 -0.385770 0.673252
v -0.026363 -0.361388 0.660598
v -0.074071 -0.442949 0.739354
v -0.049852 -0.445138 0.740494
v -0.026347 -0.445944 0.740914
v -0.074071 -0.436656 0.751530
v -0.049852 -0.438845 0.752670
v -0.026347 -0.439651 0.753090
v -0.074071 -0.430286 0.763667
v -0.049852 -0.432475 0.764807
v -0.026347 -0.433282 0.765227
v -0.026372 -0.296702 0.663187
v -0.050048 -0.296687 0.663179
v -0.074731 -0.296498 0.663080
v -0.026372 -0.290336 0.675325
v -0.050048 -0.290321 0.675318
v -0.074731 -0.290132 0.675219
v -0.026372 -0.284040 0.687500
v -0.050048 -0.284025 0.687492
v -0.074731 -0.283835 0.687393
v 0.230949 -0.335751 0.647249
v 0.252937 -0.330060 0.644307
v 0.270225 -0.325321 0.641898
v 0.229087 -0.350006 0.654630
v 0.251033 -0.341776 0.650367
v 0.268839 -0.334513 0.646648
v 0.227281 -0.364226 0.662079
v 0.248816 -0.353621 0.656578
v 0.266061 -0.344305 0.651785
v -0.233028 -0.380196 0.706671
v -0.233039 -0.373893 0.718843
v -0.233028 -0.367533 0.730984
v -0.256514 -0.363092 0.697764
v -0.256533 -0.356783 0.709931
v -0.256514 -0.350430 0.722077
v -0.277066 -0.346021 0.688872
v -0.277094 -0.339702 0.701036
v -0.277066 -0.333358 0.713186
v 0.019957 -0.367741 0.767371
v 0.043522 -0.367179 0.767078
v 0.067903 -0.365609 0.766261
v 0.019961 -0.343346 0.754709
v 0.043552 -0.342930 0.754493
v 0.068006 -0.341729 0.753867
v 0.019965 -0.319000 0.741986
v 0.043583 -0.318730 0.741846
v 0.068109 -0.317899 0.741413
v 0.067903 -0.407997 0.684872
v 0.043522 -0.409567 0.685690
v 0.019957 -0.410129 0.685983
v 0.068006 -0.384152 0.672410
v 0.043552 -0.385353 0.673036
v 0.019961 -0.385770 0.673252
v 0.068109 -0.360287 0.660024
v 0.043583 -0.361118 0.660457
v 0.019965 -0.361388 0.660598
v 0.019973 -0.296702 0.663187
v 0.019973 -0.290336 0.675325
v 0.019973 -0.284040 0.687500
v 0.043649 -0.296687 0.663179
v 0.043649 -0.290321 0.675318
v 0.043649 -0.284025 0.687492
v 0.068332 -0.296498 0.663080
v 0.068332 -0.290132 0.675219
v 0.068332 -0.283835 0.687393
v 0.227281 -0.321840 0.743462
v 0.248816 -0.311253 0.737926
v 0.266061 -0.301986 0.733041
v 0.229087 -0.307585 0.736081
v 0.251033 -0.299375 0.731782
v 0.268839 -0.292164 0.727962
v 0.230949 -0.293366 0.728632
v 0.252937 -0.287693 0.725656
v 0.270225 -0.283002 0.723154
v 0.299570 -0.303404 0.697585
v 0.299614 -0.309729 0.685425
v 0.299570 -0.316067 0.673272
v 0.306219 -0.291869 0.691578
v 0.306268 -0.298184 0.679412
v 0.306219 -0.304531 0.667264
v 0.306531 -0.283060 0.686990
v 0.306581 -0.289366 0.674820
v 0.306531 -0.295722 0.662677
v 0.239029 -0.275644 0.683128
v 0.264376 -0.274344 0.682450
v 0.285165 -0.274591 0.682579
v 0.239051 -0.281940 0.670952
v 0.264408 -0.280639 0.670275
v 0.285206 -0.280888 0.670404
v 0.239029 -0.288307 0.658815
v 0.264376 -0.287006 0.658137
v 0.285165 -0.287254 0.658266
v 0.122521 -0.282427 0.686660
v 0.151757 -0.281131 0.685985
v 0.181463 -0.279507 0.685140
v 0.122522 -0.288724 0.674485
v 0.151760 -0.287428 0.673811
v 0.181469 -0.285804 0.672965
v 0.122521 -0.295089 0.662347
v 0.151757 -0.293794 0.661672
v 0.181463 -0.292170 0.660826
v 0.226629 -0.380196 0.706671
v 0.250116 -0.363092 0.697764
v 0.270668 -0.346021 0.688872
v 0.226640 -0.373893 0.718843
v 0.250134 -0.356783 0.709931
v 0.270695 -0.339702 0.701036
v 0.226629 -0.367533 0.730984
v 0.250116 -0.350430 0.722077
v 0.270668 -0.333358 0.713186
v 0.120532 -0.357504 0.762039
v 0.148307 -0.350683 0.758487
v 0.175955 -0.342283 0.754112
v 0.121001 -0.335415 0.750579
v 0.149068 -0.330079 0.747800
v 0.177050 -0.323513 0.744380
v 0.121470 -0.313377 0.739058
v 0.149836 -0.309525 0.737051
v 0.178170 -0.304786 0.734583
v 0.121470 -0.355765 0.657669
v 0.149836 -0.351913 0.655663
v 0.178170 -0.347174 0.653195
v 0.121001 -0.377839 0.669122
v 0.149068 -0.372503 0.666343
v 0.177050 -0.365936 0.662923
v 0.120532 -0.399892 0.680651
v 0.148307 -0.393071 0.677099
v 0.175955 -0.384671 0.672724
v -0.026347 -0.454570 0.723600
v -0.049853 -0.453763 0.723180
v -0.074073 -0.451574 0.722039
v -0.026347 -0.456384 0.719427
v -0.049853 -0.455576 0.719007
v -0.074075 -0.453386 0.717866
v -0.026348 -0.457081 0.717142
v -0.049854 -0.456273 0.716722
v -0.074077 -0.454081 0.715580
v -0.026348 -0.456946 0.714621
v -0.049856 -0.456136 0.714200
v -0.074084 -0.453941 0.713057
v -0.026348 -0.456595 0.713461
v -0.049858 -0.455784 0.713039
v -0.074089 -0.453587 0.711895
v -0.026348 -0.456091 0.712340
v -0.049859 -0.455279 0.711917
v -0.074094 -0.453080 0.710771
v -0.026349 -0.454324 0.710118
v -0.049863 -0.453512 0.709695
v -0.074108 -0.451312 0.708549
v -0.026349 -0.451102 0.707997
v -0.049868 -0.450304 0.707581
v -0.074124 -0.448138 0.706453
v -0.026351 -0.443808 0.703875
v -0.049878 -0.443048 0.703479
v -0.074157 -0.440980 0.702402
v -0.026372 -0.275383 0.704798
v -0.050047 -0.275368 0.704790
v -0.074729 -0.275179 0.704692
v -0.026372 -0.273542 0.708957
v -0.050047 -0.273527 0.708949
v -0.074728 -0.273338 0.708850
v -0.026372 -0.272807 0.711222
v -0.050046 -0.272792 0.711214
v -0.074725 -0.272603 0.711115
v -0.026371 -0.272830 0.713684
v -0.050044 -0.272815 0.713676
v -0.074719 -0.272626 0.713578
v -0.026371 -0.273107 0.714806
v -0.050043 -0.273092 0.714798
v -0.074715 -0.272904 0.714700
v -0.026371 -0.273527 0.715883
v -0.050042 -0.273512 0.715876
v -0.074711 -0.273324 0.715778
v -0.026371 -0.275101 0.718005
v -0.050038 -0.275084 0.717996
v -0.074699 -0.274891 0.717896
v -0.026370 -0.278225 0.720075
v -0.050034 -0.278194 0.720059
v -0.074683 -0.277964 0.719939
v -0.026369 -0.285431 0.724152
v -0.050024 -0.285361 0.724115
v -0.074651 -0.285030 0.723943
v -0.074729 -0.305709 0.646071
v -0.050047 -0.305898 0.646170
v -0.026372 -0.305913 0.646178
v -0.074728 -0.308061 0.642179
v -0.050047 -0.308250 0.642277
v -0.026372 -0.308265 0.642285
v -0.074725 -0.309496 0.640278
v -0.050046 -0.309685 0.640377
v -0.026372 -0.309700 0.640384
v -0.074719 -0.311527 0.638886
v -0.050044 -0.311716 0.638984
v -0.026371 -0.311731 0.638992
v -0.074715 -0.312605 0.638470
v -0.050043 -0.312794 0.638568
v -0.026371 -0.312809 0.638575
v -0.074711 -0.313729 0.638196
v -0.050042 -0.313918 0.638294
v -0.026371 -0.313932 0.638302
v -0.074699 -0.316363 0.638266
v -0.050038 -0.316556 0.638367
v -0.026371 -0.316573 0.638376
v -0.074683 -0.319799 0.639613
v -0.050034 -0.320029 0.639732
v -0.026370 -0.320060 0.639749
v -0.074651 -0.327130 0.643107
v -0.050024 -0.327461 0.643279
v -0.026369 -0.327532 0.643316
v -0.074073 -0.421043 0.780660
v -0.049853 -0.423233 0.781800
v -0.026347 -0.424040 0.782220
v -0.074075 -0.418662 0.784537
v -0.049853 -0.420853 0.785678
v -0.026347 -0.421660 0.786098
v -0.074077 -0.417188 0.786417
v -0.049854 -0.419380 0.787559
v -0.026348 -0.420188 0.787979
v -0.074084 -0.415040 0.787749
v -0.049856 -0.417236 0.788892
v -0.026348 -0.418045 0.789314
v -0.074089 -0.413885 0.788125
v -0.049858 -0.416083 0.789269
v -0.026348 -0.416893 0.789691
v -0.074094 -0.412674 0.788353
v -0.049859 -0.414874 0.789499
v -0.026348 -0.415685 0.789921
v -0.074108 -0.409840 0.788179
v -0.049863 -0.412040 0.789325
v -0.026349 -0.412852 0.789748
v -0.074124 -0.406303 0.786779
v -0.049868 -0.408469 0.787907
v -0.026349 -0.409268 0.788323
v -0.074157 -0.398880 0.783237
v -0.049878 -0.400948 0.784314
v -0.026351 -0.401708 0.784710
v -0.292484 -0.291884 0.727477
v -0.297261 -0.282911 0.722816
v -0.297260 -0.276033 0.719222
v -0.296925 -0.290495 0.726454
v -0.302425 -0.280894 0.721457
v -0.302387 -0.273702 0.717708
v -0.299321 -0.290035 0.725781
v -0.305175 -0.279997 0.720554
v -0.305196 -0.272487 0.716642
v -0.301728 -0.290167 0.724550
v -0.307877 -0.279597 0.719045
v -0.307998 -0.271632 0.714896
v -0.302702 -0.290373 0.723799
v -0.308966 -0.279582 0.718178
v -0.309131 -0.271422 0.713929
v -0.303558 -0.290646 0.722963
v -0.309922 -0.279659 0.717241
v -0.310126 -0.271330 0.712903
v -0.304855 -0.291456 0.720934
v -0.311372 -0.280174 0.715058
v -0.311634 -0.271586 0.710586
v -0.305296 -0.292474 0.718817
v -0.311866 -0.281092 0.712889
v -0.312147 -0.272417 0.708371
v -0.305619 -0.294523 0.714766
v -0.312227 -0.283067 0.708800
v -0.312522 -0.274328 0.704248
v -0.297260 -0.318104 0.638441
v -0.297261 -0.324992 0.642017
v -0.292484 -0.333955 0.646697
v -0.302387 -0.315527 0.637399
v -0.302425 -0.322723 0.641143
v -0.296925 -0.332320 0.646145
v -0.305196 -0.313958 0.637015
v -0.305175 -0.321468 0.640926
v -0.299321 -0.331506 0.646154
v -0.307998 -0.312037 0.637315
v -0.307877 -0.320003 0.641463
v -0.301728 -0.330573 0.646968
v -0.309131 -0.311124 0.637698
v -0.308966 -0.319283 0.641947
v -0.302702 -0.330075 0.647568
v -0.310126 -0.310230 0.638210
v -0.309922 -0.318560 0.642549
v -0.303558 -0.329547 0.648270
v -0.311634 -0.308479 0.639749
v -0.311372 -0.317067 0.644221
v -0.304855 -0.328349 0.650097
v -0.312147 -0.307140 0.641699
v -0.311866 -0.315816 0.646217
v -0.305296 -0.327198 0.652145
v -0.312522 -0.304858 0.645628
v -0.312227 -0.313597 0.650180
v -0.305619 -0.325053 0.656146
v -0.240410 -0.315587 0.637097
v -0.263000 -0.313405 0.635971
v -0.280446 -0.312565 0.635555
v -0.241451 -0.310815 0.634934
v -0.264732 -0.309276 0.634136
v -0.283345 -0.309070 0.634036
v -0.242214 -0.308292 0.634063
v -0.265971 -0.306981 0.633380
v -0.285256 -0.307011 0.633397
v -0.243340 -0.305706 0.634018
v -0.267663 -0.304421 0.633348
v -0.287505 -0.304545 0.633413
v -0.243820 -0.304544 0.634271
v -0.268378 -0.303255 0.633600
v -0.288437 -0.303407 0.633679
v -0.244241 -0.303432 0.634670
v -0.269006 -0.302140 0.633997
v -0.289256 -0.302317 0.634089
v -0.244880 -0.301349 0.636035
v -0.269958 -0.300052 0.635360
v -0.290497 -0.300267 0.635472
v -0.245097 -0.299897 0.637927
v -0.270281 -0.298599 0.637251
v -0.290920 -0.298827 0.637369
v -0.245256 -0.297532 0.641813
v -0.270518 -0.296233 0.641136
v -0.291228 -0.296470 0.641260
v -0.186225 -0.278829 0.720713
v -0.157333 -0.281098 0.721895
v -0.128527 -0.282941 0.722855
v -0.186663 -0.273136 0.717424
v -0.157600 -0.274917 0.718352
v -0.128677 -0.276360 0.719103
v -0.186932 -0.270561 0.715640
v -0.157745 -0.272167 0.716477
v -0.128752 -0.273465 0.717153
v -0.187262 -0.269042 0.713548
v -0.157893 -0.270637 0.714378
v -0.128814 -0.271921 0.715047
v -0.187400 -0.268611 0.712465
v -0.157954 -0.270213 0.713299
v -0.128838 -0.271499 0.713969
v -0.187521 -0.268325 0.711338
v -0.158007 -0.269932 0.712175
v -0.128859 -0.271221 0.712846
v -0.187704 -0.268287 0.708868
v -0.158087 -0.269903 0.709709
v -0.128892 -0.271196 0.710382
v -0.187766 -0.269017 0.706600
v -0.158114 -0.270636 0.707443
v -0.128903 -0.271930 0.708117
v -0.187812 -0.270855 0.702440
v -0.158134 -0.272476 0.703284
v -0.128911 -0.273771 0.703958
v -0.231550 -0.341789 0.753502
v -0.252979 -0.327493 0.746047
v -0.270424 -0.314167 0.739084
v -0.231361 -0.346341 0.755550
v -0.253272 -0.330908 0.747509
v -0.271824 -0.315965 0.739719
v -0.231481 -0.348650 0.756310
v -0.253747 -0.332648 0.747975
v -0.272924 -0.316921 0.739784
v -0.231999 -0.350854 0.756156
v -0.254699 -0.334436 0.747606
v -0.274386 -0.318194 0.739147
v -0.232236 -0.351851 0.755817
v -0.255116 -0.335276 0.747184
v -0.275002 -0.318843 0.738626
v -0.232443 -0.352818 0.755343
v -0.255482 -0.336104 0.746638
v -0.275542 -0.319504 0.737992
v -0.232758 -0.354680 0.753862
v -0.256037 -0.337757 0.745048
v -0.276362 -0.320903 0.736271
v -0.232865 -0.356057 0.751932
v -0.256226 -0.339063 0.743081
v -0.276641 -0.322123 0.734258
v -0.232943 -0.358368 0.748017
v -0.256364 -0.341321 0.739139
v -0.276845 -0.324317 0.730284
v -0.180899 -0.410690 0.686626
v -0.153663 -0.421609 0.692313
v -0.126276 -0.430452 0.696919
v -0.180621 -0.416431 0.689940
v -0.153441 -0.427878 0.695902
v -0.126128 -0.437132 0.700721
v -0.180531 -0.419061 0.691752
v -0.153345 -0.430726 0.697828
v -0.126057 -0.440136 0.702729
v -0.180552 -0.420686 0.693901
v -0.153294 -0.432450 0.700027
v -0.126001 -0.441897 0.704947
v -0.180568 -0.421164 0.695008
v -0.153276 -0.432959 0.701151
v -0.125980 -0.442413 0.706075
v -0.180582 -0.421492 0.696157
v -0.153260 -0.433314 0.702314
v -0.125961 -0.442774 0.707241
v -0.180603 -0.421592 0.698659
v -0.153237 -0.433455 0.704838
v -0.125932 -0.442925 0.709770
v -0.180610 -0.420883 0.700938
v -0.153228 -0.432760 0.707124
v -0.125922 -0.442233 0.712057
v -0.180616 -0.419061 0.705106
v -0.153223 -0.430949 0.711298
v -0.125915 -0.440424 0.716232
v -0.128527 -0.325041 0.642019
v -0.157333 -0.323198 0.641059
v -0.186225 -0.320929 0.639877
v -0.128677 -0.318195 0.638777
v -0.157600 -0.316752 0.638026
v -0.186663 -0.314971 0.637098
v -0.128752 -0.314937 0.637524
v -0.157745 -0.313639 0.636847
v -0.186932 -0.312033 0.636011
v -0.128814 -0.312326 0.637465
v -0.157893 -0.311043 0.636797
v -0.187262 -0.309448 0.635966
v -0.128838 -0.311201 0.637738
v -0.157954 -0.309915 0.637068
v -0.187400 -0.308313 0.636234
v -0.128859 -0.310122 0.638154
v -0.158007 -0.308833 0.637483
v -0.187521 -0.307225 0.636645
v -0.128892 -0.308089 0.639545
v -0.158087 -0.306796 0.638872
v -0.187704 -0.305180 0.638030
v -0.128903 -0.306654 0.641446
v -0.158114 -0.305360 0.640772
v -0.187766 -0.303741 0.639929
v -0.128911 -0.304301 0.645338
v -0.158134 -0.303006 0.644664
v -0.187812 -0.301385 0.643819
v -0.280446 -0.270493 0.716338
v -0.263000 -0.271315 0.716788
v -0.240410 -0.273488 0.717930
v -0.283345 -0.267244 0.714345
v -0.264732 -0.267444 0.714456
v -0.241451 -0.268981 0.715260
v -0.285256 -0.265540 0.713024
v -0.265971 -0.265509 0.713009
v -0.242214 -0.266820 0.713692
v -0.287505 -0.264139 0.710994
v -0.267663 -0.264015 0.710930
v -0.243340 -0.265301 0.711599
v -0.288437 -0.263706 0.709910
v -0.268378 -0.263553 0.709830
v -0.243820 -0.264842 0.710502
v -0.289256 -0.263416 0.708781
v -0.269006 -0.263239 0.708689
v -0.244241 -0.264531 0.709362
v -0.290497 -0.263375 0.706309
v -0.269958 -0.263159 0.706197
v -0.244880 -0.264456 0.706872
v -0.290920 -0.264104 0.704041
v -0.270281 -0.263875 0.703922
v -0.245097 -0.265174 0.704598
v -0.291228 -0.265940 0.699880
v -0.270518 -0.265702 0.699756
v -0.245256 -0.267002 0.700433
v -0.126276 -0.388352 0.777754
v -0.153663 -0.379508 0.773148
v -0.180899 -0.368590 0.767462
v -0.126128 -0.395297 0.781047
v -0.153441 -0.386043 0.776228
v -0.180621 -0.374596 0.770266
v -0.126057 -0.398664 0.782358
v -0.153345 -0.389254 0.777457
v -0.180531 -0.377589 0.771382
v -0.126001 -0.401491 0.782529
v -0.153294 -0.392044 0.777609
v -0.180552 -0.380281 0.771482
v -0.125980 -0.402711 0.782305
v -0.153276 -0.393257 0.777381
v -0.180568 -0.381462 0.771239
v -0.125961 -0.403873 0.781933
v -0.153260 -0.394413 0.777006
v -0.180582 -0.382591 0.770849
v -0.125932 -0.406032 0.780607
v -0.153237 -0.396563 0.775675
v -0.180603 -0.384699 0.769496
v -0.125922 -0.407510 0.778729
v -0.153228 -0.398037 0.773795
v -0.180610 -0.386160 0.767609
v -0.125915 -0.409894 0.774853
v -0.153223 -0.400419 0.769918
v -0.180616 -0.388531 0.763727
v -0.270424 -0.356239 0.658301
v -0.252979 -0.369584 0.665229
v -0.231550 -0.383887 0.672669
v -0.271824 -0.357791 0.659410
v -0.253272 -0.372740 0.667189
v -0.231361 -0.388176 0.675225
v -0.272924 -0.358392 0.660157
v -0.253747 -0.374119 0.668347
v -0.231481 -0.390122 0.676681
v -0.274386 -0.358600 0.661565
v -0.254699 -0.374842 0.670024
v -0.231999 -0.391260 0.678575
v -0.275002 -0.358545 0.662395
v -0.255116 -0.374977 0.670954
v -0.232236 -0.391553 0.679586
v -0.275542 -0.358405 0.663300
v -0.255482 -0.375005 0.671946
v -0.232443 -0.391719 0.680650
v -0.276362 -0.357796 0.665434
v -0.256037 -0.374650 0.674211
v -0.232758 -0.391573 0.683025
v -0.276641 -0.356846 0.667587
v -0.256226 -0.373786 0.676409
v -0.232865 -0.390781 0.685260
v -0.276845 -0.354848 0.671663
v -0.256364 -0.371851 0.680519
v -0.232943 -0.388898 0.689397
v 0.019952 -0.443808 0.703875
v 0.043479 -0.443048 0.703479
v 0.067758 -0.440980 0.702402
v 0.019951 -0.451102 0.707997
v 0.043469 -0.450304 0.707581
v 0.067725 -0.448138 0.706453
v 0.019950 -0.454324 0.710118
v 0.043464 -0.453512 0.709695
v 0.067709 -0.451312 0.708549
v 0.019950 -0.456091 0.712340
v 0.043460 -0.455279 0.711917
v 0.067695 -0.453080 0.710771
v 0.019949 -0.456595 0.713461
v 0.043459 -0.455784 0.713039
v 0.067690 -0.453587 0.711895
v 0.019949 -0.456946 0.714621
v 0.043457 -0.456136 0.714200
v 0.067685 -0.453941 0.713057
v 0.019949 -0.457081 0.717142
v 0.043455 -0.456273 0.716722
v 0.067678 -0.454081 0.715580
v 0.019949 -0.456384 0.719427
v 0.043455 -0.455576 0.719007
v 0.067676 -0.453386 0.717866
v 0.019949 -0.454570 0.723600
v 0.043454 -0.453763 0.723180
v 0.067674 -0.451574 0.722039
v 0.019970 -0.285431 0.724152
v 0.043625 -0.285361 0.724115
v 0.068252 -0.285030 0.723943
v 0.019971 -0.278225 0.720075
v 0.043635 -0.278194 0.720059
v 0.068285 -0.277964 0.719939
v 0.019972 -0.275101 0.718005
v 0.043640 -0.275084 0.717996
v 0.068300 -0.274891 0.717896
v 0.019972 -0.273527 0.715883
v 0.043643 -0.273512 0.715876
v 0.068312 -0.273324 0.715778
v 0.019973 -0.273107 0.714806
v 0.043644 -0.273092 0.714798
v 0.068317 -0.272904 0.714700
v 0.019973 -0.272830 0.713684
v 0.043646 -0.272815 0.713676
v 0.068321 -0.272626 0.713578
v 0.019973 -0.272807 0.711222
v 0.043647 -0.272792 0.711214
v 0.068327 -0.272603 0.711115
v 0.019973 -0.273542 0.708957
v 0.043648 -0.273527 0.708949
v 0.068329 -0.273338 0.708850
v 0.019973 -0.275383 0.704798
v 0.043649 -0.275368 0.704790
v 0.068330 -0.275179 0.704692
v 0.068252 -0.327130 0.643107
v 0.043625 -0.327461 0.643279
v 0.019970 -0.327532 0.643316
v 0.068285 -0.319799 0.639613
v 0.043635 -0.320029 0.639732
v 0.019971 -0.320060 0.639749
v 0.068300 -0.316363 0.638266
v 0.043640 -0.316556 0.638367
v 0.019972 -0.316573 0.638376
v 0.068312 -0.313729 0.638196
v 0.043643 -0.313918 0.638294
v 0.019972 -0.313932 0.638302
v 0.068317 -0.312605 0.638470
v 0.043644 -0.312794 0.638568
v 0.019973 -0.312809 0.638575
v 0.068321 -0.311527 0.638886
v 0.043646 -0.311716 0.638984
v 0.019973 -0.311731 0.638992
v 0.068327 -0.309496 0.640278
v 0.043647 -0.309685 0.640377
v 0.019973 -0.309700 0.640384
v 0.068329 -0.308061 0.642179
v 0.043648 -0.308250 0.642277
v 0.019973 -0.308265 0.642285
v 0.068330 -0.305709 0.646071
v 0.043649 -0.305898 0.646170
v 0.019973 -0.305913 0.646178
v 0.067758 -0.398880 0.783237
v 0.043479 -0.400948 0.784314
v 0.019952 -0.401708 0.784710
v 0.067725 -0.406303 0.786779
v 0.043469 -0.408469 0.787907
v 0.019951 -0.409268 0.788323
v 0.067709 -0.409840 0.788179
v 0.043464 -0.412040 0.789325
v 0.019950 -0.412852 0.789748
v 0.067695 -0.412674 0.788353
v 0.043460 -0.414874 0.789499
v 0.019950 -0.415685 0.789921
v 0.067690 -0.413885 0.788125
v 0.043459 -0.416083 0.789269
v 0.019949 -0.416893 0.789691
v 0.067685 -0.415040 0.787749
v 0.043457 -0.417236 0.788892
v 0.019949 -0.418045 0.789314
v 0.067678 -0.417188 0.786417
v 0.043455 -0.419380 0.787559
v 0.019949 -0.420188 0.787979
v 0.067676 -0.418662 0.784537
v 0.043455 -0.420853 0.785678
v 0.019949 -0.421660 0.786098
v 0.067674 -0.421043 0.780660
v 0.043454 -0.423233 0.781800
v 0.019949 -0.424040 0.782220
v 0.299220 -0.294523 0.714766
v 0.305828 -0.283067 0.708800
v 0.306124 -0.274328 0.704248
v 0.298898 -0.292474 0.718817
v 0.305467 -0.281092 0.712889
v 0.305748 -0.272417 0.708371
v 0.298456 -0.291456 0.720934
v 0.304974 -0.280174 0.715058
v 0.305235 -0.271586 0.710586
v 0.297159 -0.290646 0.722963
v 0.303524 -0.279659 0.717241
v 0.303727 -0.271330 0.712903
v 0.296304 -0.290373 0.723799
v 0.302567 -0.279582 0.718178
v 0.302732 -0.271422 0.713929
v 0.295329 -0.290167 0.724550
v 0.301478 -0.279597 0.719045
v 0.301599 -0.271632 0.714896
v 0.292923 -0.290035 0.725781
v 0.298777 -0.279997 0.720554
v 0.298797 -0.272487 0.716642
v 0.290527 -0.290495 0.726454
v 0.296026 -0.280894 0.721457
v 0.295989 -0.273702 0.717708
v 0.286085 -0.291884 0.727477
v 0.290862 -0.282911 0.722816
v 0.290861 -0.276033 0.719222
v 0.306124 -0.304858 0.645628
v 0.305828 -0.313597 0.650180
v 0.299220 -0.325053 0.656146
v 0.305748 -0.307140 0.641699
v 0.305467 -0.315816 0.646217
v 0.298898 -0.327198 0.652145
v 0.305235 -0.308479 0.639749
v 0.304974 -0.317067 0.644221
v 0.298456 -0.328349 0.650097
v 0.303727 -0.310230 0.638210
v 0.303524 -0.318560 0.642549
v 0.297159 -0.329547 0.648270
v 0.302732 -0.311124 0.637698
v 0.302567 -0.319283 0.641948
v 0.296304 -0.330075 0.647568
v 0.301599 -0.312037 0.637315
v 0.301478 -0.320003 0.641463
v 0.295329 -0.330573 0.646968
v 0.298797 -0.313958 0.637015
v 0.298777 -0.321468 0.640926
v 0.292923 -0.331506 0.646154
v 0.295989 -0.315527 0.637399
v 0.296026 -0.322723 0.641143
v 0.290527 -0.332320 0.646145
v 0.290861 -0.318104 0.638441
v 0.290862 -0.324992 0.642017
v 0.286085 -0.333955 0.646697
v 0.238857 -0.297532 0.641813
v 0.264120 -0.296233 0.641136
v 0.284830 -0.296470 0.641260
v 0.238698 -0.299897 0.637927
v 0.263883 -0.298599 0.637251
v 0.284521 -0.298827 0.637369
v 0.238481 -0.301349 0.636035
v 0.263559 -0.300052 0.635360
v 0.284099 -0.300267 0.635472
v 0.237842 -0.303432 0.634670
v 0.262607 -0.302140 0.633997
v 0.282858 -0.302317 0.634089
v 0.237421 -0.304544 0.634271
v 0.261980 -0.303255 0.633600
v 0.282039 -0.303407 0.633679
v 0.236941 -0.305706 0.634018
v 0.261265 -0.304421 0.633348
v 0.281107 -0.304545 0.633413
v 0.235816 -0.308292 0.634063
v 0.259573 -0.306981 0.633380
v 0.278858 -0.307011 0.633397
v 0.235052 -0.310815 0.634934
v 0.258333 -0.309276 0.634136
v 0.276946 -0.309070 0.634036
v 0.234011 -0.315587 0.637097
v 0.256601 -0.313405 0.635971
v 0.274047 -0.312565 0.635555
v 0.181413 -0.270855 0.702440
v 0.151736 -0.272476 0.703284
v 0.122512 -0.273771 0.703958
v 0.181368 -0.269017 0.706600
v 0.151716 -0.270636 0.707443
v 0.122504 -0.271930 0.708117
v 0.181305 -0.268287 0.708868
v 0.151688 -0.269903 0.709709
v 0.122493 -0.271196 0.710382
v 0.181122 -0.268325 0.711338
v 0.151608 -0.269932 0.712175
v 0.122461 -0.271221 0.712846
v 0.181001 -0.268611 0.712465
v 0.151555 -0.270213 0.713299
v 0.122439 -0.271499 0.713969
v 0.180863 -0.269042 0.713548
v 0.151495 -0.270637 0.714378
v 0.122415 -0.271921 0.715047
v 0.180533 -0.270561 0.715640
v 0.151346 -0.272167 0.716477
v 0.122353 -0.273465 0.717153
v 0.180264 -0.273136 0.717424
v 0.151201 -0.274917 0.718352
v 0.122279 -0.276360 0.719103
v 0.179826 -0.278829 0.720713
v 0.150934 -0.281098 0.721895
v 0.122128 -0.282941 0.722855
v 0.226545 -0.358368 0.748017
v 0.249966 -0.341321 0.739139
v 0.270446 -0.324317 0.730284
v 0.226466 -0.356057 0.751932
v 0.249828 -0.339063 0.743081
v 0.270242 -0.322123 0.734258
v 0.226359 -0.354680 0.753862
v 0.249639 -0.337757 0.745048
v 0.269963 -0.320903 0.736271
v 0.226044 -0.352818 0.755343
v 0.249083 -0.336104 0.746638
v 0.269144 -0.319504 0.737992
v 0.225837 -0.351851 0.755817
v 0.248717 -0.335276 0.747184
v 0.268603 -0.318843 0.738626
v 0.225600 -0.350854 0.756156
v 0.248300 -0.334436 0.747606
v 0.267987 -0.318194 0.739147
v 0.225082 -0.348650 0.756310
v 0.247348 -0.332648 0.747975
v 0.266525 -0.316921 0.739784
v 0.224963 -0.346341 0.755550
v 0.246874 -0.330908 0.747509
v 0.265425 -0.315965 0.739719
v 0.225152 -0.341789 0.753502
v 0.246580 -0.327493 0.746047
v 0.264026 -0.314167 0.739084
v 0.174217 -0.419061 0.705106
v 0.146824 -0.430949 0.711298
v 0.119516 -0.440424 0.716232
v 0.174212 -0.420883 0.700938
v 0.146830 -0.432760 0.707124
v 0.119524 -0.442233 0.712057
v 0.174205 -0.421592 0.698659
v 0.146838 -0.433455 0.704838
v 0.119533 -0.442925 0.709770
v 0.174183 -0.421492 0.696157
v 0.146862 -0.433314 0.702314
v 0.119562 -0.442774 0.707241
v 0.174169 -0.421164 0.695008
v 0.146877 -0.432959 0.701151
v 0.119581 -0.442413 0.706075
v 0.174153 -0.420687 0.693901
v 0.146895 -0.432450 0.700027
v 0.119602 -0.441897 0.704947
v 0.174132 -0.419061 0.691752
v 0.146947 -0.430726 0.697828
v 0.119658 -0.440136 0.702729
v 0.174222 -0.416431 0.689940
v 0.147042 -0.427878 0.695902
v 0.119729 -0.437132 0.700721
v 0.174501 -0.410690 0.686626
v 0.147265 -0.421609 0.692313
v 0.119877 -0.430452 0.696919
v 0.122512 -0.304301 0.645338
v 0.151735 -0.303006 0.644664
v 0.181413 -0.301385 0.643819
v 0.122504 -0.306654 0.641446
v 0.151716 -0.305360 0.640772
v 0.181368 -0.303741 0.639929
v 0.122493 -0.308089 0.639545
v 0.151688 -0.306796 0.638872
v 0.181305 -0.305180 0.638030
v 0.122461 -0.310122 0.638154
v 0.151608 -0.308833 0.637483
v 0.181122 -0.307225 0.636645
v 0.122439 -0.311201 0.637738
v 0.151555 -0.309915 0.637068
v 0.181001 -0.308313 0.636234
v 0.122415 -0.312326 0.637465
v 0.151495 -0.311043 0.636797
v 0.180863 -0.309448 0.635966
v 0.122353 -0.314937 0.637524
v 0.151346 -0.313639 0.636847
v 0.180533 -0.312033 0.636011
v 0.122279 -0.318195 0.638777
v 0.151201 -0.316752 0.638026
v 0.180264 -0.314971 0.637098
v 0.122128 -0.325041 0.642019
v 0.150934 -0.323198 0.641059
v 0.179826 -0.320929 0.639877
v 0.284830 -0.265940 0.699880
v 0.264120 -0.265702 0.699756
v 0.238857 -0.267002 0.700433
v 0.284521 -0.264103 0.704041
v 0.263883 -0.263875 0.703922
v 0.238698 -0.265174 0.704598
v 0.284099 -0.263375 0.706309
v 0.263559 -0.263159 0.706197
v 0.238481 -0.264456 0.706872
v 0.282858 -0.263416 0.708781
v 0.262607 -0.263239 0.708689
v 0.237842 -0.264531 0.709362
v 0.282039 -0.263706 0.709910
v 0.261980 -0.263553 0.709830
v 0.237421 -0.264842 0.710502
v 0.281107 -0.264139 0.710994
v 0.261265 -0.264015 0.710930
v 0.236941 -0.265301 0.711599
v 0.278858 -0.265540 0.713024
v 0.259573 -0.265509 0.713009
v 0.235815 -0.266820 0.713692
v 0.276946 -0.267244 0.714345
v 0.258333 -0.267444 0.714456
v 0.235052 -0.268981 0.715260
v 0.274047 -0.270493 0.716338
v 0.256601 -0.271315 0.716788
v 0.234012 -0.273488 0.717930
v 0.119516 -0.409894 0.774853
v 0.146824 -0.400419 0.769918
v 0.174217 -0.388531 0.763727
v 0.119524 -0.407510 0.778729
v 0.146830 -0.398037 0.773795
v 0.174212 -0.386160 0.767609
v 0.119533 -0.406032 0.780607
v 0.146838 -0.396563 0.775675
v 0.174205 -0.384699 0.769496
v 0.119562 -0.403873 0.781933
v 0.146862 -0.394413 0.777006
v 0.174183 -0.382591 0.770849
v 0.119581 -0.402711 0.782305
v 0.146877 -0.393257 0.777381
v 0.174169 -0.381462 0.771239
v 0.119602 -0.401491 0.782529
v 0.146895 -0.392044 0.777609
v 0.174153 -0.380281 0.771482
v 0.119658 -0.398664 0.782358
v 0.146947 -0.389254 0.777457
v 0.174132 -0.377589 0.771382
v 0.119729 -0.395297 0.781047
v 0.147042 -0.386043 0.776228
v 0.174223 -0.374596 0.770266
v 0.119877 -0.388352 0.777754
v 0.147265 -0.379508 0.773148
v 0.174501 -0.368590 0.767462
v 0.270446 -0.354848 0.671663
v 0.249966 -0.371851 0.680519
v 0.226544 -0.388898 0.689397
v 0.270242 -0.356846 0.667587
v 0.249828 -0.373786 0.676409
v 0.226466 -0.390781 0.685260
v 0.269963 -0.357796 0.665434
v 0.249639 -0.374650 0.674211
v 0.226359 -0.391573 0.683025
v 0.269144 -0.358405 0.663300
v 0.249084 -0.375005 0.671946
v 0.226044 -0.391719 0.680650
v 0.268603 -0.358545 0.662395
v 0.248717 -0.374977 0.670954
v 0.225837 -0.391553 0.679586
v 0.267987 -0.358600 0.661565
v 0.248300 -0.374842 0.670024
v 0.225600 -0.391260 0.678575
v 0.266525 -0.358392 0.660157
v 0.247348 -0.374119 0.668347
v 0.225082 -0.390122 0.676681
v 0.265425 -0.357791 0.659410
v 0.246874 -0.372740 0.667189
v 0.224963 -0.388176 0.675225
v 0.264025 -0.356239 0.658301
v 0.246580 -0.369584 0.665229
v 0.225152 -0.383887 0.672669
v -0.125907 -0.431802 0.733548
v -0.125906 -0.425509 0.745725
v -0.125907 -0.419139 0.757861
v -0.153216 -0.422324 0.728612
v -0.153215 -0.416031 0.740789
v -0.153216 -0.409662 0.752926
v -0.180621 -0.410425 0.722415
v -0.180622 -0.404131 0.734591
v -0.180621 -0.397763 0.746728
vn 0.0009 -0.4571 -0.8894
vn -0.0025 -0.4624 -0.8867
vn -0.0002 -0.4563 -0.8898
vn -0.0008 -0.4621 -0.8868
vn -0.0066 -0.4686 -0.8834
vn -0.0068 -0.4633 -0.8862
vn -0.0036 -0.4559 -0.8900
vn -0.0115 -0.4706 -0.8823
vn 0.0020 -0.4502 -0.8929
vn 0.0022 -0.4483 -0.8939
vn 0.0010 -0.4577 -0.8891
vn -0.0002 -0.4620 -0.8869
vn -0.0039 -0.4673 -0.8841
vn -0.0025 -0.4664 -0.8846
vn -0.0111 -0.4764 -0.8792
vn -0.0163 -0.4796 -0.8773
vn -0.0227 -0.4833 -0.8751
vn -0.0316 -0.4863 -0.8732
vn -0.0247 -0.4770 -0.8786
vn -0.0177 -0.4662 -0.8845
vn -0.0124 -0.4553 -0.8903
vn -0.0015 -0.4443 -0.8959
vn -0.0082 -0.4441 -0.8959
vn 0.0013 -0.4461 -0.8950
vn 0.0433 0.8861 -0.4615
vn 0.0557 0.8885 -0.4555
vn 0.0433 0.8891 -0.4558
vn 0.0557 0.8825 -0.4669
vn 0.0557 0.8855 -0.4612
vn 0.0670 0.8879 -0.4551
vn 0.0670 0.8819 -0.4666
vn 0.0670 0.8849 -0.4609
vn 0.0290 0.8895 -0.4560
vn 0.0433 0.8941 -0.4458
vn 0.0290 0.8946 -0.4460
vn 0.0290 0.8865 -0.4617
vn 0.0433 0.8831 -0.4672
vn 0.0290 0.8835 -0.4674
vn 0.0433 0.8778 -0.4771
vn 0.0557 0.8773 -0.4768
vn 0.0670 0.8766 -0.4765
vn 0.0755 0.8761 -0.4762
vn 0.0755 0.8814 -0.4663
vn 0.0755 0.8844 -0.4606
vn 0.0755 0.8874 -0.4549
vn 0.0755 0.8924 -0.4448
vn 0.0670 0.8930 -0.4451
vn 0.0557 0.8936 -0.4455
vn 0.0005 -0.4588 -0.8885
vn -0.0001 -0.4620 -0.8869
vn 0.0006 -0.4586 -0.8887
vn -0.0000 -0.4620 -0.8869
vn -0.0013 -0.4654 -0.8851
vn 0.0008 -0.4582 -0.8888
vn -0.0018 -0.4658 -0.8849
vn 0.0006 -0.4535 -0.8912
vn 0.0009 -0.4531 -0.8915
vn 0.0003 -0.4589 -0.8885
vn -0.0009 -0.4652 -0.8852
vn -0.0006 -0.4650 -0.8853
vn -0.0030 -0.4708 -0.8822
vn -0.0042 -0.4715 -0.8818
vn -0.0057 -0.4726 -0.8813
vn -0.0078 -0.4741 -0.8804
vn 0.0016 -0.4516 -0.8922
vn 0.0012 -0.4525 -0.8918
vn -0.0000 0.4619 0.8869
vn -0.0013 0.4584 0.8887
vn -0.0009 0.4587 0.8886
vn 0.0005 0.4651 0.8853
vn -0.0001 0.4619 0.8870
vn -0.0018 0.4580 0.8889
vn 0.0006 0.4653 0.8852
vn -0.0001 0.4618 0.8870
vn -0.0006 0.4588 0.8885
vn -0.0030 0.4529 0.8915
vn -0.0021 0.4534 0.8913
vn 0.0003 0.4649 0.8854
vn 0.0006 0.4703 0.8825
vn 0.0009 0.4707 0.8823
vn 0.0012 0.4713 0.8820
vn 0.0008 0.4656 0.8850
vn 0.0016 0.4722 0.8815
vn 0.0010 0.4661 0.8847
vn -0.0002 0.4618 0.8870
vn -0.0025 0.4574 0.8892
vn -0.0078 0.4496 0.8932
vn -0.0057 0.4512 0.8924
vn -0.0042 0.4523 0.8919
vn 0.1442 -0.8777 0.4571
vn 0.0700 -0.8880 0.4544
vn 0.1442 -0.8809 0.4508
vn 0.0700 -0.8814 0.4671
vn 0.0700 -0.8847 0.4608
vn 0.0221 -0.8900 0.4555
vn 0.0221 -0.8834 0.4681
vn 0.0221 -0.8867 0.4618
vn 0.2339 -0.8655 0.4429
vn 0.1441 -0.8865 0.4398
vn 0.2339 -0.8710 0.4321
vn 0.2339 -0.8623 0.4491
vn 0.1442 -0.8744 0.4634
vn 0.2339 -0.8591 0.4553
vn 0.1441 -0.8685 0.4742
vn 0.0700 -0.8756 0.4780
vn 0.0221 -0.8775 0.4791
vn -0.0000 -0.8777 0.4792
vn -0.0000 -0.8836 0.4683
vn -0.0000 -0.8869 0.4619
vn -0.0000 -0.8902 0.4556
vn -0.0000 -0.8958 0.4445
vn 0.0221 -0.8956 0.4444
vn 0.0700 -0.8936 0.4434
vn -0.0008 0.4617 0.8870
vn -0.0066 0.4552 0.8904
vn -0.0039 0.4565 0.8897
vn 0.0009 0.4668 0.8844
vn -0.0025 0.4615 0.8872
vn -0.0115 0.4532 0.8913
vn -0.0002 0.4675 0.8840
vn -0.0068 0.4605 0.8876
vn -0.0111 0.4473 0.8943
vn 0.0020 0.4735 0.8808
vn 0.0022 0.4754 0.8798
vn 0.0013 0.4776 0.8786
vn -0.0036 0.4679 0.8838
vn -0.0015 0.4793 0.8776
vn -0.0124 0.4685 0.8834
vn -0.0177 0.4574 0.8891
vn -0.0247 0.4465 0.8945
vn -0.0316 0.4367 0.8990
vn -0.0227 0.4400 0.8977
vn -0.0163 0.4439 0.8959
vn -0.9685 -0.2174 0.1213
vn -0.8449 -0.4744 0.2471
vn -0.8449 -0.4719 0.2519
vn -0.9248 0.3417 -0.1672
vn -0.9685 -0.2209 0.1150
vn -0.9685 -0.2240 0.1086
vn -0.8449 -0.4769 0.2422
vn -0.9248 0.3329 -0.1841
vn -0.8449 -0.4674 0.2602
vn -0.7630 -0.5710 0.3030
vn -0.7629 -0.5670 0.3108
vn -0.9685 -0.2111 0.1319
vn -0.9242 0.3500 -0.1528
vn -0.4642 0.7896 -0.4013
vn -0.4644 0.7855 -0.4091
vn -0.9250 0.3371 -0.1756
vn -0.4642 0.7815 -0.4170
vn -0.9242 0.3258 -0.1992
vn -0.9685 -0.2291 0.0974
vn -0.8449 -0.4812 0.2338
vn -0.7630 -0.5756 0.2941
vn -0.7629 -0.5797 0.2864
vn -0.7630 -0.5733 0.2986
vn 0.3228 -0.8426 0.4311
vn 0.4024 -0.8120 0.4229
vn 0.3228 -0.8394 0.4372
vn 0.4023 -0.8150 0.4171
vn 0.4757 -0.7801 0.4063
vn 0.3228 -0.8363 0.4432
vn 0.4023 -0.8089 0.4287
vn 0.3227 -0.8479 0.4206
vn 0.4022 -0.8201 0.4070
vn 0.4757 -0.7830 0.4008
vn 0.4755 -0.7879 0.3914
vn 0.5451 -0.7462 0.3822
vn 0.5451 -0.7436 0.3873
vn 0.4757 -0.7773 0.4118
vn 0.5451 -0.7409 0.3923
vn 0.4755 -0.7723 0.4212
vn 0.4022 -0.8036 0.4387
vn 0.3227 -0.8307 0.4536
vn 0.2339 -0.8533 0.4660
vn 0.0682 0.8849 -0.4608
vn 0.0221 0.8898 -0.4559
vn 0.0682 0.8878 -0.4551
vn 0.0221 0.8836 -0.4677
vn 0.0221 0.8867 -0.4618
vn -0.1093 0.8849 -0.4527
vn -0.1093 0.8782 -0.4655
vn -0.1094 0.8816 -0.4591
vn 0.0682 0.8929 -0.4450
vn 0.0682 0.8818 -0.4666
vn 0.0682 0.8765 -0.4766
vn 0.0222 0.8781 -0.4779
vn -0.1091 0.8723 -0.4766
vn -0.4636 0.7744 -0.4306
vn -0.4636 0.7968 -0.3876
vn -0.1091 0.8906 -0.4415
vn 0.0222 0.8950 -0.4456
vn -0.0002 0.4590 0.8884
vn -0.0001 0.4590 0.8884
vn -0.0000 0.4648 0.8854
vn -0.0004 0.4589 0.8885
vn 0.0001 0.4648 0.8854
vn -0.0000 0.4591 0.8884
vn -0.0002 0.4539 0.8911
vn -0.0000 0.4539 0.8910
vn -0.0000 0.4699 0.8827
vn 0.0001 0.4699 0.8827
vn 0.0002 0.4648 0.8854
vn 0.0003 0.4700 0.8826
vn -0.0012 0.4537 0.8912
vn -0.0006 0.4538 0.8911
vn -0.0004 -0.4649 -0.8854
vn -0.0000 -0.4619 -0.8869
vn -0.0002 -0.4648 -0.8854
vn 0.0001 -0.4590 -0.8884
vn -0.0001 -0.4648 -0.8854
vn -0.0000 -0.4591 -0.8884
vn -0.0021 -0.4704 -0.8824
vn -0.0012 -0.4701 -0.8826
vn 0.0002 -0.4590 -0.8884
vn 0.0003 -0.4538 -0.8911
vn 0.0001 -0.4539 -0.8911
vn -0.0000 -0.4539 -0.8911
vn -0.0000 -0.4648 -0.8854
vn -0.0002 -0.4699 -0.8827
vn -0.0000 -0.4699 -0.8827
vn -0.0006 -0.4700 -0.8827
vn -0.0700 -0.8880 0.4544
vn -0.1442 -0.8777 0.4571
vn -0.1442 -0.8809 0.4508
vn -0.0221 -0.8900 0.4555
vn -0.0700 -0.8847 0.4608
vn -0.0700 -0.8814 0.4671
vn -0.1442 -0.8744 0.4634
vn -0.0221 -0.8834 0.4681
vn -0.1441 -0.8865 0.4398
vn -0.2339 -0.8655 0.4429
vn -0.2339 -0.8710 0.4321
vn -0.0700 -0.8936 0.4434
vn -0.0221 -0.8956 0.4444
vn -0.0221 -0.8867 0.4618
vn -0.0221 -0.8775 0.4791
vn -0.0700 -0.8756 0.4780
vn -0.1441 -0.8685 0.4742
vn -0.2339 -0.8591 0.4553
vn -0.2339 -0.8533 0.4660
vn -0.2339 -0.8623 0.4491
vn 0.0047 0.8839 -0.4676
vn -0.0002 0.8869 -0.4619
vn -0.0002 0.8839 -0.4676
vn 0.0151 0.8838 -0.4676
vn 0.0047 0.8869 -0.4619
vn 0.0047 0.8899 -0.4562
vn -0.0002 0.8899 -0.4562
vn 0.0151 0.8898 -0.4561
vn -0.0000 0.8786 -0.4775
vn -0.0000 0.8839 -0.4676
vn 0.0047 0.8786 -0.4775
vn -0.0002 0.8786 -0.4775
vn 0.0150 0.8785 -0.4774
vn 0.0290 0.8783 -0.4773
vn 0.0151 0.8868 -0.4619
vn 0.0150 0.8948 -0.4461
vn 0.0047 0.8949 -0.4462
vn -0.0003 0.8949 -0.4462
vn -0.0000 0.8949 -0.4462
vn -0.0000 0.8899 -0.4562
vn -0.0000 0.8869 -0.4619
vn -0.0009 -0.4571 -0.8894
vn 0.0025 -0.4624 -0.8867
vn 0.0008 -0.4621 -0.8868
vn 0.0002 -0.4563 -0.8898
vn 0.0068 -0.4633 -0.8862
vn 0.0066 -0.4686 -0.8834
vn 0.0039 -0.4673 -0.8841
vn 0.0115 -0.4706 -0.8823
vn -0.0020 -0.4502 -0.8929
vn -0.0010 -0.4577 -0.8891
vn -0.0022 -0.4483 -0.8939
vn -0.0013 -0.4461 -0.8950
vn 0.0036 -0.4559 -0.8900
vn 0.0015 -0.4443 -0.8959
vn 0.0124 -0.4553 -0.8903
vn 0.0177 -0.4662 -0.8845
vn 0.0247 -0.4770 -0.8786
vn 0.0316 -0.4863 -0.8732
vn 0.0227 -0.4833 -0.8751
vn 0.0163 -0.4796 -0.8773
vn 0.0111 -0.4764 -0.8792
vn 0.0025 -0.4664 -0.8846
vn 0.0078 -0.4741 -0.8804
vn 0.0002 -0.4620 -0.8869
vn -0.6068 -0.7074 0.3624
vn -0.6594 -0.6668 0.3473
vn -0.6594 -0.6691 0.3427
vn -0.6068 -0.7025 0.3719
vn -0.6069 -0.7049 0.3671
vn -0.7083 -0.6284 0.3217
vn -0.7083 -0.6238 0.3305
vn -0.7083 -0.6261 0.3261
vn -0.5449 -0.7508 0.3734
vn -0.6067 -0.7117 0.3542
vn -0.5451 -0.7462 0.3822
vn -0.5451 -0.7409 0.3923
vn -0.5451 -0.7436 0.3873
vn -0.5449 -0.7363 0.4011
vn -0.6067 -0.6982 0.3801
vn -0.6594 -0.6644 0.3518
vn -0.7081 -0.6198 0.3382
vn -0.7081 -0.6324 0.3140
vn -0.6592 -0.6732 0.3349
vn 0.0002 0.4590 0.8884
vn 0.0001 0.4590 0.8884
vn 0.0004 0.4589 0.8885
vn -0.0001 0.4648 0.8854
vn 0.0002 0.4539 0.8911
vn 0.0006 0.4538 0.8911
vn 0.0012 0.4537 0.8912
vn 0.0021 0.4534 0.8913
vn 0.0006 0.4588 0.8885
vn -0.0002 0.4648 0.8854
vn -0.0003 0.4649 0.8854
vn -0.0003 0.4700 0.8826
vn -0.0001 0.4699 0.8827
vn 0.0004 -0.4649 -0.8854
vn 0.0002 -0.4648 -0.8854
vn -0.0001 -0.4590 -0.8884
vn -0.0002 -0.4590 -0.8884
vn 0.0021 -0.4704 -0.8824
vn 0.0006 -0.4650 -0.8853
vn 0.0012 -0.4701 -0.8826
vn 0.0006 -0.4700 -0.8827
vn 0.0001 -0.4648 -0.8854
vn 0.0002 -0.4699 -0.8827
vn -0.0001 -0.4539 -0.8911
vn -0.0003 -0.4538 -0.8911
vn -0.0003 -0.4589 -0.8885
vn -0.0006 -0.4535 -0.8912
vn 0.0002 0.8869 -0.4619
vn -0.0047 0.8839 -0.4676
vn 0.0002 0.8839 -0.4676
vn -0.0047 0.8899 -0.4562
vn -0.0047 0.8869 -0.4619
vn -0.0151 0.8838 -0.4676
vn -0.0151 0.8898 -0.4561
vn -0.0151 0.8868 -0.4619
vn 0.0003 0.8786 -0.4775
vn 0.0002 0.8899 -0.4562
vn -0.0047 0.8949 -0.4462
vn -0.0150 0.8948 -0.4461
vn -0.0290 0.8946 -0.4460
vn -0.0290 0.8895 -0.4560
vn -0.0290 0.8865 -0.4617
vn -0.0290 0.8835 -0.4674
vn -0.0290 0.8783 -0.4773
vn -0.0150 0.8785 -0.4774
vn -0.0047 0.8786 -0.4775
vn 0.0066 0.4552 0.8904
vn 0.0008 0.4617 0.8870
vn 0.0039 0.4565 0.8897
vn 0.0115 0.4532 0.8913
vn 0.0025 0.4615 0.8872
vn -0.0009 0.4668 0.8844
vn 0.0068 0.4605 0.8876
vn 0.0002 0.4675 0.8840
vn 0.0112 0.4473 0.8943
vn 0.0025 0.4574 0.8892
vn 0.0078 0.4496 0.8932
vn 0.0163 0.4439 0.8959
vn 0.0227 0.4400 0.8977
vn 0.0316 0.4367 0.8990
vn 0.0247 0.4465 0.8945
vn 0.0177 0.4574 0.8891
vn 0.0036 0.4679 0.8838
vn 0.0124 0.4685 0.8834
vn 0.0015 0.4793 0.8776
vn -0.0013 0.4776 0.8786
vn -0.0022 0.4754 0.8798
vn -0.0020 0.4735 0.8808
vn -0.0010 0.4661 0.8847
vn 0.0002 0.4618 0.8870
vn 0.8449 -0.4744 0.2471
vn 0.9685 -0.2174 0.1213
vn 0.8449 -0.4719 0.2519
vn 0.9685 -0.2240 0.1086
vn 0.9685 -0.2209 0.1150
vn 0.9248 0.3417 -0.1672
vn 0.9248 0.3329 -0.1842
vn 0.9250 0.3371 -0.1756
vn 0.7630 -0.5710 0.3030
vn 0.8449 -0.4674 0.2602
vn 0.7629 -0.5670 0.3108
vn 0.7630 -0.5733 0.2986
vn 0.8449 -0.4769 0.2422
vn 0.7630 -0.5756 0.2941
vn 0.8449 -0.4812 0.2338
vn 0.9685 -0.2291 0.0974
vn 0.9242 0.3258 -0.1992
vn 0.4642 0.7815 -0.4170
vn 0.4644 0.7855 -0.4091
vn 0.4642 0.7896 -0.4013
vn 0.9242 0.3500 -0.1528
vn 0.4636 0.7968 -0.3876
vn 0.9685 -0.2111 0.1319
vn -0.0221 0.8898 -0.4559
vn -0.0682 0.8849 -0.4608
vn -0.0682 0.8878 -0.4551
vn 0.1093 0.8849 -0.4527
vn -0.0221 0.8867 -0.4618
vn -0.0221 0.8836 -0.4677
vn -0.0682 0.8818 -0.4666
vn 0.1093 0.8782 -0.4655
vn -0.0682 0.8929 -0.4450
vn -0.0755 0.8874 -0.4549
vn -0.0755 0.8924 -0.4448
vn -0.0222 0.8950 -0.4456
vn 0.1091 0.8906 -0.4415
vn 0.1094 0.8816 -0.4591
vn 0.4636 0.7744 -0.4306
vn 0.1091 0.8723 -0.4766
vn -0.0222 0.8781 -0.4779
vn -0.0682 0.8765 -0.4766
vn -0.0755 0.8814 -0.4663
vn -0.0755 0.8761 -0.4762
vn -0.0755 0.8844 -0.4606
vn -0.0557 0.8885 -0.4555
vn -0.0433 0.8861 -0.4615
vn -0.0433 0.8891 -0.4558
vn -0.0670 0.8879 -0.4551
vn -0.0557 0.8855 -0.4612
vn -0.0557 0.8825 -0.4669
vn -0.0433 0.8831 -0.4672
vn -0.0670 0.8819 -0.4666
vn -0.0433 0.8941 -0.4458
vn -0.0557 0.8936 -0.4455
vn -0.0670 0.8930 -0.4451
vn -0.0670 0.8849 -0.4609
vn -0.0670 0.8766 -0.4765
vn -0.0557 0.8773 -0.4768
vn -0.0433 0.8778 -0.4771
vn 0.6068 -0.7074 0.3624
vn 0.6594 -0.6668 0.3473
vn 0.6069 -0.7049 0.3671
vn 0.7083 -0.6284 0.3217
vn 0.6594 -0.6691 0.3427
vn 0.6068 -0.7025 0.3719
vn 0.7083 -0.6238 0.3305
vn 0.6594 -0.6644 0.3518
vn 0.5449 -0.7508 0.3734
vn 0.6067 -0.7117 0.3542
vn 0.7081 -0.6324 0.3140
vn 0.6592 -0.6732 0.3349
vn 0.7629 -0.5797 0.2864
vn 0.7083 -0.6261 0.3261
vn 0.7081 -0.6198 0.3382
vn 0.6592 -0.6604 0.3597
vn 0.6067 -0.6982 0.3801
vn 0.5449 -0.7363 0.4011
vn 0.0013 0.4584 0.8887
vn 0.0009 0.4587 0.8886
vn 0.0018 0.4580 0.8889
vn 0.0001 0.4619 0.8870
vn -0.0005 0.4651 0.8853
vn 0.0001 0.4618 0.8870
vn -0.0006 0.4653 0.8852
vn 0.0030 0.4529 0.8915
vn 0.0042 0.4523 0.8919
vn 0.0057 0.4512 0.8924
vn -0.0008 0.4656 0.8850
vn -0.0016 0.4722 0.8815
vn -0.0012 0.4713 0.8820
vn -0.0009 0.4707 0.8823
vn -0.0006 0.4703 0.8825
vn -0.0005 -0.4588 -0.8885
vn 0.0001 -0.4620 -0.8869
vn -0.0006 -0.4586 -0.8887
vn 0.0013 -0.4654 -0.8851
vn 0.0009 -0.4652 -0.8852
vn 0.0018 -0.4658 -0.8849
vn -0.0009 -0.4531 -0.8915
vn -0.0012 -0.4525 -0.8918
vn -0.0008 -0.4582 -0.8888
vn -0.0016 -0.4516 -0.8922
vn 0.0057 -0.4726 -0.8813
vn 0.0042 -0.4715 -0.8818
vn 0.0030 -0.4708 -0.8822
vn -0.0700 -0.9063 0.4168
vn -0.0220 -0.9381 0.3457
vn -0.0221 -0.9083 0.4177
vn -0.1440 -0.8991 0.4133
vn -0.0695 -0.9361 0.3449
vn -0.0211 -0.9855 0.1682
vn -0.1429 -0.9288 0.3420
vn -0.0666 -0.9836 0.1679
vn -0.0000 -0.9085 0.4178
vn -0.2336 -0.8835 0.4060
vn -0.2318 -0.9130 0.3358
vn -0.1371 -0.9765 0.1663
vn -0.2226 -0.9612 0.1629
vn -0.1241 -0.9905 -0.0591
vn -0.0602 -0.9965 -0.0588
vn -0.0190 -0.9981 -0.0588
vn -0.0000 -0.9983 -0.0591
vn -0.0000 -0.9858 0.1681
vn -0.0000 -0.9383 0.3458
vn -0.0535 -0.9731 -0.2243
vn -0.0149 -0.9367 -0.3499
vn -0.0169 -0.9744 -0.2244
vn -0.1103 -0.9683 -0.2240
vn -0.0471 -0.9357 -0.3497
vn -0.0127 -0.8845 -0.4663
vn -0.0973 -0.9320 -0.3491
vn -0.0402 -0.8839 -0.4660
vn -0.0000 -0.9745 -0.2246
vn -0.2019 -0.9776 -0.0594
vn -0.1800 -0.9581 -0.2229
vn -0.1591 -0.9241 -0.3474
vn -0.0830 -0.8812 -0.4654
vn -0.1360 -0.8755 -0.4636
vn -0.0619 -0.7912 -0.6084
vn -0.0298 -0.7921 -0.6097
vn -0.0094 -0.7920 -0.6105
vn -0.0000 -0.7916 -0.6110
vn -0.0000 -0.8845 -0.4665
vn -0.0000 -0.9367 -0.3501
vn -0.0152 -0.6408 -0.7676
vn -0.0015 -0.5215 -0.8532
vn -0.0048 -0.6399 -0.7685
vn -0.0319 -0.6418 -0.7662
vn -0.0049 -0.5221 -0.8529
vn -0.0005 -0.4828 -0.8757
vn -0.0103 -0.5229 -0.8523
vn -0.0016 -0.4830 -0.8756
vn -0.0000 -0.6393 -0.7690
vn -0.1019 -0.7889 -0.6061
vn -0.0532 -0.6429 -0.7641
vn -0.0174 -0.5244 -0.8513
vn -0.0034 -0.4834 -0.8754
vn -0.0058 -0.4840 -0.8750
vn -0.0000 -0.4827 -0.8758
vn -0.0000 -0.5213 -0.8534
vn -0.0003 0.9065 -0.4222
vn 0.0046 0.9340 -0.3572
vn -0.0002 0.9340 -0.3573
vn 0.0047 0.9065 -0.4222
vn 0.0149 0.9339 -0.3572
vn 0.0045 0.9807 -0.1954
vn -0.0002 0.9807 -0.1955
vn 0.0144 0.9806 -0.1953
vn -0.0000 0.9065 -0.4222
vn 0.0150 0.9064 -0.4221
vn 0.0290 0.9061 -0.4220
vn 0.0288 0.9336 -0.3570
vn 0.0279 0.9804 -0.1952
vn 0.0255 0.9995 0.0162
vn 0.0132 0.9998 0.0161
vn 0.0041 0.9999 0.0159
vn -0.0002 0.9999 0.0158
vn -0.0000 0.9999 0.0158
vn -0.0000 0.9807 -0.1955
vn -0.0000 0.9340 -0.3573
vn -0.0002 0.9844 0.1757
vn 0.0033 0.9532 0.3022
vn -0.0002 0.9533 0.3020
vn 0.0037 0.9844 0.1759
vn 0.0106 0.9532 0.3023
vn 0.0028 0.9060 0.4233
vn -0.0002 0.9061 0.4231
vn 0.0091 0.9059 0.4234
vn -0.0000 0.9844 0.1757
vn 0.0119 0.9843 0.1760
vn 0.0230 0.9841 0.1761
vn 0.0205 0.9530 0.3024
vn 0.0176 0.9057 0.4235
vn 0.0132 0.8133 0.5817
vn 0.0068 0.8126 0.5827
vn 0.0021 0.8124 0.5831
vn -0.0001 0.8124 0.5832
vn -0.0000 0.8124 0.5831
vn -0.0000 0.9061 0.4231
vn -0.0000 0.9533 0.3020
vn -0.0000 0.6491 0.7607
vn 0.0004 0.5229 0.8524
vn -0.0000 0.5227 0.8525
vn 0.0011 0.6494 0.7605
vn 0.0013 0.5236 0.8520
vn 0.0002 0.4830 0.8756
vn -0.0000 0.4829 0.8757
vn 0.0006 0.4833 0.8755
vn -0.0000 0.6492 0.7606
vn 0.0035 0.6502 0.7598
vn 0.0068 0.6520 0.7582
vn 0.0024 0.5249 0.8511
vn 0.0011 0.4839 0.8751
vn 0.0047 0.8656 -0.5007
vn 0.0149 0.8280 -0.5605
vn 0.0150 0.8655 -0.5007
vn -0.0003 0.8656 -0.5007
vn 0.0046 0.8281 -0.5605
vn 0.0144 0.7222 -0.6916
vn -0.0002 0.8282 -0.5605
vn 0.0045 0.7223 -0.6916
vn 0.0290 0.8652 -0.5006
vn -0.0000 0.8656 -0.5007
vn -0.0000 0.8282 -0.5605
vn -0.0000 0.7224 -0.6915
vn -0.0002 0.7224 -0.6915
vn -0.0000 0.5603 -0.8283
vn -0.0002 0.5602 -0.8283
vn 0.0041 0.5601 -0.8284
vn 0.0132 0.5599 -0.8284
vn 0.0255 0.5597 -0.8283
vn 0.0279 0.7219 -0.6914
vn 0.0288 0.8278 -0.5603
vn 0.0037 0.4202 -0.9074
vn 0.0106 0.2987 -0.9543
vn 0.0119 0.4201 -0.9074
vn -0.0002 0.4203 -0.9074
vn 0.0033 0.2989 -0.9543
vn 0.0091 0.1724 -0.9850
vn -0.0002 0.2990 -0.9543
vn 0.0028 0.1726 -0.9850
vn 0.0230 0.4199 -0.9073
vn -0.0000 0.4204 -0.9073
vn -0.0000 0.2991 -0.9542
vn -0.0000 0.1728 -0.9850
vn -0.0002 0.1727 -0.9850
vn -0.0000 -0.0120 -0.9999
vn -0.0001 -0.0121 -0.9999
vn 0.0021 -0.0121 -0.9999
vn 0.0068 -0.0116 -0.9999
vn 0.0132 -0.0104 -0.9999
vn 0.0176 0.1722 -0.9849
vn 0.0205 0.2985 -0.9542
vn 0.0011 -0.2509 -0.9680
vn 0.0013 -0.3980 -0.9174
vn 0.0035 -0.2498 -0.9683
vn -0.0000 -0.2511 -0.9680
vn 0.0004 -0.3987 -0.9171
vn 0.0006 -0.4403 -0.8979
vn -0.0000 -0.3989 -0.9170
vn 0.0002 -0.4406 -0.8977
vn 0.0068 -0.2475 -0.9689
vn -0.0000 -0.4407 -0.8977
vn 0.0011 -0.4397 -0.8982
vn 0.0024 -0.3965 -0.9180
vn -0.1440 -0.8541 0.4998
vn -0.0695 -0.8192 0.5693
vn -0.1429 -0.8126 0.5650
vn -0.0700 -0.8610 0.5037
vn -0.0220 -0.8210 0.5704
vn -0.0666 -0.7014 0.7096
vn -0.1371 -0.6960 0.7048
vn -0.0211 -0.7028 0.7111
vn -0.2336 -0.8392 0.4912
vn -0.0221 -0.8630 0.5048
vn -0.0000 -0.8632 0.5049
vn -0.0000 -0.8212 0.5706
vn -0.0000 -0.7028 0.7113
vn -0.0000 -0.5239 0.8518
vn -0.0190 -0.5240 0.8515
vn -0.0602 -0.5230 0.8502
vn -0.1241 -0.5194 0.8455
vn -0.2226 -0.6845 0.6942
vn -0.2019 -0.5117 0.8351
vn -0.2318 -0.7985 0.5555
vn -0.1103 -0.3716 0.9218
vn -0.0471 -0.2498 0.9671
vn -0.0973 -0.2482 0.9638
vn -0.0535 -0.3740 0.9259
vn -0.0149 -0.2502 0.9681
vn -0.0402 -0.1248 0.9914
vn -0.0830 -0.1239 0.9888
vn -0.0127 -0.1250 0.9921
vn -0.1800 -0.3666 0.9128
vn -0.0169 -0.3747 0.9270
vn -0.0000 -0.3746 0.9272
vn -0.0000 -0.2501 0.9682
vn -0.0000 -0.1248 0.9922
vn -0.0000 0.0468 0.9989
vn -0.0094 0.0462 0.9989
vn -0.0298 0.0455 0.9985
vn -0.0619 0.0449 0.9971
vn -0.1360 -0.1220 0.9832
vn -0.1019 0.0444 0.9938
vn -0.1591 -0.2451 0.9564
vn -0.0319 0.2599 0.9651
vn -0.0049 0.3995 0.9167
vn -0.0103 0.3986 0.9171
vn -0.0152 0.2616 0.9651
vn -0.0015 0.4001 0.9165
vn -0.0016 0.4405 0.8977
vn -0.0034 0.4402 0.8979
vn -0.0005 0.4408 0.8976
vn -0.0532 0.2575 0.9648
vn -0.0048 0.2629 0.9648
vn -0.0000 0.2636 0.9646
vn -0.0000 0.4004 0.9163
vn -0.0000 0.4408 0.8976
vn -0.0058 0.4395 0.8982
vn -0.0174 0.3970 0.9177
vn -0.0461 0.4483 0.8927
vn -0.1409 0.3702 0.9182
vn -0.0579 0.4259 0.9029
vn -0.0326 0.4753 0.8792
vn -0.1197 0.4233 0.8980
vn -0.2995 0.2535 0.9198
vn -0.0848 0.4931 0.8658
vn -0.2760 0.3650 0.8891
vn -0.0670 0.4086 0.9103
vn -0.0157 0.4984 0.8668
vn -0.0381 0.5484 0.8354
vn -0.0896 0.6490 0.7555
vn -0.2027 0.5278 0.8248
vn -0.1534 0.7445 0.6497
vn -0.3328 0.5563 0.7615
vn -0.4433 0.2958 0.8462
vn -0.4614 0.1181 0.8793
vn -0.4410 0.0387 0.8967
vn -0.2970 0.1961 0.9345
vn -0.1492 0.3370 0.9296
vn -0.5629 0.2355 0.7923
vn -0.6437 -0.0693 0.7621
vn -0.5674 0.0149 0.8233
vn -0.4347 0.5694 0.6977
vn -0.6572 0.1792 0.7321
vn -0.7070 -0.1489 0.6913
vn -0.5263 0.5736 0.6277
vn -0.7432 0.1193 0.6584
vn -0.5335 -0.0774 0.8423
vn -0.2053 0.8070 0.5537
vn -0.2521 0.8529 0.4572
vn -0.3003 0.8887 0.3466
vn -0.6189 0.5698 0.5406
vn -0.3607 0.9142 0.1845
vn -0.7330 0.5505 0.3995
vn -0.8358 0.0420 0.5474
vn -0.7681 -0.2395 0.5938
vn -0.7023 -0.3495 0.6202
vn -0.6529 -0.2560 0.7129
vn -0.5997 -0.1708 0.7818
vn -0.9254 -0.0636 0.3736
vn -0.8416 -0.4263 0.3316
vn -0.8217 -0.3476 0.4517
vn -0.8540 0.4917 0.1697
vn -0.9623 -0.1561 0.2227
vn -0.8445 -0.4565 0.2800
vn -0.9103 0.4130 -0.0290
vn -0.9680 -0.1960 0.1570
vn -0.7441 -0.4564 0.4879
vn -0.4298 0.9009 -0.0599
vn -0.4581 0.8482 -0.2661
vn -0.4625 0.8126 -0.3546
vn -0.9219 0.3688 -0.1185
vn -0.7624 -0.5572 0.3290
vn -0.7599 -0.5298 0.3767
vn -0.0326 -0.4480 -0.8935
vn -0.1197 -0.4932 -0.8617
vn -0.0848 -0.4267 -0.9004
vn -0.0461 -0.4744 -0.8791
vn -0.1409 -0.5401 -0.8297
vn -0.2760 -0.5193 -0.8088
vn -0.2027 -0.3733 -0.9053
vn -0.2995 -0.6083 -0.7350
vn -0.0157 -0.4245 -0.9053
vn -0.0579 -0.4957 -0.8665
vn -0.0670 -0.5116 -0.8566
vn -0.1492 -0.5685 -0.8090
vn -0.2970 -0.6533 -0.6964
vn -0.4410 -0.7126 -0.5457
vn -0.4614 -0.6527 -0.6009
vn -0.4433 -0.5238 -0.7275
vn -0.3328 -0.3050 -0.8923
vn -0.1534 -0.1056 -0.9825
vn -0.0896 -0.2470 -0.9649
vn -0.0381 -0.3701 -0.9282
vn -0.4347 -0.2453 -0.8665
vn -0.6572 -0.4972 -0.5665
vn -0.5263 -0.1855 -0.8298
vn -0.5629 -0.5142 -0.6471
vn -0.6437 -0.6642 -0.3801
vn -0.7432 -0.4710 -0.4752
vn -0.6189 -0.1163 -0.7768
vn -0.7070 -0.6518 -0.2743
vn -0.2053 0.0089 -0.9787
vn -0.5674 -0.6660 -0.4842
vn -0.5335 -0.7345 -0.4194
vn -0.5997 -0.7385 -0.3082
vn -0.6529 -0.7309 -0.1989
vn -0.7023 -0.7085 -0.0691
vn -0.7681 -0.6239 -0.1441
vn -0.8358 -0.4244 -0.3482
vn -0.7330 -0.0118 -0.6801
vn -0.3607 0.3729 -0.8549
vn -0.3003 0.2255 -0.9268
vn -0.2521 0.1143 -0.9609
vn -0.8540 0.1429 -0.5002
vn -0.9623 -0.2720 0.0002
vn -0.9103 0.2605 -0.3218
vn -0.9254 -0.3426 -0.1620
vn -0.8416 -0.5161 0.1592
vn -0.9680 -0.2410 0.0706
vn -0.9219 0.3085 -0.2342
vn -0.8445 -0.4911 0.2136
vn -0.4298 0.5656 -0.7038
vn -0.8217 -0.5694 0.0258
vn -0.7441 -0.6614 0.0943
vn -0.7599 -0.6124 0.2181
vn -0.7624 -0.5890 0.2679
vn -0.4625 0.7564 -0.4625
vn -0.4581 0.7043 -0.5424
vn 0.0028 -0.4218 -0.9067
vn 0.0085 -0.3678 -0.9299
vn 0.0041 -0.4271 -0.9042
vn -0.0022 -0.4178 -0.9086
vn 0.0053 -0.3566 -0.9343
vn 0.0196 -0.2092 -0.9777
vn -0.0074 -0.3510 -0.9363
vn 0.0104 -0.1975 -0.9803
vn 0.0037 -0.4316 -0.9020
vn -0.0193 -0.1993 -0.9797
vn -0.0369 -0.0175 -0.9992
vn 0.0144 0.0046 -0.9999
vn 0.0328 0.0050 -0.9994
vn 0.0349 0.0011 -0.9994
vn 0.0196 -0.2212 -0.9750
vn 0.0079 -0.3776 -0.9259
vn 0.0166 0.1588 -0.9872
vn 0.0484 0.2932 -0.9548
vn 0.0419 0.1672 -0.9850
vn -0.0513 0.1245 -0.9909
vn 0.0182 0.2842 -0.9586
vn 0.0542 0.4146 -0.9084
vn -0.0633 0.2468 -0.9670
vn 0.0195 0.4061 -0.9136
vn 0.0456 0.1696 -0.9845
vn -0.0752 0.3686 -0.9265
vn -0.0892 0.5161 -0.8519
vn 0.0204 0.5486 -0.8358
vn 0.0600 0.5552 -0.8296
vn 0.0663 0.5569 -0.8279
vn 0.0596 0.4169 -0.9070
vn 0.0530 0.2957 -0.9538
vn 0.0208 0.7158 -0.6979
vn 0.0677 0.8255 -0.5603
vn 0.0653 0.7187 -0.6923
vn -0.1047 0.6947 -0.7117
vn 0.0218 0.8257 -0.5637
vn 0.0681 0.8633 -0.5000
vn -0.1088 0.8148 -0.5695
vn 0.0222 0.8646 -0.5020
vn 0.0725 0.7194 -0.6908
vn -0.1090 0.8575 -0.5028
vn 0.0754 0.8630 -0.4995
vn 0.0750 0.8254 -0.5595
vn 0.0029 0.4886 0.8725
vn 0.0050 0.5308 0.8475
vn 0.0064 0.5356 0.8444
vn 0.0022 0.4864 0.8737
vn 0.0037 0.5273 0.8497
vn 0.0135 0.6593 0.7517
vn 0.0166 0.6649 0.7467
vn 0.0102 0.6550 0.7555
vn 0.0037 0.4917 0.8708
vn 0.0016 0.4849 0.8746
vn 0.0196 0.8144 0.5800
vn 0.0254 0.8158 0.5778
vn 0.0306 0.8175 0.5752
vn 0.0196 0.6721 0.7402
vn 0.0349 0.8195 0.5720
vn 0.0079 0.5422 0.8402
vn 0.0404 0.9045 0.4245
vn 0.0391 0.9523 0.3028
vn 0.0470 0.9517 0.3035
vn 0.0337 0.9051 0.4238
vn 0.0305 0.9527 0.3024
vn 0.0440 0.9833 0.1765
vn 0.0528 0.9827 0.1773
vn 0.0342 0.9838 0.1761
vn 0.0456 0.9039 0.4254
vn 0.0262 0.9055 0.4235
vn 0.0380 0.9991 0.0163
vn 0.0489 0.9987 0.0167
vn 0.0588 0.9981 0.0174
vn 0.0596 0.9822 0.1783
vn 0.0663 0.9976 0.0183
vn 0.0530 0.9510 0.3045
vn 0.0642 0.9789 -0.1941
vn 0.0553 0.9327 -0.3565
vn 0.0665 0.9321 -0.3561
vn 0.0534 0.9794 -0.1946
vn 0.0430 0.9332 -0.3568
vn 0.0556 0.9051 -0.4215
vn 0.0669 0.9045 -0.4211
vn 0.0432 0.9057 -0.4218
vn 0.0725 0.9784 -0.1934
vn 0.0415 0.9799 -0.1950
vn 0.0754 0.9040 -0.4208
vn 0.0750 0.9316 -0.3556
vn -0.0300 0.4245 0.9049
vn -0.1062 0.3458 0.9323
vn -0.0810 0.3619 0.9287
vn -0.0416 0.4167 0.9081
vn -0.1330 0.3311 0.9342
vn -0.2358 0.1881 0.9534
vn -0.1973 0.2050 0.9587
vn -0.2729 0.1792 0.9452
vn -0.0217 0.4302 0.9025
vn -0.0552 0.4080 0.9113
vn -0.4099 0.0089 0.9121
vn -0.3716 0.0003 0.9284
vn -0.3275 0.0041 0.9449
vn -0.1603 0.2217 0.9618
vn -0.2781 0.0146 0.9604
vn -0.0609 0.3747 0.9252
vn -0.4100 -0.1400 0.9013
vn -0.5147 -0.2363 0.8241
vn -0.4648 -0.2473 0.8502
vn -0.4968 -0.1149 0.8602
vn -0.4567 -0.1335 0.8795
vn -0.5615 -0.3296 0.7590
vn -0.5098 -0.3458 0.7878
vn -0.5581 -0.2134 0.8018
vn -0.3547 -0.1372 0.9249
vn -0.6072 -0.3025 0.7347
vn -0.6525 -0.3997 0.6439
vn -0.6049 -0.4316 0.6692
vn -0.5522 -0.4545 0.6989
vn -0.4484 -0.3535 0.8209
vn -0.4898 -0.4709 0.7337
vn -0.4056 -0.2490 0.8795
vn -0.5886 -0.5772 0.5660
vn -0.6561 -0.6225 0.4266
vn -0.6034 -0.6582 0.4502
vn -0.6905 -0.5093 0.5137
vn -0.6416 -0.5463 0.5384
vn -0.6587 -0.6504 0.3782
vn -0.6061 -0.6877 0.3996
vn -0.7052 -0.5829 0.4037
vn -0.5260 -0.6050 0.5977
vn -0.7077 -0.6101 0.3563
vn -0.6592 -0.6604 0.3597
vn -0.5443 -0.7251 0.4220
vn -0.5413 -0.6932 0.4759
vn -0.0118 -0.4867 -0.8735
vn -0.0457 -0.5356 -0.8432
vn -0.0159 -0.4892 -0.8720
vn -0.0086 -0.4851 -0.8744
vn -0.0344 -0.5302 -0.8472
vn -0.1273 -0.6538 -0.7459
vn -0.0254 -0.5266 -0.8497
vn -0.0999 -0.6481 -0.7550
vn -0.0217 -0.4928 -0.8699
vn -0.0760 -0.6446 -0.7608
vn -0.1436 -0.7855 -0.6019
vn -0.1848 -0.7831 -0.5938
vn -0.2290 -0.7815 -0.5803
vn -0.2781 -0.7786 -0.5625
vn -0.1603 -0.6610 -0.7331
vn -0.0609 -0.5433 -0.8374
vn -0.2428 -0.8588 -0.4511
vn -0.3426 -0.8836 -0.3191
vn -0.2969 -0.8493 -0.4365
vn -0.1903 -0.8674 -0.4597
vn -0.2821 -0.8992 -0.3344
vn -0.3821 -0.9027 -0.1978
vn -0.2221 -0.9125 -0.3435
vn -0.3168 -0.9246 -0.2117
vn -0.3547 -0.8365 -0.4178
vn -0.2506 -0.9428 -0.2197
vn -0.2802 -0.9581 -0.0588
vn -0.3522 -0.9344 -0.0543
vn -0.4214 -0.9057 -0.0453
vn -0.4898 -0.8711 -0.0347
vn -0.4484 -0.8753 -0.1809
vn -0.4056 -0.8634 -0.3001
vn -0.3846 -0.9099 0.1556
vn -0.4719 -0.8264 0.3071
vn -0.4567 -0.8761 0.1544
vn -0.3077 -0.9382 0.1585
vn -0.3989 -0.8603 0.3174
vn -0.4749 -0.7992 0.3686
vn -0.3199 -0.8892 0.3270
vn -0.4016 -0.8320 0.3828
vn -0.5260 -0.8366 0.1531
vn -0.3223 -0.8602 0.3953
vn -0.3227 -0.8479 0.4206
vn -0.4022 -0.8201 0.4070
vn -0.4755 -0.7879 0.3914
vn -0.5443 -0.7614 0.3522
vn -0.5413 -0.7873 0.2952
vn 0.0022 -0.4371 -0.8994
vn 0.0037 -0.3939 -0.9191
vn 0.0016 -0.4386 -0.8987
vn 0.0029 -0.4348 -0.9005
vn 0.0050 -0.3901 -0.9207
vn 0.0102 -0.2435 -0.9698
vn 0.0064 -0.3849 -0.9229
vn 0.0135 -0.2380 -0.9712
vn 0.0166 -0.2307 -0.9729
vn 0.0306 -0.0027 -0.9995
vn 0.0254 -0.0058 -0.9997
vn 0.0196 -0.0084 -0.9998
vn 0.0337 0.1716 -0.9846
vn 0.0305 0.2983 -0.9540
vn 0.0262 0.1721 -0.9847
vn 0.0404 0.1707 -0.9845
vn 0.0391 0.2978 -0.9538
vn 0.0342 0.4196 -0.9070
vn 0.0470 0.2968 -0.9538
vn 0.0440 0.4190 -0.9069
vn 0.0528 0.4181 -0.9069
vn 0.0588 0.5579 -0.8278
vn 0.0489 0.5588 -0.8278
vn 0.0380 0.5594 -0.8280
vn 0.0534 0.7210 -0.6909
vn 0.0430 0.8273 -0.5601
vn 0.0415 0.7215 -0.6911
vn 0.0642 0.7202 -0.6908
vn 0.0553 0.8268 -0.5598
vn 0.0432 0.8648 -0.5003
vn 0.0665 0.8261 -0.5596
vn 0.0556 0.8642 -0.5000
vn 0.0669 0.8636 -0.4998
vn -0.0022 0.5050 0.8631
vn 0.0053 0.5611 0.8277
vn -0.0074 0.5660 0.8244
vn 0.0028 0.5011 0.8654
vn 0.0085 0.5511 0.8344
vn 0.0104 0.6900 0.7237
vn -0.0193 0.6885 0.7250
vn 0.0196 0.6811 0.7319
vn -0.0082 0.4795 0.8775
vn 0.0041 0.4960 0.8683
vn 0.0328 0.8218 0.5688
vn 0.0144 0.8219 0.5694
vn -0.0369 0.8087 0.5871
vn -0.0513 0.8833 0.4660
vn 0.0182 0.9484 0.3166
vn -0.0633 0.9338 0.3521
vn 0.0166 0.8999 0.4358
vn 0.0484 0.9504 0.3072
vn 0.0195 0.9814 0.1910
vn -0.0752 0.9705 0.2291
vn 0.0542 0.9820 0.1811
vn 0.0419 0.9030 0.4277
vn 0.0600 0.9980 0.0207
vn 0.0204 0.9994 0.0297
vn -0.0892 0.9939 0.0655
vn -0.1047 0.9813 -0.1612
vn 0.0218 0.9352 -0.3534
vn -0.1088 0.9337 -0.3412
vn 0.0208 0.9822 -0.1864
vn 0.0677 0.9324 -0.3552
vn 0.0222 0.9069 -0.4207
vn -0.1090 0.9035 -0.4144
vn 0.0681 0.9046 -0.4207
vn 0.0653 0.9792 -0.1920
vn -0.0086 0.4384 0.8987
vn -0.0344 0.3902 0.9201
vn -0.0254 0.3944 0.9186
vn -0.0118 0.4367 0.8995
vn -0.0457 0.3839 0.9223
vn -0.0999 0.2471 0.9638
vn -0.0760 0.2539 0.9642
vn -0.1273 0.2363 0.9633
vn -0.0159 0.4341 0.9007
vn -0.2290 0.0275 0.9730
vn -0.1848 0.0376 0.9821
vn -0.1436 0.0429 0.9887
vn -0.1903 -0.1205 0.9743
vn -0.2821 -0.2414 0.9285
vn -0.2221 -0.2416 0.9446
vn -0.2428 -0.1227 0.9623
vn -0.3426 -0.2450 0.9069
vn -0.3168 -0.3566 0.8789
vn -0.2506 -0.3604 0.8985
vn -0.3821 -0.3554 0.8530
vn -0.2969 -0.1293 0.9461
vn -0.4214 -0.4821 0.7681
vn -0.3522 -0.4911 0.7967
vn -0.2802 -0.5011 0.8188
vn -0.3077 -0.6677 0.6779
vn -0.3989 -0.7532 0.5230
vn -0.3199 -0.7777 0.5411
vn -0.3846 -0.6491 0.6563
vn -0.4719 -0.7254 0.5011
vn -0.4016 -0.7906 0.4623
vn -0.3223 -0.8170 0.4782
vn -0.4749 -0.7601 0.4435
vn -0.4567 -0.6288 0.6293
vn -0.4755 -0.7723 0.4212
vn -0.4022 -0.8036 0.4387
vn -0.3227 -0.8307 0.4536
vn -0.0416 -0.5052 -0.8620
vn -0.1330 -0.5757 -0.8068
vn -0.0552 -0.5128 -0.8567
vn -0.0300 -0.4981 -0.8666
vn -0.1062 -0.5657 -0.8178
vn -0.2729 -0.6718 -0.6886
vn -0.0810 -0.5534 -0.8289
vn -0.2358 -0.6734 -0.7007
vn -0.1973 -0.6680 -0.7175
vn -0.3275 -0.7718 -0.5450
vn -0.3716 -0.7605 -0.5325
vn -0.4099 -0.7422 -0.5302
vn -0.4968 -0.7707 -0.3990
vn -0.5147 -0.8108 -0.2788
vn -0.5581 -0.7793 -0.2848
vn -0.4099 -0.8188 -0.4020
vn -0.4567 -0.7972 -0.3949
vn -0.5615 -0.8109 -0.1650
vn -0.6072 -0.7755 -0.1733
vn -0.4648 -0.8384 -0.2847
vn -0.5098 -0.8437 -0.1683
vn -0.5522 -0.8332 -0.0283
vn -0.6049 -0.7957 -0.0300
vn -0.6525 -0.7567 -0.0416
vn -0.6905 -0.7128 0.1228
vn -0.6561 -0.7064 0.2654
vn -0.7052 -0.6649 0.2462
vn -0.5886 -0.7947 0.1485
vn -0.6416 -0.7543 0.1389
vn -0.6587 -0.6828 0.3161
vn -0.7077 -0.6417 0.2956
vn -0.6034 -0.7462 0.2812
vn -0.6061 -0.7217 0.3344
vn 0.0005 -0.4828 -0.8757
vn 0.0049 -0.5221 -0.8529
vn 0.0015 -0.5215 -0.8532
vn 0.0016 -0.4830 -0.8756
vn 0.0103 -0.5229 -0.8523
vn 0.0152 -0.6408 -0.7676
vn 0.0048 -0.6399 -0.7685
vn 0.0319 -0.6418 -0.7662
vn 0.0034 -0.4834 -0.8754
vn 0.0058 -0.4840 -0.8750
vn 0.0174 -0.5244 -0.8513
vn 0.0532 -0.6429 -0.7641
vn 0.1019 -0.7889 -0.6061
vn 0.0619 -0.7912 -0.6084
vn 0.0298 -0.7921 -0.6097
vn 0.0094 -0.7920 -0.6105
vn 0.0127 -0.8845 -0.4663
vn 0.0471 -0.9357 -0.3497
vn 0.0149 -0.9367 -0.3499
vn 0.0402 -0.8839 -0.4660
vn 0.0973 -0.9320 -0.3491
vn 0.0535 -0.9731 -0.2243
vn 0.0169 -0.9744 -0.2244
vn 0.1103 -0.9683 -0.2240
vn 0.0830 -0.8812 -0.4654
vn 0.1360 -0.8755 -0.4636
vn 0.1591 -0.9241 -0.3474
vn 0.1800 -0.9581 -0.2229
vn 0.2019 -0.9776 -0.0594
vn 0.1241 -0.9905 -0.0591
vn 0.0602 -0.9965 -0.0588
vn 0.0190 -0.9981 -0.0588
vn 0.0211 -0.9855 0.1682
vn 0.0695 -0.9361 0.3449
vn 0.0220 -0.9381 0.3457
vn 0.0666 -0.9836 0.1679
vn 0.1429 -0.9288 0.3420
vn 0.0700 -0.9063 0.4168
vn 0.0221 -0.9083 0.4177
vn 0.1440 -0.8991 0.4133
vn 0.1371 -0.9765 0.1663
vn 0.2226 -0.9612 0.1629
vn 0.2318 -0.9130 0.3358
vn 0.2336 -0.8835 0.4060
vn -0.0002 0.4830 0.8756
vn -0.0006 0.4833 0.8755
vn -0.0004 0.5229 0.8524
vn -0.0013 0.5236 0.8520
vn -0.0011 0.6494 0.7605
vn -0.0011 0.4839 0.8751
vn -0.0024 0.5249 0.8511
vn -0.0035 0.6502 0.7598
vn -0.0068 0.6520 0.7582
vn -0.0068 0.8126 0.5827
vn -0.0021 0.8124 0.5831
vn 0.0001 0.8124 0.5832
vn -0.0028 0.9060 0.4233
vn 0.0002 0.9533 0.3021
vn 0.0002 0.9061 0.4231
vn -0.0091 0.9059 0.4234
vn -0.0033 0.9532 0.3022
vn 0.0002 0.9844 0.1758
vn -0.0106 0.9532 0.3023
vn -0.0037 0.9844 0.1759
vn -0.0132 0.8133 0.5817
vn -0.0176 0.9057 0.4235
vn -0.0205 0.9530 0.3024
vn -0.0119 0.9843 0.1760
vn -0.0230 0.9841 0.1761
vn -0.0132 0.9998 0.0161
vn -0.0041 0.9999 0.0159
vn 0.0002 0.9999 0.0158
vn -0.0045 0.9807 -0.1954
vn 0.0003 0.9340 -0.3573
vn 0.0002 0.9807 -0.1955
vn -0.0144 0.9806 -0.1953
vn -0.0046 0.9340 -0.3572
vn 0.0003 0.9065 -0.4222
vn -0.0149 0.9339 -0.3572
vn -0.0047 0.9065 -0.4222
vn -0.0255 0.9995 0.0162
vn -0.0279 0.9804 -0.1952
vn -0.0288 0.9336 -0.3570
vn -0.0150 0.9064 -0.4221
vn -0.0290 0.9061 -0.4220
vn 0.0003 0.8949 -0.4462
vn -0.0006 -0.4403 -0.8979
vn -0.0004 -0.3987 -0.9171
vn -0.0013 -0.3980 -0.9174
vn -0.0002 -0.4406 -0.8977
vn -0.0011 -0.2509 -0.9680
vn -0.0035 -0.2498 -0.9683
vn -0.0011 -0.4397 -0.8982
vn 0.0001 -0.0121 -0.9999
vn -0.0021 -0.0121 -0.9999
vn -0.0068 -0.0116 -0.9999
vn -0.0068 -0.2475 -0.9689
vn -0.0132 -0.0104 -0.9999
vn -0.0024 -0.3965 -0.9180
vn -0.0091 0.1724 -0.9850
vn -0.0033 0.2989 -0.9543
vn -0.0106 0.2987 -0.9543
vn -0.0028 0.1726 -0.9850
vn 0.0002 0.2990 -0.9543
vn -0.0037 0.4202 -0.9074
vn -0.0119 0.4201 -0.9074
vn 0.0002 0.4203 -0.9074
vn -0.0176 0.1722 -0.9849
vn 0.0002 0.1727 -0.9850
vn 0.0002 0.5602 -0.8283
vn -0.0041 0.5601 -0.8284
vn -0.0132 0.5600 -0.8284
vn -0.0230 0.4199 -0.9073
vn -0.0255 0.5597 -0.8283
vn -0.0205 0.2985 -0.9542
vn -0.0144 0.7222 -0.6916
vn -0.0046 0.8281 -0.5605
vn -0.0149 0.8280 -0.5605
vn -0.0045 0.7223 -0.6916
vn 0.0003 0.8282 -0.5605
vn -0.0047 0.8656 -0.5007
vn -0.0150 0.8655 -0.5007
vn 0.0003 0.8656 -0.5007
vn -0.0279 0.7219 -0.6914
vn 0.0002 0.7224 -0.6915
vn -0.0290 0.8652 -0.5006
vn -0.0288 0.8278 -0.5603
vn 0.0016 0.4405 0.8977
vn 0.0103 0.3986 0.9171
vn 0.0034 0.4402 0.8979
vn 0.0005 0.4408 0.8976
vn 0.0049 0.3995 0.9167
vn 0.0319 0.2599 0.9651
vn 0.0015 0.4001 0.9165
vn 0.0152 0.2616 0.9651
vn 0.0058 0.4395 0.8982
vn 0.0048 0.2629 0.9648
vn 0.0094 0.0462 0.9989
vn 0.0298 0.0455 0.9985
vn 0.0619 0.0449 0.9971
vn 0.1019 0.0444 0.9938
vn 0.0532 0.2575 0.9648
vn 0.0174 0.3970 0.9177
vn 0.0402 -0.1248 0.9914
vn 0.0973 -0.2482 0.9638
vn 0.0830 -0.1238 0.9888
vn 0.0127 -0.1250 0.9921
vn 0.0471 -0.2498 0.9671
vn 0.1103 -0.3716 0.9218
vn 0.0149 -0.2503 0.9681
vn 0.0535 -0.3740 0.9259
vn 0.1360 -0.1221 0.9832
vn 0.0169 -0.3747 0.9270
vn 0.0190 -0.5240 0.8515
vn 0.0602 -0.5230 0.8502
vn 0.1241 -0.5194 0.8455
vn 0.2019 -0.5117 0.8351
vn 0.1800 -0.3666 0.9128
vn 0.1591 -0.2451 0.9564
vn 0.0666 -0.7014 0.7097
vn 0.1429 -0.8126 0.5650
vn 0.1371 -0.6960 0.7048
vn 0.0211 -0.7028 0.7111
vn 0.0695 -0.8192 0.5693
vn 0.1440 -0.8541 0.4998
vn 0.0220 -0.8210 0.5704
vn 0.0700 -0.8610 0.5037
vn 0.2226 -0.6845 0.6942
vn 0.0221 -0.8630 0.5048
vn 0.2336 -0.8392 0.4912
vn 0.2318 -0.7985 0.5555
vn 0.8445 -0.4565 0.2800
vn 0.9623 -0.1561 0.2227
vn 0.8416 -0.4263 0.3316
vn 0.9680 -0.1960 0.1570
vn 0.9103 0.4130 -0.0289
vn 0.9254 -0.0636 0.3736
vn 0.8217 -0.3476 0.4517
vn 0.8540 0.4917 0.1697
vn 0.7624 -0.5572 0.3290
vn 0.9219 0.3688 -0.1185
vn 0.4625 0.8126 -0.3546
vn 0.4581 0.8481 -0.2661
vn 0.4298 0.9009 -0.0599
vn 0.7330 0.5505 0.3995
vn 0.8358 0.0420 0.5474
vn 0.7681 -0.2396 0.5938
vn 0.7441 -0.4564 0.4879
vn 0.7023 -0.3495 0.6202
vn 0.7599 -0.5298 0.3767
vn 0.7071 -0.1489 0.6913
vn 0.6572 0.1792 0.7321
vn 0.6437 -0.0693 0.7621
vn 0.7432 0.1193 0.6584
vn 0.5263 0.5736 0.6277
vn 0.5629 0.2355 0.7923
vn 0.5674 0.0149 0.8233
vn 0.4347 0.5694 0.6977
vn 0.6529 -0.2560 0.7129
vn 0.6189 0.5698 0.5406
vn 0.3607 0.9142 0.1845
vn 0.3003 0.8887 0.3465
vn 0.2521 0.8529 0.4572
vn 0.2053 0.8070 0.5537
vn 0.3328 0.5563 0.7615
vn 0.4433 0.2958 0.8462
vn 0.4614 0.1181 0.8793
vn 0.5335 -0.0774 0.8423
vn 0.4410 0.0387 0.8967
vn 0.5997 -0.1708 0.7818
vn 0.2995 0.2535 0.9198
vn 0.1197 0.4233 0.8980
vn 0.1409 0.3702 0.9182
vn 0.2760 0.3650 0.8891
vn 0.0848 0.4931 0.8658
vn 0.0461 0.4483 0.8927
vn 0.0579 0.4259 0.9029
vn 0.0326 0.4753 0.8792
vn 0.2970 0.1961 0.9345
vn 0.2027 0.5278 0.8248
vn 0.1534 0.7445 0.6497
vn 0.0896 0.6490 0.7555
vn 0.0381 0.5484 0.8354
vn 0.0157 0.4984 0.8668
vn 0.0670 0.4086 0.9103
vn 0.1492 0.3370 0.9296
vn 0.9680 -0.2410 0.0706
vn 0.9103 0.2605 -0.3218
vn 0.9219 0.3085 -0.2342
vn 0.8445 -0.4911 0.2136
vn 0.9623 -0.2720 0.0002
vn 0.8540 0.1429 -0.5002
vn 0.8416 -0.5161 0.1592
vn 0.9254 -0.3426 -0.1621
vn 0.4625 0.7564 -0.4625
vn 0.7624 -0.5890 0.2679
vn 0.7599 -0.6124 0.2182
vn 0.8217 -0.5694 0.0259
vn 0.7441 -0.6614 0.0943
vn 0.7682 -0.6238 -0.1441
vn 0.8358 -0.4244 -0.3483
vn 0.7330 -0.0118 -0.6801
vn 0.4298 0.5656 -0.7038
vn 0.3607 0.3729 -0.8549
vn 0.4581 0.7043 -0.5424
vn 0.7432 -0.4710 -0.4752
vn 0.5263 -0.1855 -0.8298
vn 0.6189 -0.1163 -0.7768
vn 0.7071 -0.6518 -0.2743
vn 0.6572 -0.4972 -0.5665
vn 0.4347 -0.2453 -0.8666
vn 0.6437 -0.6642 -0.3802
vn 0.5629 -0.5142 -0.6471
vn 0.3003 0.2255 -0.9268
vn 0.7023 -0.7085 -0.0691
vn 0.6529 -0.7309 -0.1990
vn 0.5997 -0.7385 -0.3082
vn 0.5674 -0.6660 -0.4842
vn 0.5335 -0.7345 -0.4194
vn 0.4614 -0.6527 -0.6009
vn 0.4433 -0.5237 -0.7275
vn 0.3328 -0.3050 -0.8923
vn 0.2053 0.0089 -0.9787
vn 0.1534 -0.1056 -0.9825
vn 0.2521 0.1143 -0.9609
vn 0.2760 -0.5193 -0.8088
vn 0.0848 -0.4267 -0.9004
vn 0.2027 -0.3733 -0.9053
vn 0.2995 -0.6083 -0.7350
vn 0.1197 -0.4932 -0.8617
vn 0.0326 -0.4480 -0.8935
vn 0.1409 -0.5401 -0.8297
vn 0.0461 -0.4744 -0.8791
vn 0.0896 -0.2470 -0.9649
vn 0.4410 -0.7126 -0.5457
vn 0.2970 -0.6533 -0.6964
vn 0.1492 -0.5685 -0.8090
vn 0.0579 -0.4957 -0.8666
vn 0.0670 -0.5116 -0.8566
vn 0.0157 -0.4245 -0.9053
vn 0.0082 -0.4441 -0.8959
vn 0.0381 -0.3701 -0.9282
vn -0.0681 0.8633 -0.5000
vn -0.0218 0.8257 -0.5637
vn -0.0677 0.8255 -0.5603
vn -0.0222 0.8646 -0.5020
vn 0.1088 0.8148 -0.5695
vn -0.0208 0.7158 -0.6979
vn -0.0653 0.7187 -0.6923
vn 0.1047 0.6947 -0.7117
vn -0.0754 0.8630 -0.4995
vn 0.1090 0.8575 -0.5028
vn 0.0892 0.5161 -0.8519
vn -0.0204 0.5486 -0.8358
vn -0.0600 0.5552 -0.8296
vn -0.0725 0.7194 -0.6908
vn -0.0663 0.5569 -0.8279
vn -0.0750 0.8254 -0.5595
vn -0.0542 0.4146 -0.9084
vn -0.0182 0.2842 -0.9586
vn -0.0484 0.2932 -0.9548
vn -0.0195 0.4061 -0.9136
vn 0.0633 0.2468 -0.9670
vn -0.0166 0.1588 -0.9872
vn -0.0419 0.1672 -0.9850
vn 0.0513 0.1245 -0.9909
vn -0.0596 0.4169 -0.9070
vn 0.0752 0.3686 -0.9265
vn 0.0369 -0.0175 -0.9992
vn -0.0144 0.0047 -0.9999
vn -0.0328 0.0050 -0.9994
vn -0.0456 0.1696 -0.9845
vn -0.0349 0.0011 -0.9994
vn -0.0530 0.2957 -0.9538
vn -0.0196 -0.2092 -0.9777
vn -0.0053 -0.3566 -0.9343
vn -0.0085 -0.3678 -0.9299
vn -0.0104 -0.1975 -0.9803
vn 0.0074 -0.3510 -0.9363
vn -0.0028 -0.4218 -0.9067
vn -0.0041 -0.4271 -0.9042
vn 0.0022 -0.4178 -0.9086
vn -0.0196 -0.2212 -0.9750
vn 0.0193 -0.1993 -0.9797
vn -0.0037 -0.4316 -0.9020
vn -0.0079 -0.3776 -0.9259
vn -0.0556 0.9051 -0.4215
vn -0.0665 0.9321 -0.3561
vn -0.0669 0.9045 -0.4211
vn -0.0432 0.9057 -0.4218
vn -0.0553 0.9327 -0.3565
vn -0.0642 0.9789 -0.1941
vn -0.0430 0.9332 -0.3568
vn -0.0534 0.9794 -0.1947
vn -0.0754 0.9040 -0.4208
vn -0.0415 0.9799 -0.1950
vn -0.0380 0.9991 0.0163
vn -0.0489 0.9987 0.0167
vn -0.0588 0.9981 0.0174
vn -0.0663 0.9976 0.0183
vn -0.0725 0.9784 -0.1934
vn -0.0750 0.9316 -0.3556
vn -0.0440 0.9833 0.1765
vn -0.0470 0.9517 0.3035
vn -0.0528 0.9827 0.1773
vn -0.0342 0.9838 0.1761
vn -0.0391 0.9523 0.3028
vn -0.0404 0.9045 0.4245
vn -0.0305 0.9527 0.3024
vn -0.0337 0.9051 0.4238
vn -0.0596 0.9822 0.1783
vn -0.0262 0.9055 0.4235
vn -0.0196 0.8144 0.5800
vn -0.0254 0.8158 0.5778
vn -0.0306 0.8175 0.5752
vn -0.0349 0.8195 0.5720
vn -0.0456 0.9039 0.4254
vn -0.0530 0.9510 0.3045
vn -0.0135 0.6593 0.7517
vn -0.0064 0.5356 0.8444
vn -0.0166 0.6649 0.7467
vn -0.0102 0.6550 0.7555
vn -0.0050 0.5308 0.8475
vn -0.0029 0.4886 0.8725
vn -0.0037 0.5273 0.8497
vn -0.0022 0.4864 0.8737
vn -0.0196 0.6721 0.7402
vn -0.0016 0.4849 0.8746
vn -0.0037 0.4917 0.8708
vn -0.0079 0.5422 0.8402
vn 0.6587 -0.6504 0.3782
vn 0.6034 -0.6582 0.4502
vn 0.6061 -0.6877 0.3996
vn 0.7052 -0.5829 0.4037
vn 0.6561 -0.6225 0.4266
vn 0.5886 -0.5772 0.5661
vn 0.6905 -0.5093 0.5137
vn 0.6416 -0.5463 0.5384
vn 0.5443 -0.7251 0.4220
vn 0.7077 -0.6101 0.3563
vn 0.6525 -0.3997 0.6439
vn 0.6049 -0.4316 0.6692
vn 0.5522 -0.4545 0.6990
vn 0.4898 -0.4710 0.7337
vn 0.5260 -0.6050 0.5977
vn 0.5413 -0.6932 0.4758
vn 0.5615 -0.3297 0.7590
vn 0.4648 -0.2473 0.8502
vn 0.5098 -0.3458 0.7878
vn 0.5581 -0.2134 0.8018
vn 0.5147 -0.2363 0.8241
vn 0.4099 -0.1400 0.9013
vn 0.4968 -0.1149 0.8602
vn 0.4567 -0.1335 0.8795
vn 0.4484 -0.3535 0.8209
vn 0.6072 -0.3025 0.7347
vn 0.4099 0.0089 0.9121
vn 0.3716 0.0003 0.9284
vn 0.3275 0.0041 0.9449
vn 0.2781 0.0146 0.9604
vn 0.3547 -0.1372 0.9249
vn 0.4056 -0.2490 0.8795
vn 0.2358 0.1881 0.9534
vn 0.0810 0.3619 0.9287
vn 0.1973 0.2050 0.9587
vn 0.2729 0.1792 0.9452
vn 0.1062 0.3458 0.9323
vn 0.0300 0.4245 0.9049
vn 0.1330 0.3311 0.9342
vn 0.0416 0.4167 0.9081
vn 0.1603 0.2217 0.9618
vn 0.0552 0.4080 0.9113
vn 0.0217 0.4302 0.9025
vn 0.0609 0.3747 0.9252
vn 0.4749 -0.7992 0.3686
vn 0.3989 -0.8603 0.3174
vn 0.4719 -0.8264 0.3071
vn 0.4016 -0.8320 0.3828
vn 0.3199 -0.8892 0.3270
vn 0.3846 -0.9099 0.1556
vn 0.4567 -0.8761 0.1544
vn 0.3077 -0.9382 0.1585
vn 0.5443 -0.7614 0.3522
vn 0.3223 -0.8602 0.3953
vn 0.2802 -0.9581 -0.0588
vn 0.3522 -0.9344 -0.0543
vn 0.4214 -0.9057 -0.0453
vn 0.5260 -0.8366 0.1531
vn 0.4898 -0.8711 -0.0347
vn 0.5413 -0.7873 0.2952
vn 0.3821 -0.9027 -0.1978
vn 0.2821 -0.8992 -0.3345
vn 0.3426 -0.8836 -0.3191
vn 0.3168 -0.9246 -0.2117
vn 0.2221 -0.9125 -0.3435
vn 0.2428 -0.8588 -0.4511
vn 0.2969 -0.8493 -0.4365
vn 0.1903 -0.8674 -0.4597
vn 0.4484 -0.8753 -0.1809
vn 0.2506 -0.9428 -0.2197
vn 0.1436 -0.7855 -0.6019
vn 0.1848 -0.7831 -0.5938
vn 0.2290 -0.7815 -0.5803
vn 0.3547 -0.8365 -0.4178
vn 0.2781 -0.7786 -0.5625
vn 0.4056 -0.8634 -0.3001
vn 0.1273 -0.6538 -0.7459
vn 0.0344 -0.5302 -0.8472
vn 0.0457 -0.5356 -0.8432
vn 0.0999 -0.6481 -0.7550
vn 0.0254 -0.5266 -0.8497
vn 0.0118 -0.4867 -0.8735
vn 0.0159 -0.4892 -0.8720
vn 0.0086 -0.4851 -0.8744
vn 0.1603 -0.6610 -0.7331
vn 0.0760 -0.6446 -0.7608
vn 0.0217 -0.4928 -0.8699
vn 0.0609 -0.5433 -0.8374
vn -0.0432 0.8648 -0.5003
vn -0.0553 0.8268 -0.5598
vn -0.0430 0.8273 -0.5601
vn -0.0556 0.8642 -0.5000
vn -0.0665 0.8261 -0.5596
vn -0.0534 0.7210 -0.6909
vn -0.0415 0.7215 -0.6911
vn -0.0642 0.7202 -0.6908
vn -0.0669 0.8636 -0.4998
vn -0.0588 0.5579 -0.8278
vn -0.0489 0.5588 -0.8278
vn -0.0380 0.5594 -0.8280
vn -0.0342 0.4196 -0.9070
vn -0.0391 0.2978 -0.9538
vn -0.0305 0.2984 -0.9540
vn -0.0440 0.4190 -0.9069
vn -0.0470 0.2968 -0.9538
vn -0.0337 0.1716 -0.9846
vn -0.0262 0.1721 -0.9847
vn -0.0404 0.1707 -0.9845
vn -0.0528 0.4181 -0.9069
vn -0.0306 -0.0027 -0.9995
vn -0.0254 -0.0058 -0.9997
vn -0.0196 -0.0084 -0.9998
vn -0.0102 -0.2435 -0.9698
vn -0.0050 -0.3901 -0.9207
vn -0.0037 -0.3939 -0.9191
vn -0.0135 -0.2380 -0.9712
vn -0.0064 -0.3849 -0.9230
vn -0.0022 -0.4371 -0.8994
vn -0.0016 -0.4386 -0.8987
vn -0.0029 -0.4348 -0.9005
vn -0.0166 -0.2307 -0.9729
vn -0.0222 0.9069 -0.4207
vn 0.1088 0.9337 -0.3412
vn 0.1090 0.9035 -0.4144
vn -0.0681 0.9046 -0.4207
vn -0.0218 0.9352 -0.3534
vn 0.1047 0.9813 -0.1612
vn -0.0677 0.9324 -0.3552
vn -0.0208 0.9822 -0.1864
vn -0.0653 0.9792 -0.1920
vn -0.0600 0.9980 0.0207
vn -0.0204 0.9994 0.0297
vn 0.0892 0.9939 0.0655
vn -0.0195 0.9814 0.1910
vn 0.0633 0.9338 0.3521
vn 0.0752 0.9705 0.2291
vn -0.0542 0.9820 0.1811
vn -0.0182 0.9484 0.3166
vn 0.0513 0.8833 0.4660
vn -0.0484 0.9504 0.3072
vn -0.0166 0.8999 0.4358
vn -0.0419 0.9030 0.4277
vn -0.0328 0.8218 0.5688
vn -0.0144 0.8219 0.5694
vn 0.0369 0.8087 0.5871
vn -0.0104 0.6900 0.7237
vn 0.0074 0.5660 0.8244
vn 0.0193 0.6885 0.7250
vn -0.0196 0.6812 0.7319
vn -0.0053 0.5611 0.8277
vn 0.0022 0.5050 0.8631
vn -0.0085 0.5511 0.8344
vn -0.0028 0.5011 0.8654
vn -0.0041 0.4960 0.8683
vn 0.0082 0.4795 0.8775
vn 0.4016 -0.7906 0.4623
vn 0.3199 -0.7777 0.5411
vn 0.3223 -0.8170 0.4782
vn 0.4749 -0.7601 0.4435
vn 0.3989 -0.7532 0.5230
vn 0.3077 -0.6677 0.6779
vn 0.4719 -0.7254 0.5011
vn 0.3846 -0.6491 0.6563
vn 0.4567 -0.6288 0.6293
vn 0.4214 -0.4821 0.7681
vn 0.3522 -0.4911 0.7967
vn 0.2802 -0.5011 0.8188
vn 0.3168 -0.3566 0.8789
vn 0.2221 -0.2416 0.9446
vn 0.2506 -0.3604 0.8985
vn 0.3821 -0.3554 0.8530
vn 0.2821 -0.2414 0.9285
vn 0.1903 -0.1205 0.9743
vn 0.3426 -0.2450 0.9070
vn 0.2428 -0.1227 0.9623
vn 0.2969 -0.1293 0.9461
vn 0.2290 0.0275 0.9730
vn 0.1848 0.0376 0.9821
vn 0.1436 0.0429 0.9887
vn 0.0999 0.2471 0.9638
vn 0.0254 0.3944 0.9186
vn 0.0760 0.2539 0.9642
vn 0.1273 0.2363 0.9633
vn 0.0344 0.3902 0.9201
vn 0.0086 0.4384 0.8987
vn 0.0457 0.3839 0.9223
vn 0.0118 0.4367 0.8995
vn 0.0159 0.4341 0.9007
vn 0.6587 -0.6828 0.3161
vn 0.7052 -0.6649 0.2462
vn 0.7077 -0.6417 0.2956
vn 0.6034 -0.7462 0.2812
vn 0.6561 -0.7064 0.2655
vn 0.6905 -0.7128 0.1228
vn 0.5886 -0.7947 0.1485
vn 0.6416 -0.7543 0.1389
vn 0.6061 -0.7217 0.3344
vn 0.5522 -0.8332 -0.0283
vn 0.6049 -0.7957 -0.0300
vn 0.6525 -0.7567 -0.0416
vn 0.5615 -0.8109 -0.1650
vn 0.5581 -0.7793 -0.2848
vn 0.6072 -0.7755 -0.1733
vn 0.4648 -0.8384 -0.2847
vn 0.5147 -0.8108 -0.2788
vn 0.4968 -0.7707 -0.3990
vn 0.4099 -0.8188 -0.4020
vn 0.4567 -0.7972 -0.3949
vn 0.5098 -0.8437 -0.1683
vn 0.3275 -0.7718 -0.5450
vn 0.3716 -0.7605 -0.5325
vn 0.4099 -0.7422 -0.5302
vn 0.2729 -0.6718 -0.6887
vn 0.1062 -0.5657 -0.8178
vn 0.1330 -0.5757 -0.8068
vn 0.2358 -0.6734 -0.7007
vn 0.0810 -0.5534 -0.8289
vn 0.0416 -0.5052 -0.8620
vn 0.0552 -0.5128 -0.8567
vn 0.0300 -0.4981 -0.8666
vn 0.1973 -0.6680 -0.7175
vn -0.3228 -0.8426 0.4311
vn -0.4024 -0.8120 0.4229
vn -0.4023 -0.8150 0.4171
vn -0.3228 -0.8363 0.4432
vn -0.3228 -0.8394 0.4372
vn -0.4757 -0.7801 0.4063
vn -0.4757 -0.7830 0.4008
vn -0.4023 -0.8089 0.4287
vn -0.4757 -0.7773 0.4118
vt 0.537778 0.250000
vt 0.499199 0.250000
vt 0.536656 0.250000
vt 0.499971 0.250000
vt 0.461728 0.250000
vt 0.498398 0.250000
vt 0.537011 0.250000
vt 0.459664 0.250000
vt 0.572443 0.250000
vt 0.570190 0.250000
vt 0.539359 0.250000
vt 0.500560 0.250000
vt 0.462157 0.250000
vt 0.461724 0.250000
vt 0.429739 0.250000
vt 0.429822 0.250000
vt 0.426956 0.250000
vt 0.413884 0.250000
vt 0.456224 0.250000
vt 0.497834 0.250000
vt 0.539154 0.250000
vt 0.569649 0.250000
vt 0.580038 0.250000
vt 0.568629 0.250000
vt 0.866211 0.625000
vt 0.872396 0.664056
vt 0.866211 0.662492
vt 0.872396 0.585944
vt 0.872396 0.625000
vt 0.874675 0.668017
vt 0.874675 0.581983
vt 0.874675 0.625000
vt 0.854167 0.662268
vt 0.866211 0.694010
vt 0.854167 0.693685
vt 0.854167 0.625000
vt 0.866211 0.587509
vt 0.854167 0.587732
vt 0.866211 0.555990
vt 0.872396 0.553715
vt 0.874675 0.546929
vt 0.875000 0.525111
vt 0.875000 0.576925
vt 0.875000 0.625000
vt 0.875000 0.673076
vt 0.875000 0.724889
vt 0.874675 0.703071
vt 0.872396 0.696286
vt 0.541622 0.258789
vt 0.500970 0.252604
vt 0.541246 0.252604
vt 0.500929 0.258789
vt 0.460631 0.252604
vt 0.500876 0.250326
vt 0.540537 0.250326
vt 0.461158 0.250326
vt 0.576341 0.270832
vt 0.575973 0.258788
vt 0.541799 0.270833
vt 0.500839 0.270833
vt 0.460176 0.258789
vt 0.459824 0.270833
vt 0.425643 0.258789
vt 0.426379 0.252604
vt 0.427338 0.250326
vt 0.428531 0.250000
vt 0.574186 0.250326
vt 0.575309 0.252604
vt 0.500929 0.991211
vt 0.460631 0.997396
vt 0.460176 0.991211
vt 0.541621 0.991211
vt 0.500970 0.997396
vt 0.461158 0.999675
vt 0.541246 0.997396
vt 0.500876 0.999675
vt 0.459824 0.979167
vt 0.425643 0.991211
vt 0.425119 0.979167
vt 0.500839 0.979167
vt 0.541799 0.979167
vt 0.576341 0.979168
vt 0.575973 0.991212
vt 0.575309 0.997396
vt 0.540537 0.999675
vt 0.574186 0.999675
vt 0.539359 1.000000
vt 0.500560 1.000000
vt 0.461724 1.000000
vt 0.428531 1.000000
vt 0.427338 0.999675
vt 0.426379 0.997396
vt 0.156250 0.625000
vt 0.187500 0.584157
vt 0.156250 0.581597
vt 0.187554 0.665843
vt 0.187500 0.625000
vt 0.218750 0.581597
vt 0.218757 0.668403
vt 0.218750 0.625000
vt 0.125000 0.575056
vt 0.156250 0.546564
vt 0.125000 0.525111
vt 0.125000 0.625000
vt 0.156365 0.668403
vt 0.125000 0.674945
vt 0.157552 0.703396
vt 0.187934 0.698886
vt 0.218804 0.703436
vt 0.250000 0.724889
vt 0.250000 0.674945
vt 0.250000 0.625000
vt 0.250000 0.575056
vt 0.250000 0.525111
vt 0.218750 0.546564
vt 0.187500 0.551114
vt 0.499971 1.000000
vt 0.461728 1.000000
vt 0.462157 1.000000
vt 0.537778 1.000000
vt 0.499199 1.000000
vt 0.459664 1.000000
vt 0.536656 1.000000
vt 0.498398 1.000000
vt 0.429739 1.000000
vt 0.572443 1.000000
vt 0.570190 1.000000
vt 0.568629 1.000000
vt 0.537011 1.000000
vt 0.569649 1.000000
vt 0.539154 1.000000
vt 0.497834 1.000000
vt 0.456224 1.000000
vt 0.413884 1.000000
vt 0.426956 1.000000
vt 0.429822 1.000000
vt 0.499741 0.083524
vt 0.437398 0.124880
vt 0.437331 0.081143
vt 0.562297 0.081143
vt 0.499852 0.124826
vt 0.499704 0.165822
vt 0.437302 0.168388
vt 0.562273 0.168388
vt 0.437104 0.045125
vt 0.375000 0.075056
vt 0.375000 0.025111
vt 0.499312 0.049370
vt 0.561760 0.045125
vt 0.625000 0.075056
vt 0.625000 0.125000
vt 0.562398 0.124880
vt 0.625000 0.174944
vt 0.561700 0.203436
vt 0.499206 0.198886
vt 0.436991 0.203436
vt 0.375000 0.174944
vt 0.375000 0.224889
vt 0.375000 0.125000
vt 0.125000 0.582054
vt 0.125000 0.628250
vt 0.125000 0.626869
vt 0.125000 0.586351
vt 0.125000 0.628738
vt 0.125000 0.675178
vt 0.125000 0.675351
vt 0.125000 0.546889
vt 0.125000 0.553714
vt 0.125000 0.587976
vt 0.125000 0.555990
vt 0.125000 0.588138
vt 0.125000 0.628250
vt 0.125000 0.675249
vt 0.125000 0.673482
vt 0.125000 0.724889
vt 0.125000 0.724889
vt 0.875000 0.674945
vt 0.875000 0.674782
vt 0.875000 0.575056
vt 0.875000 0.575056
vt 0.875000 0.724889
vt 0.875000 0.575218
vt 0.875000 0.525111
vt 0.875000 0.674945
vt 0.875000 0.724889
vt 0.500730 0.905925
vt 0.457509 0.934896
vt 0.452919 0.905925
vt 0.548513 0.905926
vt 0.500739 0.934896
vt 0.459352 0.959961
vt 0.543926 0.934897
vt 0.500773 0.959961
vt 0.445459 0.875000
vt 0.414164 0.905924
vt 0.390183 0.875000
vt 0.500735 0.875000
vt 0.556012 0.875000
vt 0.611288 0.875000
vt 0.587152 0.905929
vt 0.579546 0.934900
vt 0.542143 0.959962
vt 0.576913 0.959964
vt 0.424432 0.959961
vt 0.421750 0.934896
vt 0.459352 0.290039
vt 0.500739 0.315104
vt 0.457509 0.315104
vt 0.500772 0.290039
vt 0.543926 0.315103
vt 0.500730 0.344075
vt 0.452919 0.344075
vt 0.548513 0.344074
vt 0.425119 0.270833
vt 0.424432 0.290039
vt 0.542143 0.290038
vt 0.576913 0.290036
vt 0.579546 0.315100
vt 0.587152 0.344071
vt 0.611288 0.375000
vt 0.556011 0.375000
vt 0.500735 0.375000
vt 0.445459 0.375000
vt 0.414164 0.344076
vt 0.390183 0.375000
vt 0.421750 0.315104
vt 0.190104 0.585944
vt 0.165039 0.625000
vt 0.165039 0.587509
vt 0.219076 0.581820
vt 0.190104 0.625000
vt 0.190104 0.664056
vt 0.165039 0.662491
vt 0.219076 0.668180
vt 0.165039 0.555990
vt 0.145833 0.587732
vt 0.145833 0.556315
vt 0.190104 0.553715
vt 0.219076 0.546889
vt 0.219076 0.625000
vt 0.219076 0.703111
vt 0.190104 0.696286
vt 0.165039 0.694010
vt 0.145833 0.662268
vt 0.145833 0.693685
vt 0.145833 0.625000
vt 0.809896 0.585944
vt 0.780925 0.625000
vt 0.780925 0.581820
vt 0.834961 0.587509
vt 0.809896 0.625000
vt 0.809896 0.664056
vt 0.780925 0.668180
vt 0.834961 0.662491
vt 0.750000 0.525111
vt 0.750000 0.575056
vt 0.809897 0.553714
vt 0.780926 0.546889
vt 0.834962 0.555990
vt 0.854167 0.556315
vt 0.834961 0.625000
vt 0.834962 0.694010
vt 0.809897 0.696286
vt 0.780926 0.703111
vt 0.750000 0.724889
vt 0.750000 0.674945
vt 0.750000 0.625000
vt 0.550078 0.250000
vt 0.499203 0.250000
vt 0.500323 0.250000
vt 0.546219 0.250000
vt 0.498082 0.250000
vt 0.452187 0.250000
vt 0.450569 0.250000
vt 0.453805 0.250000
vt 0.606431 0.250000
vt 0.553938 0.250000
vt 0.599833 0.250000
vt 0.593235 0.250000
vt 0.542359 0.250000
vt 0.586636 0.250000
vt 0.538500 0.250000
vt 0.496961 0.250000
vt 0.455423 0.250000
vt 0.413884 0.250000
vt 0.409528 0.250000
vt 0.405171 0.250000
vt 0.400814 0.250000
vt 0.448951 0.250000
vt 0.396457 0.250000
vt 0.501444 0.250000
vt 0.125000 0.586351
vt 0.125000 0.582054
vt 0.125000 0.675178
vt 0.125000 0.626869
vt 0.125000 0.556315
vt 0.125000 0.673482
vt 0.125000 0.675351
vt 0.125000 0.724889
vt 0.125000 0.553715
vt 0.455501 0.937500
vt 0.500729 0.906250
vt 0.452668 0.906250
vt 0.452710 0.968750
vt 0.500731 0.937500
vt 0.548763 0.906251
vt 0.500746 0.968750
vt 0.545925 0.937501
vt 0.413799 0.906250
vt 0.418828 0.937500
vt 0.413856 0.968750
vt 0.390321 1.000000
vt 0.445545 1.000000
vt 0.500769 1.000000
vt 0.548755 0.968751
vt 0.555993 1.000000
vt 0.587491 0.968752
vt 0.582467 0.937504
vt 0.587517 0.906254
vt 0.452709 0.281250
vt 0.500731 0.312500
vt 0.500746 0.281250
vt 0.455501 0.312500
vt 0.500729 0.343750
vt 0.545925 0.312499
vt 0.548755 0.281249
vt 0.548763 0.343749
vt 0.390321 0.250000
vt 0.445545 0.250000
vt 0.413856 0.281250
vt 0.418828 0.312500
vt 0.452668 0.343750
vt 0.413799 0.343750
vt 0.587517 0.343746
vt 0.582467 0.312496
vt 0.587491 0.281248
vt 0.555992 0.250000
vt 0.611216 0.250000
vt 0.500769 0.250000
vt 0.781250 0.625000
vt 0.812501 0.584157
vt 0.781251 0.581597
vt 0.812501 0.665843
vt 0.812500 0.625000
vt 0.843751 0.581597
vt 0.843751 0.668403
vt 0.843750 0.625000
vt 0.781252 0.546564
vt 0.781251 0.668403
vt 0.812502 0.698886
vt 0.843752 0.703436
vt 0.875000 0.625000
vt 0.843752 0.546564
vt 0.812502 0.551114
vt 0.499971 1.000000
vt 0.462157 1.000000
vt 0.499199 1.000000
vt 0.498398 1.000000
vt 0.429739 1.000000
vt 0.461724 1.000000
vt 0.428531 1.000000
vt 0.426956 1.000000
vt 0.413884 1.000000
vt 0.497834 1.000000
vt 0.537011 1.000000
vt 0.569649 1.000000
vt 0.570190 1.000000
vt 0.572443 1.000000
vt 0.539360 1.000000
vt 0.500560 1.000000
vt 0.437398 0.124880
vt 0.499704 0.165822
vt 0.499852 0.124826
vt 0.562297 0.081143
vt 0.562273 0.168388
vt 0.562398 0.124880
vt 0.437104 0.045125
vt 0.375000 0.025111
vt 0.436991 0.203436
vt 0.499206 0.198886
vt 0.561700 0.203436
vt 0.625000 0.025111
vt 0.499312 0.049370
vt 0.875000 0.675351
vt 0.875000 0.628738
vt 0.875000 0.675249
vt 0.875000 0.675178
vt 0.875000 0.628251
vt 0.875000 0.586351
vt 0.875000 0.587976
vt 0.875000 0.582054
vt 0.875000 0.673482
vt 0.875000 0.626869
vt 0.875000 0.546889
vt 0.875000 0.553715
vt 0.875000 0.555990
vt 0.875000 0.588138
vt 0.875000 0.556315
vt 0.875000 0.628250
vt 0.875000 0.665925
vt 0.875000 0.625081
vt 0.875000 0.668413
vt 0.875000 0.668484
vt 0.875000 0.625650
vt 0.875000 0.586026
vt 0.875000 0.581831
vt 0.875000 0.587752
vt 0.875000 0.703436
vt 0.875000 0.698886
vt 0.875000 0.703396
vt 0.875000 0.626950
vt 0.875000 0.546889
vt 0.125000 0.587752
vt 0.125000 0.625650
vt 0.125000 0.626950
vt 0.125000 0.581831
vt 0.125000 0.586026
vt 0.125000 0.668484
vt 0.125000 0.668413
vt 0.125000 0.665925
vt 0.125000 0.556315
vt 0.125000 0.625081
vt 0.125000 0.703436
vt 0.125000 0.698886
vt 0.125000 0.703396
vt 0.458623 1.000000
vt 0.500902 1.000000
vt 0.453533 1.000000
vt 0.460907 1.000000
vt 0.500963 1.000000
vt 0.548233 1.000000
vt 0.500875 1.000000
vt 0.543245 1.000000
vt 0.415067 1.000000
vt 0.423457 1.000000
vt 0.426972 1.000000
vt 0.540787 1.000000
vt 0.574551 1.000000
vt 0.578230 1.000000
vt 0.586551 1.000000
vt 0.611216 1.000000
vt 0.548486 0.250000
vt 0.501076 0.250000
vt 0.500916 0.250000
vt 0.545270 0.250000
vt 0.501254 0.250000
vt 0.456825 0.250000
vt 0.453308 0.250000
vt 0.454957 0.250000
vt 0.586911 0.250000
vt 0.581111 0.250000
vt 0.547504 0.250000
vt 0.584903 0.250000
vt 0.417312 0.250000
vt 0.420776 0.250000
vt 0.414732 0.250000
vt 0.190104 0.533267
vt 0.219076 0.520702
vt 0.219076 0.528971
vt 0.165039 0.534903
vt 0.190104 0.522084
vt 0.219076 0.515928
vt 0.165039 0.522653
vt 0.190104 0.516101
vt 0.250000 0.521972
vt 0.145833 0.535136
vt 0.145833 0.522734
vt 0.165039 0.516172
vt 0.145833 0.516182
vt 0.165039 0.512556
vt 0.190104 0.512556
vt 0.219076 0.512556
vt 0.250000 0.512556
vt 0.250000 0.515694
vt 0.250000 0.518833
vt 0.190050 0.509417
vt 0.219021 0.506278
vt 0.219069 0.509417
vt 0.164883 0.509417
vt 0.189670 0.506278
vt 0.218906 0.503139
vt 0.163791 0.506278
vt 0.188748 0.503139
vt 0.250000 0.509417
vt 0.145833 0.512556
vt 0.145616 0.509417
vt 0.144097 0.506278
vt 0.160923 0.503139
vt 0.139540 0.503139
vt 0.156250 0.500000
vt 0.187500 0.500000
vt 0.218750 0.500000
vt 0.250000 0.500000
vt 0.250000 0.503139
vt 0.250000 0.506278
vt 0.379290 0.313748
vt 0.384669 0.344021
vt 0.379065 0.343906
vt 0.379448 0.285923
vt 0.386253 0.314670
vt 0.394113 0.344069
vt 0.387025 0.288791
vt 0.398919 0.315050
vt 0.375000 0.343750
vt 0.378796 0.375000
vt 0.375000 0.375000
vt 0.375000 0.312500
vt 0.375000 0.281250
vt 0.375000 0.250000
vt 0.379608 0.264540
vt 0.387385 0.269097
vt 0.400902 0.289883
vt 0.401499 0.270616
vt 0.386387 0.375000
vt 0.382591 0.375000
vt 0.780928 0.721029
vt 0.809900 0.727916
vt 0.780931 0.729298
vt 0.809898 0.716733
vt 0.834964 0.727348
vt 0.809903 0.733899
vt 0.780934 0.734072
vt 0.834965 0.733828
vt 0.750004 0.728028
vt 0.834963 0.715097
vt 0.854168 0.714864
vt 0.854168 0.727266
vt 0.854169 0.733818
vt 0.854170 0.737445
vt 0.834967 0.737445
vt 0.809906 0.737445
vt 0.780938 0.737444
vt 0.750016 0.737444
vt 0.750012 0.734306
vt 0.750008 0.731167
vt 0.780951 0.740583
vt 0.810349 0.743722
vt 0.781006 0.743722
vt 0.809964 0.740583
vt 0.836220 0.743722
vt 0.811276 0.746861
vt 0.781130 0.746861
vt 0.839091 0.746861
vt 0.750026 0.740583
vt 0.835126 0.740583
vt 0.854388 0.740583
vt 0.855908 0.743722
vt 0.860465 0.746861
vt 0.875000 0.750000
vt 0.843765 0.750000
vt 0.812529 0.750000
vt 0.781294 0.750000
vt 0.750058 0.750000
vt 0.750047 0.746861
vt 0.750037 0.743722
vt 0.621306 0.906127
vt 0.614486 0.935345
vt 0.616061 0.906001
vt 0.621090 0.936274
vt 0.613748 0.961218
vt 0.602136 0.934959
vt 0.606949 0.905943
vt 0.600195 0.960123
vt 0.625000 0.906294
vt 0.621572 0.875044
vt 0.625000 0.875058
vt 0.625000 0.937529
vt 0.620950 0.964090
vt 0.625000 0.968765
vt 0.620825 0.985465
vt 0.613454 0.980907
vt 0.599691 0.979387
vt 0.614716 0.875015
vt 0.618144 0.875029
vt 0.809898 0.533267
vt 0.834964 0.522653
vt 0.834963 0.534903
vt 0.780928 0.528971
vt 0.809900 0.522084
vt 0.834965 0.516172
vt 0.780931 0.520702
vt 0.809903 0.516101
vt 0.854167 0.535136
vt 0.750004 0.521972
vt 0.750008 0.518833
vt 0.750012 0.515694
vt 0.780934 0.515928
vt 0.750015 0.512556
vt 0.780938 0.512556
vt 0.809906 0.512556
vt 0.834967 0.512556
vt 0.854170 0.512556
vt 0.854169 0.516182
vt 0.854168 0.522734
vt 0.809964 0.509417
vt 0.836220 0.506278
vt 0.835126 0.509417
vt 0.780951 0.509417
vt 0.810349 0.506278
vt 0.839091 0.503139
vt 0.781006 0.506278
vt 0.811276 0.503139
vt 0.854388 0.509417
vt 0.750026 0.509417
vt 0.750037 0.506278
vt 0.750047 0.503139
vt 0.781130 0.503139
vt 0.750058 0.500000
vt 0.781294 0.500000
vt 0.812529 0.500000
vt 0.843765 0.500000
vt 0.875000 0.500000
vt 0.860465 0.503139
vt 0.855908 0.506278
vt 0.621090 0.313726
vt 0.613748 0.288782
vt 0.620950 0.285911
vt 0.621306 0.343873
vt 0.614486 0.314655
vt 0.600195 0.289877
vt 0.616061 0.343999
vt 0.602136 0.315041
vt 0.625000 0.281236
vt 0.620825 0.264536
vt 0.625000 0.250000
vt 0.625000 0.312471
vt 0.625000 0.343707
vt 0.621572 0.374957
vt 0.618144 0.374971
vt 0.614716 0.374986
vt 0.606948 0.344057
vt 0.599691 0.270613
vt 0.613454 0.269093
vt 0.165039 0.715097
vt 0.190104 0.727916
vt 0.165039 0.727347
vt 0.190104 0.716733
vt 0.219076 0.729298
vt 0.190104 0.733899
vt 0.165039 0.733828
vt 0.219076 0.734072
vt 0.145833 0.714864
vt 0.219076 0.721029
vt 0.250000 0.728028
vt 0.250000 0.731167
vt 0.250000 0.734306
vt 0.250000 0.737444
vt 0.219076 0.737445
vt 0.190104 0.737444
vt 0.165039 0.737445
vt 0.145833 0.733818
vt 0.145833 0.737445
vt 0.145833 0.727266
vt 0.164883 0.740583
vt 0.189670 0.743722
vt 0.163791 0.743722
vt 0.190050 0.740583
vt 0.219021 0.743722
vt 0.188748 0.746861
vt 0.160923 0.746861
vt 0.218906 0.746861
vt 0.145616 0.740583
vt 0.219069 0.740583
vt 0.250000 0.740583
vt 0.250000 0.743722
vt 0.250000 0.746861
vt 0.250000 0.750000
vt 0.218750 0.750000
vt 0.187500 0.750000
vt 0.156250 0.750000
vt 0.139540 0.746861
vt 0.125000 0.750000
vt 0.144097 0.743722
vt 0.379448 0.964077
vt 0.386253 0.935330
vt 0.387025 0.961209
vt 0.379290 0.936252
vt 0.384669 0.905979
vt 0.398919 0.934950
vt 0.400902 0.960117
vt 0.394113 0.905931
vt 0.375000 1.000000
vt 0.379608 0.985460
vt 0.375000 0.968750
vt 0.375000 0.937500
vt 0.379065 0.906094
vt 0.375000 0.906250
vt 0.378796 0.875000
vt 0.382591 0.875000
vt 0.386387 0.875000
vt 0.401499 0.979384
vt 0.387385 0.980903
vt 0.497707 1.000000
vt 0.451231 1.000000
vt 0.453533 1.000000
vt 0.541711 1.000000
vt 0.497854 1.000000
vt 0.448948 1.000000
vt 0.544469 1.000000
vt 0.498020 1.000000
vt 0.409245 1.000000
vt 0.585559 1.000000
vt 0.591080 1.000000
vt 0.596601 1.000000
vt 0.547240 1.000000
vt 0.602122 1.000000
vt 0.549672 1.000000
vt 0.497968 1.000000
vt 0.446529 1.000000
vt 0.395325 1.000000
vt 0.399965 1.000000
vt 0.404605 1.000000
vt 0.497530 1.000000
vt 0.440972 1.000000
vt 0.443840 1.000000
vt 0.551375 1.000000
vt 0.496809 1.000000
vt 0.438017 1.000000
vt 0.552694 1.000000
vt 0.495956 1.000000
vt 0.390244 1.000000
vt 0.605364 1.000000
vt 0.608607 1.000000
vt 0.611850 1.000000
vt 0.553901 1.000000
vt 0.615092 1.000000
vt 0.555069 1.000000
vt 0.495046 1.000000
vt 0.435023 1.000000
vt 0.375000 1.000000
vt 0.380081 1.000000
vt 0.385163 1.000000
vt 0.496276 0.006581
vt 0.436214 0.014223
vt 0.435636 0.006486
vt 0.556921 0.006486
vt 0.497454 0.014981
vt 0.436719 0.025145
vt 0.558737 0.014223
vt 0.498512 0.027627
vt 0.435023 0.000000
vt 0.375000 0.006278
vt 0.375000 0.000000
vt 0.495046 0.000000
vt 0.555069 0.000000
vt 0.617569 0.006278
vt 0.620046 0.012556
vt 0.622523 0.018833
vt 0.560446 0.025145
vt 0.625000 0.025111
vt 0.375000 0.018833
vt 0.375000 0.012556
vt 0.541710 0.249985
vt 0.497843 0.249826
vt 0.544462 0.249880
vt 0.497706 0.249978
vt 0.451224 0.249880
vt 0.497982 0.249368
vt 0.547215 0.249546
vt 0.448918 0.249546
vt 0.585559 0.250000
vt 0.453532 0.249985
vt 0.409245 0.250000
vt 0.404605 0.250000
vt 0.399965 0.250000
vt 0.395325 0.250000
vt 0.446415 0.248561
vt 0.497862 0.248256
vt 0.549611 0.248561
vt 0.602122 0.250000
vt 0.596601 0.250000
vt 0.591080 0.250000
vt 0.551267 0.246407
vt 0.496559 0.243548
vt 0.552593 0.243602
vt 0.497319 0.246229
vt 0.440490 0.243602
vt 0.495895 0.240562
vt 0.553935 0.240568
vt 0.437572 0.240568
vt 0.605364 0.246861
vt 0.443537 0.246407
vt 0.389863 0.246861
vt 0.384401 0.243722
vt 0.378939 0.240583
vt 0.373476 0.237444
vt 0.435503 0.237444
vt 0.495695 0.237444
vt 0.555393 0.237444
vt 0.615092 0.237444
vt 0.611850 0.240583
vt 0.608607 0.243722
vt 0.556955 0.234082
vt 0.497204 0.228566
vt 0.558637 0.229379
vt 0.496215 0.233981
vt 0.435733 0.229379
vt 0.498301 0.218602
vt 0.560338 0.221263
vt 0.436415 0.221263
vt 0.617569 0.234306
vt 0.435191 0.234082
vt 0.373857 0.234306
vt 0.374238 0.231167
vt 0.374619 0.228028
vt 0.625000 0.224889
vt 0.622523 0.228028
vt 0.620046 0.231167
vt 0.591141 0.250000
vt 0.608167 0.250000
vt 0.593182 0.250000
vt 0.590436 0.250000
vt 0.606080 0.250000
vt 0.617892 0.250000
vt 0.604217 0.250000
vt 0.616595 0.250000
vt 0.595553 0.250000
vt 0.591278 0.250000
vt 0.602519 0.250000
vt 0.615198 0.250000
vt 0.613760 0.250000
vt 0.625000 0.250000
vt 0.618983 0.250000
vt 0.610117 0.250000
vt 0.875000 0.503139
vt 0.875000 0.506278
vt 0.875000 0.509417
vt 0.875000 0.500000
vt 0.875000 0.512556
vt 0.875000 0.512556
vt 0.875000 0.512556
vt 0.875000 0.512556
vt 0.875000 0.509417
vt 0.875000 0.515694
vt 0.875000 0.518833
vt 0.875000 0.521972
vt 0.875000 0.518833
vt 0.875000 0.515695
vt 0.875000 0.512556
vt 0.875000 0.515694
vt 0.875000 0.521972
vt 0.875000 0.521972
vt 0.597360 0.999681
vt 0.612517 0.997830
vt 0.611559 0.999729
vt 0.598549 0.997451
vt 0.613109 0.992460
vt 0.620304 0.998753
vt 0.619775 0.999844
vt 0.620632 0.995329
vt 0.595553 1.000000
vt 0.599274 0.991368
vt 0.625000 1.000000
vt 0.625000 1.000000
vt 0.618983 1.000000
vt 0.610117 1.000000
vt 0.874844 0.746861
vt 0.872831 0.743722
vt 0.874729 0.743722
vt 0.873753 0.746861
vt 0.867461 0.743722
vt 0.872451 0.740583
vt 0.874681 0.740583
vt 0.866369 0.740583
vt 0.875000 0.750000
vt 0.875000 0.746861
vt 0.875000 0.750000
vt 0.870329 0.746861
vt 0.866212 0.737445
vt 0.872396 0.737445
vt 0.874675 0.737444
vt 0.875000 0.740583
vt 0.875000 0.737445
vt 0.875000 0.743722
vt 0.874675 0.734072
vt 0.872396 0.727916
vt 0.874675 0.729298
vt 0.872396 0.733899
vt 0.866212 0.727348
vt 0.872396 0.716733
vt 0.874675 0.721029
vt 0.866211 0.715098
vt 0.875000 0.734306
vt 0.866212 0.733828
vt 0.875000 0.728028
vt 0.875000 0.731167
vt 0.406758 1.000000
vt 0.393031 1.000000
vt 0.391792 1.000000
vt 0.407574 1.000000
vt 0.393866 1.000000
vt 0.382955 1.000000
vt 0.382088 1.000000
vt 0.383838 1.000000
vt 0.405242 1.000000
vt 0.406750 1.000000
vt 0.404163 1.000000
vt 0.394442 1.000000
vt 0.384721 1.000000
vt 0.375000 1.000000
vt 0.381306 1.000000
vt 0.390444 1.000000
vt 0.125000 0.746861
vt 0.125000 0.743722
vt 0.125000 0.740583
vt 0.125000 0.750000
vt 0.125000 0.746861
vt 0.125000 0.750000
vt 0.125000 0.743722
vt 0.125000 0.740583
vt 0.125000 0.737445
vt 0.125000 0.737444
vt 0.125000 0.737444
vt 0.125000 0.734306
vt 0.125000 0.731167
vt 0.125000 0.734306
vt 0.125000 0.728028
vt 0.125000 0.731167
vt 0.125000 0.737444
vt 0.125000 0.734306
vt 0.125000 0.731167
vt 0.125000 0.728028
vt 0.125000 0.731167
vt 0.402828 0.252550
vt 0.389317 0.250271
vt 0.403883 0.250319
vt 0.402043 0.258633
vt 0.388453 0.252170
vt 0.380677 0.250156
vt 0.387820 0.257541
vt 0.380197 0.251248
vt 0.405242 0.250000
vt 0.379847 0.254673
vt 0.375000 0.250000
vt 0.381307 0.250000
vt 0.390444 0.250000
vt 0.126248 0.503139
vt 0.125271 0.506278
vt 0.125156 0.503139
vt 0.129673 0.503139
vt 0.127170 0.506278
vt 0.125319 0.509417
vt 0.132541 0.506278
vt 0.127550 0.509417
vt 0.125000 0.500000
vt 0.125000 0.503139
vt 0.125000 0.500000
vt 0.133633 0.509417
vt 0.133789 0.512556
vt 0.127604 0.512556
vt 0.125326 0.512556
vt 0.125000 0.512556
vt 0.125000 0.509417
vt 0.125000 0.506278
vt 0.127604 0.516182
vt 0.125326 0.522734
vt 0.125326 0.516182
vt 0.133789 0.516182
vt 0.127604 0.522734
vt 0.125326 0.535136
vt 0.133789 0.522734
vt 0.127604 0.535136
vt 0.125000 0.516182
vt 0.133789 0.535136
vt 0.133789 0.556315
vt 0.127604 0.556315
vt 0.125326 0.556315
vt 0.125000 0.535136
vt 0.125000 0.522734
vt 0.598549 0.252550
vt 0.613109 0.257540
vt 0.599274 0.258632
vt 0.597360 0.250319
vt 0.612517 0.252170
vt 0.620632 0.254671
vt 0.611559 0.250271
vt 0.620304 0.251248
vt 0.619775 0.250156
vt 0.873753 0.503139
vt 0.867461 0.506278
vt 0.870329 0.503139
vt 0.874844 0.503139
vt 0.872831 0.506278
vt 0.866369 0.509417
vt 0.874729 0.506278
vt 0.872451 0.509417
vt 0.874681 0.509417
vt 0.874675 0.512556
vt 0.872396 0.512556
vt 0.866212 0.512556
vt 0.872396 0.516101
vt 0.866212 0.522653
vt 0.866212 0.516172
vt 0.874675 0.515928
vt 0.872396 0.522084
vt 0.866211 0.534903
vt 0.874674 0.520702
vt 0.872396 0.533267
vt 0.874674 0.528971
vt 0.590436 1.000000
vt 0.606080 1.000000
vt 0.604217 1.000000
vt 0.591141 1.000000
vt 0.608167 1.000000
vt 0.616595 1.000000
vt 0.615198 1.000000
vt 0.617892 1.000000
vt 0.580038 1.000000
vt 0.591278 1.000000
vt 0.593182 1.000000
vt 0.613760 1.000000
vt 0.602519 1.000000
vt 0.875000 0.746861
vt 0.875000 0.743722
vt 0.875000 0.743722
vt 0.875000 0.746861
vt 0.875000 0.740583
vt 0.875000 0.740583
vt 0.875000 0.737445
vt 0.875000 0.737444
vt 0.875000 0.740583
vt 0.875000 0.737444
vt 0.875000 0.734306
vt 0.875000 0.734306
vt 0.875000 0.728028
vt 0.402043 0.991367
vt 0.388453 0.997830
vt 0.387820 0.992459
vt 0.402828 0.997450
vt 0.389317 0.999729
vt 0.380197 0.998752
vt 0.379847 0.995328
vt 0.380677 0.999844
vt 0.403883 0.999681
vt 0.129673 0.746861
vt 0.127170 0.743722
vt 0.132541 0.743722
vt 0.126248 0.746861
vt 0.125271 0.743722
vt 0.127550 0.740583
vt 0.133633 0.740583
vt 0.125319 0.740583
vt 0.125156 0.746861
vt 0.125326 0.737445
vt 0.127604 0.737444
vt 0.133789 0.737445
vt 0.133789 0.733828
vt 0.127604 0.727916
vt 0.133789 0.727347
vt 0.127604 0.733899
vt 0.125326 0.729298
vt 0.127604 0.716733
vt 0.133789 0.715097
vt 0.125326 0.721029
vt 0.125326 0.734072
vt 0.125326 0.703071
vt 0.127604 0.696286
vt 0.133789 0.694010
vt 0.407574 0.250000
vt 0.393866 0.250000
vt 0.406750 0.250000
vt 0.406757 0.250000
vt 0.393031 0.250000
vt 0.383838 0.250000
vt 0.391792 0.250000
vt 0.382955 0.250000
vt 0.404163 0.250000
vt 0.382088 0.250000
vt 0.384721 0.250000
vt 0.375000 0.250000
vt 0.394442 0.250000
vt 0.125000 0.503139
vt 0.125000 0.506278
vt 0.125000 0.509417
vt 0.125000 0.506278
vt 0.125000 0.503139
vt 0.125000 0.509417
vt 0.125000 0.512556
vt 0.125000 0.512556
vt 0.125000 0.515928
vt 0.125000 0.522084
vt 0.125000 0.520702
vt 0.125000 0.516172
vt 0.125000 0.516101
vt 0.125000 0.533267
vt 0.125000 0.528971
vt 0.125000 0.522653
vt 0.125000 0.515694
vt 0.125000 0.534903
vt 0.125000 0.521972
vt 0.125000 0.518833
vt 0.393848 0.343750
vt 0.385483 0.312500
vt 0.384573 0.343750
vt 0.396798 0.312500
vt 0.384608 0.281250
vt 0.379170 0.312500
vt 0.379050 0.343750
vt 0.379067 0.281250
vt 0.393898 0.281250
vt 0.386491 0.250000
vt 0.382660 0.250000
vt 0.378830 0.250000
vt 0.375000 0.312500
vt 0.218750 0.503139
vt 0.187500 0.506278
vt 0.218750 0.506278
vt 0.187500 0.503139
vt 0.156250 0.506278
vt 0.187500 0.509417
vt 0.218750 0.509417
vt 0.156250 0.509417
vt 0.187500 0.500000
vt 0.156250 0.503139
vt 0.156250 0.512556
vt 0.187500 0.512556
vt 0.218750 0.512556
vt 0.218750 0.515918
vt 0.187500 0.521434
vt 0.218750 0.520621
vt 0.187500 0.516020
vt 0.156250 0.520621
vt 0.187500 0.531398
vt 0.218750 0.528737
vt 0.156250 0.528737
vt 0.156250 0.515918
vt 0.604254 0.937509
vt 0.616156 0.906272
vt 0.607213 0.906262
vt 0.607188 0.968755
vt 0.615248 0.937515
vt 0.621320 0.906283
vt 0.616138 0.968758
vt 0.621203 0.937522
vt 0.614662 1.000000
vt 0.618108 1.000000
vt 0.621311 0.968761
vt 0.621554 1.000000
vt 0.625000 0.968765
vt 0.812526 0.746861
vt 0.781280 0.743722
vt 0.781287 0.746861
vt 0.843765 0.746861
vt 0.812522 0.743722
vt 0.781273 0.740583
vt 0.843765 0.743722
vt 0.812519 0.740583
vt 0.875004 0.746861
vt 0.875008 0.743722
vt 0.843765 0.740583
vt 0.875012 0.740583
vt 0.843764 0.737445
vt 0.812515 0.737444
vt 0.781266 0.737444
vt 0.812512 0.733981
vt 0.781258 0.729379
vt 0.781262 0.734082
vt 0.843762 0.734082
vt 0.812508 0.728566
vt 0.781254 0.721263
vt 0.843758 0.729379
vt 0.812505 0.718602
vt 0.875016 0.737444
vt 0.875012 0.734306
vt 0.875008 0.731167
vt 0.843755 0.721263
vt 0.875004 0.728028
vt 0.781252 0.703436
vt 0.607188 0.281245
vt 0.615248 0.312485
vt 0.616138 0.281242
vt 0.604254 0.312491
vt 0.616156 0.343728
vt 0.621203 0.312478
vt 0.621311 0.281239
vt 0.621320 0.343717
vt 0.614662 0.250000
vt 0.607213 0.343738
vt 0.621554 0.250000
vt 0.618108 0.250000
vt 0.843765 0.503139
vt 0.812522 0.506278
vt 0.843765 0.506278
vt 0.812526 0.503139
vt 0.781280 0.506278
vt 0.812519 0.509417
vt 0.843765 0.509417
vt 0.781273 0.509417
vt 0.875004 0.503139
vt 0.781286 0.503139
vt 0.781266 0.512556
vt 0.812515 0.512556
vt 0.843764 0.512556
vt 0.875012 0.509417
vt 0.875015 0.512556
vt 0.875008 0.506278
vt 0.843762 0.515918
vt 0.812508 0.521434
vt 0.843758 0.520621
vt 0.812512 0.516020
vt 0.781258 0.520621
vt 0.812505 0.531398
vt 0.843754 0.528737
vt 0.781254 0.528737
vt 0.875012 0.515694
vt 0.781262 0.515918
vt 0.875004 0.521972
vt 0.875008 0.518833
vt 0.396798 0.937500
vt 0.384608 0.968750
vt 0.393898 0.968750
vt 0.393848 0.906250
vt 0.385483 0.937500
vt 0.379067 0.968750
vt 0.384573 0.906250
vt 0.379170 0.937500
vt 0.386491 1.000000
vt 0.379050 0.906250
vt 0.378830 1.000000
vt 0.382660 1.000000
vt 0.163791 0.743722
vt 0.160923 0.746861
vt 0.218906 0.746861
vt 0.189670 0.743722
vt 0.164883 0.740583
vt 0.219021 0.743722
vt 0.190050 0.740583
vt 0.139540 0.746861
vt 0.219069 0.740583
vt 0.165039 0.737445
vt 0.145833 0.737445
vt 0.144097 0.743722
vt 0.190050 0.733981
vt 0.163791 0.729298
vt 0.164883 0.734072
vt 0.219069 0.734082
vt 0.189670 0.728566
vt 0.161038 0.721090
vt 0.219021 0.729379
vt 0.188802 0.718602
vt 0.145616 0.734224
vt 0.218913 0.721263
vt 0.139567 0.726078
vt 0.144097 0.730517
vt 0.436719 0.025145
vt 0.497454 0.014981
vt 0.436214 0.014223
vt 0.498512 0.027627
vt 0.558737 0.014223
vt 0.496276 0.006581
vt 0.435636 0.006486
vt 0.560446 0.025145
vt 0.622523 0.018833
vt 0.555069 0.000000
vt 0.375000 0.012556
vt 0.438017 1.000000
vt 0.440972 1.000000
vt 0.495956 1.000000
vt 0.552694 1.000000
vt 0.497530 1.000000
vt 0.443840 1.000000
vt 0.551375 1.000000
vt 0.380081 1.000000
vt 0.553901 1.000000
vt 0.555069 1.000000
vt 0.605364 1.000000
vt 0.549672 1.000000
vt 0.446529 1.000000
vt 0.390244 1.000000
vt 0.395325 1.000000
vt 0.385163 1.000000
vt 0.448948 1.000000
vt 0.497854 1.000000
vt 0.451231 1.000000
vt 0.498020 1.000000
vt 0.544469 1.000000
vt 0.497708 1.000000
vt 0.453533 1.000000
vt 0.399965 1.000000
vt 0.547240 1.000000
vt 0.591080 1.000000
vt 0.585559 1.000000
vt 0.409245 1.000000
vt 0.404605 1.000000
vt 0.498301 0.218602
vt 0.558637 0.229379
vt 0.560338 0.221263
vt 0.436415 0.221263
vt 0.497204 0.228566
vt 0.556955 0.234082
vt 0.435733 0.229379
vt 0.496215 0.233981
vt 0.374238 0.231167
vt 0.435191 0.234082
vt 0.373857 0.234306
vt 0.435503 0.237444
vt 0.495695 0.237444
vt 0.555393 0.237444
vt 0.617569 0.234306
vt 0.615092 0.237444
vt 0.620046 0.231167
vt 0.495905 0.240583
vt 0.552652 0.243722
vt 0.553943 0.240583
vt 0.437579 0.240583
vt 0.496645 0.243722
vt 0.551501 0.246861
vt 0.440549 0.243722
vt 0.497631 0.246861
vt 0.611850 0.240583
vt 0.373476 0.237444
vt 0.378939 0.240583
vt 0.384401 0.243722
vt 0.443751 0.246861
vt 0.389863 0.246861
vt 0.447025 0.250000
vt 0.498724 0.250000
vt 0.550423 0.250000
vt 0.605364 0.246861
vt 0.608607 0.243722
vt 0.498283 0.250000
vt 0.544461 0.250000
vt 0.547442 0.250000
vt 0.449124 0.250000
vt 0.497842 0.250000
vt 0.541480 0.250000
vt 0.451224 0.250000
vt 0.497402 0.250000
vt 0.596601 0.250000
vt 0.395326 0.250000
vt 0.399965 0.250000
vt 0.453323 0.250000
vt 0.409245 0.250000
vt 0.585559 0.250000
vt 0.580038 0.250000
vt 0.591080 0.250000
vt 0.875000 0.534903
vt 0.875000 0.522084
vt 0.875000 0.522653
vt 0.875000 0.533267
vt 0.875000 0.520702
vt 0.875000 0.516101
vt 0.875000 0.516172
vt 0.875000 0.515928
vt 0.875000 0.535136
vt 0.875000 0.528971
vt 0.875000 0.512556
vt 0.875000 0.516182
vt 0.875000 0.522734
vt 0.875000 0.509417
vt 0.875000 0.506278
vt 0.875000 0.506278
vt 0.875000 0.503139
vt 0.875000 0.503139
vt 0.875000 0.509417
vt 0.875000 0.503139
vt 0.875000 0.500000
vt 0.618345 0.250000
vt 0.608967 0.250000
vt 0.611786 0.250000
vt 0.616956 0.250000
vt 0.605799 0.250000
vt 0.601073 0.250000
vt 0.605513 0.250000
vt 0.596214 0.250000
vt 0.619409 0.250000
vt 0.615396 0.250000
vt 0.625000 0.250000
vt 0.591278 0.250000
vt 0.607389 0.250000
vt 0.613523 0.250000
vt 0.875000 0.718602
vt 0.875000 0.729379
vt 0.875000 0.721263
vt 0.875000 0.721263
vt 0.875000 0.728566
vt 0.875000 0.734082
vt 0.875000 0.733981
vt 0.875000 0.734082
vt 0.875000 0.734306
vt 0.875000 0.737444
vt 0.875000 0.737444
vt 0.875000 0.731167
vt 0.875000 0.740583
vt 0.875000 0.743722
vt 0.875000 0.746861
vt 0.875000 0.740583
vt 0.875000 0.746861
vt 0.875000 0.746861
vt 0.875000 0.750000
vt 0.875000 0.743722
vt 0.620417 1.000000
vt 0.611655 1.000000
vt 0.619790 1.000000
vt 0.620993 1.000000
vt 0.613278 1.000000
vt 0.597625 1.000000
vt 0.615499 1.000000
vt 0.600667 1.000000
vt 0.618983 1.000000
vt 0.625000 1.000000
vt 0.606267 1.000000
vt 0.610117 1.000000
vt 0.125000 0.718602
vt 0.125000 0.729379
vt 0.125000 0.721263
vt 0.125000 0.728566
vt 0.125000 0.734082
vt 0.125000 0.733981
vt 0.125000 0.721263
vt 0.125000 0.731167
vt 0.125000 0.734306
vt 0.125000 0.737444
vt 0.125000 0.737444
vt 0.125000 0.740583
vt 0.125000 0.743722
vt 0.125000 0.746861
vt 0.125000 0.746861
vt 0.382955 1.000000
vt 0.391792 1.000000
vt 0.382088 1.000000
vt 0.383838 1.000000
vt 0.393031 1.000000
vt 0.381307 1.000000
vt 0.384721 1.000000
vt 0.404163 1.000000
vt 0.406750 1.000000
vt 0.405242 1.000000
vt 0.390444 1.000000
vt 0.125000 0.534903
vt 0.125000 0.522084
vt 0.125000 0.522653
vt 0.125000 0.533267
vt 0.125000 0.516101
vt 0.125000 0.535136
vt 0.125000 0.528971
vt 0.125000 0.512556
vt 0.125000 0.516182
vt 0.125000 0.522734
vt 0.125000 0.506278
vt 0.380411 0.250000
vt 0.387010 0.250000
vt 0.387213 0.250000
vt 0.379993 0.250000
vt 0.385319 0.250000
vt 0.398769 0.250000
vt 0.397443 0.250000
vt 0.394798 0.250000
vt 0.380901 0.250000
vt 0.379456 0.250000
vt 0.393982 0.250000
vt 0.387197 0.250000
vt 0.875000 0.522084
vt 0.875000 0.533267
vt 0.875000 0.516101
vt 0.875000 0.515928
vt 0.875000 0.506278
vt 0.875000 0.500000
vt 0.621004 0.250000
vt 0.613994 0.250000
vt 0.615589 0.250000
vt 0.620507 0.250000
vt 0.613781 0.250000
vt 0.602728 0.250000
vt 0.606524 0.250000
vt 0.604176 0.250000
vt 0.620055 0.250000
vt 0.875000 0.728028
vt 0.875000 0.731167
vt 0.875000 0.731167
vt 0.875000 0.734306
vt 0.875000 0.734306
vt 0.875000 0.731167
vt 0.875000 0.740583
vt 0.875000 0.743722
vt 0.875000 0.740583
vt 0.616595 1.000000
vt 0.617892 1.000000
vt 0.608167 1.000000
vt 0.591141 1.000000
vt 0.613760 1.000000
vt 0.593182 1.000000
vt 0.580038 1.000000
vt 0.591278 1.000000
vt 0.126248 0.728028
vt 0.132541 0.731085
vt 0.129673 0.727855
vt 0.125156 0.728028
vt 0.127170 0.731167
vt 0.133633 0.734296
vt 0.125271 0.731167
vt 0.127550 0.734306
vt 0.125319 0.734306
vt 0.125326 0.737444
vt 0.133789 0.737444
vt 0.132541 0.743722
vt 0.133633 0.740583
vt 0.125319 0.740583
vt 0.127170 0.743722
vt 0.129673 0.746861
vt 0.125271 0.743722
vt 0.126248 0.746861
vt 0.125156 0.746861
vt 0.380078 1.000000
vt 0.385403 1.000000
vt 0.379466 1.000000
vt 0.380662 1.000000
vt 0.387684 1.000000
vt 0.395040 1.000000
vt 0.389221 1.000000
vt 0.400706 1.000000
vt 0.403618 1.000000
vt 0.125000 0.533267
vt 0.125000 0.515928
vt 0.125000 0.516101
vt 0.383639 0.250000
vt 0.390164 0.250000
vt 0.392274 0.250000
vt 0.382597 0.250000
vt 0.388277 0.250000
vt 0.397682 0.250000
vt 0.400903 0.250000
vt 0.394766 0.250000
vt 0.384721 0.250000
vt 0.381649 0.250000
vt 0.404163 0.250000
vt 0.133789 0.587742
vt 0.127604 0.625650
vt 0.127604 0.587813
vt 0.133789 0.662502
vt 0.133789 0.625081
vt 0.125326 0.626950
vt 0.125326 0.587976
vt 0.127604 0.664137
vt 0.125326 0.668261
vt 0.625000 0.374942
vt 0.375000 0.875000
vt 0.615092 0.000000
s 1
usemtl PoopMouth
f 4137/3691/3365 4141/3692/3366 4140/3693/3367
f 4138/3694/3368 4142/3695/3369 4141/3692/3366
f 4140/3693/3367 4144/3696/3370 4143/3697/3371
f 4141/3692/3366 4145/3698/3372 4144/3696/3370
f 3414/3699/3373 4137/3691/3365 3660/3700/3374
f 4097/3701/3375 4138/3694/3368 4137/3691/3365
f 4096/3702/3376 4139/3703/3377 4138/3694/3368
f 4095/3704/3378 3779/3705/3379 4139/3703/3377
f 4139/3703/3377 3778/3706/3380 4142/3695/3369
f 4142/3695/3369 3777/3707/3381 4145/3698/3372
f 4145/3698/3372 3405/3708/3382 3632/3709/3383
f 4144/3696/3370 3632/3709/3383 3631/3710/3384
f 4143/3697/3371 3631/3710/3384 3630/3711/3385
f 3662/3712/3386 3630/3711/3385 3409/3713/3387
f 3661/3714/3388 4143/3697/3371 3662/3712/3386
f 3660/3700/3374 4140/3693/3367 3661/3714/3388
f 4147/3715/3389 4149/3716/3390 4146/3717/3391
f 4147/3715/3389 4151/3718/3392 4150/3719/3393
f 4150/3719/3393 4152/3720/3394 4149/3716/3390
f 4150/3719/3393 4154/3721/3395 4153/3722/3396
f 4083/3723/3397 3696/3724/3398 3369/3725/3399
f 4084/3726/3400 4146/3717/3391 4083/3723/3397
f 4084/3726/3400 4148/3727/3401 4147/3715/3389
f 4085/3728/3402 3752/3729/3403 4148/3727/3401
f 4148/3727/3401 3751/3730/3404 4151/3718/3392
f 4151/3718/3392 3750/3731/3405 4154/3721/3395
f 4154/3721/3395 3413/3732/3406 4086/3733/3407
f 4153/3722/3396 4086/3733/3407 4087/3734/3408
f 4153/3722/3396 4088/3735/3409 4152/3720/3394
f 4152/3720/3394 3417/3736/3410 3698/3737/3411
f 4149/3716/3390 3698/3737/3411 3697/3738/3412
f 4146/3717/3391 3697/3738/3412 3696/3724/3398
f 4155/3739/3413 4159/3740/3414 4158/3741/3415
f 4156/3742/3416 4160/3743/3417 4159/3740/3414
f 4158/3741/3415 4162/3744/3414 4161/3745/3418
f 4159/3740/3414 4163/3746/3419 4162/3744/3414
f 3377/3747/3420 4155/3739/3413 3741/3748/3421
f 4092/3749/3422 4156/3742/3416 4155/3739/3413
f 4093/3750/3416 4157/3751/3423 4156/3742/3416
f 4094/3752/3424 3725/3753/3425 4157/3751/3423
f 4157/3751/3423 3724/3754/3426 4160/3743/3417
f 4160/3743/3417 3723/3755/3427 4163/3746/3419
f 4163/3746/3419 3426/3756/3428 4095/3704/3378
f 4162/3744/3414 4095/3704/3378 4096/3702/3376
f 4161/3745/3418 4096/3702/3376 4097/3701/3375
f 3743/3757/3429 4097/3701/3375 3414/3699/3373
f 3742/3758/3430 4161/3745/3418 3743/3757/3429
f 3741/3748/3421 4158/3741/3415 3742/3758/3430
f 4165/3759/3431 4167/3760/3432 4164/3761/3433
f 4166/3762/3434 4168/3763/3435 4165/3759/3431
f 4168/3763/3435 4170/3764/3436 4167/3760/3432
f 4169/3765/3437 4171/3766/3438 4168/3763/3435
f 4074/3767/3439 3765/3768/3440 3365/3769/3441
f 4075/3770/3431 4164/3761/3433 4074/3767/3439
f 4076/3771/3442 4165/3759/3431 4075/3770/3431
f 3370/3772/3443 4166/3762/3434 4076/3771/3442
f 3683/3773/3444 4169/3765/3437 4166/3762/3434
f 3682/3774/3445 4172/3775/3446 4169/3765/3437
f 3681/3776/3447 4077/3777/3448 4172/3775/3446
f 4172/3775/3446 4078/3778/3449 4171/3766/3438
f 4171/3766/3438 4079/3779/3450 4170/3764/3436
f 4170/3764/3436 3422/3780/3451 3767/3781/3452
f 4167/3760/3432 3767/3781/3452 3766/3782/3453
f 4164/3761/3433 3766/3782/3453 3765/3768/3440
f 4174/3783/3454 4176/3784/3455 4173/3785/3456
f 4174/3783/3454 4178/3786/3457 4177/3787/3458
f 4177/3787/3458 4179/3788/3459 4176/3784/3455
f 4177/3787/3458 4181/3789/3460 4180/3790/3461
f 4101/3791/3462 3807/3792/3463 3438/3793/3464
f 4102/3794/3465 4173/3785/3456 4101/3791/3462
f 4102/3794/3465 4175/3795/3466 4174/3783/3454
f 4103/3796/3467 3872/3797/3468 4175/3795/3466
f 4175/3795/3466 3871/3798/3469 4178/3786/3457
f 4178/3786/3457 3870/3799/3470 4181/3789/3460
f 4181/3789/3460 3389/3800/3471 4073/3801/3472
f 4180/3790/3461 4073/3801/3472 4072/3802/3473
f 4180/3790/3461 4071/3803/3474 4179/3788/3459
f 4179/3788/3459 3382/3804/3475 3809/3805/3476
f 4176/3784/3455 3809/3805/3476 3808/3806/3477
f 4173/3785/3456 3808/3806/3477 3807/3792/3463
f 4183/3807/3478 4185/3808/3479 4182/3809/3480
f 4184/3810/3481 4186/3811/3482 4183/3807/3478
f 4186/3811/3482 4188/3812/3483 4185/3808/3479
f 4187/3813/3484 4189/3814/3485 4186/3811/3482
f 4079/3779/3450 3702/3815/3486 3422/3780/3451
f 4078/3778/3449 4182/3809/3480 4079/3779/3450
f 4077/3777/3448 4183/3807/3478 4078/3778/3449
f 3418/3816/3487 4184/3810/3481 4077/3777/3448
f 3755/3817/3488 4187/3813/3484 4184/3810/3481
f 3754/3818/3489 4190/3819/3490 4187/3813/3484
f 3753/3820/3491 3602/3821/3492 4190/3819/3490
f 4190/3819/3490 3601/3822/3493 4189/3814/3485
f 4189/3814/3485 3600/3823/3494 4188/3812/3483
f 4188/3812/3483 3397/3824/3495 3704/3825/3496
f 4185/3808/3479 3704/3825/3496 3703/3826/3497
f 4182/3809/3480 3703/3826/3497 3702/3815/3486
f 4192/3827/3498 4194/3828/3499 4191/3829/3500
f 4193/3830/3501 4195/3831/3502 4192/3827/3498
f 4194/3828/3499 4198/3832/3503 4197/3833/3504
f 4195/3831/3502 4199/3834/3505 4198/3832/3503
f 3626/3835/3506 4113/3836/3507 3398/3837/3508
f 3625/3838/3509 4191/3829/3500 3626/3835/3506
f 3624/3839/3510 4192/3827/3498 3625/3838/3509
f 3624/3839/3510 4116/3840/3511 4193/3830/3501
f 4193/3830/3501 4117/3841/3512 4196/3842/3513
f 4117/3841/3512 4199/3834/3505 4196/3842/3513
f 4118/3843/3514 3656/3844/3515 4199/3834/3505
f 4198/3832/3503 3656/3844/3515 3655/3845/3516
f 4197/3833/3504 3655/3845/3516 3654/3846/3517
f 4115/3847/3518 3654/3846/3517 3406/3848/3519
f 4114/3849/3520 4197/3833/3504 4115/3847/3518
f 4191/3829/3500 4114/3849/3520 4113/3836/3507
f 4200/3850/3521 4204/3851/3522 4203/3852/3523
f 4201/3853/3524 4205/3854/3525 4204/3851/3522
f 4204/3851/3522 4206/3855/3526 4203/3852/3523
f 4205/3854/3525 4207/3856/3527 4204/3851/3522
f 3438/3793/3464 4200/3850/3521 4101/3791/3462
f 4001/3857/3528 4201/3853/3524 4200/3850/3521
f 4000/3858/3529 4202/3859/3530 4201/3853/3524
f 3999/3860/3531 4119/3861/3532 4202/3859/3530
f 4202/3859/3530 4120/3862/3533 4205/3854/3525
f 4120/3862/3533 4208/3863/3534 4205/3854/3525
f 4121/3864/3535 4043/3865/3536 4208/3863/3534
f 4208/3863/3534 4042/3865/3537 4207/3856/3527
f 4207/3856/3527 4041/3865/3538 4206/3855/3526
f 4206/3855/3526 3429/3866/3539 4103/3796/3467
f 4203/3852/3523 4103/3796/3467 4102/3794/3465
f 4101/3791/3462 4203/3852/3523 4102/3794/3465
f 4210/3734/3540 4212/3867/3541 4209/3868/3542
f 4210/3734/3540 4214/3869/3543 4213/3734/3544
f 4213/3734/3544 4215/3867/3545 4212/3867/3541
f 4213/3734/3544 4217/3870/3546 4216/3734/3547
f 4088/3735/3409 3762/3871/3548 3417/3736/3410
f 4087/3734/3408 4209/3868/3542 4088/3735/3409
f 4087/3734/3408 4211/3872/3549 4210/3734/3540
f 4086/3733/3407 3677/3873/3550 4211/3872/3549
f 4211/3872/3549 3676/3873/3551 4214/3869/3543
f 4214/3869/3543 3675/3873/3552 4217/3870/3546
f 4217/3870/3546 3410/3873/3553 4118/3869/3514
f 4216/3734/3547 4118/3869/3514 4117/3734/3512
f 4216/3734/3547 4116/3874/3511 4215/3867/3545
f 4215/3867/3545 3402/3875/3554 3764/3871/3555
f 4212/3867/3541 3764/3871/3555 3763/3871/3556
f 4209/3868/3542 3763/3871/3556 3762/3871/3548
f 4219/3876/3431 4221/3877/3557 4218/3878/3558
f 4220/3879/3559 4222/3880/3431 4219/3876/3431
f 4222/3880/3431 4224/3881/3560 4221/3877/3557
f 4223/3882/3561 4225/3883/3431 4222/3880/3431
f 4080/3884/3562 3594/3885/3563 3390/3886/3564
f 4081/3887/3431 4218/3878/3558 4080/3884/3562
f 4082/3888/3559 4219/3876/3431 4081/3887/3431
f 3393/3889/3565 4220/3879/3559 4082/3888/3559
f 3536/3890/3565 4223/3882/3561 4220/3879/3559
f 3535/3891/3566 4226/3892/3567 4223/3882/3561
f 3534/3893/3568 4076/3771/3442 4226/3892/3567
f 4226/3892/3567 4075/3770/3431 4225/3883/3431
f 4225/3883/3431 4074/3767/3439 4224/3881/3560
f 4224/3881/3560 3365/3769/3441 3596/3894/3569
f 4221/3877/3557 3596/3894/3569 3595/3895/3570
f 4218/3878/3558 3595/3895/3570 3594/3885/3563
f 4227/3896/3571 4231/3897/3572 4230/3898/3573
f 4228/3899/3572 4232/3900/3574 4231/3897/3572
f 4230/3898/3573 4234/3901/3572 4233/3902/3575
f 4231/3897/3572 4235/3903/3576 4234/3901/3572
f 3374/3904/3577 4227/3896/3571 3504/3905/3578
f 4094/3752/3424 4228/3899/3572 4227/3896/3571
f 4093/3750/3416 4229/3906/3579 4228/3899/3572
f 4092/3749/3422 3566/3907/3580 4229/3906/3579
f 4229/3906/3579 3565/3908/3581 4232/3900/3574
f 4232/3900/3574 3564/3909/3582 4235/3903/3576
f 4235/3903/3576 3386/3910/3582 4098/3911/3576
f 4234/3901/3572 4098/3911/3576 4099/3912/3572
f 4233/3902/3575 4099/3912/3572 4100/3913/3583
f 3506/3914/3584 4100/3913/3583 3381/3915/3585
f 3505/3916/3586 4233/3902/3575 3506/3914/3584
f 3504/3905/3578 4230/3898/3573 3505/3916/3586
f 4237/3917/3587 4239/3918/3588 4236/3919/3589
f 4238/3920/3590 4240/3921/3591 4237/3917/3587
f 4239/3918/3588 4243/3922/3592 4242/3923/3593
f 4240/3921/3591 4244/3924/3594 4243/3922/3592
f 3482/3925/3595 4065/3926/3596 3373/3927/3597
f 3481/3928/3598 4236/3919/3589 3482/3925/3595
f 3480/3929/3599 4237/3917/3587 3481/3928/3598
f 3382/3804/3475 4238/3920/3590 3480/3929/3599
f 4071/3803/3474 4241/3930/3600 4238/3920/3590
f 4241/3930/3600 4073/3801/3472 4244/3924/3594
f 4244/3924/3594 3389/3800/3471 3572/3931/3601
f 4243/3922/3592 3572/3931/3601 3571/3932/3602
f 4242/3923/3593 3571/3932/3602 3570/3933/3603
f 4067/3934/3604 3570/3933/3603 3366/3935/3605
f 4066/3936/3606 4242/3923/3593 4067/3934/3604
f 4236/3919/3589 4066/3936/3606 4065/3926/3596
f 4246/3937/3607 4248/3938/3608 4245/3939/3609
f 4247/3940/3610 4249/3941/3611 4246/3937/3607
f 4248/3938/3608 4252/3942/3612 4251/3943/3613
f 4249/3941/3611 4253/3944/3614 4252/3942/3612
f 3385/3945/3615 4245/3939/3609 4091/3946/3616
f 3541/3947/3617 4245/3939/3609 3542/3948/3618
f 3540/3949/3619 4246/3937/3607 3541/3947/3617
f 3378/3950/3620 4247/3940/3610 3540/3949/3619
f 4085/3728/3402 4250/3951/3621 4247/3940/3610
f 4250/3951/3621 4083/3723/3397 4253/3944/3614
f 4253/3944/3614 3369/3725/3399 3512/3952/3622
f 4252/3942/3612 3512/3952/3622 3511/3953/3623
f 4251/3943/3613 3511/3953/3623 3510/3954/3624
f 4251/3943/3613 3394/3955/3625 4089/3956/3626
f 4248/3938/3608 4089/3956/3626 4090/3957/3627
f 4091/3946/3616 4248/3938/3608 4090/3957/3627
f 4254/3958/3628 4258/3959/3629 4257/3960/3630
f 4255/3961/3631 4259/3962/3632 4258/3959/3629
f 4257/3960/3630 4261/3963/3633 4260/3964/3634
f 4258/3959/3629 4262/3965/3635 4261/3963/3633
f 3461/3966/3636 4254/3958/3628 4128/3967/3637
f 3953/3968/3638 4255/3961/3631 4254/3958/3628
f 3952/3969/3639 4256/3970/3640 4255/3961/3631
f 3951/3971/3641 3932/3972/3642 4256/3970/3640
f 4256/3970/3640 3931/3973/3643 4259/3962/3632
f 4259/3962/3632 3930/3974/3644 4262/3965/3635
f 4262/3965/3635 3453/3975/3645 4064/3976/3646
f 4261/3963/3633 4064/3976/3646 4063/3977/3647
f 4260/3964/3634 4063/3977/3647 4062/3978/3648
f 4130/3979/3649 4062/3978/3648 3473/3980/3650
f 4129/3981/3651 4260/3964/3634 4130/3979/3649
f 4128/3967/3637 4257/3960/3630 4129/3981/3651
f 4263/3859/3652 4267/3851/3653 4266/3982/3654
f 4265/3863/3655 4267/3851/3653 4264/3854/3656
f 4267/3851/3653 4269/3983/3657 4266/3982/3654
f 4267/3851/3653 4271/3984/3658 4270/3985/3659
f 3425/3986/3660 4263/3859/3652 3786/3860/3661
f 4070/3861/3662 4264/3854/3656 4263/3859/3652
f 4068/3987/3663 4264/3854/3656 4069/3851/3664
f 3421/3866/3665 4265/3863/3655 4068/3987/3663
f 3719/3865/3666 4268/3988/3667 4265/3863/3655
f 4268/3988/3667 3717/3865/3668 4271/3984/3658
f 4271/3984/3658 3398/3989/3508 4113/3796/3507
f 4270/3985/3659 4113/3796/3507 4114/3794/3520
f 4270/3985/3659 4115/3791/3518 4269/3983/3657
f 4269/3983/3657 3406/3793/3519 3788/3857/3669
f 4266/3982/3654 3788/3857/3669 3787/3990/3670
f 3786/3860/3661 4266/3982/3654 3787/3990/3670
f 4273/3991/3671 4275/3992/3431 4272/3993/3672
f 4274/3994/3673 4276/3995/3431 4273/3991/3671
f 4276/3995/3431 4278/3996/3559 4275/3992/3431
f 4277/3997/3431 4279/3998/3674 4276/3995/3431
f 3857/3999/3675 4080/3884/3562 3390/3886/3564
f 3856/4000/3676 4272/3993/3672 3857/3999/3675
f 3855/4001/3677 4273/3991/3671 3856/4000/3676
f 3430/4002/3678 4274/3994/3673 3855/4001/3677
f 4110/4003/3679 4277/3997/3431 4274/3994/3673
f 4111/4004/3431 4280/4005/3680 4277/3997/3431
f 4112/4006/3681 3812/4007/3682 4280/4005/3680
f 4280/4005/3680 3811/4008/3683 4279/3998/3674
f 4279/3998/3674 3810/4009/3565 4278/3996/3559
f 4278/3996/3559 3393/3889/3565 4082/3888/3559
f 4275/3992/3431 4082/3888/3559 4081/3887/3431
f 4272/3993/3672 4081/3887/3431 4080/3884/3562
f 4281/4010/3684 4285/4011/3572 4284/4012/3572
f 4282/4013/3685 4286/4014/3572 4285/4011/3572
f 4284/4012/3572 4288/4015/3686 4287/4016/3687
f 4285/4011/3572 4289/4017/3576 4288/4015/3686
f 3437/4018/3688 4281/4010/3684 4106/4019/3689
f 3791/4020/3690 4282/4013/3685 4281/4010/3684
f 3790/4021/3691 4283/4022/3692 4282/4013/3685
f 3789/4023/3693 4100/3913/3583 4283/4022/3692
f 4283/4022/3692 4099/3912/3572 4286/4014/3572
f 4286/4014/3572 4098/3911/3576 4289/4017/3576
f 4289/4017/3576 3386/3910/3582 3836/4024/3582
f 4288/4015/3686 3836/4024/3582 3835/4025/3694
f 4287/4016/3687 3835/4025/3694 3834/4026/3695
f 4104/4027/3696 3834/4026/3695 3442/4028/3697
f 4105/4029/3416 4287/4016/3687 4104/4027/3696
f 4106/4019/3689 4284/4012/3572 4105/4029/3416
f 4291/4030/3698 4293/4031/3699 4290/4032/3700
f 4291/4030/3698 4295/4033/3701 4294/4034/3702
f 4294/4034/3702 4296/4035/3703 4293/4031/3699
f 4294/4034/3702 4298/4036/3704 4297/4037/3705
f 3385/3945/3615 4290/4032/3700 3849/4038/3706
f 4091/3946/3616 4291/4030/3698 4290/4032/3700
f 4089/3956/3626 4291/4030/3698 4090/3957/3627
f 3394/3955/3625 4292/4039/3707 4089/3956/3626
f 4292/4039/3707 3829/4040/3708 4295/4033/3701
f 4295/4033/3701 3828/4041/3709 4298/4036/3704
f 4298/4036/3704 3434/3736/3710 4107/3874/3711
f 4297/4037/3705 4107/3874/3711 4108/4042/3712
f 4297/4037/3705 4109/3869/3713 4296/4035/3703
f 4296/4035/3703 3441/3732/3714 3851/4043/3715
f 4293/4031/3699 3851/4043/3715 3850/4044/3716
f 4290/4032/3700 3850/4044/3716 3849/4038/3706
f 4300/3808/3717 4302/4045/3718 4299/4046/3719
f 4301/3812/3720 4303/4047/3721 4300/3808/3717
f 4303/4047/3721 4305/3810/3722 4302/4045/3718
f 4304/4048/3723 4306/3813/3724 4303/4047/3721
f 3995/4049/3725 4122/4050/3726 3469/4051/3727
f 3994/3826/3728 4299/4046/3719 3995/4049/3725
f 3993/4052/3729 4300/3808/3717 3994/3826/3728
f 3445/4053/3730 4301/3812/3720 3993/4052/3729
f 3902/3823/3731 4304/4048/3723 4301/3812/3720
f 3901/4054/3732 4307/4055/3733 4304/4048/3723
f 3900/3821/3734 4040/4056/3735 4307/4055/3733
f 4307/4055/3733 4039/3818/3736 4306/3813/3724
f 4306/3813/3724 4038/4057/3737 4305/3810/3722
f 4305/3810/3722 3465/4058/3738 4124/4059/3739
f 4302/4045/3718 4124/4059/3739 4123/4060/3740
f 4299/4046/3719 4123/4060/3740 4122/4050/3726
f 4309/4061/3741 4311/3827/3742 4308/3829/3743
f 4309/4061/3741 4313/4062/3744 4312/4063/3745
f 4312/4063/3745 4314/4064/3746 4311/3827/3742
f 4312/4063/3745 4316/4065/3747 4315/4066/3748
f 4133/3836/3749 3876/4067/3750 3446/4068/3751
f 4132/3849/3752 4308/3829/3743 4133/3836/3749
f 4132/3849/3752 4310/3833/3753 4309/4061/3741
f 4131/3847/3754 3908/4069/3755 4310/3833/3753
f 4310/3833/3753 3907/4070/3756 4313/4062/3744
f 4313/4062/3744 3906/4071/3757 4316/4065/3747
f 3906/4071/3757 4134/3843/3758 4316/4065/3747
f 4316/4065/3747 4135/3841/3759 4315/4066/3748
f 4314/4064/3746 4135/3841/3759 4136/3840/3760
f 3878/3839/3761 4136/3840/3760 3450/4072/3762
f 4311/3827/3742 3878/3839/3761 3877/4073/3763
f 4308/3829/3743 3877/4073/3763 3876/4067/3750
f 4318/4074/3764 4320/4075/3765 4317/4076/3766
f 4319/4077/3767 4321/4078/3768 4318/4074/3764
f 4320/4075/3765 4324/4079/3769 4323/4080/3770
f 4321/4078/3768 4325/4081/3771 4324/4079/3769
f 4031/3871/3772 4125/4082/3773 3466/3736/3774
f 4030/3871/3775 4317/4076/3766 4031/3871/3772
f 4029/3871/3776 4318/4074/3764 4030/3871/3775
f 3450/3875/3762 4319/4077/3767 4029/3871/3776
f 4136/3874/3760 4322/4083/3777 4319/4077/3767
f 4322/4083/3777 4134/3869/3758 4325/4081/3771
f 4325/4081/3771 3458/3732/3778 3938/4084/3779
f 4324/4079/3769 3938/4084/3779 3937/4085/3780
f 4323/4080/3770 3937/4085/3780 3936/4086/3781
f 4127/4087/3782 3936/4086/3781 3462/4088/3783
f 4126/4089/3784 4323/4080/3770 4127/4087/3782
f 4317/4076/3766 4126/4089/3784 4125/4082/3773
f 4327/4090/3785 4329/4091/3786 4326/4092/3787
f 4328/4093/3788 4330/4094/3789 4327/4090/3785
f 4329/4091/3786 4333/4095/3790 4332/4096/3791
f 4330/4094/3789 4334/4097/3792 4333/4095/3790
f 3959/4098/3793 4107/3874/3711 3434/3736/3710
f 3958/4099/3794 4326/4092/3787 3959/4098/3793
f 3957/4100/3795 4327/4090/3785 3958/4099/3794
f 3466/3736/3774 4328/4093/3788 3957/4100/3795
f 4125/4082/3773 4331/4101/3796 4328/4093/3788
f 4331/4101/3796 4127/4087/3782 4334/4097/3792
f 4334/4097/3792 3462/4088/3783 4019/4086/3797
f 4333/4095/3790 4019/4086/3797 4018/4085/3798
f 4332/4096/3791 4018/4085/3798 4017/4102/3799
f 4109/3869/3713 4017/4102/3799 3441/3732/3714
f 4108/4042/3712 4332/4096/3791 4109/3869/3713
f 4326/4092/3787 4108/4042/3712 4107/3874/3711
f 4335/4103/3800 4339/4104/3801 4338/4105/3802
f 4337/4106/3803 4339/4104/3801 4336/4107/3804
f 4339/4104/3801 4341/4108/3805 4338/4105/3802
f 4339/4104/3801 4343/4109/3806 4342/4110/3807
f 3474/4111/3808 4335/4103/3800 4119/3861/3532
f 4055/3860/3809 4336/4107/3804 4335/4103/3800
f 4053/3857/3810 4336/4107/3804 4054/3990/3811
f 3454/3793/3812 4337/4106/3803 4053/3857/3810
f 4131/3791/3754 4340/4112/3813 4337/4106/3803
f 4340/4112/3813 4133/3796/3749 4343/4109/3806
f 4343/4109/3806 3446/3866/3751 3980/4113/3814
f 4342/4110/3807 3980/4113/3814 3979/4114/3815
f 4342/4110/3807 3978/4115/3816 4341/4108/3805
f 4341/4108/3805 3470/3866/3817 4121/3864/3535
f 4338/4105/3802 4121/3864/3535 4120/3862/3533
f 4119/3861/3532 4338/4105/3802 4120/3862/3533
f 4345/4116/3818 4347/4117/3431 4344/4118/3819
f 4346/4119/3820 4348/4120/3821 4345/4116/3818
f 4348/4120/3821 4350/4121/3822 4347/4117/3431
f 4349/4122/3823 4351/4123/3824 4348/4120/3821
f 4052/4124/3825 4110/4003/3679 3430/4002/3678
f 4051/4125/3826 4344/4118/3819 4052/4124/3825
f 4050/4126/3827 4345/4116/3818 4051/4125/3826
f 3469/4051/3727 4346/4119/3820 4050/4126/3827
f 4122/4050/3726 4349/4122/3823 4346/4119/3820
f 4123/4060/3740 4352/4127/3828 4349/4122/3823
f 4124/4059/3739 3974/4128/3829 4352/4127/3828
f 4352/4127/3828 3973/4129/3830 4351/4123/3824
f 4351/4123/3824 3972/4130/3831 4350/4121/3822
f 4350/4121/3822 3433/4131/3832 4112/4006/3681
f 4347/4117/3431 4112/4006/3681 4111/4004/3431
f 4344/4118/3819 4111/4004/3431 4110/4003/3679
f 4353/4132/3833 4357/4133/3834 4356/4134/3416
f 4354/4135/3835 4358/4136/3834 4357/4133/3834
f 4356/4134/3416 4360/4137/3836 4359/4138/3837
f 4357/4133/3834 4361/4139/3838 4360/4137/3836
f 3442/4028/3697 4353/4132/3833 4104/4027/3696
f 4028/4140/3839 4354/4135/3835 4353/4132/3833
f 4027/4141/3840 4355/4142/3841 4354/4135/3835
f 4026/4143/3842 4128/3967/3637 4355/4142/3841
f 4355/4142/3841 4129/3981/3651 4358/4136/3834
f 4358/4136/3834 4130/3979/3649 4361/4139/3838
f 4361/4139/3838 3473/3980/3650 4016/4144/3843
f 4360/4137/3836 4016/4144/3843 4015/4145/3844
f 4359/4138/3837 4015/4145/3844 4014/4146/3845
f 4106/4019/3689 4014/4146/3845 3437/4018/3688
f 4105/4029/3416 4359/4138/3837 4106/4019/3689
f 4104/4027/3696 4356/4134/3416 4105/4029/3416
f 4363/4147/3846 4365/4148/3847 4362/4149/3848
f 4364/4150/3849 4366/4151/3850 4363/4147/3846
f 4366/4151/3850 4368/4152/3851 4365/4148/3847
f 4367/4153/3852 4369/4154/3853 4366/4151/3850
f 3480/3929/3599 3479/4155/3854 3382/3804/3475
f 3481/3928/3598 4362/4149/3848 3480/3929/3599
f 3482/3925/3595 4363/4147/3846 3481/3928/3598
f 3373/3927/3597 4364/4150/3849 3482/3925/3595
f 3483/4156/3855 4367/4153/3852 4364/4150/3849
f 3484/4157/3856 4370/4158/3857 4367/4153/3852
f 3485/4159/3858 3486/4160/3859 4370/4158/3857
f 4370/4158/3857 3487/4161/3860 4369/4154/3853
f 4369/4154/3853 3488/4162/3861 4368/4152/3851
f 4368/4152/3851 3384/4163/3862 3477/4164/3863
f 4365/4148/3847 3477/4164/3863 3478/4165/3864
f 4362/4149/3848 3478/4165/3864 3479/4155/3854
f 4372/4166/3865 4374/4167/3866 4371/4168/3867
f 4373/4169/3868 4375/4170/3869 4372/4166/3865
f 4375/4170/3869 4377/4171/3870 4374/4167/3866
f 4376/4172/3871 4378/4173/3872 4375/4170/3869
f 3488/4162/3861 3491/4174/3873 3384/4163/3862
f 3487/4161/3860 4371/4168/3867 3488/4162/3861
f 3486/4160/3859 4372/4166/3865 3487/4161/3860
f 3375/4175/3874 4373/4169/3868 3486/4160/3859
f 3492/4176/3875 4376/4172/3871 4373/4169/3868
f 3493/4177/3876 4379/4178/3877 4376/4172/3871
f 3494/4179/3878 3495/4180/3879 4379/4178/3877
f 4379/4178/3877 3496/4181/3880 4378/4173/3872
f 4378/4173/3872 3497/4182/3881 4377/4171/3870
f 4377/4171/3870 3383/4183/3882 3489/4184/3883
f 4374/4167/3866 3489/4184/3883 3490/4185/3884
f 4371/4168/3867 3490/4185/3884 3491/4174/3873
f 4381/4186/3885 4383/4187/3886 4380/4188/3887
f 4382/4189/3888 4384/4190/3889 4381/4186/3885
f 4384/4190/3889 4386/4191/3890 4383/4187/3886
f 4385/4192/3891 4387/4193/3892 4384/4190/3889
f 3497/4194/3881 3500/4195/3893 3383/4196/3882
f 3496/4197/3880 4380/4188/3887 3497/4194/3881
f 3495/4198/3879 4381/4186/3885 3496/4197/3880
f 3376/4199/3894 4382/4189/3888 3495/4198/3879
f 3501/4200/3895 4385/4192/3891 4382/4189/3888
f 3502/4201/3896 4388/4202/3897 4385/4192/3891
f 3503/4203/3898 3504/3905/3578 4388/4202/3897
f 4388/4202/3897 3505/3916/3586 4387/4193/3892
f 4387/4193/3892 3506/3914/3584 4386/4191/3890
f 4386/4191/3890 3381/3915/3585 3498/4204/3899
f 4383/4187/3886 3498/4204/3899 3499/4205/3900
f 4380/4188/3887 3499/4205/3900 3500/4195/3893
f 4389/4206/3901 4393/4207/3902 4392/4208/3903
f 4390/4209/3904 4394/4210/3905 4393/4207/3902
f 4392/4208/3903 4396/4211/3906 4395/4212/3907
f 4393/4207/3902 4397/4213/3908 4396/4211/3906
f 3510/3954/3624 3509/4214/3909 3394/3955/3625
f 3510/3954/3624 4390/4209/3904 4389/4206/3901
f 3511/3953/3623 4391/4215/3910 4390/4209/3904
f 3512/3952/3622 3513/4216/3911 4391/4215/3910
f 4391/4215/3910 3514/4217/3912 4394/4210/3905
f 4394/4210/3905 3515/4218/3913 4397/4213/3908
f 4397/4213/3908 3371/4219/3914 3516/4220/3915
f 4396/4211/3906 3516/4220/3915 3517/4221/3916
f 4395/4212/3907 3517/4221/3916 3518/4222/3917
f 4395/4212/3907 3396/4223/3918 3507/4224/3919
f 4392/4208/3903 3507/4224/3919 3508/4225/3920
f 4389/4206/3901 3508/4225/3920 3509/4214/3909
f 4398/4226/3921 4402/4227/3922 4401/4228/3923
f 4399/4229/3924 4403/4230/3925 4402/4227/3922
f 4401/4228/3923 4405/4231/3926 4404/4232/3927
f 4402/4227/3922 4406/4233/3928 4405/4231/3926
f 3518/4222/3917 3521/4234/3929 3396/4223/3918
f 3518/4222/3917 4399/4229/3924 4398/4226/3921
f 3517/4221/3916 4400/4235/3930 4399/4229/3924
f 3516/4220/3915 3522/4236/3931 4400/4235/3930
f 4400/4235/3930 3523/4237/3932 4403/4230/3925
f 4403/4230/3925 3524/4238/3933 4406/4233/3928
f 4406/4233/3928 3372/4239/3934 3525/4240/3935
f 4405/4231/3926 3525/4240/3935 3526/4241/3936
f 4404/4232/3927 3526/4241/3936 3527/4242/3937
f 4404/4232/3927 3395/4243/3938 3519/4244/3939
f 4401/4228/3923 3519/4244/3939 3520/4245/3940
f 4398/4226/3921 3520/4245/3940 3521/4234/3929
f 4407/4246/3941 4411/4247/3942 4410/4248/3943
f 4408/4249/3944 4412/4250/3945 4411/4247/3942
f 4410/4248/3943 4414/4251/3946 4413/4252/3947
f 4411/4247/3942 4415/4253/3948 4414/4251/3946
f 3527/4254/3937 3530/4255/3949 3395/4256/3938
f 3527/4254/3937 4408/4249/3944 4407/4246/3941
f 3526/4257/3936 4409/4258/3950 4408/4249/3944
f 3525/4259/3935 3531/4260/3951 4409/4258/3950
f 4409/4258/3950 3532/4261/3952 4412/4250/3945
f 4412/4250/3945 3533/4262/3953 4415/4253/3948
f 4415/4253/3948 3370/3772/3443 3534/3893/3568
f 4414/4251/3946 3534/3893/3568 3535/3891/3566
f 4413/4252/3947 3535/3891/3566 3536/3890/3565
f 4413/4252/3947 3393/3889/3565 3528/4263/3947
f 4410/4248/3943 3528/4263/3947 3529/4264/3943
f 4407/4246/3941 3529/4264/3943 3530/4255/3949
f 4417/4265/3954 4419/4266/3955 4416/4267/3956
f 4418/4268/3957 4420/4269/3958 4417/4265/3954
f 4420/4269/3958 4422/4270/3959 4419/4266/3955
f 4421/4271/3960 4423/4272/3961 4420/4269/3958
f 3540/3949/3619 3539/4273/3962 3378/3950/3620
f 3541/3947/3617 4416/4267/3956 3540/3949/3619
f 3542/3948/3618 4417/4265/3954 3541/3947/3617
f 3542/3948/3618 3543/4274/3963 4418/4268/3957
f 4418/4268/3957 3544/4275/3964 4421/4271/3960
f 4421/4271/3960 3545/4276/3965 4424/4277/3966
f 4424/4277/3966 3387/4278/3967 3546/4279/3968
f 4424/4277/3966 3547/4280/3969 4423/4272/3961
f 4423/4272/3961 3548/4281/3970 4422/4270/3959
f 4422/4270/3959 3380/4282/3971 3537/4283/3972
f 4419/4266/3955 3537/4283/3972 3538/4284/3973
f 4416/4267/3956 3538/4284/3973 3539/4273/3962
f 4426/4285/3974 4428/4286/3975 4425/4287/3976
f 4427/4288/3977 4429/4289/3978 4426/4285/3974
f 4429/4289/3978 4431/4290/3979 4428/4286/3975
f 4430/4291/3980 4432/4292/3981 4429/4289/3978
f 3548/4281/3970 3551/4293/3982 3380/4282/3971
f 3547/4280/3969 4425/4287/3976 3548/4281/3970
f 3546/4279/3968 4426/4285/3974 3547/4280/3969
f 3546/4279/3968 3552/4294/3983 4427/4288/3977
f 4427/4288/3977 3553/4295/3984 4430/4291/3980
f 4430/4291/3980 3554/4296/3985 4433/4297/3986
f 4433/4297/3986 3388/4298/3987 3555/4299/3988
f 4433/4297/3986 3556/4300/3989 4432/4292/3981
f 4432/4292/3981 3557/4301/3990 4431/4290/3979
f 4431/4290/3979 3379/4302/3991 3549/4303/3992
f 4428/4286/3975 3549/4303/3992 3550/4304/3993
f 4425/4287/3976 3550/4304/3993 3551/4293/3982
f 4435/4305/3994 4437/4306/3995 4434/4307/3996
f 4436/4308/3997 4438/4309/3998 4435/4305/3994
f 4438/4309/3998 4440/4310/3999 4437/4306/3995
f 4439/4311/4000 4441/4312/4001 4438/4309/3998
f 3557/4313/3990 3560/4314/4002 3379/4315/3991
f 3556/4316/3989 4434/4307/3996 3557/4313/3990
f 3555/4317/3988 4435/4305/3994 3556/4316/3989
f 3555/4317/3988 3561/4318/3997 4436/4308/3997
f 4436/4308/3997 3562/4319/4000 4439/4311/4000
f 4439/4311/4000 3563/4320/4003 4442/4321/4003
f 4442/4321/4003 3386/3910/3582 3564/3909/3582
f 4442/4321/4003 3565/3908/3581 4441/4312/4001
f 4441/4312/4001 3566/3907/3580 4440/4310/3999
f 4440/4310/3999 3377/3747/3420 3558/4322/4004
f 4437/4306/3995 3558/4322/4004 3559/4323/4005
f 4434/4307/3996 3559/4323/4005 3560/4314/4002
f 4443/4324/4006 4447/4325/4007 4446/4326/4008
f 4444/4327/4009 4448/4328/4010 4447/4325/4007
f 4446/4326/4008 4450/4329/4011 4449/4330/4012
f 4447/4325/4007 4451/4331/4013 4450/4329/4011
f 3366/3935/3605 4443/4324/4006 3569/4332/4014
f 3570/3933/3603 4444/4327/4009 4443/4324/4006
f 3571/3932/3602 4445/4333/4015 4444/4327/4009
f 3572/3931/3601 3573/4334/4016 4445/4333/4015
f 4445/4333/4015 3574/4335/4017 4448/4328/4010
f 4448/4328/4010 3575/4336/4018 4451/4331/4013
f 4451/4331/4013 3391/4337/4019 3576/4338/4020
f 4450/4329/4011 3576/4338/4020 3577/4339/4021
f 4449/4330/4012 3577/4339/4021 3578/4340/4022
f 3567/4341/4023 3578/4340/4022 3368/4342/4024
f 3568/4343/4025 4449/4330/4012 3567/4341/4023
f 3569/4332/4014 4446/4326/4008 3568/4343/4025
f 4452/4344/4026 4456/4345/4027 4455/4346/4028
f 4453/4347/4029 4457/4348/4030 4456/4345/4027
f 4455/4346/4028 4459/4349/4031 4458/4350/4032
f 4456/4345/4027 4460/4351/4033 4459/4349/4031
f 3368/4342/4024 4452/4344/4026 3581/4352/4034
f 3578/4340/4022 4453/4347/4029 4452/4344/4026
f 3577/4339/4021 4454/4353/4035 4453/4347/4029
f 3576/4338/4020 3582/4354/4036 4454/4353/4035
f 4454/4353/4035 3583/4355/4037 4457/4348/4030
f 4457/4348/4030 3584/4356/4038 4460/4351/4033
f 4460/4351/4033 3392/4357/4039 3585/4358/4040
f 4459/4349/4031 3585/4358/4040 3586/4359/4041
f 4458/4350/4032 3586/4359/4041 3587/4360/4042
f 3579/4361/4043 3587/4360/4042 3367/4362/4044
f 3580/4363/4045 4458/4350/4032 3579/4361/4043
f 3581/4352/4034 4455/4346/4028 3580/4363/4045
f 4461/4364/4046 4465/4365/4047 4464/4366/4048
f 4462/4367/4049 4466/4368/4050 4465/4365/4047
f 4464/4366/4048 4468/4369/4051 4467/4370/4052
f 4465/4365/4047 4469/4371/4053 4468/4369/4051
f 3367/4372/4044 4461/4364/4046 3590/4373/4054
f 3587/4374/4042 4462/4367/4049 4461/4364/4046
f 3586/4375/4041 4463/4376/4055 4462/4367/4049
f 3585/4377/4040 3591/4378/4056 4463/4376/4055
f 4463/4376/4055 3592/4379/4057 4466/4368/4050
f 4466/4368/4050 3593/4380/4058 4469/4371/4053
f 4469/4371/4053 3390/3886/3564 3594/3885/3563
f 4468/4369/4051 3594/3885/3563 3595/3895/3570
f 4467/4370/4052 3595/3895/3570 3596/3894/3569
f 3588/4381/4059 3596/3894/3569 3365/3769/3441
f 3589/4382/4060 4467/4370/4052 3588/4381/4059
f 3590/4373/4054 4464/4366/4048 3589/4382/4060
f 4471/4383/4061 4473/4384/4062 4470/4385/4063
f 4472/4386/4064 4474/4387/4065 4471/4383/4061
f 4474/4387/4065 4476/4388/4066 4473/4384/4062
f 4475/4389/4067 4477/4390/4068 4474/4387/4065
f 3600/3823/3494 3599/4391/4069 3397/3824/3495
f 3601/3822/3493 4470/4385/4063 3600/3823/3494
f 3602/3821/3492 4471/4383/4061 3601/3822/3493
f 3602/3821/3492 3603/4392/4070 4472/4386/4064
f 4472/4386/4064 3604/4393/4071 4475/4389/4067
f 4475/4389/4067 3605/4394/4072 4478/4395/4073
f 4478/4395/4073 3403/4396/4074 3606/4397/4075
f 4478/4395/4073 3607/4398/4076 4477/4390/4068
f 4477/4390/4068 3608/4399/4077 4476/4388/4066
f 4476/4388/4066 3399/4400/4078 3597/4401/4079
f 4473/4384/4062 3597/4401/4079 3598/4402/4080
f 4470/4385/4063 3598/4402/4080 3599/4391/4069
f 4480/4403/4081 4482/4404/4082 4479/4405/4083
f 4481/4406/4084 4483/4407/4085 4480/4403/4081
f 4483/4407/4085 4485/4408/4086 4482/4404/4082
f 4484/4409/4087 4486/4410/4088 4483/4407/4085
f 3608/4399/4077 3611/4411/4089 3399/4400/4078
f 3607/4398/4076 4479/4405/4083 3608/4399/4077
f 3606/4397/4075 4480/4403/4081 3607/4398/4076
f 3606/4397/4075 3612/4412/4090 4481/4406/4084
f 4481/4406/4084 3613/4413/4091 4484/4409/4087
f 4484/4409/4087 3614/4414/4092 4487/4415/4093
f 4487/4415/4093 3404/4416/4094 3615/4417/4095
f 4487/4415/4093 3616/4418/4096 4486/4410/4088
f 4486/4410/4088 3617/4419/4097 4485/4408/4086
f 4485/4408/4086 3400/4420/4098 3609/4421/4099
f 4482/4404/4082 3609/4421/4099 3610/4422/4100
f 4479/4405/4083 3610/4422/4100 3611/4411/4089
f 4489/4423/4101 4491/4424/4102 4488/4425/4103
f 4490/4426/4104 4492/4427/4105 4489/4423/4101
f 4492/4427/4105 4494/4428/4106 4491/4424/4102
f 4493/4429/4107 4495/4430/4108 4492/4427/4105
f 3617/4431/4097 3620/4432/4109 3400/4433/4098
f 3616/4434/4096 4488/4425/4103 3617/4431/4097
f 3615/4435/4095 4489/4423/4101 3616/4434/4096
f 3615/4435/4095 3621/4436/4110 4490/4426/4104
f 4490/4426/4104 3622/4437/4111 4493/4429/4107
f 4493/4429/4107 3623/4438/4112 4496/4439/4113
f 4496/4439/4113 3402/4440/3554 3624/3839/3510
f 4496/4439/4113 3625/3838/3509 4495/4430/4108
f 4495/4430/4108 3626/3835/3506 4494/4428/4106
f 4494/4428/4106 3398/3837/3508 3618/4441/4114
f 4491/4424/4102 3618/4441/4114 3619/4442/4115
f 4488/4425/4103 3619/4442/4115 3620/4432/4109
f 4497/4443/4116 4501/4444/4117 4500/4445/4118
f 4498/4446/4119 4502/4447/4120 4501/4444/4117
f 4500/4445/4118 4504/4448/4121 4503/4449/4122
f 4501/4444/4117 4505/4450/4123 4504/4448/4121
f 3630/3711/3385 3629/4451/4124 3409/3713/3387
f 3630/3711/3385 4498/4446/4119 4497/4443/4116
f 3631/3710/3384 4499/4452/4125 4498/4446/4119
f 3632/3709/3383 3633/4453/4126 4499/4452/4125
f 4499/4452/4125 3634/4454/4127 4502/4447/4120
f 4502/4447/4120 3635/4455/4128 4505/4450/4123
f 4505/4450/4123 3407/4456/4129 3636/4457/4130
f 4504/4448/4121 3636/4457/4130 3637/4458/4131
f 4503/4449/4122 3637/4458/4131 3638/4459/4132
f 4503/4449/4122 3411/4460/4133 3627/4461/4134
f 4500/4445/4118 3627/4461/4134 3628/4462/4135
f 4497/4443/4116 3628/4462/4135 3629/4451/4124
f 4506/4463/4136 4510/4464/4137 4509/4465/4138
f 4507/4466/4139 4511/4467/4140 4510/4464/4137
f 4509/4465/4138 4513/4468/4141 4512/4469/4142
f 4510/4464/4137 4514/4470/4143 4513/4468/4141
f 3638/4459/4132 3641/4471/4144 3411/4460/4133
f 3638/4459/4132 4507/4466/4139 4506/4463/4136
f 3637/4458/4131 4508/4472/4145 4507/4466/4139
f 3636/4457/4130 3642/4473/4146 4508/4472/4145
f 4508/4472/4145 3643/4474/4147 4511/4467/4140
f 4511/4467/4140 3644/4475/4148 4514/4470/4143
f 4514/4470/4143 3408/4476/4149 3645/4477/4150
f 4513/4468/4141 3645/4477/4150 3646/4478/4151
f 4512/4469/4142 3646/4478/4151 3647/4479/4152
f 4512/4469/4142 3412/4480/4153 3639/4481/4154
f 4509/4465/4138 3639/4481/4154 3640/4482/4155
f 4506/4463/4136 3640/4482/4155 3641/4471/4144
f 4515/4483/4156 4519/4484/4157 4518/4485/4158
f 4516/4486/4159 4520/4487/4160 4519/4484/4157
f 4518/4485/4158 4522/4488/4161 4521/4489/4162
f 4519/4484/4157 4523/4490/4163 4522/4488/4161
f 3647/4479/4152 3650/4491/4164 3412/4480/4153
f 3647/4479/4152 4516/4486/4159 4515/4483/4156
f 3646/4478/4151 4517/4492/4165 4516/4486/4159
f 3645/4477/4150 3651/4493/4166 4517/4492/4165
f 4517/4492/4165 3652/4494/4167 4520/4487/4160
f 4520/4487/4160 3653/4495/4168 4523/4490/4163
f 4523/4490/4163 3406/3848/3519 3654/3846/3517
f 4522/4488/4161 3654/3846/3517 3655/3845/3516
f 4521/4489/4162 3655/3845/3516 3656/3844/3515
f 4521/4489/4162 3410/4496/3553 3648/4497/4169
f 4518/4485/4158 3648/4497/4169 3649/4498/4170
f 4515/4483/4156 3649/4498/4170 3650/4491/4164
f 4525/4499/4171 4527/4500/4172 4524/4501/4173
f 4526/4502/4174 4528/4503/4175 4525/4499/4171
f 4528/4503/4175 4530/4504/4176 4527/4500/4172
f 4529/4505/4177 4531/4506/4178 4528/4503/4175
f 3660/3700/3374 3659/4507/4179 3414/3699/3373
f 3661/3714/3388 4524/4501/4173 3660/3700/3374
f 3662/3712/3386 4525/4499/4171 3661/3714/3388
f 3409/3713/3387 4526/4502/4174 3662/3712/3386
f 3629/4508/4124 4529/4505/4177 4526/4502/4174
f 3628/4509/4135 4532/4510/4180 4529/4505/4177
f 3627/4511/4134 3663/4512/4181 4532/4510/4180
f 4532/4510/4180 3664/4512/4182 4531/4506/4178
f 4531/4506/4178 3665/4512/4183 4530/4504/4176
f 4530/4504/4176 3416/4315/4184 3657/4513/4185
f 4527/4500/4172 3657/4513/4185 3658/4514/4186
f 4524/4501/4173 3658/4514/4186 3659/4507/4179
f 4534/4515/4187 4536/4516/4188 4533/4515/4189
f 4535/4515/4190 4537/4516/4191 4534/4515/4187
f 4537/4516/4191 4539/4517/4192 4536/4516/4188
f 4538/4516/4193 4540/4517/4194 4537/4516/4191
f 3665/4518/4183 3668/4515/4195 3416/4518/4184
f 3664/4518/4182 4533/4515/4189 3665/4518/4183
f 3663/4518/4181 4534/4515/4187 3664/4518/4182
f 3411/4518/4133 4535/4515/4190 3663/4518/4181
f 3641/4515/4144 4538/4516/4193 4535/4515/4190
f 3640/4516/4155 4541/4517/4196 4538/4516/4193
f 3639/4517/4154 3669/4519/4197 4541/4517/4196
f 4541/4517/4196 3670/4520/4198 4540/4517/4194
f 4540/4517/4194 3671/4521/4199 4539/4517/4192
f 4539/4517/4192 3415/4522/4200 3666/4523/4201
f 4536/4516/4188 3666/4523/4201 3667/4516/4202
f 4533/4515/4189 3667/4516/4202 3668/4515/4195
f 4543/4524/4203 4545/4525/4204 4542/4524/4205
f 4544/4524/4206 4546/4525/4207 4543/4524/4203
f 4546/4525/4207 4548/4526/4208 4545/4525/4204
f 4547/4527/4209 4549/4526/4210 4546/4525/4207
f 3671/4521/4199 3674/4528/4211 3415/4522/4200
f 3670/4520/4198 4542/4524/4205 3671/4521/4199
f 3669/4519/4197 4543/4524/4203 3670/4520/4198
f 3412/4529/4153 4544/4524/4206 3669/4519/4197
f 3650/4530/4164 4547/4527/4209 4544/4524/4206
f 3649/4527/4170 4550/4531/4212 4547/4527/4209
f 3648/4532/4169 3675/3873/3552 4550/4531/4212
f 4550/4531/4212 3676/3873/3551 4549/4526/4210
f 4549/4526/4210 3677/3873/3550 4548/4526/4208
f 4548/4526/4208 3413/3732/3406 3672/4532/4213
f 4545/4525/4204 3672/4532/4213 3673/4525/4214
f 4542/4524/4205 3673/4525/4214 3674/4528/4211
f 4551/4533/4215 4555/4534/4216 4554/4535/4217
f 4552/4536/4218 4556/4537/4219 4555/4534/4216
f 4554/4535/4217 4558/4538/4220 4557/4539/4221
f 4555/4534/4216 4559/4540/4222 4558/4538/4220
f 3418/3816/3487 4551/4533/4215 3680/4541/4223
f 3681/3776/3447 4552/4536/4218 4551/4533/4215
f 3682/3774/3445 4553/4542/4224 4552/4536/4218
f 3683/3773/3444 3533/4262/3953 4553/4542/4224
f 4553/4542/4224 3532/4261/3952 4556/4537/4219
f 4556/4537/4219 3531/4260/3951 4559/4540/4222
f 4559/4540/4222 3372/4543/3934 3684/4544/4225
f 4558/4538/4220 3684/4544/4225 3685/4544/4226
f 4557/4539/4221 3685/4544/4226 3686/4544/4227
f 3678/4545/4228 3686/4544/4227 3420/4543/4229
f 3679/4546/4230 4557/4539/4221 3678/4545/4228
f 3680/4541/4223 4554/4535/4217 3679/4546/4230
f 4560/4547/4231 4564/4548/4232 4563/4549/4233
f 4561/4550/4234 4565/4551/4235 4564/4548/4232
f 4563/4549/4233 4567/4552/4236 4566/4553/4237
f 4564/4548/4232 4568/4554/4238 4567/4552/4236
f 3420/4555/4229 4560/4547/4231 3689/4556/4239
f 3686/4557/4227 4561/4550/4234 4560/4547/4231
f 3685/4557/4226 4562/4558/4240 4561/4550/4234
f 3684/4557/4225 3524/4238/3933 4562/4558/4240
f 4562/4558/4240 3523/4237/3932 4565/4551/4235
f 4565/4551/4235 3522/4236/3931 4568/4554/4238
f 4568/4554/4238 3371/4219/3914 3690/4559/4241
f 4567/4552/4236 3690/4559/4241 3691/4560/4242
f 4566/4553/4237 3691/4560/4242 3692/4561/4243
f 3687/4562/4244 3692/4561/4243 3419/4563/4245
f 3688/4564/4246 4566/4553/4237 3687/4562/4244
f 3689/4556/4239 4563/4549/4233 3688/4564/4246
f 4569/4565/4247 4573/4566/4248 4572/4567/4249
f 4570/4568/4250 4574/4569/4251 4573/4566/4248
f 4572/4567/4249 4576/4570/4252 4575/4571/4253
f 4573/4566/4248 4577/4572/4254 4576/4570/4252
f 3419/4563/4245 4569/4565/4247 3695/4573/4255
f 3692/4561/4243 4570/4568/4250 4569/4565/4247
f 3691/4560/4242 4571/4574/4256 4570/4568/4250
f 3690/4559/4241 3515/4218/3913 4571/4574/4256
f 4571/4574/4256 3514/4217/3912 4574/4569/4251
f 4574/4569/4251 3513/4216/3911 4577/4572/4254
f 4577/4572/4254 3369/3725/3399 3696/3724/3398
f 4576/4570/4252 3696/3724/3398 3697/3738/3412
f 4575/4571/4253 3697/3738/3412 3698/3737/3411
f 3693/4575/4257 3698/3737/3411 3417/3736/3410
f 3694/4576/4258 4575/4571/4253 3693/4575/4257
f 3695/4573/4255 4572/4567/4249 3694/4576/4258
f 4578/4577/4259 4582/4578/4260 4581/4579/4261
f 4579/4580/4262 4583/4581/4263 4582/4578/4260
f 4581/4579/4261 4585/4582/4264 4584/4583/4265
f 4582/4578/4260 4586/4584/4266 4585/4582/4264
f 3422/3780/3451 4578/4577/4259 3701/4585/4267
f 3702/3815/3486 4579/4580/4262 4578/4577/4259
f 3703/3826/3497 4580/4586/4268 4579/4580/4262
f 3397/3824/3495 4580/4586/4268 3704/3825/3496
f 3599/4587/4069 4583/4581/4263 4580/4586/4268
f 3598/4588/4080 4586/4584/4266 4583/4581/4263
f 3597/4589/4079 3705/4590/4269 4586/4584/4266
f 4586/4584/4266 3706/4590/4270 4585/4582/4264
f 4584/4583/4265 3706/4590/4270 3707/4590/4271
f 3699/4591/4272 3707/4590/4271 3424/4372/4273
f 3700/4592/4274 4584/4583/4265 3699/4591/4272
f 3701/4585/4267 4581/4579/4261 3700/4592/4274
f 4587/4593/4275 4591/4594/4276 4590/4594/4277
f 4589/4593/4278 4591/4594/4276 4588/4593/4279
f 4590/4594/4277 4594/4595/4280 4593/4595/4281
f 4592/4594/4282 4594/4595/4280 4591/4594/4276
f 3424/4596/4273 4587/4593/4275 3710/4597/4283
f 3707/4598/4271 4588/4593/4279 4587/4593/4275
f 3705/4598/4269 4588/4593/4279 3706/4598/4270
f 3399/4596/4078 4589/4593/4278 3705/4598/4269
f 3611/4597/4089 4592/4594/4282 4589/4593/4278
f 3610/4599/4100 4595/4595/4284 4592/4594/4282
f 3609/4600/4099 3711/4601/4285 4595/4595/4284
f 4595/4595/4284 3712/4602/4286 4594/4595/4280
f 4593/4595/4281 3712/4602/4286 3713/4602/4287
f 3708/4600/4288 3713/4602/4287 3423/4603/4289
f 3709/4594/4290 4593/4595/4281 3708/4600/4288
f 3710/4597/4283 4590/4594/4277 3709/4594/4290
f 4596/4604/4291 4600/4605/4292 4599/4605/4293
f 4598/4606/4294 4600/4605/4292 4597/4604/4295
f 4599/4605/4293 4603/4607/4296 4602/4607/4297
f 4601/4608/4298 4603/4607/4296 4600/4605/4292
f 3423/4603/4289 4596/4604/4291 3716/4606/4299
f 3713/4602/4287 4597/4604/4295 4596/4604/4291
f 3711/4601/4285 4597/4604/4295 3712/4602/4286
f 3400/4609/4098 4598/4606/4294 3711/4601/4285
f 3620/4610/4109 4601/4608/4298 4598/4606/4294
f 3619/4611/4115 4604/4607/4300 4601/4608/4298
f 3618/4612/4114 3717/3865/3668 4604/4607/4300
f 4604/4607/4300 3718/3865/4301 4603/4607/4296
f 4602/4607/4297 3718/3865/4301 3719/3865/3666
f 3714/4612/4302 3719/3865/3666 3421/3866/3665
f 3715/4613/4303 4602/4607/4297 3714/4612/4302
f 3716/4606/4299 4599/4605/4293 3715/4613/4303
f 4606/4614/4304 4608/4615/4305 4605/4616/4306
f 4607/4617/4307 4609/4618/4308 4606/4614/4304
f 4609/4618/4308 4611/4619/4309 4608/4615/4305
f 4610/4620/4310 4612/4621/4311 4609/4618/4308
f 3723/3755/3427 3722/4622/4312 3426/3756/3428
f 3724/3754/3426 4605/4616/4306 3723/3755/3427
f 3725/3753/3425 4606/4614/4304 3724/3754/3426
f 3374/3904/3577 4607/4617/4307 3725/3753/3425
f 3503/4203/3898 4610/4620/4310 4607/4617/4307
f 3502/4201/3896 4613/4623/4313 4610/4620/4310
f 3501/4200/3895 3726/4624/4314 4613/4623/4313
f 4613/4623/4313 3727/4624/4315 4612/4621/4311
f 4612/4621/4311 3728/4624/4316 4611/4619/4309
f 4611/4619/4309 3428/4199/4317 3720/4625/4318
f 4608/4615/4305 3720/4625/4318 3721/4626/4319
f 4605/4616/4306 3721/4626/4319 3722/4622/4312
f 4615/4627/4320 4617/4628/4321 4614/4629/4322
f 4616/4630/4323 4618/4631/4324 4615/4627/4320
f 4618/4631/4324 4620/4632/4325 4617/4628/4321
f 4619/4633/4326 4621/4634/4327 4618/4631/4324
f 3728/4635/4316 3731/4636/4328 3428/4637/4317
f 3727/4635/4315 4614/4629/4322 3728/4635/4316
f 3726/4635/4314 4615/4627/4320 3727/4635/4315
f 3376/4637/3894 4616/4630/4323 3726/4635/4314
f 3494/4179/3878 4619/4633/4326 4616/4630/4323
f 3493/4177/3876 4622/4638/4329 4619/4633/4326
f 3492/4176/3875 3732/4639/4330 4622/4638/4329
f 4622/4638/4329 3733/4640/4331 4621/4634/4327
f 4621/4634/4327 3734/4641/4332 4620/4632/4325
f 4620/4632/4325 3427/4642/4333 3729/4643/4334
f 4617/4628/4321 3729/4643/4334 3730/4644/4335
f 4614/4629/4322 3730/4644/4335 3731/4636/4328
f 4624/4645/4336 4626/4646/4337 4623/4647/4338
f 4625/4648/4339 4627/4649/4340 4624/4645/4336
f 4627/4649/4340 4629/4650/4341 4626/4646/4337
f 4628/4651/4342 4630/4652/4343 4627/4649/4340
f 3734/4641/4332 3737/4653/4344 3427/4642/4333
f 3733/4640/4331 4623/4647/4338 3734/4641/4332
f 3732/4639/4330 4624/4645/4336 3733/4640/4331
f 3375/4175/3874 4625/4648/4339 3732/4639/4330
f 3485/4159/3858 4628/4651/4342 4625/4648/4339
f 3484/4157/3856 4631/4654/4345 4628/4651/4342
f 3483/4156/3855 3738/4655/4346 4631/4654/4345
f 4631/4654/4345 3739/4656/4347 4630/4652/4343
f 4630/4652/4343 3740/4657/4348 4629/4650/4341
f 4629/4650/4341 3425/3986/3660 3735/4658/4349
f 4626/4646/4337 3735/4658/4349 3736/4659/4350
f 4623/4647/4338 3736/4659/4350 3737/4653/4344
f 4633/4660/4351 4635/4661/4352 4632/4662/4353
f 4634/4663/4354 4636/4664/4355 4633/4660/4351
f 4636/4664/4355 4638/4665/4356 4635/4661/4352
f 4637/4666/4357 4639/4667/4358 4636/4664/4355
f 3741/3748/3421 3558/4322/4004 3377/3747/3420
f 3742/3758/3430 4632/4662/4353 3741/3748/3421
f 3743/3757/3429 4633/4660/4351 3742/3758/3430
f 3414/3699/3373 4634/4663/4354 3743/3757/3429
f 3659/4507/4179 4637/4666/4357 4634/4663/4354
f 3658/4514/4186 4640/4668/4359 4637/4666/4357
f 3657/4513/4185 3744/4512/4360 4640/4668/4359
f 4640/4668/4359 3745/4512/4361 4639/4667/4358
f 4639/4667/4358 3746/4512/4362 4638/4665/4356
f 4638/4665/4356 3379/4315/3991 3560/4314/4002
f 4635/4661/4352 3560/4314/4002 3559/4323/4005
f 4632/4662/4353 3559/4323/4005 3558/4322/4004
f 4642/4669/4363 4644/4670/4364 4641/4671/4365
f 4643/4672/4366 4645/4673/4367 4642/4669/4363
f 4645/4673/4367 4647/4674/4368 4644/4670/4364
f 4646/4675/4369 4648/4676/4370 4645/4673/4367
f 3746/4518/4362 3549/4303/3992 3379/4302/3991
f 3745/4518/4361 4641/4671/4365 3746/4518/4362
f 3744/4518/4360 4642/4669/4363 3745/4518/4361
f 3416/4518/4184 4643/4672/4366 3744/4518/4360
f 3668/4515/4195 4646/4675/4369 4643/4672/4366
f 3667/4516/4202 4649/4677/4371 4646/4675/4369
f 3666/4523/4201 3747/4678/4372 4649/4677/4371
f 4649/4677/4371 3748/4679/4373 4648/4676/4370
f 4648/4676/4370 3749/4680/4374 4647/4674/4368
f 4647/4674/4368 3380/4282/3971 3551/4293/3982
f 4644/4670/4364 3551/4293/3982 3550/4304/3993
f 4641/4671/4365 3550/4304/3993 3549/4303/3992
f 4651/4681/4375 4653/4682/4376 4650/4683/4377
f 4652/4684/4378 4654/4685/4379 4651/4681/4375
f 4654/4685/4379 4656/4686/4380 4653/4682/4376
f 4655/4687/4381 4657/4688/4382 4654/4685/4379
f 3749/4680/4374 3537/4283/3972 3380/4282/3971
f 3748/4679/4373 4650/4683/4377 3749/4680/4374
f 3747/4678/4372 4651/4681/4375 3748/4679/4373
f 3415/4522/4200 4652/4684/4378 3747/4678/4372
f 3674/4528/4211 4655/4687/4381 4652/4684/4378
f 3673/4525/4214 4658/4689/4383 4655/4687/4381
f 3672/4532/4213 3750/3731/3405 4658/4689/4383
f 4658/4689/4383 3751/3730/3404 4657/4688/4382
f 4657/4688/4382 3752/3729/3403 4656/4686/4380
f 4656/4686/4380 3378/3950/3620 3539/4273/3962
f 4653/4682/4376 3539/4273/3962 3538/4284/3973
f 4650/4683/4377 3538/4284/3973 3537/4283/3972
f 4659/4690/4384 4663/4691/4385 4662/4692/4386
f 4660/4693/4387 4664/4694/4388 4663/4691/4385
f 4662/4692/4386 4666/4695/4389 4665/4696/4390
f 4663/4691/4385 4667/4697/4391 4666/4695/4389
f 3401/4698/4392 4659/4690/4384 3603/4699/4070
f 3753/3820/3491 4660/4693/4387 4659/4690/4384
f 3754/3818/3489 4661/4700/4393 4660/4693/4387
f 3755/3817/3488 3680/4541/4223 4661/4700/4393
f 4661/4700/4393 3679/4546/4230 4664/4694/4388
f 4664/4694/4388 3678/4545/4228 4667/4697/4391
f 4667/4697/4391 3420/4543/4229 3756/4544/4394
f 4666/4695/4389 3756/4544/4394 3757/4544/4395
f 4665/4696/4390 3757/4544/4395 3758/4544/4396
f 3605/4701/4072 3758/4544/4396 3403/4544/4074
f 3604/4702/4071 4665/4696/4390 3605/4701/4072
f 3603/4699/4070 4662/4692/4386 3604/4702/4071
f 4668/4703/4397 4672/4704/4398 4671/4705/4399
f 4669/4706/4400 4673/4704/4401 4672/4704/4398
f 4671/4705/4399 4675/4707/4402 4674/4707/4403
f 4672/4704/4398 4676/4708/4404 4675/4707/4402
f 3403/4555/4074 4668/4703/4397 3612/4556/4090
f 3758/4557/4396 4669/4706/4400 4668/4703/4397
f 3757/4557/4395 4670/4703/4405 4669/4706/4400
f 3756/4557/4394 3689/4556/4239 4670/4703/4405
f 4670/4703/4405 3688/4564/4246 4673/4704/4401
f 4673/4704/4401 3687/4562/4244 4676/4708/4404
f 4676/4708/4404 3419/4563/4245 3759/4709/4406
f 4675/4707/4402 3759/4709/4406 3760/4710/4407
f 4674/4707/4403 3760/4710/4407 3761/4710/4408
f 3614/4711/4092 3761/4710/4408 3404/4712/4094
f 3613/4705/4091 4674/4707/4403 3614/4711/4092
f 3612/4556/4090 4671/4705/4399 3613/4705/4091
f 4677/4713/4409 4681/4576/4410 4680/4576/4411
f 4678/4714/4412 4682/4576/4413 4681/4576/4410
f 4680/4576/4411 4684/4715/4414 4683/4715/4415
f 4681/4576/4410 4685/4715/4416 4684/4715/4414
f 3404/4712/4094 4677/4713/4409 3621/4573/4110
f 3761/4710/4408 4678/4714/4412 4677/4713/4409
f 3760/4710/4407 4679/4713/4417 4678/4714/4412
f 3759/4709/4406 3695/4573/4255 4679/4713/4417
f 4679/4713/4417 3694/4576/4258 4682/4576/4413
f 4682/4576/4413 3693/4575/4257 4685/4715/4416
f 4685/4715/4416 3417/3736/3410 3762/3871/3548
f 4684/4715/4414 3762/3871/3548 3763/3871/3556
f 4683/4715/4415 3763/3871/3556 3764/3871/3555
f 3623/4715/4112 3764/3871/3555 3402/3875/3554
f 3622/4576/4111 4683/4715/4415 3623/4715/4112
f 3621/4573/4110 4680/4576/4411 3622/4576/4111
f 4686/4716/4418 4690/4717/4419 4689/4718/4420
f 4687/4719/4421 4691/4720/4422 4690/4717/4419
f 4689/4718/4420 4693/4721/4423 4692/4722/4424
f 4690/4717/4419 4694/4723/4425 4693/4721/4423
f 3365/3769/3441 4686/4716/4418 3588/4381/4059
f 3765/3768/3440 4687/4719/4421 4686/4716/4418
f 3766/3782/3453 4688/4724/4426 4687/4719/4421
f 3767/3781/3452 3701/4585/4267 4688/4724/4426
f 4688/4724/4426 3700/4592/4274 4691/4720/4422
f 4691/4720/4422 3699/4591/4272 4694/4723/4425
f 4694/4723/4425 3424/4372/4273 3768/4590/4427
f 4693/4721/4423 3768/4590/4427 3769/4590/4428
f 4692/4722/4424 3769/4590/4428 3770/4590/4429
f 3590/4373/4054 3770/4590/4429 3367/4372/4044
f 3589/4382/4060 4692/4722/4424 3590/4373/4054
f 3588/4381/4059 4689/4718/4420 3589/4382/4060
f 4695/4725/4430 4699/4726/4431 4698/4727/4432
f 4696/4728/4433 4700/4729/4434 4699/4726/4431
f 4698/4727/4432 4702/4730/4435 4701/4731/4436
f 4699/4726/4431 4703/4732/4437 4702/4730/4435
f 3367/4362/4044 4695/4725/4430 3579/4361/4043
f 3770/4598/4429 4696/4728/4433 4695/4725/4430
f 3769/4598/4428 4697/4733/4438 4696/4728/4433
f 3768/4598/4427 3710/4597/4283 4697/4733/4438
f 4697/4733/4438 3709/4594/4290 4700/4729/4434
f 4700/4729/4434 3708/4600/4288 4703/4732/4437
f 4703/4732/4437 3423/4603/4289 3771/4734/4439
f 4702/4730/4435 3771/4734/4439 3772/4735/4440
f 4701/4731/4436 3772/4735/4440 3773/4736/4441
f 3581/4352/4034 3773/4736/4441 3368/4342/4024
f 3580/4363/4045 4701/4731/4436 3581/4352/4034
f 3579/4361/4043 4698/4727/4432 3580/4363/4045
f 4704/4737/4442 4708/4738/4443 4707/4739/4444
f 4705/4740/4445 4709/4741/4446 4708/4738/4443
f 4707/4739/4444 4711/4742/4447 4710/4743/4448
f 4708/4738/4443 4712/4744/4449 4711/4742/4447
f 3368/4342/4024 4704/4737/4442 3567/4341/4023
f 3773/4736/4441 4705/4740/4445 4704/4737/4442
f 3772/4735/4440 4706/4745/4450 4705/4740/4445
f 3771/4734/4439 3716/4606/4299 4706/4745/4450
f 4706/4745/4450 3715/4613/4303 4709/4741/4446
f 4709/4741/4446 3714/4612/4302 4712/4744/4449
f 4712/4744/4449 3421/3866/3665 3774/4746/4451
f 4711/4742/4447 3774/4746/4451 3775/4747/4452
f 4710/4743/4448 3775/4747/4452 3776/4748/4453
f 3569/4332/4014 3776/4748/4453 3366/3935/3605
f 3568/4343/4025 4710/4743/4448 3569/4332/4014
f 3567/4341/4023 4707/4739/4444 3568/4343/4025
f 4714/4749/4454 4716/4750/4455 4713/4751/4456
f 4715/4752/4457 4717/4753/4458 4714/4749/4454
f 4717/4753/4458 4719/4754/4459 4716/4750/4455
f 4718/4755/4460 4720/4756/4461 4717/4753/4458
f 3405/3708/3382 4713/4751/4456 3633/4757/4126
f 3778/3706/3380 4713/4751/4456 3777/3707/3381
f 3779/3705/3379 4714/4749/4454 3778/3706/3380
f 3426/3756/3428 4715/4752/4457 3779/3705/3379
f 3722/4622/4312 4718/4755/4460 4715/4752/4457
f 3721/4626/4319 4721/4758/4462 4718/4755/4460
f 3720/4625/4318 3780/4624/4463 4721/4758/4462
f 4721/4758/4462 3781/4624/4464 4720/4756/4461
f 4719/4754/4459 3781/4624/4464 3782/4624/4465
f 3635/4759/4128 3782/4624/4465 3407/4760/4129
f 3634/4761/4127 4719/4754/4459 3635/4759/4128
f 3633/4757/4126 4716/4750/4455 3634/4761/4127
f 4722/4762/4466 4726/4644/4467 4725/4763/4468
f 4724/4762/4469 4726/4644/4467 4723/4762/4470
f 4725/4763/4468 4729/4643/4471 4728/4764/4472
f 4727/4765/4473 4729/4643/4471 4726/4644/4467
f 3407/4635/4129 4722/4762/4466 3642/4766/4146
f 3782/4635/4465 4723/4762/4470 4722/4762/4466
f 3780/4635/4463 4723/4762/4470 3781/4635/4464
f 3428/4637/4317 4724/4762/4469 3780/4635/4463
f 3731/4636/4328 4727/4765/4473 4724/4762/4469
f 3730/4644/4335 4730/4767/4474 4727/4765/4473
f 3729/4643/4334 3783/4768/4475 4730/4767/4474
f 4730/4767/4474 3784/4642/4476 4729/4643/4471
f 4728/4764/4472 3784/4642/4476 3785/4642/4477
f 3644/4643/4148 3785/4642/4477 3408/4769/4149
f 3643/4765/4147 4728/4764/4472 3644/4643/4148
f 3642/4766/4146 4725/4763/4468 3643/4765/4147
f 4731/4770/4478 4735/4771/4479 4734/4772/4480
f 4733/4773/4481 4735/4771/4479 4732/4774/4482
f 4734/4772/4480 4738/4775/4483 4737/4776/4484
f 4736/4777/4485 4738/4775/4483 4735/4771/4479
f 3408/4769/4149 4731/4770/4478 3651/4778/4166
f 3785/4642/4477 4732/4774/4482 4731/4770/4478
f 3783/4768/4475 4732/4774/4482 3784/4642/4476
f 3427/4642/4333 4733/4773/4481 3783/4768/4475
f 3737/4653/4344 4736/4777/4485 4733/4773/4481
f 3736/4659/4350 4739/4779/4486 4736/4777/4485
f 3735/4658/4349 3786/3860/3661 4739/4779/4486
f 4739/4779/4486 3787/3990/3670 4738/4775/4483
f 4737/4776/4484 3787/3990/3670 3788/3857/3669
f 3653/4780/4168 3788/3857/3669 3406/3793/3519
f 3652/4781/4167 4737/4776/4484 3653/4780/4168
f 3651/4778/4166 4734/4772/4480 3652/4781/4167
f 4740/4782/4487 4744/4783/4488 4743/4784/4489
f 4741/4785/4490 4745/4786/4491 4744/4783/4488
f 4743/4784/4489 4747/4787/4492 4746/4788/4493
f 4744/4783/4488 4748/4789/4494 4747/4787/4492
f 3381/3915/3585 4740/4782/4487 3498/4204/3899
f 3789/4023/3693 4741/4785/4490 4740/4782/4487
f 3790/4021/3691 4742/4790/4495 4741/4785/4490
f 3791/4020/3690 3792/4791/4496 4742/4790/4495
f 4742/4790/4495 3793/4792/4497 4745/4786/4491
f 4745/4786/4491 3794/4793/4498 4748/4789/4494
f 4748/4789/4494 3439/4760/4499 3795/4198/4500
f 4747/4787/4492 3795/4198/4500 3796/4794/4501
f 4746/4788/4493 3796/4794/4501 3797/4194/4502
f 3500/4195/3893 3797/4194/4502 3383/4196/3882
f 3499/4205/3900 4746/4788/4493 3500/4195/3893
f 3498/4204/3899 4743/4784/4489 3499/4205/3900
f 4749/4795/4503 4753/4796/4504 4752/4797/4505
f 4750/4798/4506 4754/4799/4507 4753/4796/4504
f 4752/4797/4505 4756/4800/4508 4755/4801/4509
f 4753/4796/4504 4757/4802/4510 4756/4800/4508
f 3383/4183/3882 4749/4795/4503 3489/4184/3883
f 3797/4182/4502 4750/4798/4506 4749/4795/4503
f 3796/4803/4501 4751/4804/4511 4750/4798/4506
f 3795/4180/4500 3798/4766/4512 4751/4804/4511
f 4751/4804/4511 3799/4765/4513 4754/4799/4507
f 4754/4799/4507 3800/4643/4514 4757/4802/4510
f 4757/4802/4510 3440/4769/4515 3801/4805/4516
f 4756/4800/4508 3801/4805/4516 3802/4806/4517
f 4755/4801/4509 3802/4806/4517 3803/4807/4518
f 3491/4174/3873 3803/4807/4518 3384/4163/3862
f 3490/4185/3884 4755/4801/4509 3491/4174/3873
f 3489/4184/3883 4752/4797/4505 3490/4185/3884
f 4758/4808/4519 4762/4809/4520 4761/4810/4521
f 4759/4811/4522 4763/4812/4523 4762/4809/4520
f 4761/4810/4521 4765/4813/4524 4764/4814/4525
f 4762/4809/4520 4766/4815/4526 4765/4813/4524
f 3384/4163/3862 4758/4808/4519 3477/4164/3863
f 3803/4807/4518 4759/4811/4522 4758/4808/4519
f 3802/4806/4517 4760/4816/4527 4759/4811/4522
f 3801/4805/4516 3804/4778/4528 4760/4816/4527
f 4760/4816/4527 3805/4781/4529 4763/4812/4523
f 4763/4812/4523 3806/4780/4530 4766/4815/4526
f 4766/4815/4526 3438/3793/3464 3807/3792/3463
f 4765/4813/4524 3807/3792/3463 3808/3806/3477
f 4764/4814/4525 3808/3806/3477 3809/3805/3476
f 3479/4155/3854 3809/3805/3476 3382/3804/3475
f 3478/4165/3864 4764/4814/4525 3479/4155/3854
f 3477/4164/3863 4761/4810/4521 3478/4165/3864
f 4768/4817/4531 4770/4818/3943 4767/4819/3947
f 4769/4820/4532 4771/4821/4533 4768/4817/4531
f 4771/4821/4533 4773/4822/3941 4770/4818/3943
f 4772/4823/4534 4774/4824/4535 4771/4821/4533
f 3393/3889/3565 4767/4819/3947 3528/4263/3947
f 3811/4008/3683 4767/4819/3947 3810/4009/3565
f 3812/4007/3682 4768/4817/4531 3811/4008/3683
f 3433/4131/3832 4769/4820/4532 3812/4007/3682
f 3813/4825/4536 4772/4823/4534 4769/4820/4532
f 3814/4826/4537 4775/4827/4538 4772/4823/4534
f 3815/4828/4539 3816/4829/4540 4775/4827/4538
f 4775/4827/4538 3817/4257/4541 4774/4824/4535
f 4774/4824/4535 3818/4254/4542 4773/4822/3941
f 3530/4255/3949 3818/4254/4542 3395/4256/3938
f 3529/4264/3943 4773/4822/3941 3530/4255/3949
f 3528/4263/3947 4770/4818/3943 3529/4264/3943
f 4777/4830/4543 4779/4831/4544 4776/4832/4545
f 4778/4833/4546 4780/4834/4547 4777/4830/4543
f 4780/4834/4547 4782/4835/4548 4779/4831/4544
f 4781/4836/4549 4783/4837/4550 4780/4834/4547
f 3395/4243/3938 4776/4832/4545 3519/4244/3939
f 3817/4241/4541 4776/4832/4545 3818/4242/4542
f 3816/4240/4540 4777/4830/4543 3817/4241/4541
f 3435/4555/4551 4778/4833/4546 3816/4240/4540
f 3819/4838/4552 4781/4836/4549 4778/4833/4546
f 3820/4839/4553 4784/4840/4554 4781/4836/4549
f 3821/4841/4555 3822/4842/4556 4784/4840/4554
f 4784/4840/4554 3823/4843/4557 4783/4837/4550
f 4783/4837/4550 3824/4844/4558 4782/4835/4548
f 3521/4234/3929 3824/4844/4558 3396/4223/3918
f 3520/4245/3940 4782/4835/4548 3521/4234/3929
f 3519/4244/3939 4779/4831/4544 3520/4245/3940
f 4786/4845/4559 4788/4846/4560 4785/4847/4561
f 4787/4848/4562 4789/4849/4563 4786/4845/4559
f 4789/4849/4563 4791/4850/4564 4788/4846/4560
f 4790/4851/4565 4792/4852/4566 4789/4849/4563
f 3396/4223/3918 4785/4847/4561 3507/4224/3919
f 3823/4843/4557 4785/4847/4561 3824/4844/4558
f 3822/4842/4556 4786/4845/4559 3823/4843/4557
f 3436/4853/4567 4787/4848/4562 3822/4842/4556
f 3825/4854/4568 4790/4851/4565 4787/4848/4562
f 3826/4855/4569 4793/4856/4570 4790/4851/4565
f 3827/4857/4571 3828/4041/3709 4793/4856/4570
f 4793/4856/4570 3829/4040/3708 4792/4852/4566
f 4792/4852/4566 3830/4858/4572 4791/4850/4564
f 3509/4214/3909 3830/4858/4572 3394/3955/3625
f 3508/4225/3920 4791/4850/4564 3509/4214/3909
f 3507/4224/3919 4788/4846/4560 3508/4225/3920
f 4794/4859/4573 4798/4860/4574 4797/4861/4575
f 4795/4862/4576 4799/4863/4000 4798/4860/4574
f 4797/4861/4575 4801/4864/4577 4800/4865/4578
f 4798/4860/4574 4802/4866/3997 4801/4864/4577
f 3442/4028/3697 4794/4859/4573 3833/4867/4579
f 3834/4026/3695 4795/4862/4576 4794/4859/4573
f 3835/4025/3694 4796/4868/4003 4795/4862/4576
f 3386/3910/3582 4796/4868/4003 3836/4024/3582
f 3563/4320/4003 4799/4863/4000 4796/4868/4003
f 3562/4319/4000 4802/4866/3997 4799/4863/4000
f 3561/4318/3997 3837/4317/4580 4802/4866/3997
f 4801/4864/4577 3837/4317/4580 3838/4316/4581
f 4800/4865/4578 3838/4316/4581 3839/4313/4582
f 3831/4869/4583 3839/4313/4582 3444/4512/4584
f 3832/4870/4585 4800/4865/4578 3831/4869/4583
f 3833/4867/4579 4797/4861/4575 3832/4870/4585
f 4803/4871/4586 4807/4872/4587 4806/4873/4588
f 4804/4874/4589 4808/4875/4590 4807/4872/4587
f 4806/4873/4588 4810/4876/4591 4809/4877/4592
f 4807/4872/4587 4811/4878/4593 4810/4876/4591
f 3444/4518/4584 4803/4871/4586 3842/4879/4594
f 3839/4301/4582 4804/4874/4589 4803/4871/4586
f 3838/4300/4581 4805/4880/4595 4804/4874/4589
f 3388/4298/3987 4805/4880/4595 3837/4299/4580
f 3554/4296/3985 4808/4875/4590 4805/4880/4595
f 3553/4295/3984 4811/4878/4593 4808/4875/4590
f 3552/4294/3983 3843/4881/4596 4811/4878/4593
f 4810/4876/4591 3843/4881/4596 3844/4882/4597
f 4809/4877/4592 3844/4882/4597 3845/4883/4598
f 3840/4884/4599 3845/4883/4598 3443/4885/4600
f 3841/4886/4601 4809/4877/4592 3840/4884/4599
f 3842/4879/4594 4806/4873/4588 3841/4886/4601
f 4812/4887/4602 4816/4888/4603 4815/4889/4604
f 4813/4890/4605 4817/4891/4606 4816/4888/4603
f 4815/4889/4604 4819/4892/4607 4818/4893/4608
f 4816/4888/4603 4820/4894/4609 4819/4892/4607
f 3443/4885/4600 4812/4887/4602 3848/4895/4610
f 3845/4883/4598 4813/4890/4605 4812/4887/4602
f 3844/4882/4597 4814/4896/4611 4813/4890/4605
f 3387/4278/3967 4814/4896/4611 3843/4881/4596
f 3545/4276/3965 4817/4891/4606 4814/4896/4611
f 3544/4275/3964 4820/4894/4609 4817/4891/4606
f 3543/4274/3963 3849/4038/3706 4820/4894/4609
f 4819/4892/4607 3849/4038/3706 3850/4044/3716
f 4818/4893/4608 3850/4044/3716 3851/4043/3715
f 3846/4897/4612 3851/4043/3715 3441/3732/3714
f 3847/4898/4613 4818/4893/4608 3846/4897/4612
f 3848/4895/4610 4815/4889/4604 3847/4898/4613
f 4822/4899/4614 4824/4900/4615 4821/4901/4616
f 4823/4902/4617 4825/4903/4618 4822/4899/4614
f 4825/4903/4618 4827/4904/4619 4824/4900/4615
f 4826/4905/4620 4828/4906/4621 4825/4903/4618
f 3855/4001/3677 3854/4907/4622 3430/4002/3678
f 3856/4000/3676 4821/4901/4616 3855/4001/3677
f 3857/3999/3675 4822/4899/4614 3856/4000/3676
f 3390/3886/3564 4823/4902/4617 3857/3999/3675
f 3593/4380/4058 4826/4905/4620 4823/4902/4617
f 3592/4379/4057 4829/4908/4623 4826/4905/4620
f 3591/4378/4056 3858/4377/4624 4829/4908/4623
f 4829/4908/4623 3859/4375/4625 4828/4906/4621
f 4828/4906/4621 3860/4374/4626 4827/4904/4619
f 4827/4904/4619 3432/4420/4627 3852/4909/4628
f 4824/4900/4615 3852/4909/4628 3853/4910/4629
f 4821/4901/4616 3853/4910/4629 3854/4907/4622
f 4831/4349/4630 4833/4911/4631 4830/4912/4632
f 4832/4913/4633 4834/4914/4634 4831/4349/4630
f 4834/4914/4634 4836/4915/4635 4833/4911/4631
f 4835/4916/4636 4837/4917/4637 4834/4914/4634
f 3860/4360/4626 3863/4918/4638 3432/4362/4627
f 3859/4359/4625 4830/4912/4632 3860/4360/4626
f 3858/4358/4624 4831/4349/4630 3859/4359/4625
f 3392/4357/4039 4832/4913/4633 3858/4358/4624
f 3584/4356/4038 4835/4916/4636 4832/4913/4633
f 3583/4355/4037 4838/4919/4639 4835/4916/4636
f 3582/4354/4036 3864/4338/4640 4838/4919/4639
f 4838/4919/4639 3865/4339/4641 4837/4917/4637
f 4837/4917/4637 3866/4920/4642 4836/4915/4635
f 4836/4915/4635 3431/4921/4643 3861/4352/4644
f 4833/4911/4631 3861/4352/4644 3862/4922/4645
f 4830/4912/4632 3862/4922/4645 3863/4918/4638
f 4840/4923/4646 4842/4924/4647 4839/4925/4648
f 4841/4926/4649 4843/4927/4650 4840/4923/4646
f 4843/4927/4650 4845/4928/4651 4842/4924/4647
f 4844/4929/4652 4846/4930/4653 4843/4927/4650
f 3866/4920/4642 3869/4931/4654 3431/4921/4643
f 3865/4339/4641 4839/4925/4648 3866/4920/4642
f 3864/4338/4640 4840/4923/4646 3865/4339/4641
f 3391/4337/4019 4841/4926/4649 3864/4338/4640
f 3575/4336/4018 4844/4929/4652 4841/4926/4649
f 3574/4335/4017 4847/4932/4655 4844/4929/4652
f 3573/4334/4016 3870/3799/3470 4847/4932/4655
f 4847/4932/4655 3871/3798/3469 4846/4930/4653
f 4846/4930/4653 3872/3797/3468 4845/4928/4651
f 4845/4928/4651 3429/3866/3539 3867/4933/4656
f 4842/4924/4647 3867/4933/4656 3868/4934/4657
f 4839/4925/4648 3868/4934/4657 3869/4931/4654
f 4848/4935/4658 4852/4936/4659 4851/4937/4660
f 4849/4938/4661 4853/4939/4662 4852/4936/4659
f 4851/4937/4660 4855/4940/4663 4854/4941/4664
f 4852/4936/4659 4856/4426/4665 4855/4940/4663
f 3446/4068/3751 4848/4935/4658 3875/4441/4666
f 3876/4067/3750 4849/4938/4661 4848/4935/4658
f 3877/4073/3763 4850/4942/4667 4849/4938/4661
f 3450/4072/3762 4850/4942/4667 3878/3839/3761
f 3879/4943/4668 4853/4939/4662 4850/4942/4667
f 3880/4437/4669 4856/4426/4665 4853/4939/4662
f 3881/4436/4670 3882/4944/4671 4856/4426/4665
f 4855/4940/4663 3882/4944/4671 3883/4434/4672
f 4854/4941/4664 3883/4434/4672 3884/4431/4673
f 3873/4432/4674 3884/4431/4673 3448/4433/4675
f 3874/4945/4676 4854/4941/4664 3873/4432/4674
f 3875/4441/4666 4851/4937/4660 3874/4945/4676
f 4857/4946/4677 4861/4407/4678 4860/4947/4679
f 4858/4948/4680 4862/4949/4681 4861/4407/4678
f 4860/4947/4679 4864/4950/4682 4863/4951/4683
f 4861/4407/4678 4865/4952/4684 4864/4950/4682
f 3448/4420/4675 4857/4946/4677 3887/4953/4685
f 3884/4419/4673 4858/4948/4680 4857/4946/4677
f 3883/4418/4672 4859/4954/4686 4858/4948/4680
f 3452/4416/4687 4859/4954/4686 3882/4955/4671
f 3888/4414/4688 4862/4949/4681 4859/4954/4686
f 3889/4413/4689 4865/4952/4684 4862/4949/4681
f 3890/4956/4690 3891/4957/4691 4865/4952/4684
f 4864/4950/4682 3891/4957/4691 3892/4398/4692
f 4863/4951/4683 3892/4398/4692 3893/4958/4693
f 3885/4959/4694 3893/4958/4693 3447/4960/4695
f 3886/4961/4696 4863/4951/4683 3885/4959/4694
f 3887/4953/4685 4860/4947/4679 3886/4961/4696
f 4866/4962/4697 4870/4963/4698 4869/4964/4699
f 4867/4965/4700 4871/4966/4701 4870/4963/4698
f 4869/4964/4699 4873/4967/4702 4872/4968/4703
f 4870/4963/4698 4874/4386/4704 4873/4967/4702
f 3447/4960/4695 4866/4962/4697 3896/4969/4705
f 3893/4958/4693 4867/4965/4700 4866/4962/4697
f 3892/4398/4692 4868/4970/4706 4867/4965/4700
f 3451/4396/4707 4868/4970/4706 3891/4957/4691
f 3897/4394/4708 4871/4966/4701 4868/4970/4706
f 3898/4971/4709 4874/4386/4704 4871/4966/4701
f 3899/4972/4710 3900/3821/3734 4874/4386/4704
f 4873/4967/4702 3900/3821/3734 3901/4054/3732
f 4872/4968/4703 3901/4054/3732 3902/3823/3731
f 3894/4973/4711 3902/3823/3731 3445/4053/3730
f 3895/4974/4712 4872/4968/4703 3894/4973/4711
f 3896/4969/4705 4869/4964/4699 3895/4974/4712
f 4876/4975/4713 4878/4976/4714 4875/4977/4715
f 4877/4978/4716 4879/4979/4717 4876/4975/4713
f 4879/4979/4717 4881/4980/4718 4878/4976/4714
f 4880/4981/4719 4882/4982/4720 4879/4979/4717
f 3458/4496/3778 4875/4977/4715 3905/4497/4721
f 3907/4070/3756 4875/4977/4715 3906/4071/3757
f 3908/4069/3755 4876/4975/4713 3907/4070/3756
f 3454/3848/3812 4877/4978/4716 3908/4069/3755
f 3909/4495/4722 4880/4981/4719 4877/4978/4716
f 3910/4983/4723 4883/4984/4724 4880/4981/4719
f 3911/4985/4725 3912/4986/4726 4883/4984/4724
f 4883/4984/4724 3913/4987/4727 4882/4982/4720
f 4882/4982/4720 3914/4988/4728 4881/4980/4718
f 3903/4989/4729 3914/4988/4728 3460/4990/4730
f 3904/4991/4731 4881/4980/4718 3903/4989/4729
f 3905/4497/4721 4878/4976/4714 3904/4991/4731
f 4885/4992/4732 4887/4993/4733 4884/4994/4734
f 4886/4995/4735 4888/4996/4736 4885/4992/4732
f 4888/4996/4736 4890/4997/4737 4887/4993/4733
f 4889/4998/4738 4891/4999/4739 4888/4996/4736
f 3460/4990/4730 4884/4994/4734 3917/5000/4740
f 3913/4987/4727 4884/4994/4734 3914/4988/4728
f 3912/4986/4726 4885/4992/4732 3913/4987/4727
f 3456/5001/4741 4886/4995/4735 3912/4986/4726
f 3918/5002/4742 4889/4998/4738 4886/4995/4735
f 3919/5003/4743 4892/5004/4744 4889/4998/4738
f 3920/5005/4745 3921/5006/4746 4892/5004/4744
f 4892/5004/4744 3922/5007/4747 4891/4999/4739
f 4891/4999/4739 3923/5008/4748 4890/4997/4737
f 3915/5009/4749 3923/5008/4748 3459/4460/4750
f 3916/5010/4751 4890/4997/4737 3915/5009/4749
f 3917/5000/4740 4887/4993/4733 3916/5010/4751
f 4894/5011/4752 4896/5012/4753 4893/5013/4754
f 4895/5014/4755 4897/5015/4756 4894/5011/4752
f 4897/5015/4756 4899/5016/4757 4896/5012/4753
f 4898/5017/4758 4900/5018/4759 4897/5015/4756
f 3459/4460/4750 4893/5013/4754 3926/5019/4760
f 3922/5007/4747 4893/5013/4754 3923/5008/4748
f 3921/5006/4746 4894/5011/4752 3922/5007/4747
f 3455/5020/4761 4895/5014/4755 3921/5006/4746
f 3927/5021/4762 4898/5017/4758 4895/5014/4755
f 3928/4454/4763 4901/5022/4764 4898/5017/4758
f 3929/5023/4765 3930/3974/3644 4901/5022/4764
f 4901/5022/4764 3931/3973/3643 4900/5018/4759
f 4900/5018/4759 3932/3972/3642 4899/5016/4757
f 3924/5024/4766 3932/3972/3642 3457/5025/4767
f 3925/5026/4768 4899/5016/4757 3924/5024/4766
f 3926/5019/4760 4896/5012/4753 3925/5026/4768
f 4902/5027/4769 4906/5028/4770 4905/5029/4771
f 4903/5030/4772 4907/5031/4773 4906/5028/4770
f 4905/5029/4771 4909/5032/4774 4908/5033/4775
f 4906/5028/4770 4910/5034/4776 4909/5032/4774
f 3462/4088/3783 4902/5027/4769 3935/5035/4777
f 3936/4086/3781 4903/5030/4772 4902/5027/4769
f 3937/4085/3780 4904/5036/4778 4903/5030/4772
f 3938/4084/3779 3905/4532/4721 4904/5036/4778
f 4904/5036/4778 3904/4527/4731 4907/5031/4773
f 4907/5031/4773 3903/4530/4729 4910/5034/4776
f 4910/5034/4776 3460/5037/4730 3939/4521/4779
f 4909/5032/4774 3939/4521/4779 3940/4521/4780
f 4908/5033/4775 3940/4521/4780 3941/4522/4781
f 3933/5038/4782 3941/4522/4781 3464/4521/4783
f 3934/5039/4784 4908/5033/4775 3933/5038/4782
f 3935/5035/4777 4905/5029/4771 3934/5039/4784
f 4911/5040/4785 4915/4516/4786 4914/5041/4787
f 4912/4517/4788 4916/5042/4789 4915/4516/4786
f 4914/5041/4787 4918/5043/4790 4917/5044/4791
f 4915/4516/4786 4919/4515/4792 4918/5043/4790
f 3464/4521/4783 4911/5040/4785 3944/5045/4793
f 3941/4522/4781 4912/4517/4788 4911/5040/4785
f 3940/4521/4780 4913/4517/4794 4912/4517/4788
f 3939/4521/4779 3917/4517/4740 4913/4517/4794
f 4913/4517/4794 3916/4516/4751 4916/5042/4789
f 4916/5042/4789 3915/5046/4749 4919/4515/4792
f 4919/4515/4792 3459/4518/4750 3945/5047/4795
f 4918/5043/4790 3945/5047/4795 3946/4518/4796
f 4917/5044/4791 3946/4518/4796 3947/4518/4797
f 3942/4515/4798 3947/4518/4797 3463/4302/4799
f 3943/5041/4800 4917/5044/4791 3942/4515/4798
f 3944/5045/4793 4914/5041/4787 3943/5041/4800
f 4920/5048/4801 4924/5049/4802 4923/5050/4803
f 4921/5051/4804 4925/5052/4805 4924/5049/4802
f 4923/5050/4803 4927/5053/4806 4926/5054/4807
f 4924/5049/4802 4928/5055/4808 4927/5053/4806
f 3463/4315/4799 4920/5048/4801 3950/5056/4809
f 3947/4512/4797 4921/5051/4804 4920/5048/4801
f 3946/4512/4796 4922/5057/4810 4921/5051/4804
f 3945/5058/4795 3926/4511/4760 4922/5057/4810
f 4922/5057/4810 3925/4509/4768 4925/5052/4805
f 4925/5052/4805 3924/5059/4766 4928/5055/4808
f 4928/5055/4808 3457/5025/4767 3951/3971/3641
f 4927/5053/4806 3951/3971/3641 3952/3969/3639
f 4926/5054/4807 3952/3969/3639 3953/3968/3638
f 3948/5060/4811 3953/3968/3638 3461/3966/3636
f 3949/5061/4812 4926/5054/4807 3948/5060/4811
f 3950/5056/4809 4923/5050/4803 3949/5061/4812
f 4930/5062/4813 4932/5063/4814 4929/5064/4815
f 4931/5065/4816 4933/5066/4817 4930/5062/4813
f 4933/5066/4817 4935/5067/4818 4932/5063/4814
f 4934/5063/4819 4936/5068/4820 4933/5066/4817
f 3957/4100/3795 3956/4715/4821 3466/3736/3774
f 3958/4099/3794 4929/5064/4815 3957/4100/3795
f 3959/4098/3793 4930/5062/4813 3958/4099/3794
f 3434/3736/3710 4931/5065/4816 3959/4098/3793
f 3827/4575/4571 4934/5063/4819 4931/5065/4816
f 3826/4576/4569 4937/5069/4822 4934/5063/4819
f 3825/5070/4568 3960/4710/4823 4937/5069/4822
f 4937/5069/4822 3961/5071/4824 4936/5068/4820
f 4936/5068/4820 3962/5071/4825 4935/5067/4818
f 4935/5067/4818 3468/5072/4826 3954/4713/4827
f 4932/5063/4814 3954/4713/4827 3955/5073/4828
f 4929/5064/4815 3955/5073/4828 3956/4715/4821
f 4939/4707/4829 4941/4705/4830 4938/5074/4831
f 4940/4707/4832 4942/4705/4833 4939/4707/4829
f 4942/4705/4833 4944/4556/4834 4941/4705/4830
f 4943/5075/4835 4945/5076/4836 4942/4705/4833
f 3962/5071/4825 3965/5077/4837 3468/5072/4826
f 3961/5071/4824 4938/5074/4831 3962/5071/4825
f 3960/4710/4823 4939/4707/4829 3961/5071/4824
f 3436/4712/4567 4940/4707/4832 3960/4710/4823
f 3821/4711/4555 4943/5075/4835 4940/4707/4832
f 3820/4705/4553 4946/5078/4838 4943/5075/4835
f 3819/5079/4552 3966/5080/4839 4946/5078/4838
f 4946/5078/4838 3967/4557/4840 4945/5076/4836
f 4945/5076/4836 3968/4557/4841 4944/4556/4834
f 4944/4556/4834 3467/4239/4842 3963/4556/4843
f 4941/4705/4830 3963/4556/4843 3964/5081/4844
f 4938/5074/4831 3964/5081/4844 3965/5077/4837
f 4948/5082/4845 4950/5083/4846 4947/5084/4847
f 4949/5085/4848 4951/5086/4849 4948/5082/4845
f 4951/5086/4849 4953/5087/4850 4950/5083/4846
f 4952/5088/4851 4954/5089/4852 4951/5086/4849
f 3968/4544/4841 3971/5090/4853 3467/4543/4842
f 3967/4544/4840 4947/5084/4847 3968/4544/4841
f 3966/5091/4839 4948/5082/4845 3967/4544/4840
f 3435/4544/4551 4949/5085/4848 3966/5091/4839
f 3815/4828/4539 4952/5088/4851 4949/5085/4848
f 3814/4826/4537 4955/5092/4854 4952/5088/4851
f 3813/4825/4536 3972/4130/3831 4955/5092/4854
f 4955/5092/4854 3973/4129/3830 4954/5089/4852
f 4954/5089/4852 3974/4128/3829 4953/5087/4850
f 4953/5087/4850 3465/4058/3738 3969/4541/4855
f 4950/5083/4846 3969/4541/4855 3970/5093/4856
f 4947/5084/4847 3970/5093/4856 3971/5090/4853
f 4957/5094/4857 4959/5095/4858 4956/5096/4859
f 4957/5094/4857 4961/5095/4860 4960/5097/4861
f 4960/5097/4861 4962/5098/4862 4959/5095/4858
f 4960/5097/4861 4964/5098/4863 4963/5099/4864
f 3978/4115/3816 3977/4612/4865 3470/3866/3817
f 3979/4114/3815 4956/5096/4859 3978/4115/3816
f 3979/4114/3815 4958/5100/4866 4957/5094/4857
f 3980/4113/3814 3875/4612/4666 4958/5100/4866
f 4958/5100/4866 3874/5101/4676 4961/5095/4860
f 4961/5095/4860 3873/5102/4674 4964/5098/4863
f 4964/5098/4863 3448/5103/4675 3981/5104/4867
f 4963/5099/4864 3981/5104/4867 3982/4602/4868
f 4963/5099/4864 3983/4602/4869 4962/5098/4862
f 4962/5098/4862 3472/4603/4870 3975/5102/4871
f 4959/5095/4858 3975/5102/4871 3976/4605/4872
f 4956/5096/4859 3976/4605/4872 3977/4612/4865
f 4966/5105/4873 4968/4594/4874 4965/5105/4875
f 4966/5105/4873 4970/4594/4876 4969/5106/4877
f 4969/5106/4877 4971/5107/4878 4968/4594/4874
f 4969/5106/4877 4973/4593/4879 4972/5107/4880
f 3983/4602/4869 3986/5105/4881 3472/4603/4870
f 3982/4602/4868 4965/5105/4875 3983/4602/4869
f 3982/4602/4868 4967/5105/4882 4966/5105/4873
f 3981/5104/4867 3887/5105/4685 4967/5105/4882
f 4967/5105/4882 3886/4599/4696 4970/4594/4876
f 4970/4594/4876 3885/5108/4694 4973/4593/4879
f 4973/4593/4879 3447/4596/4695 3987/4598/4883
f 4972/5107/4880 3987/4598/4883 3988/4598/4884
f 4972/5107/4880 3989/4598/4885 4971/5107/4878
f 4971/5107/4878 3471/4596/4886 3984/5108/4887
f 4968/4594/4874 3984/5108/4887 3985/4594/4888
f 4965/5105/4875 3985/4594/4888 3986/5105/4881
f 4975/5109/4889 4977/5110/4890 4974/5111/4891
f 4976/5112/4892 4978/5113/4893 4975/5109/4889
f 4978/5113/4893 4980/4577/4894 4977/5110/4890
f 4979/4581/4895 4981/4580/4896 4978/5113/4893
f 3989/4590/4885 3992/5114/4897 3471/4372/4886
f 3988/4590/4884 4974/5111/4891 3989/4590/4885
f 3988/4590/4884 4976/5112/4892 4975/5109/4889
f 3987/4590/4883 3896/5115/4705 4976/5112/4892
f 4976/5112/4892 3895/4588/4712 4979/4581/4895
f 4979/4581/4895 3894/5116/4711 4982/5117/4898
f 4982/5117/4898 3445/4053/3730 3993/4052/3729
f 4982/5117/4898 3994/3826/3728 4981/4580/4896
f 4981/4580/4896 3995/4049/3725 4980/4577/4894
f 4980/4577/4894 3469/4051/3727 3990/5118/4899
f 4977/5110/4890 3990/5118/4899 3991/5119/4900
f 4974/5111/4891 3991/5119/4900 3992/5114/4897
f 4983/5120/4901 4987/5121/4902 4986/5122/4903
f 4984/5123/4904 4988/4772/4905 4987/5121/4902
f 4986/5122/4903 4990/5124/4906 4989/4773/4907
f 4987/5121/4902 4991/4770/4908 4990/5124/4906
f 3474/4111/3808 4983/5120/4901 3998/5125/4909
f 3999/3860/3531 4984/5123/4904 4983/5120/4901
f 4000/3858/3529 4985/5126/4910 4984/5123/4904
f 4001/3857/3528 3806/4780/4530 4985/5126/4910
f 4985/5126/4910 3805/4781/4529 4988/4772/4905
f 4988/4772/4905 3804/4778/4528 4991/4770/4908
f 4991/4770/4908 3440/4769/4515 4002/4642/4911
f 4990/5124/4906 4002/4642/4911 4003/4642/4912
f 4989/4773/4907 4003/4642/4912 4004/5127/4913
f 3996/5128/4914 4004/5127/4913 3476/4642/4915
f 3997/5129/4916 4989/4773/4907 3996/5128/4914
f 3998/5125/4909 4986/5122/4903 3997/5129/4916
f 4992/4767/4917 4996/4763/4918 4995/4644/4919
f 4993/4764/4920 4997/5130/4921 4996/4763/4918
f 4995/4644/4919 4999/4766/4922 4998/4636/4923
f 4996/4763/4918 5000/4766/4924 4999/4766/4922
f 3476/4642/4915 4992/4767/4917 4007/4643/4925
f 4004/5127/4913 4993/4764/4920 4992/4767/4917
f 4003/4642/4912 4994/4764/4926 4993/4764/4920
f 4002/4642/4911 3800/4643/4514 4994/4764/4926
f 4994/4764/4926 3799/4765/4513 4997/5130/4921
f 4997/5130/4921 3798/4766/4512 5000/4766/4924
f 5000/4766/4924 3439/4635/4499 4008/4635/4927
f 4999/4766/4922 4008/4635/4927 4009/4635/4928
f 4998/4636/4923 4009/4635/4928 4010/4635/4929
f 4005/4762/4930 4010/4635/4929 3475/4637/4931
f 4006/4644/4932 4998/4636/4923 4005/4762/4930
f 4007/4643/4925 4995/4644/4919 4006/4644/4932
f 5001/5131/4933 5005/5132/4934 5004/5133/4935
f 5002/5134/4936 5006/5135/4937 5005/5132/4934
f 5004/5133/4935 5008/5136/4938 5007/5137/4939
f 5005/5132/4934 5009/5138/4940 5008/5136/4938
f 3475/4199/4931 5001/5131/4933 4013/5139/4941
f 4010/4624/4929 5002/5134/4936 5001/5131/4933
f 4009/4624/4928 5003/5140/4942 5002/5134/4936
f 4008/4624/4927 3794/4793/4498 5003/5140/4942
f 5003/5140/4942 3793/4792/4497 5006/5135/4937
f 5006/5135/4937 3792/4791/4496 5009/5138/4940
f 5009/5138/4940 3437/4018/3688 4014/4146/3845
f 5008/5136/4938 4014/4146/3845 4015/4145/3844
f 5007/5137/4939 4015/4145/3844 4016/4144/3843
f 4011/5141/4943 4016/4144/3843 3473/3980/3650
f 4012/5142/4944 5007/5137/4939 4011/5141/4943
f 4013/5139/4941 5004/5133/4935 4012/5142/4944
f 5010/5036/4945 5014/5143/4946 5013/5031/4947
f 5011/5144/4948 5015/5029/4949 5014/5143/4946
f 5013/5031/4947 5017/5145/4950 5016/5146/4951
f 5014/5143/4946 5018/5033/4952 5017/5145/4950
f 3441/3732/3714 5010/5036/4945 3846/4532/4612
f 4017/4102/3799 5011/5144/4948 5010/5036/4945
f 4018/4085/3798 5012/5027/4953 5011/5144/4948
f 4019/4086/3797 3935/5035/4777 5012/5027/4953
f 5012/5027/4953 3934/5039/4784 5015/5029/4949
f 5015/5029/4949 3933/5038/4782 5018/5033/4952
f 5018/5033/4952 3464/4521/4783 4020/4522/4954
f 5017/5145/4950 4020/4522/4954 4021/4521/4955
f 5016/5146/4951 4021/4521/4955 4022/4521/4956
f 3848/4530/4610 4022/4521/4956 3443/5037/4600
f 3847/4527/4613 5016/5146/4951 3848/4530/4610
f 3846/4532/4612 5013/5031/4947 3847/4527/4613
f 5019/4517/4957 5023/5041/4958 5022/5147/4959
f 5020/5045/4960 5024/5041/4961 5023/5041/4958
f 5022/5147/4959 5026/5044/4962 5025/5043/4963
f 5023/5041/4958 5027/4515/4964 5026/5044/4962
f 3443/5037/4600 5019/4517/4957 3840/4517/4599
f 4022/4521/4956 5020/5045/4960 5019/4517/4957
f 4021/4521/4955 5021/5040/4965 5020/5045/4960
f 4020/4522/4954 3944/5045/4793 5021/5040/4965
f 5021/5040/4965 3943/5041/4800 5024/5041/4961
f 5024/5041/4961 3942/4515/4798 5027/4515/4964
f 5027/4515/4964 3463/4302/4799 4023/4518/4966
f 5026/5044/4962 4023/4518/4966 4024/4518/4967
f 5025/5043/4963 4024/4518/4967 4025/5148/4968
f 3842/5046/4594 4025/5148/4968 3444/4518/4584
f 3841/4516/4601 5025/5043/4963 3842/5046/4594
f 3840/4517/4599 5022/5147/4959 3841/4516/4601
f 5028/5149/4969 5032/5150/4970 5031/5151/4971
f 5029/5152/4972 5033/5153/4973 5032/5150/4970
f 5031/5151/4971 5035/5154/4974 5034/5155/4975
f 5032/5150/4970 5036/5156/4976 5035/5154/4974
f 3444/4512/4584 5028/5149/4969 3831/4869/4583
f 4025/4512/4968 5029/5152/4972 5028/5149/4969
f 4024/4512/4967 5030/5157/4977 5029/5152/4972
f 4023/4512/4966 3950/5056/4809 5030/5157/4977
f 5030/5157/4977 3949/5061/4812 5033/5153/4973
f 5033/5153/4973 3948/5060/4811 5036/5156/4976
f 5036/5156/4976 3461/3966/3636 4026/4143/3842
f 5035/5154/4974 4026/4143/3842 4027/4141/3840
f 5034/5155/4975 4027/4141/3840 4028/4140/3839
f 3833/4867/4579 4028/4140/3839 3442/4028/3697
f 3832/4870/4585 5034/5155/4975 3833/4867/4579
f 3831/4869/4583 5031/5151/4971 3832/4870/4585
f 5038/5158/4978 5040/5159/4979 5037/5158/4980
f 5039/5158/4981 5041/5160/4982 5038/5158/4978
f 5041/5160/4982 5043/5161/4983 5040/5159/4979
f 5042/5160/4984 5044/4714/4985 5041/5160/4982
f 4029/3871/3776 3879/4575/4668 3450/3875/3762
f 4030/3871/3775 5037/5158/4980 4029/3871/3776
f 4031/3871/3772 5038/5158/4978 4030/3871/3775
f 3466/3736/3774 5039/5158/4981 4031/3871/3772
f 3956/4715/4821 5042/5160/4984 5039/5158/4981
f 3955/5073/4828 5045/4713/4986 5042/5160/4984
f 3954/4713/4827 4032/4712/4987 5045/4713/4986
f 5045/4713/4986 4033/4710/4988 5044/4714/4985
f 5044/4714/4985 4034/4563/4989 5043/5161/4983
f 5043/5161/4983 3452/4563/4687 3881/5162/4670
f 5040/5159/4979 3881/5162/4670 3880/5163/4669
f 5037/5158/4980 3880/5163/4669 3879/4575/4668
f 5047/5077/4990 5049/5081/4991 5046/5164/4992
f 5048/5077/4993 5050/5081/4994 5047/5077/4990
f 5050/5081/4994 5052/4556/4995 5049/5081/4991
f 5051/5165/4996 5053/4556/4997 5050/5081/4994
f 4034/4563/4989 3888/5166/4688 3452/4563/4687
f 4033/4710/4988 5046/5164/4992 4034/4563/4989
f 4032/4712/4987 5047/5077/4990 4033/4710/4988
f 3468/5072/4826 5048/5077/4993 4032/4712/4987
f 3965/5077/4837 5051/5165/4996 5048/5077/4993
f 3964/5081/4844 5054/4706/4998 5051/5165/4996
f 3963/4556/4843 4035/4557/4999 5054/4706/4998
f 5054/4706/4998 4036/4557/5000 5053/4556/4997
f 5053/4556/4997 4037/4557/5001 5052/4556/4995
f 5052/4556/4995 3451/4555/4707 3890/4706/4690
f 5049/5081/4991 3890/4706/4690 3889/4705/4689
f 5046/5164/4992 3889/4705/4689 3888/5166/4688
f 5056/5167/5002 5058/4692/5003 5055/4696/5004
f 5057/5168/5005 5059/4691/5006 5056/5167/5002
f 5059/4691/5006 5061/4690/5007 5058/4692/5003
f 5060/5169/5008 5062/5170/5009 5059/4691/5006
f 4037/4544/5001 3897/5171/4708 3451/4544/4707
f 4036/4544/5000 5055/4696/5004 4037/4544/5001
f 4035/4544/4999 5056/5167/5002 4036/4544/5000
f 3467/4543/4842 5057/5168/5005 4035/4544/4999
f 3971/5090/4853 5060/5169/5008 5057/5168/5005
f 3970/5093/4856 5063/5172/5010 5060/5169/5008
f 3969/4541/4855 4038/4057/3737 5063/5172/5010
f 5063/5172/5010 4039/3818/3736 5062/5170/5009
f 5062/5170/5009 4040/4056/3735 5061/4690/5007
f 5061/4690/5007 3449/5173/5011 3899/5174/4710
f 5058/4692/5003 3899/5174/4710 3898/4702/4709
f 5055/4696/5004 3898/4702/4709 3897/5171/4708
f 5065/5175/5012 5067/5176/5013 5064/5177/5014
f 5066/5178/5015 5068/5179/5016 5065/5175/5012
f 5068/5179/5016 5070/5180/5017 5067/5176/5013
f 5069/5181/5018 5071/5182/5019 5068/5179/5016
f 4041/3865/3538 3867/4933/4656 3429/3866/3539
f 4042/3865/3537 5064/5177/5014 4041/3865/3538
f 4043/3865/3536 5065/5175/5012 4042/3865/3537
f 3470/3866/3817 5066/5178/5015 4043/3865/3536
f 3977/4612/4865 5069/5181/5018 5066/5178/5015
f 3976/4605/4872 5072/5183/5020 5069/5181/5018
f 3975/5102/4871 4044/5184/5021 5072/5183/5020
f 5072/5183/5020 4045/4735/5022 5071/5182/5019
f 5071/5182/5019 4046/5185/5023 5070/5180/5017
f 5070/5180/5017 3431/4921/4643 3869/4931/4654
f 5067/5176/5013 3869/4931/4654 3868/4934/4657
f 5064/5177/5014 3868/4934/4657 3867/4933/4656
f 5074/4730/5024 5076/5186/5025 5073/5187/5026
f 5075/5188/5027 5077/5189/5028 5074/4730/5024
f 5077/5189/5028 5079/5190/5029 5076/5186/5025
f 5078/5191/5030 5080/5192/5031 5077/5189/5028
f 4046/5185/5023 3861/4352/4644 3431/4921/4643
f 4045/4735/5022 5073/5187/5026 4046/5185/5023
f 4044/5184/5021 5074/4730/5024 4045/4735/5022
f 3472/4603/4870 5075/5188/5027 4044/5184/5021
f 3986/5105/4881 5078/5191/5030 5075/5188/5027
f 3985/4594/4888 5081/5193/5032 5078/5191/5030
f 3984/5108/4887 4047/4598/5033 5081/5193/5032
f 5081/5193/5032 4048/4598/5034 5080/5192/5031
f 5080/5192/5031 4049/4598/5035 5079/5190/5029
f 5079/5190/5029 3432/4362/4627 3863/4918/4638
f 5076/5186/5025 3863/4918/4638 3862/4922/4645
f 5073/5187/5026 3862/4922/4645 3861/4352/4644
f 5083/5194/5036 5085/5195/5037 5082/5196/5038
f 5084/5197/5039 5086/5198/5040 5083/5194/5036
f 5086/5198/5040 5088/5199/5041 5085/5195/5037
f 5087/5200/5042 5089/5201/5043 5086/5198/5040
f 4049/4590/5035 3852/4909/4628 3432/4420/4627
f 4048/4590/5034 5082/5196/5038 4049/4590/5035
f 4047/4590/5033 5083/5194/5036 4048/4590/5034
f 3471/4372/4886 5084/5197/5039 4047/4590/5033
f 3992/5114/4897 5087/5200/5042 5084/5197/5039
f 3991/5119/4900 5090/5202/5044 5087/5200/5042
f 3990/5118/4899 4050/4126/3827 5090/5202/5044
f 5090/5202/5044 4051/4125/3826 5089/5201/5043
f 5089/5201/5043 4052/4124/3825 5088/5199/5041
f 5088/5199/5041 3430/4002/3678 3854/4907/4622
f 5085/5195/5037 3854/4907/4622 3853/4910/4629
f 5082/5196/5038 3853/4910/4629 3852/4909/4628
f 5092/5203/5045 5094/4772/5046 5091/5126/5047
f 5092/5203/5045 5096/5122/5048 5095/4771/5049
f 5095/4771/5049 5097/5204/5050 5094/4772/5046
f 5095/4771/5049 5099/4773/5051 5098/5205/5052
f 4053/3857/3810 3909/4780/4722 3454/3793/3812
f 4054/3990/3811 5091/5126/5047 4053/3857/3810
f 4054/3990/3811 5093/5120/5053 5092/5203/5045
f 4055/3860/3809 3998/5125/4909 5093/5120/5053
f 5093/5120/5053 3997/5129/4916 5096/5122/5048
f 5096/5122/5048 3996/5128/4914 5099/4773/5051
f 5099/4773/5051 3476/4642/4915 4056/5127/5054
f 5098/5205/5052 4056/5127/5054 4057/4642/5055
f 5098/5205/5052 4058/4642/5056 5097/5204/5050
f 5097/5204/5050 3456/4769/4741 3911/4778/4725
f 5094/4772/5046 3911/4778/4725 3910/4781/4723
f 5091/5126/5047 3910/4781/4723 3909/4780/4722
f 5101/4643/5057 5103/4765/5058 5100/4764/5059
f 5101/4643/5057 5105/4644/5060 5104/4644/5061
f 5104/4644/5061 5106/4762/5062 5103/4765/5058
f 5104/4644/5061 5108/4762/5063 5107/4636/5064
f 4058/4642/5056 3918/4643/4742 3456/4769/4741
f 4057/4642/5055 5100/4764/5059 4058/4642/5056
f 4057/4642/5055 5102/4767/5065 5101/4643/5057
f 4056/5127/5054 4007/4643/4925 5102/4767/5065
f 5102/4767/5065 4006/4644/4932 5105/4644/5060
f 5105/4644/5060 4005/4762/4930 5108/4762/5063
f 5108/4762/5063 3475/4637/4931 4059/4635/5066
f 5107/4636/5064 4059/4635/5066 4060/4635/5067
f 5107/4636/5064 4061/4635/5068 5106/4762/5062
f 5106/4762/5062 3455/4635/4761 3920/4766/4745
f 5103/4765/5058 3920/4766/4745 3919/4765/4743
f 5100/4764/5059 3919/4765/4743 3918/4643/4742
f 5109/5206/5069 5113/5207/5070 5112/5208/5071
f 5110/5209/5072 5114/5210/5073 5113/5207/5070
f 5112/5208/5071 5116/5211/5074 5115/5212/5075
f 5113/5207/5070 5117/5213/5076 5116/5211/5074
f 4061/4624/5068 3927/5214/4762 3455/4760/4761
f 4060/4624/5067 5109/5206/5069 4061/4624/5068
f 4060/4624/5067 5111/5215/5077 5110/5209/5072
f 4059/4624/5066 4013/5139/4941 5111/5215/5077
f 5111/5215/5077 4012/5142/4944 5114/5210/5073
f 5114/5210/5073 4011/5141/4943 5117/5213/5076
f 5117/5213/5076 3473/3980/3650 4062/3978/3648
f 5116/5211/5074 4062/3978/3648 4063/3977/3647
f 5115/5212/5075 4063/3977/3647 4064/3976/3646
f 5115/5212/5075 3453/3975/3645 3929/5216/4765
f 5112/5208/5071 3929/5216/4765 3928/4761/4763
f 5109/5206/5069 3928/4761/4763 3927/5214/4762
f 5118/5217/5078 5122/5218/5079 5121/5219/5080
f 5120/5220/5081 5122/5218/5079 5119/5221/5082
f 5121/5219/5080 5125/5222/5083 5124/5223/5084
f 5123/5224/5085 5125/5222/5083 5122/5218/5079
f 3373/3927/3597 5118/5217/5078 3738/4655/4346
f 4065/3926/3596 5119/5221/5082 5118/5217/5078
f 4067/3934/3604 5119/5221/5082 4066/3936/3606
f 3366/3935/3605 5120/5220/5081 4067/3934/3604
f 3776/4748/4453 5123/5224/5085 5120/5220/5081
f 3775/4747/4452 5126/5225/5086 5123/5224/5085
f 3774/4746/4451 4068/3987/3663 5126/5225/5086
f 5126/5225/5086 4069/3851/3664 5125/5222/5083
f 5124/5223/5084 4069/3851/3664 4070/3861/3662
f 3740/4657/4348 4070/3861/3662 3425/3986/3660
f 3739/4656/4347 5124/5223/5084 3740/4657/4348
f 3738/4655/4346 5121/5219/5080 3739/4656/4347
f 4137/3691/3365 4138/3694/3368 4141/3692/3366
f 4138/3694/3368 4139/3703/3377 4142/3695/3369
f 4140/3693/3367 4141/3692/3366 4144/3696/3370
f 4141/3692/3366 4142/3695/3369 4145/3698/3372
f 3414/3699/3373 4097/3701/3375 4137/3691/3365
f 4097/3701/3375 4096/3702/3376 4138/3694/3368
f 4096/3702/3376 4095/3704/3378 4139/3703/3377
f 4095/3704/3378 3426/3756/3428 3779/3705/3379
f 4139/3703/3377 3779/3705/3379 3778/3706/3380
f 4142/3695/3369 3778/3706/3380 3777/3707/3381
f 4145/3698/3372 3777/3707/3381 3405/3708/3382
f 4144/3696/3370 4145/3698/3372 3632/3709/3383
f 4143/3697/3371 4144/3696/3370 3631/3710/3384
f 3662/3712/3386 4143/3697/3371 3630/3711/3385
f 3661/3714/3388 4140/3693/3367 4143/3697/3371
f 3660/3700/3374 4137/3691/3365 4140/3693/3367
f 4147/3715/3389 4150/3719/3393 4149/3716/3390
f 4147/3715/3389 4148/3727/3401 4151/3718/3392
f 4150/3719/3393 4153/3722/3396 4152/3720/3394
f 4150/3719/3393 4151/3718/3392 4154/3721/3395
f 4083/3723/3397 4146/3717/3391 3696/3724/3398
f 4084/3726/3400 4147/3715/3389 4146/3717/3391
f 4084/3726/3400 4085/3728/3402 4148/3727/3401
f 4085/3728/3402 3378/3950/3620 3752/3729/3403
f 4148/3727/3401 3752/3729/3403 3751/3730/3404
f 4151/3718/3392 3751/3730/3404 3750/3731/3405
f 4154/3721/3395 3750/3731/3405 3413/3732/3406
f 4153/3722/3396 4154/3721/3395 4086/3733/3407
f 4153/3722/3396 4087/3734/3408 4088/3735/3409
f 4152/3720/3394 4088/3735/3409 3417/3736/3410
f 4149/3716/3390 4152/3720/3394 3698/3737/3411
f 4146/3717/3391 4149/3716/3390 3697/3738/3412
f 4155/3739/3413 4156/3742/3416 4159/3740/3414
f 4156/3742/3416 4157/3751/3423 4160/3743/3417
f 4158/3741/3415 4159/3740/3414 4162/3744/3414
f 4159/3740/3414 4160/3743/3417 4163/3746/3419
f 3377/3747/3420 4092/3749/3422 4155/3739/3413
f 4092/3749/3422 4093/3750/3416 4156/3742/3416
f 4093/3750/3416 4094/3752/3424 4157/3751/3423
f 4094/3752/3424 3374/3904/3577 3725/3753/3425
f 4157/3751/3423 3725/3753/3425 3724/3754/3426
f 4160/3743/3417 3724/3754/3426 3723/3755/3427
f 4163/3746/3419 3723/3755/3427 3426/3756/3428
f 4162/3744/3414 4163/3746/3419 4095/3704/3378
f 4161/3745/3418 4162/3744/3414 4096/3702/3376
f 3743/3757/3429 4161/3745/3418 4097/3701/3375
f 3742/3758/3430 4158/3741/3415 4161/3745/3418
f 3741/3748/3421 4155/3739/3413 4158/3741/3415
f 4165/3759/3431 4168/3763/3435 4167/3760/3432
f 4166/3762/3434 4169/3765/3437 4168/3763/3435
f 4168/3763/3435 4171/3766/3438 4170/3764/3436
f 4169/3765/3437 4172/3775/3446 4171/3766/3438
f 4074/3767/3439 4164/3761/3433 3765/3768/3440
f 4075/3770/3431 4165/3759/3431 4164/3761/3433
f 4076/3771/3442 4166/3762/3434 4165/3759/3431
f 3370/3772/3443 3683/3773/3444 4166/3762/3434
f 3683/3773/3444 3682/3774/3445 4169/3765/3437
f 3682/3774/3445 3681/3776/3447 4172/3775/3446
f 3681/3776/3447 3418/3816/3487 4077/3777/3448
f 4172/3775/3446 4077/3777/3448 4078/3778/3449
f 4171/3766/3438 4078/3778/3449 4079/3779/3450
f 4170/3764/3436 4079/3779/3450 3422/3780/3451
f 4167/3760/3432 4170/3764/3436 3767/3781/3452
f 4164/3761/3433 4167/3760/3432 3766/3782/3453
f 4174/3783/3454 4177/3787/3458 4176/3784/3455
f 4174/3783/3454 4175/3795/3466 4178/3786/3457
f 4177/3787/3458 4180/3790/3461 4179/3788/3459
f 4177/3787/3458 4178/3786/3457 4181/3789/3460
f 4101/3791/3462 4173/3785/3456 3807/3792/3463
f 4102/3794/3465 4174/3783/3454 4173/3785/3456
f 4102/3794/3465 4103/3796/3467 4175/3795/3466
f 4103/3796/3467 3429/3866/3539 3872/3797/3468
f 4175/3795/3466 3872/3797/3468 3871/3798/3469
f 4178/3786/3457 3871/3798/3469 3870/3799/3470
f 4181/3789/3460 3870/3799/3470 3389/3800/3471
f 4180/3790/3461 4181/3789/3460 4073/3801/3472
f 4180/3790/3461 4072/3802/3473 4071/3803/3474
f 4179/3788/3459 4071/3803/3474 3382/3804/3475
f 4176/3784/3455 4179/3788/3459 3809/3805/3476
f 4173/3785/3456 4176/3784/3455 3808/3806/3477
f 4183/3807/3478 4186/3811/3482 4185/3808/3479
f 4184/3810/3481 4187/3813/3484 4186/3811/3482
f 4186/3811/3482 4189/3814/3485 4188/3812/3483
f 4187/3813/3484 4190/3819/3490 4189/3814/3485
f 4079/3779/3450 4182/3809/3480 3702/3815/3486
f 4078/3778/3449 4183/3807/3478 4182/3809/3480
f 4077/3777/3448 4184/3810/3481 4183/3807/3478
f 3418/3816/3487 3755/3817/3488 4184/3810/3481
f 3755/3817/3488 3754/3818/3489 4187/3813/3484
f 3754/3818/3489 3753/3820/3491 4190/3819/3490
f 3753/3820/3491 3401/4698/4392 3602/3821/3492
f 4190/3819/3490 3602/3821/3492 3601/3822/3493
f 4189/3814/3485 3601/3822/3493 3600/3823/3494
f 4188/3812/3483 3600/3823/3494 3397/3824/3495
f 4185/3808/3479 4188/3812/3483 3704/3825/3496
f 4182/3809/3480 4185/3808/3479 3703/3826/3497
f 4192/3827/3498 4195/3831/3502 4194/3828/3499
f 4193/3830/3501 4196/3842/3513 4195/3831/3502
f 4194/3828/3499 4195/3831/3502 4198/3832/3503
f 4195/3831/3502 4196/3842/3513 4199/3834/3505
f 3626/3835/3506 4191/3829/3500 4113/3836/3507
f 3625/3838/3509 4192/3827/3498 4191/3829/3500
f 3624/3839/3510 4193/3830/3501 4192/3827/3498
f 3624/3839/3510 3402/4440/3554 4116/3840/3511
f 4193/3830/3501 4116/3840/3511 4117/3841/3512
f 4117/3841/3512 4118/3843/3514 4199/3834/3505
f 4118/3843/3514 3410/4496/3553 3656/3844/3515
f 4198/3832/3503 4199/3834/3505 3656/3844/3515
f 4197/3833/3504 4198/3832/3503 3655/3845/3516
f 4115/3847/3518 4197/3833/3504 3654/3846/3517
f 4114/3849/3520 4194/3828/3499 4197/3833/3504
f 4191/3829/3500 4194/3828/3499 4114/3849/3520
f 4200/3850/3521 4201/3853/3524 4204/3851/3522
f 4201/3853/3524 4202/3859/3530 4205/3854/3525
f 4204/3851/3522 4207/3856/3527 4206/3855/3526
f 4205/3854/3525 4208/3863/3534 4207/3856/3527
f 3438/3793/3464 4001/3857/3528 4200/3850/3521
f 4001/3857/3528 4000/3858/3529 4201/3853/3524
f 4000/3858/3529 3999/3860/3531 4202/3859/3530
f 3999/3860/3531 3474/4111/3808 4119/3861/3532
f 4202/3859/3530 4119/3861/3532 4120/3862/3533
f 4120/3862/3533 4121/3864/3535 4208/3863/3534
f 4121/3864/3535 3470/3866/3817 4043/3865/3536
f 4208/3863/3534 4043/3865/3536 4042/3865/3537
f 4207/3856/3527 4042/3865/3537 4041/3865/3538
f 4206/3855/3526 4041/3865/3538 3429/3866/3539
f 4203/3852/3523 4206/3855/3526 4103/3796/3467
f 4101/3791/3462 4200/3850/3521 4203/3852/3523
f 4210/3734/3540 4213/3734/3544 4212/3867/3541
f 4210/3734/3540 4211/3872/3549 4214/3869/3543
f 4213/3734/3544 4216/3734/3547 4215/3867/3545
f 4213/3734/3544 4214/3869/3543 4217/3870/3546
f 4088/3735/3409 4209/3868/3542 3762/3871/3548
f 4087/3734/3408 4210/3734/3540 4209/3868/3542
f 4087/3734/3408 4086/3733/3407 4211/3872/3549
f 4086/3733/3407 3413/3732/3406 3677/3873/3550
f 4211/3872/3549 3677/3873/3550 3676/3873/3551
f 4214/3869/3543 3676/3873/3551 3675/3873/3552
f 4217/3870/3546 3675/3873/3552 3410/3873/3553
f 4216/3734/3547 4217/3870/3546 4118/3869/3514
f 4216/3734/3547 4117/3734/3512 4116/3874/3511
f 4215/3867/3545 4116/3874/3511 3402/3875/3554
f 4212/3867/3541 4215/3867/3545 3764/3871/3555
f 4209/3868/3542 4212/3867/3541 3763/3871/3556
f 4219/3876/3431 4222/3880/3431 4221/3877/3557
f 4220/3879/3559 4223/3882/3561 4222/3880/3431
f 4222/3880/3431 4225/3883/3431 4224/3881/3560
f 4223/3882/3561 4226/3892/3567 4225/3883/3431
f 4080/3884/3562 4218/3878/3558 3594/3885/3563
f 4081/3887/3431 4219/3876/3431 4218/3878/3558
f 4082/3888/3559 4220/3879/3559 4219/3876/3431
f 3393/3889/3565 3536/3890/3565 4220/3879/3559
f 3536/3890/3565 3535/3891/3566 4223/3882/3561
f 3535/3891/3566 3534/3893/3568 4226/3892/3567
f 3534/3893/3568 3370/3772/3443 4076/3771/3442
f 4226/3892/3567 4076/3771/3442 4075/3770/3431
f 4225/3883/3431 4075/3770/3431 4074/3767/3439
f 4224/3881/3560 4074/3767/3439 3365/3769/3441
f 4221/3877/3557 4224/3881/3560 3596/3894/3569
f 4218/3878/3558 4221/3877/3557 3595/3895/3570
f 4227/3896/3571 4228/3899/3572 4231/3897/3572
f 4228/3899/3572 4229/3906/3579 4232/3900/3574
f 4230/3898/3573 4231/3897/3572 4234/3901/3572
f 4231/3897/3572 4232/3900/3574 4235/3903/3576
f 3374/3904/3577 4094/3752/3424 4227/3896/3571
f 4094/3752/3424 4093/3750/3416 4228/3899/3572
f 4093/3750/3416 4092/3749/3422 4229/3906/3579
f 4092/3749/3422 3377/3747/3420 3566/3907/3580
f 4229/3906/3579 3566/3907/3580 3565/3908/3581
f 4232/3900/3574 3565/3908/3581 3564/3909/3582
f 4235/3903/3576 3564/3909/3582 3386/3910/3582
f 4234/3901/3572 4235/3903/3576 4098/3911/3576
f 4233/3902/3575 4234/3901/3572 4099/3912/3572
f 3506/3914/3584 4233/3902/3575 4100/3913/3583
f 3505/3916/3586 4230/3898/3573 4233/3902/3575
f 3504/3905/3578 4227/3896/3571 4230/3898/3573
f 4237/3917/3587 4240/3921/3591 4239/3918/3588
f 4238/3920/3590 4241/3930/3600 4240/3921/3591
f 4239/3918/3588 4240/3921/3591 4243/3922/3592
f 4240/3921/3591 4241/3930/3600 4244/3924/3594
f 3482/3925/3595 4236/3919/3589 4065/3926/3596
f 3481/3928/3598 4237/3917/3587 4236/3919/3589
f 3480/3929/3599 4238/3920/3590 4237/3917/3587
f 3382/3804/3475 4071/3803/3474 4238/3920/3590
f 4071/3803/3474 4072/3802/3473 4241/3930/3600
f 4241/3930/3600 4072/3802/3473 4073/3801/3472
f 4244/3924/3594 4073/3801/3472 3389/3800/3471
f 4243/3922/3592 4244/3924/3594 3572/3931/3601
f 4242/3923/3593 4243/3922/3592 3571/3932/3602
f 4067/3934/3604 4242/3923/3593 3570/3933/3603
f 4066/3936/3606 4239/3918/3588 4242/3923/3593
f 4236/3919/3589 4239/3918/3588 4066/3936/3606
f 4246/3937/3607 4249/3941/3611 4248/3938/3608
f 4247/3940/3610 4250/3951/3621 4249/3941/3611
f 4248/3938/3608 4249/3941/3611 4252/3942/3612
f 4249/3941/3611 4250/3951/3621 4253/3944/3614
f 3385/3945/3615 3542/3948/3618 4245/3939/3609
f 3541/3947/3617 4246/3937/3607 4245/3939/3609
f 3540/3949/3619 4247/3940/3610 4246/3937/3607
f 3378/3950/3620 4085/3728/3402 4247/3940/3610
f 4085/3728/3402 4084/3726/3400 4250/3951/3621
f 4250/3951/3621 4084/3726/3400 4083/3723/3397
f 4253/3944/3614 4083/3723/3397 3369/3725/3399
f 4252/3942/3612 4253/3944/3614 3512/3952/3622
f 4251/3943/3613 4252/3942/3612 3511/3953/3623
f 4251/3943/3613 3510/3954/3624 3394/3955/3625
f 4248/3938/3608 4251/3943/3613 4089/3956/3626
f 4091/3946/3616 4245/3939/3609 4248/3938/3608
f 4254/3958/3628 4255/3961/3631 4258/3959/3629
f 4255/3961/3631 4256/3970/3640 4259/3962/3632
f 4257/3960/3630 4258/3959/3629 4261/3963/3633
f 4258/3959/3629 4259/3962/3632 4262/3965/3635
f 3461/3966/3636 3953/3968/3638 4254/3958/3628
f 3953/3968/3638 3952/3969/3639 4255/3961/3631
f 3952/3969/3639 3951/3971/3641 4256/3970/3640
f 3951/3971/3641 3457/5025/4767 3932/3972/3642
f 4256/3970/3640 3932/3972/3642 3931/3973/3643
f 4259/3962/3632 3931/3973/3643 3930/3974/3644
f 4262/3965/3635 3930/3974/3644 3453/3975/3645
f 4261/3963/3633 4262/3965/3635 4064/3976/3646
f 4260/3964/3634 4261/3963/3633 4063/3977/3647
f 4130/3979/3649 4260/3964/3634 4062/3978/3648
f 4129/3981/3651 4257/3960/3630 4260/3964/3634
f 4128/3967/3637 4254/3958/3628 4257/3960/3630
f 4263/3859/3652 4264/3854/3656 4267/3851/3653
f 4265/3863/3655 4268/3988/3667 4267/3851/3653
f 4267/3851/3653 4270/3985/3659 4269/3983/3657
f 4267/3851/3653 4268/3988/3667 4271/3984/3658
f 3425/3986/3660 4070/3861/3662 4263/3859/3652
f 4070/3861/3662 4069/3851/3664 4264/3854/3656
f 4068/3987/3663 4265/3863/3655 4264/3854/3656
f 3421/3866/3665 3719/3865/3666 4265/3863/3655
f 3719/3865/3666 3718/3865/4301 4268/3988/3667
f 4268/3988/3667 3718/3865/4301 3717/3865/3668
f 4271/3984/3658 3717/3865/3668 3398/3989/3508
f 4270/3985/3659 4271/3984/3658 4113/3796/3507
f 4270/3985/3659 4114/3794/3520 4115/3791/3518
f 4269/3983/3657 4115/3791/3518 3406/3793/3519
f 4266/3982/3654 4269/3983/3657 3788/3857/3669
f 3786/3860/3661 4263/3859/3652 4266/3982/3654
f 4273/3991/3671 4276/3995/3431 4275/3992/3431
f 4274/3994/3673 4277/3997/3431 4276/3995/3431
f 4276/3995/3431 4279/3998/3674 4278/3996/3559
f 4277/3997/3431 4280/4005/3680 4279/3998/3674
f 3857/3999/3675 4272/3993/3672 4080/3884/3562
f 3856/4000/3676 4273/3991/3671 4272/3993/3672
f 3855/4001/3677 4274/3994/3673 4273/3991/3671
f 3430/4002/3678 4110/4003/3679 4274/3994/3673
f 4110/4003/3679 4111/4004/3431 4277/3997/3431
f 4111/4004/3431 4112/4006/3681 4280/4005/3680
f 4112/4006/3681 3433/4131/3832 3812/4007/3682
f 4280/4005/3680 3812/4007/3682 3811/4008/3683
f 4279/3998/3674 3811/4008/3683 3810/4009/3565
f 4278/3996/3559 3810/4009/3565 3393/3889/3565
f 4275/3992/3431 4278/3996/3559 4082/3888/3559
f 4272/3993/3672 4275/3992/3431 4081/3887/3431
f 4281/4010/3684 4282/4013/3685 4285/4011/3572
f 4282/4013/3685 4283/4022/3692 4286/4014/3572
f 4284/4012/3572 4285/4011/3572 4288/4015/3686
f 4285/4011/3572 4286/4014/3572 4289/4017/3576
f 3437/4018/3688 3791/4020/3690 4281/4010/3684
f 3791/4020/3690 3790/4021/3691 4282/4013/3685
f 3790/4021/3691 3789/4023/3693 4283/4022/3692
f 3789/4023/3693 3381/3915/3585 4100/3913/3583
f 4283/4022/3692 4100/3913/3583 4099/3912/3572
f 4286/4014/3572 4099/3912/3572 4098/3911/3576
f 4289/4017/3576 4098/3911/3576 3386/3910/3582
f 4288/4015/3686 4289/4017/3576 3836/4024/3582
f 4287/4016/3687 4288/4015/3686 3835/4025/3694
f 4104/4027/3696 4287/4016/3687 3834/4026/3695
f 4105/4029/3416 4284/4012/3572 4287/4016/3687
f 4106/4019/3689 4281/4010/3684 4284/4012/3572
f 4291/4030/3698 4294/4034/3702 4293/4031/3699
f 4291/4030/3698 4292/4039/3707 4295/4033/3701
f 4294/4034/3702 4297/4037/3705 4296/4035/3703
f 4294/4034/3702 4295/4033/3701 4298/4036/3704
f 3385/3945/3615 4091/3946/3616 4290/4032/3700
f 4091/3946/3616 4090/3957/3627 4291/4030/3698
f 4089/3956/3626 4292/4039/3707 4291/4030/3698
f 3394/3955/3625 3830/4858/4572 4292/4039/3707
f 4292/4039/3707 3830/4858/4572 3829/4040/3708
f 4295/4033/3701 3829/4040/3708 3828/4041/3709
f 4298/4036/3704 3828/4041/3709 3434/3736/3710
f 4297/4037/3705 4298/4036/3704 4107/3874/3711
f 4297/4037/3705 4108/4042/3712 4109/3869/3713
f 4296/4035/3703 4109/3869/3713 3441/3732/3714
f 4293/4031/3699 4296/4035/3703 3851/4043/3715
f 4290/4032/3700 4293/4031/3699 3850/4044/3716
f 4300/3808/3717 4303/4047/3721 4302/4045/3718
f 4301/3812/3720 4304/4048/3723 4303/4047/3721
f 4303/4047/3721 4306/3813/3724 4305/3810/3722
f 4304/4048/3723 4307/4055/3733 4306/3813/3724
f 3995/4049/3725 4299/4046/3719 4122/4050/3726
f 3994/3826/3728 4300/3808/3717 4299/4046/3719
f 3993/4052/3729 4301/3812/3720 4300/3808/3717
f 3445/4053/3730 3902/3823/3731 4301/3812/3720
f 3902/3823/3731 3901/4054/3732 4304/4048/3723
f 3901/4054/3732 3900/3821/3734 4307/4055/3733
f 3900/3821/3734 3449/5173/5011 4040/4056/3735
f 4307/4055/3733 4040/4056/3735 4039/3818/3736
f 4306/3813/3724 4039/3818/3736 4038/4057/3737
f 4305/3810/3722 4038/4057/3737 3465/4058/3738
f 4302/4045/3718 4305/3810/3722 4124/4059/3739
f 4299/4046/3719 4302/4045/3718 4123/4060/3740
f 4309/4061/3741 4312/4063/3745 4311/3827/3742
f 4309/4061/3741 4310/3833/3753 4313/4062/3744
f 4312/4063/3745 4315/4066/3748 4314/4064/3746
f 4312/4063/3745 4313/4062/3744 4316/4065/3747
f 4133/3836/3749 4308/3829/3743 3876/4067/3750
f 4132/3849/3752 4309/4061/3741 4308/3829/3743
f 4132/3849/3752 4131/3847/3754 4310/3833/3753
f 4131/3847/3754 3454/3848/3812 3908/4069/3755
f 4310/3833/3753 3908/4069/3755 3907/4070/3756
f 4313/4062/3744 3907/4070/3756 3906/4071/3757
f 3906/4071/3757 3458/4496/3778 4134/3843/3758
f 4316/4065/3747 4134/3843/3758 4135/3841/3759
f 4314/4064/3746 4315/4066/3748 4135/3841/3759
f 3878/3839/3761 4314/4064/3746 4136/3840/3760
f 4311/3827/3742 4314/4064/3746 3878/3839/3761
f 4308/3829/3743 4311/3827/3742 3877/4073/3763
f 4318/4074/3764 4321/4078/3768 4320/4075/3765
f 4319/4077/3767 4322/4083/3777 4321/4078/3768
f 4320/4075/3765 4321/4078/3768 4324/4079/3769
f 4321/4078/3768 4322/4083/3777 4325/4081/3771
f 4031/3871/3772 4317/4076/3766 4125/4082/3773
f 4030/3871/3775 4318/4074/3764 4317/4076/3766
f 4029/3871/3776 4319/4077/3767 4318/4074/3764
f 3450/3875/3762 4136/3874/3760 4319/4077/3767
f 4136/3874/3760 4135/3734/3759 4322/4083/3777
f 4322/4083/3777 4135/3734/3759 4134/3869/3758
f 4325/4081/3771 4134/3869/3758 3458/3732/3778
f 4324/4079/3769 4325/4081/3771 3938/4084/3779
f 4323/4080/3770 4324/4079/3769 3937/4085/3780
f 4127/4087/3782 4323/4080/3770 3936/4086/3781
f 4126/4089/3784 4320/4075/3765 4323/4080/3770
f 4317/4076/3766 4320/4075/3765 4126/4089/3784
f 4327/4090/3785 4330/4094/3789 4329/4091/3786
f 4328/4093/3788 4331/4101/3796 4330/4094/3789
f 4329/4091/3786 4330/4094/3789 4333/4095/3790
f 4330/4094/3789 4331/4101/3796 4334/4097/3792
f 3959/4098/3793 4326/4092/3787 4107/3874/3711
f 3958/4099/3794 4327/4090/3785 4326/4092/3787
f 3957/4100/3795 4328/4093/3788 4327/4090/3785
f 3466/3736/3774 4125/4082/3773 4328/4093/3788
f 4125/4082/3773 4126/4089/3784 4331/4101/3796
f 4331/4101/3796 4126/4089/3784 4127/4087/3782
f 4334/4097/3792 4127/4087/3782 3462/4088/3783
f 4333/4095/3790 4334/4097/3792 4019/4086/3797
f 4332/4096/3791 4333/4095/3790 4018/4085/3798
f 4109/3869/3713 4332/4096/3791 4017/4102/3799
f 4108/4042/3712 4329/4091/3786 4332/4096/3791
f 4326/4092/3787 4329/4091/3786 4108/4042/3712
f 4335/4103/3800 4336/4107/3804 4339/4104/3801
f 4337/4106/3803 4340/4112/3813 4339/4104/3801
f 4339/4104/3801 4342/4110/3807 4341/4108/3805
f 4339/4104/3801 4340/4112/3813 4343/4109/3806
f 3474/4111/3808 4055/3860/3809 4335/4103/3800
f 4055/3860/3809 4054/3990/3811 4336/4107/3804
f 4053/3857/3810 4337/4106/3803 4336/4107/3804
f 3454/3793/3812 4131/3791/3754 4337/4106/3803
f 4131/3791/3754 4132/3794/3752 4340/4112/3813
f 4340/4112/3813 4132/3794/3752 4133/3796/3749
f 4343/4109/3806 4133/3796/3749 3446/3866/3751
f 4342/4110/3807 4343/4109/3806 3980/4113/3814
f 4342/4110/3807 3979/4114/3815 3978/4115/3816
f 4341/4108/3805 3978/4115/3816 3470/3866/3817
f 4338/4105/3802 4341/4108/3805 4121/3864/3535
f 4119/3861/3532 4335/4103/3800 4338/4105/3802
f 4345/4116/3818 4348/4120/3821 4347/4117/3431
f 4346/4119/3820 4349/4122/3823 4348/4120/3821
f 4348/4120/3821 4351/4123/3824 4350/4121/3822
f 4349/4122/3823 4352/4127/3828 4351/4123/3824
f 4052/4124/3825 4344/4118/3819 4110/4003/3679
f 4051/4125/3826 4345/4116/3818 4344/4118/3819
f 4050/4126/3827 4346/4119/3820 4345/4116/3818
f 3469/4051/3727 4122/4050/3726 4346/4119/3820
f 4122/4050/3726 4123/4060/3740 4349/4122/3823
f 4123/4060/3740 4124/4059/3739 4352/4127/3828
f 4124/4059/3739 3465/4058/3738 3974/4128/3829
f 4352/4127/3828 3974/4128/3829 3973/4129/3830
f 4351/4123/3824 3973/4129/3830 3972/4130/3831
f 4350/4121/3822 3972/4130/3831 3433/4131/3832
f 4347/4117/3431 4350/4121/3822 4112/4006/3681
f 4344/4118/3819 4347/4117/3431 4111/4004/3431
f 4353/4132/3833 4354/4135/3835 4357/4133/3834
f 4354/4135/3835 4355/4142/3841 4358/4136/3834
f 4356/4134/3416 4357/4133/3834 4360/4137/3836
f 4357/4133/3834 4358/4136/3834 4361/4139/3838
f 3442/4028/3697 4028/4140/3839 4353/4132/3833
f 4028/4140/3839 4027/4141/3840 4354/4135/3835
f 4027/4141/3840 4026/4143/3842 4355/4142/3841
f 4026/4143/3842 3461/3966/3636 4128/3967/3637
f 4355/4142/3841 4128/3967/3637 4129/3981/3651
f 4358/4136/3834 4129/3981/3651 4130/3979/3649
f 4361/4139/3838 4130/3979/3649 3473/3980/3650
f 4360/4137/3836 4361/4139/3838 4016/4144/3843
f 4359/4138/3837 4360/4137/3836 4015/4145/3844
f 4106/4019/3689 4359/4138/3837 4014/4146/3845
f 4105/4029/3416 4356/4134/3416 4359/4138/3837
f 4104/4027/3696 4353/4132/3833 4356/4134/3416
f 4363/4147/3846 4366/4151/3850 4365/4148/3847
f 4364/4150/3849 4367/4153/3852 4366/4151/3850
f 4366/4151/3850 4369/4154/3853 4368/4152/3851
f 4367/4153/3852 4370/4158/3857 4369/4154/3853
f 3480/3929/3599 4362/4149/3848 3479/4155/3854
f 3481/3928/3598 4363/4147/3846 4362/4149/3848
f 3482/3925/3595 4364/4150/3849 4363/4147/3846
f 3373/3927/3597 3483/4156/3855 4364/4150/3849
f 3483/4156/3855 3484/4157/3856 4367/4153/3852
f 3484/4157/3856 3485/4159/3858 4370/4158/3857
f 3485/4159/3858 3375/4175/3874 3486/4160/3859
f 4370/4158/3857 3486/4160/3859 3487/4161/3860
f 4369/4154/3853 3487/4161/3860 3488/4162/3861
f 4368/4152/3851 3488/4162/3861 3384/4163/3862
f 4365/4148/3847 4368/4152/3851 3477/4164/3863
f 4362/4149/3848 4365/4148/3847 3478/4165/3864
f 4372/4166/3865 4375/4170/3869 4374/4167/3866
f 4373/4169/3868 4376/4172/3871 4375/4170/3869
f 4375/4170/3869 4378/4173/3872 4377/4171/3870
f 4376/4172/3871 4379/4178/3877 4378/4173/3872
f 3488/4162/3861 4371/4168/3867 3491/4174/3873
f 3487/4161/3860 4372/4166/3865 4371/4168/3867
f 3486/4160/3859 4373/4169/3868 4372/4166/3865
f 3375/4175/3874 3492/4176/3875 4373/4169/3868
f 3492/4176/3875 3493/4177/3876 4376/4172/3871
f 3493/4177/3876 3494/4179/3878 4379/4178/3877
f 3494/4179/3878 3376/4637/3894 3495/4180/3879
f 4379/4178/3877 3495/4180/3879 3496/4181/3880
f 4378/4173/3872 3496/4181/3880 3497/4182/3881
f 4377/4171/3870 3497/4182/3881 3383/4183/3882
f 4374/4167/3866 4377/4171/3870 3489/4184/3883
f 4371/4168/3867 4374/4167/3866 3490/4185/3884
f 4381/4186/3885 4384/4190/3889 4383/4187/3886
f 4382/4189/3888 4385/4192/3891 4384/4190/3889
f 4384/4190/3889 4387/4193/3892 4386/4191/3890
f 4385/4192/3891 4388/4202/3897 4387/4193/3892
f 3497/4194/3881 4380/4188/3887 3500/4195/3893
f 3496/4197/3880 4381/4186/3885 4380/4188/3887
f 3495/4198/3879 4382/4189/3888 4381/4186/3885
f 3376/4199/3894 3501/4200/3895 4382/4189/3888
f 3501/4200/3895 3502/4201/3896 4385/4192/3891
f 3502/4201/3896 3503/4203/3898 4388/4202/3897
f 3503/4203/3898 3374/3904/3577 3504/3905/3578
f 4388/4202/3897 3504/3905/3578 3505/3916/3586
f 4387/4193/3892 3505/3916/3586 3506/3914/3584
f 4386/4191/3890 3506/3914/3584 3381/3915/3585
f 4383/4187/3886 4386/4191/3890 3498/4204/3899
f 4380/4188/3887 4383/4187/3886 3499/4205/3900
f 4389/4206/3901 4390/4209/3904 4393/4207/3902
f 4390/4209/3904 4391/4215/3910 4394/4210/3905
f 4392/4208/3903 4393/4207/3902 4396/4211/3906
f 4393/4207/3902 4394/4210/3905 4397/4213/3908
f 3510/3954/3624 4389/4206/3901 3509/4214/3909
f 3510/3954/3624 3511/3953/3623 4390/4209/3904
f 3511/3953/3623 3512/3952/3622 4391/4215/3910
f 3512/3952/3622 3369/3725/3399 3513/4216/3911
f 4391/4215/3910 3513/4216/3911 3514/4217/3912
f 4394/4210/3905 3514/4217/3912 3515/4218/3913
f 4397/4213/3908 3515/4218/3913 3371/4219/3914
f 4396/4211/3906 4397/4213/3908 3516/4220/3915
f 4395/4212/3907 4396/4211/3906 3517/4221/3916
f 4395/4212/3907 3518/4222/3917 3396/4223/3918
f 4392/4208/3903 4395/4212/3907 3507/4224/3919
f 4389/4206/3901 4392/4208/3903 3508/4225/3920
f 4398/4226/3921 4399/4229/3924 4402/4227/3922
f 4399/4229/3924 4400/4235/3930 4403/4230/3925
f 4401/4228/3923 4402/4227/3922 4405/4231/3926
f 4402/4227/3922 4403/4230/3925 4406/4233/3928
f 3518/4222/3917 4398/4226/3921 3521/4234/3929
f 3518/4222/3917 3517/4221/3916 4399/4229/3924
f 3517/4221/3916 3516/4220/3915 4400/4235/3930
f 3516/4220/3915 3371/4219/3914 3522/4236/3931
f 4400/4235/3930 3522/4236/3931 3523/4237/3932
f 4403/4230/3925 3523/4237/3932 3524/4238/3933
f 4406/4233/3928 3524/4238/3933 3372/4239/3934
f 4405/4231/3926 4406/4233/3928 3525/4240/3935
f 4404/4232/3927 4405/4231/3926 3526/4241/3936
f 4404/4232/3927 3527/4242/3937 3395/4243/3938
f 4401/4228/3923 4404/4232/3927 3519/4244/3939
f 4398/4226/3921 4401/4228/3923 3520/4245/3940
f 4407/4246/3941 4408/4249/3944 4411/4247/3942
f 4408/4249/3944 4409/4258/3950 4412/4250/3945
f 4410/4248/3943 4411/4247/3942 4414/4251/3946
f 4411/4247/3942 4412/4250/3945 4415/4253/3948
f 3527/4254/3937 4407/4246/3941 3530/4255/3949
f 3527/4254/3937 3526/4257/3936 4408/4249/3944
f 3526/4257/3936 3525/4259/3935 4409/4258/3950
f 3525/4259/3935 3372/4543/3934 3531/4260/3951
f 4409/4258/3950 3531/4260/3951 3532/4261/3952
f 4412/4250/3945 3532/4261/3952 3533/4262/3953
f 4415/4253/3948 3533/4262/3953 3370/3772/3443
f 4414/4251/3946 4415/4253/3948 3534/3893/3568
f 4413/4252/3947 4414/4251/3946 3535/3891/3566
f 4413/4252/3947 3536/3890/3565 3393/3889/3565
f 4410/4248/3943 4413/4252/3947 3528/4263/3947
f 4407/4246/3941 4410/4248/3943 3529/4264/3943
f 4417/4265/3954 4420/4269/3958 4419/4266/3955
f 4418/4268/3957 4421/4271/3960 4420/4269/3958
f 4420/4269/3958 4423/4272/3961 4422/4270/3959
f 4421/4271/3960 4424/4277/3966 4423/4272/3961
f 3540/3949/3619 4416/4267/3956 3539/4273/3962
f 3541/3947/3617 4417/4265/3954 4416/4267/3956
f 3542/3948/3618 4418/4268/3957 4417/4265/3954
f 3542/3948/3618 3385/3945/3615 3543/4274/3963
f 4418/4268/3957 3543/4274/3963 3544/4275/3964
f 4421/4271/3960 3544/4275/3964 3545/4276/3965
f 4424/4277/3966 3545/4276/3965 3387/4278/3967
f 4424/4277/3966 3546/4279/3968 3547/4280/3969
f 4423/4272/3961 3547/4280/3969 3548/4281/3970
f 4422/4270/3959 3548/4281/3970 3380/4282/3971
f 4419/4266/3955 4422/4270/3959 3537/4283/3972
f 4416/4267/3956 4419/4266/3955 3538/4284/3973
f 4426/4285/3974 4429/4289/3978 4428/4286/3975
f 4427/4288/3977 4430/4291/3980 4429/4289/3978
f 4429/4289/3978 4432/4292/3981 4431/4290/3979
f 4430/4291/3980 4433/4297/3986 4432/4292/3981
f 3548/4281/3970 4425/4287/3976 3551/4293/3982
f 3547/4280/3969 4426/4285/3974 4425/4287/3976
f 3546/4279/3968 4427/4288/3977 4426/4285/3974
f 3546/4279/3968 3387/4278/3967 3552/4294/3983
f 4427/4288/3977 3552/4294/3983 3553/4295/3984
f 4430/4291/3980 3553/4295/3984 3554/4296/3985
f 4433/4297/3986 3554/4296/3985 3388/4298/3987
f 4433/4297/3986 3555/4299/3988 3556/4300/3989
f 4432/4292/3981 3556/4300/3989 3557/4301/3990
f 4431/4290/3979 3557/4301/3990 3379/4302/3991
f 4428/4286/3975 4431/4290/3979 3549/4303/3992
f 4425/4287/3976 4428/4286/3975 3550/4304/3993
f 4435/4305/3994 4438/4309/3998 4437/4306/3995
f 4436/4308/3997 4439/4311/4000 4438/4309/3998
f 4438/4309/3998 4441/4312/4001 4440/4310/3999
f 4439/4311/4000 4442/4321/4003 4441/4312/4001
f 3557/4313/3990 4434/4307/3996 3560/4314/4002
f 3556/4316/3989 4435/4305/3994 4434/4307/3996
f 3555/4317/3988 4436/4308/3997 4435/4305/3994
f 3555/4317/3988 3388/5226/3987 3561/4318/3997
f 4436/4308/3997 3561/4318/3997 3562/4319/4000
f 4439/4311/4000 3562/4319/4000 3563/4320/4003
f 4442/4321/4003 3563/4320/4003 3386/3910/3582
f 4442/4321/4003 3564/3909/3582 3565/3908/3581
f 4441/4312/4001 3565/3908/3581 3566/3907/3580
f 4440/4310/3999 3566/3907/3580 3377/3747/3420
f 4437/4306/3995 4440/4310/3999 3558/4322/4004
f 4434/4307/3996 4437/4306/3995 3559/4323/4005
f 4443/4324/4006 4444/4327/4009 4447/4325/4007
f 4444/4327/4009 4445/4333/4015 4448/4328/4010
f 4446/4326/4008 4447/4325/4007 4450/4329/4011
f 4447/4325/4007 4448/4328/4010 4451/4331/4013
f 3366/3935/3605 3570/3933/3603 4443/4324/4006
f 3570/3933/3603 3571/3932/3602 4444/4327/4009
f 3571/3932/3602 3572/3931/3601 4445/4333/4015
f 3572/3931/3601 3389/3800/3471 3573/4334/4016
f 4445/4333/4015 3573/4334/4016 3574/4335/4017
f 4448/4328/4010 3574/4335/4017 3575/4336/4018
f 4451/4331/4013 3575/4336/4018 3391/4337/4019
f 4450/4329/4011 4451/4331/4013 3576/4338/4020
f 4449/4330/4012 4450/4329/4011 3577/4339/4021
f 3567/4341/4023 4449/4330/4012 3578/4340/4022
f 3568/4343/4025 4446/4326/4008 4449/4330/4012
f 3569/4332/4014 4443/4324/4006 4446/4326/4008
f 4452/4344/4026 4453/4347/4029 4456/4345/4027
f 4453/4347/4029 4454/4353/4035 4457/4348/4030
f 4455/4346/4028 4456/4345/4027 4459/4349/4031
f 4456/4345/4027 4457/4348/4030 4460/4351/4033
f 3368/4342/4024 3578/4340/4022 4452/4344/4026
f 3578/4340/4022 3577/4339/4021 4453/4347/4029
f 3577/4339/4021 3576/4338/4020 4454/4353/4035
f 3576/4338/4020 3391/4337/4019 3582/4354/4036
f 4454/4353/4035 3582/4354/4036 3583/4355/4037
f 4457/4348/4030 3583/4355/4037 3584/4356/4038
f 4460/4351/4033 3584/4356/4038 3392/4357/4039
f 4459/4349/4031 4460/4351/4033 3585/4358/4040
f 4458/4350/4032 4459/4349/4031 3586/4359/4041
f 3579/4361/4043 4458/4350/4032 3587/4360/4042
f 3580/4363/4045 4455/4346/4028 4458/4350/4032
f 3581/4352/4034 4452/4344/4026 4455/4346/4028
f 4461/4364/4046 4462/4367/4049 4465/4365/4047
f 4462/4367/4049 4463/4376/4055 4466/4368/4050
f 4464/4366/4048 4465/4365/4047 4468/4369/4051
f 4465/4365/4047 4466/4368/4050 4469/4371/4053
f 3367/4372/4044 3587/4374/4042 4461/4364/4046
f 3587/4374/4042 3586/4375/4041 4462/4367/4049
f 3586/4375/4041 3585/4377/4040 4463/4376/4055
f 3585/4377/4040 3392/5227/4039 3591/4378/4056
f 4463/4376/4055 3591/4378/4056 3592/4379/4057
f 4466/4368/4050 3592/4379/4057 3593/4380/4058
f 4469/4371/4053 3593/4380/4058 3390/3886/3564
f 4468/4369/4051 4469/4371/4053 3594/3885/3563
f 4467/4370/4052 4468/4369/4051 3595/3895/3570
f 3588/4381/4059 4467/4370/4052 3596/3894/3569
f 3589/4382/4060 4464/4366/4048 4467/4370/4052
f 3590/4373/4054 4461/4364/4046 4464/4366/4048
f 4471/4383/4061 4474/4387/4065 4473/4384/4062
f 4472/4386/4064 4475/4389/4067 4474/4387/4065
f 4474/4387/4065 4477/4390/4068 4476/4388/4066
f 4475/4389/4067 4478/4395/4073 4477/4390/4068
f 3600/3823/3494 4470/4385/4063 3599/4391/4069
f 3601/3822/3493 4471/4383/4061 4470/4385/4063
f 3602/3821/3492 4472/4386/4064 4471/4383/4061
f 3602/3821/3492 3401/4698/4392 3603/4392/4070
f 4472/4386/4064 3603/4392/4070 3604/4393/4071
f 4475/4389/4067 3604/4393/4071 3605/4394/4072
f 4478/4395/4073 3605/4394/4072 3403/4396/4074
f 4478/4395/4073 3606/4397/4075 3607/4398/4076
f 4477/4390/4068 3607/4398/4076 3608/4399/4077
f 4476/4388/4066 3608/4399/4077 3399/4400/4078
f 4473/4384/4062 4476/4388/4066 3597/4401/4079
f 4470/4385/4063 4473/4384/4062 3598/4402/4080
f 4480/4403/4081 4483/4407/4085 4482/4404/4082
f 4481/4406/4084 4484/4409/4087 4483/4407/4085
f 4483/4407/4085 4486/4410/4088 4485/4408/4086
f 4484/4409/4087 4487/4415/4093 4486/4410/4088
f 3608/4399/4077 4479/4405/4083 3611/4411/4089
f 3607/4398/4076 4480/4403/4081 4479/4405/4083
f 3606/4397/4075 4481/4406/4084 4480/4403/4081
f 3606/4397/4075 3403/4396/4074 3612/4412/4090
f 4481/4406/4084 3612/4412/4090 3613/4413/4091
f 4484/4409/4087 3613/4413/4091 3614/4414/4092
f 4487/4415/4093 3614/4414/4092 3404/4416/4094
f 4487/4415/4093 3615/4417/4095 3616/4418/4096
f 4486/4410/4088 3616/4418/4096 3617/4419/4097
f 4485/4408/4086 3617/4419/4097 3400/4420/4098
f 4482/4404/4082 4485/4408/4086 3609/4421/4099
f 4479/4405/4083 4482/4404/4082 3610/4422/4100
f 4489/4423/4101 4492/4427/4105 4491/4424/4102
f 4490/4426/4104 4493/4429/4107 4492/4427/4105
f 4492/4427/4105 4495/4430/4108 4494/4428/4106
f 4493/4429/4107 4496/4439/4113 4495/4430/4108
f 3617/4431/4097 4488/4425/4103 3620/4432/4109
f 3616/4434/4096 4489/4423/4101 4488/4425/4103
f 3615/4435/4095 4490/4426/4104 4489/4423/4101
f 3615/4435/4095 3404/5228/4094 3621/4436/4110
f 4490/4426/4104 3621/4436/4110 3622/4437/4111
f 4493/4429/4107 3622/4437/4111 3623/4438/4112
f 4496/4439/4113 3623/4438/4112 3402/4440/3554
f 4496/4439/4113 3624/3839/3510 3625/3838/3509
f 4495/4430/4108 3625/3838/3509 3626/3835/3506
f 4494/4428/4106 3626/3835/3506 3398/3837/3508
f 4491/4424/4102 4494/4428/4106 3618/4441/4114
f 4488/4425/4103 4491/4424/4102 3619/4442/4115
f 4497/4443/4116 4498/4446/4119 4501/4444/4117
f 4498/4446/4119 4499/4452/4125 4502/4447/4120
f 4500/4445/4118 4501/4444/4117 4504/4448/4121
f 4501/4444/4117 4502/4447/4120 4505/4450/4123
f 3630/3711/3385 4497/4443/4116 3629/4451/4124
f 3630/3711/3385 3631/3710/3384 4498/4446/4119
f 3631/3710/3384 3632/3709/3383 4499/4452/4125
f 3632/3709/3383 3405/3708/3382 3633/4453/4126
f 4499/4452/4125 3633/4453/4126 3634/4454/4127
f 4502/4447/4120 3634/4454/4127 3635/4455/4128
f 4505/4450/4123 3635/4455/4128 3407/4456/4129
f 4504/4448/4121 4505/4450/4123 3636/4457/4130
f 4503/4449/4122 4504/4448/4121 3637/4458/4131
f 4503/4449/4122 3638/4459/4132 3411/4460/4133
f 4500/4445/4118 4503/4449/4122 3627/4461/4134
f 4497/4443/4116 4500/4445/4118 3628/4462/4135
f 4506/4463/4136 4507/4466/4139 4510/4464/4137
f 4507/4466/4139 4508/4472/4145 4511/4467/4140
f 4509/4465/4138 4510/4464/4137 4513/4468/4141
f 4510/4464/4137 4511/4467/4140 4514/4470/4143
f 3638/4459/4132 4506/4463/4136 3641/4471/4144
f 3638/4459/4132 3637/4458/4131 4507/4466/4139
f 3637/4458/4131 3636/4457/4130 4508/4472/4145
f 3636/4457/4130 3407/4456/4129 3642/4473/4146
f 4508/4472/4145 3642/4473/4146 3643/4474/4147
f 4511/4467/4140 3643/4474/4147 3644/4475/4148
f 4514/4470/4143 3644/4475/4148 3408/4476/4149
f 4513/4468/4141 4514/4470/4143 3645/4477/4150
f 4512/4469/4142 4513/4468/4141 3646/4478/4151
f 4512/4469/4142 3647/4479/4152 3412/4480/4153
f 4509/4465/4138 4512/4469/4142 3639/4481/4154
f 4506/4463/4136 4509/4465/4138 3640/4482/4155
f 4515/4483/4156 4516/4486/4159 4519/4484/4157
f 4516/4486/4159 4517/4492/4165 4520/4487/4160
f 4518/4485/4158 4519/4484/4157 4522/4488/4161
f 4519/4484/4157 4520/4487/4160 4523/4490/4163
f 3647/4479/4152 4515/4483/4156 3650/4491/4164
f 3647/4479/4152 3646/4478/4151 4516/4486/4159
f 3646/4478/4151 3645/4477/4150 4517/4492/4165
f 3645/4477/4150 3408/4476/4149 3651/4493/4166
f 4517/4492/4165 3651/4493/4166 3652/4494/4167
f 4520/4487/4160 3652/4494/4167 3653/4495/4168
f 4523/4490/4163 3653/4495/4168 3406/3848/3519
f 4522/4488/4161 4523/4490/4163 3654/3846/3517
f 4521/4489/4162 4522/4488/4161 3655/3845/3516
f 4521/4489/4162 3656/3844/3515 3410/4496/3553
f 4518/4485/4158 4521/4489/4162 3648/4497/4169
f 4515/4483/4156 4518/4485/4158 3649/4498/4170
f 4525/4499/4171 4528/4503/4175 4527/4500/4172
f 4526/4502/4174 4529/4505/4177 4528/4503/4175
f 4528/4503/4175 4531/4506/4178 4530/4504/4176
f 4529/4505/4177 4532/4510/4180 4531/4506/4178
f 3660/3700/3374 4524/4501/4173 3659/4507/4179
f 3661/3714/3388 4525/4499/4171 4524/4501/4173
f 3662/3712/3386 4526/4502/4174 4525/4499/4171
f 3409/3713/3387 3629/4508/4124 4526/4502/4174
f 3629/4508/4124 3628/4509/4135 4529/4505/4177
f 3628/4509/4135 3627/4511/4134 4532/4510/4180
f 3627/4511/4134 3411/4512/4133 3663/4512/4181
f 4532/4510/4180 3663/4512/4181 3664/4512/4182
f 4531/4506/4178 3664/4512/4182 3665/4512/4183
f 4530/4504/4176 3665/4512/4183 3416/4315/4184
f 4527/4500/4172 4530/4504/4176 3657/4513/4185
f 4524/4501/4173 4527/4500/4172 3658/4514/4186
f 4534/4515/4187 4537/4516/4191 4536/4516/4188
f 4535/4515/4190 4538/4516/4193 4537/4516/4191
f 4537/4516/4191 4540/4517/4194 4539/4517/4192
f 4538/4516/4193 4541/4517/4196 4540/4517/4194
f 3665/4518/4183 4533/4515/4189 3668/4515/4195
f 3664/4518/4182 4534/4515/4187 4533/4515/4189
f 3663/4518/4181 4535/4515/4190 4534/4515/4187
f 3411/4518/4133 3641/4515/4144 4535/4515/4190
f 3641/4515/4144 3640/4516/4155 4538/4516/4193
f 3640/4516/4155 3639/4517/4154 4541/4517/4196
f 3639/4517/4154 3412/4529/4153 3669/4519/4197
f 4541/4517/4196 3669/4519/4197 3670/4520/4198
f 4540/4517/4194 3670/4520/4198 3671/4521/4199
f 4539/4517/4192 3671/4521/4199 3415/4522/4200
f 4536/4516/4188 4539/4517/4192 3666/4523/4201
f 4533/4515/4189 4536/4516/4188 3667/4516/4202
f 4543/4524/4203 4546/4525/4207 4545/4525/4204
f 4544/4524/4206 4547/4527/4209 4546/4525/4207
f 4546/4525/4207 4549/4526/4210 4548/4526/4208
f 4547/4527/4209 4550/4531/4212 4549/4526/4210
f 3671/4521/4199 4542/4524/4205 3674/4528/4211
f 3670/4520/4198 4543/4524/4203 4542/4524/4205
f 3669/4519/4197 4544/4524/4206 4543/4524/4203
f 3412/4529/4153 3650/4530/4164 4544/4524/4206
f 3650/4530/4164 3649/4527/4170 4547/4527/4209
f 3649/4527/4170 3648/4532/4169 4550/4531/4212
f 3648/4532/4169 3410/3873/3553 3675/3873/3552
f 4550/4531/4212 3675/3873/3552 3676/3873/3551
f 4549/4526/4210 3676/3873/3551 3677/3873/3550
f 4548/4526/4208 3677/3873/3550 3413/3732/3406
f 4545/4525/4204 4548/4526/4208 3672/4532/4213
f 4542/4524/4205 4545/4525/4204 3673/4525/4214
f 4551/4533/4215 4552/4536/4218 4555/4534/4216
f 4552/4536/4218 4553/4542/4224 4556/4537/4219
f 4554/4535/4217 4555/4534/4216 4558/4538/4220
f 4555/4534/4216 4556/4537/4219 4559/4540/4222
f 3418/3816/3487 3681/3776/3447 4551/4533/4215
f 3681/3776/3447 3682/3774/3445 4552/4536/4218
f 3682/3774/3445 3683/3773/3444 4553/4542/4224
f 3683/3773/3444 3370/3772/3443 3533/4262/3953
f 4553/4542/4224 3533/4262/3953 3532/4261/3952
f 4556/4537/4219 3532/4261/3952 3531/4260/3951
f 4559/4540/4222 3531/4260/3951 3372/4543/3934
f 4558/4538/4220 4559/4540/4222 3684/4544/4225
f 4557/4539/4221 4558/4538/4220 3685/4544/4226
f 3678/4545/4228 4557/4539/4221 3686/4544/4227
f 3679/4546/4230 4554/4535/4217 4557/4539/4221
f 3680/4541/4223 4551/4533/4215 4554/4535/4217
f 4560/4547/4231 4561/4550/4234 4564/4548/4232
f 4561/4550/4234 4562/4558/4240 4565/4551/4235
f 4563/4549/4233 4564/4548/4232 4567/4552/4236
f 4564/4548/4232 4565/4551/4235 4568/4554/4238
f 3420/4555/4229 3686/4557/4227 4560/4547/4231
f 3686/4557/4227 3685/4557/4226 4561/4550/4234
f 3685/4557/4226 3684/4557/4225 4562/4558/4240
f 3684/4557/4225 3372/4239/3934 3524/4238/3933
f 4562/4558/4240 3524/4238/3933 3523/4237/3932
f 4565/4551/4235 3523/4237/3932 3522/4236/3931
f 4568/4554/4238 3522/4236/3931 3371/4219/3914
f 4567/4552/4236 4568/4554/4238 3690/4559/4241
f 4566/4553/4237 4567/4552/4236 3691/4560/4242
f 3687/4562/4244 4566/4553/4237 3692/4561/4243
f 3688/4564/4246 4563/4549/4233 4566/4553/4237
f 3689/4556/4239 4560/4547/4231 4563/4549/4233
f 4569/4565/4247 4570/4568/4250 4573/4566/4248
f 4570/4568/4250 4571/4574/4256 4574/4569/4251
f 4572/4567/4249 4573/4566/4248 4576/4570/4252
f 4573/4566/4248 4574/4569/4251 4577/4572/4254
f 3419/4563/4245 3692/4561/4243 4569/4565/4247
f 3692/4561/4243 3691/4560/4242 4570/4568/4250
f 3691/4560/4242 3690/4559/4241 4571/4574/4256
f 3690/4559/4241 3371/4219/3914 3515/4218/3913
f 4571/4574/4256 3515/4218/3913 3514/4217/3912
f 4574/4569/4251 3514/4217/3912 3513/4216/3911
f 4577/4572/4254 3513/4216/3911 3369/3725/3399
f 4576/4570/4252 4577/4572/4254 3696/3724/3398
f 4575/4571/4253 4576/4570/4252 3697/3738/3412
f 3693/4575/4257 4575/4571/4253 3698/3737/3411
f 3694/4576/4258 4572/4567/4249 4575/4571/4253
f 3695/4573/4255 4569/4565/4247 4572/4567/4249
f 4578/4577/4259 4579/4580/4262 4582/4578/4260
f 4579/4580/4262 4580/4586/4268 4583/4581/4263
f 4581/4579/4261 4582/4578/4260 4585/4582/4264
f 4582/4578/4260 4583/4581/4263 4586/4584/4266
f 3422/3780/3451 3702/3815/3486 4578/4577/4259
f 3702/3815/3486 3703/3826/3497 4579/4580/4262
f 3703/3826/3497 3704/3825/3496 4580/4586/4268
f 3397/3824/3495 3599/4587/4069 4580/4586/4268
f 3599/4587/4069 3598/4588/4080 4583/4581/4263
f 3598/4588/4080 3597/4589/4079 4586/4584/4266
f 3597/4589/4079 3399/4420/4078 3705/4590/4269
f 4586/4584/4266 3705/4590/4269 3706/4590/4270
f 4584/4583/4265 4585/4582/4264 3706/4590/4270
f 3699/4591/4272 4584/4583/4265 3707/4590/4271
f 3700/4592/4274 4581/4579/4261 4584/4583/4265
f 3701/4585/4267 4578/4577/4259 4581/4579/4261
f 4587/4593/4275 4588/4593/4279 4591/4594/4276
f 4589/4593/4278 4592/4594/4282 4591/4594/4276
f 4590/4594/4277 4591/4594/4276 4594/4595/4280
f 4592/4594/4282 4595/4595/4284 4594/4595/4280
f 3424/4596/4273 3707/4598/4271 4587/4593/4275
f 3707/4598/4271 3706/4598/4270 4588/4593/4279
f 3705/4598/4269 4589/4593/4278 4588/4593/4279
f 3399/4596/4078 3611/4597/4089 4589/4593/4278
f 3611/4597/4089 3610/4599/4100 4592/4594/4282
f 3610/4599/4100 3609/4600/4099 4595/4595/4284
f 3609/4600/4099 3400/4609/4098 3711/4601/4285
f 4595/4595/4284 3711/4601/4285 3712/4602/4286
f 4593/4595/4281 4594/4595/4280 3712/4602/4286
f 3708/4600/4288 4593/4595/4281 3713/4602/4287
f 3709/4594/4290 4590/4594/4277 4593/4595/4281
f 3710/4597/4283 4587/4593/4275 4590/4594/4277
f 4596/4604/4291 4597/4604/4295 4600/4605/4292
f 4598/4606/4294 4601/4608/4298 4600/4605/4292
f 4599/4605/4293 4600/4605/4292 4603/4607/4296
f 4601/4608/4298 4604/4607/4300 4603/4607/4296
f 3423/4603/4289 3713/4602/4287 4596/4604/4291
f 3713/4602/4287 3712/4602/4286 4597/4604/4295
f 3711/4601/4285 4598/4606/4294 4597/4604/4295
f 3400/4609/4098 3620/4610/4109 4598/4606/4294
f 3620/4610/4109 3619/4611/4115 4601/4608/4298
f 3619/4611/4115 3618/4612/4114 4604/4607/4300
f 3618/4612/4114 3398/3989/3508 3717/3865/3668
f 4604/4607/4300 3717/3865/3668 3718/3865/4301
f 4602/4607/4297 4603/4607/4296 3718/3865/4301
f 3714/4612/4302 4602/4607/4297 3719/3865/3666
f 3715/4613/4303 4599/4605/4293 4602/4607/4297
f 3716/4606/4299 4596/4604/4291 4599/4605/4293
f 4606/4614/4304 4609/4618/4308 4608/4615/4305
f 4607/4617/4307 4610/4620/4310 4609/4618/4308
f 4609/4618/4308 4612/4621/4311 4611/4619/4309
f 4610/4620/4310 4613/4623/4313 4612/4621/4311
f 3723/3755/3427 4605/4616/4306 3722/4622/4312
f 3724/3754/3426 4606/4614/4304 4605/4616/4306
f 3725/3753/3425 4607/4617/4307 4606/4614/4304
f 3374/3904/3577 3503/4203/3898 4607/4617/4307
f 3503/4203/3898 3502/4201/3896 4610/4620/4310
f 3502/4201/3896 3501/4200/3895 4613/4623/4313
f 3501/4200/3895 3376/4199/3894 3726/4624/4314
f 4613/4623/4313 3726/4624/4314 3727/4624/4315
f 4612/4621/4311 3727/4624/4315 3728/4624/4316
f 4611/4619/4309 3728/4624/4316 3428/4199/4317
f 4608/4615/4305 4611/4619/4309 3720/4625/4318
f 4605/4616/4306 4608/4615/4305 3721/4626/4319
f 4615/4627/4320 4618/4631/4324 4617/4628/4321
f 4616/4630/4323 4619/4633/4326 4618/4631/4324
f 4618/4631/4324 4621/4634/4327 4620/4632/4325
f 4619/4633/4326 4622/4638/4329 4621/4634/4327
f 3728/4635/4316 4614/4629/4322 3731/4636/4328
f 3727/4635/4315 4615/4627/4320 4614/4629/4322
f 3726/4635/4314 4616/4630/4323 4615/4627/4320
f 3376/4637/3894 3494/4179/3878 4616/4630/4323
f 3494/4179/3878 3493/4177/3876 4619/4633/4326
f 3493/4177/3876 3492/4176/3875 4622/4638/4329
f 3492/4176/3875 3375/4175/3874 3732/4639/4330
f 4622/4638/4329 3732/4639/4330 3733/4640/4331
f 4621/4634/4327 3733/4640/4331 3734/4641/4332
f 4620/4632/4325 3734/4641/4332 3427/4642/4333
f 4617/4628/4321 4620/4632/4325 3729/4643/4334
f 4614/4629/4322 4617/4628/4321 3730/4644/4335
f 4624/4645/4336 4627/4649/4340 4626/4646/4337
f 4625/4648/4339 4628/4651/4342 4627/4649/4340
f 4627/4649/4340 4630/4652/4343 4629/4650/4341
f 4628/4651/4342 4631/4654/4345 4630/4652/4343
f 3734/4641/4332 4623/4647/4338 3737/4653/4344
f 3733/4640/4331 4624/4645/4336 4623/4647/4338
f 3732/4639/4330 4625/4648/4339 4624/4645/4336
f 3375/4175/3874 3485/4159/3858 4625/4648/4339
f 3485/4159/3858 3484/4157/3856 4628/4651/4342
f 3484/4157/3856 3483/4156/3855 4631/4654/4345
f 3483/4156/3855 3373/3927/3597 3738/4655/4346
f 4631/4654/4345 3738/4655/4346 3739/4656/4347
f 4630/4652/4343 3739/4656/4347 3740/4657/4348
f 4629/4650/4341 3740/4657/4348 3425/3986/3660
f 4626/4646/4337 4629/4650/4341 3735/4658/4349
f 4623/4647/4338 4626/4646/4337 3736/4659/4350
f 4633/4660/4351 4636/4664/4355 4635/4661/4352
f 4634/4663/4354 4637/4666/4357 4636/4664/4355
f 4636/4664/4355 4639/4667/4358 4638/4665/4356
f 4637/4666/4357 4640/4668/4359 4639/4667/4358
f 3741/3748/3421 4632/4662/4353 3558/4322/4004
f 3742/3758/3430 4633/4660/4351 4632/4662/4353
f 3743/3757/3429 4634/4663/4354 4633/4660/4351
f 3414/3699/3373 3659/4507/4179 4634/4663/4354
f 3659/4507/4179 3658/4514/4186 4637/4666/4357
f 3658/4514/4186 3657/4513/4185 4640/4668/4359
f 3657/4513/4185 3416/4315/4184 3744/4512/4360
f 4640/4668/4359 3744/4512/4360 3745/4512/4361
f 4639/4667/4358 3745/4512/4361 3746/4512/4362
f 4638/4665/4356 3746/4512/4362 3379/4315/3991
f 4635/4661/4352 4638/4665/4356 3560/4314/4002
f 4632/4662/4353 4635/4661/4352 3559/4323/4005
f 4642/4669/4363 4645/4673/4367 4644/4670/4364
f 4643/4672/4366 4646/4675/4369 4645/4673/4367
f 4645/4673/4367 4648/4676/4370 4647/4674/4368
f 4646/4675/4369 4649/4677/4371 4648/4676/4370
f 3746/4518/4362 4641/4671/4365 3549/4303/3992
f 3745/4518/4361 4642/4669/4363 4641/4671/4365
f 3744/4518/4360 4643/4672/4366 4642/4669/4363
f 3416/4518/4184 3668/4515/4195 4643/4672/4366
f 3668/4515/4195 3667/4516/4202 4646/4675/4369
f 3667/4516/4202 3666/4523/4201 4649/4677/4371
f 3666/4523/4201 3415/4522/4200 3747/4678/4372
f 4649/4677/4371 3747/4678/4372 3748/4679/4373
f 4648/4676/4370 3748/4679/4373 3749/4680/4374
f 4647/4674/4368 3749/4680/4374 3380/4282/3971
f 4644/4670/4364 4647/4674/4368 3551/4293/3982
f 4641/4671/4365 4644/4670/4364 3550/4304/3993
f 4651/4681/4375 4654/4685/4379 4653/4682/4376
f 4652/4684/4378 4655/4687/4381 4654/4685/4379
f 4654/4685/4379 4657/4688/4382 4656/4686/4380
f 4655/4687/4381 4658/4689/4383 4657/4688/4382
f 3749/4680/4374 4650/4683/4377 3537/4283/3972
f 3748/4679/4373 4651/4681/4375 4650/4683/4377
f 3747/4678/4372 4652/4684/4378 4651/4681/4375
f 3415/4522/4200 3674/4528/4211 4652/4684/4378
f 3674/4528/4211 3673/4525/4214 4655/4687/4381
f 3673/4525/4214 3672/4532/4213 4658/4689/4383
f 3672/4532/4213 3413/3732/3406 3750/3731/3405
f 4658/4689/4383 3750/3731/3405 3751/3730/3404
f 4657/4688/4382 3751/3730/3404 3752/3729/3403
f 4656/4686/4380 3752/3729/3403 3378/3950/3620
f 4653/4682/4376 4656/4686/4380 3539/4273/3962
f 4650/4683/4377 4653/4682/4376 3538/4284/3973
f 4659/4690/4384 4660/4693/4387 4663/4691/4385
f 4660/4693/4387 4661/4700/4393 4664/4694/4388
f 4662/4692/4386 4663/4691/4385 4666/4695/4389
f 4663/4691/4385 4664/4694/4388 4667/4697/4391
f 3401/4698/4392 3753/3820/3491 4659/4690/4384
f 3753/3820/3491 3754/3818/3489 4660/4693/4387
f 3754/3818/3489 3755/3817/3488 4661/4700/4393
f 3755/3817/3488 3418/3816/3487 3680/4541/4223
f 4661/4700/4393 3680/4541/4223 3679/4546/4230
f 4664/4694/4388 3679/4546/4230 3678/4545/4228
f 4667/4697/4391 3678/4545/4228 3420/4543/4229
f 4666/4695/4389 4667/4697/4391 3756/4544/4394
f 4665/4696/4390 4666/4695/4389 3757/4544/4395
f 3605/4701/4072 4665/4696/4390 3758/4544/4396
f 3604/4702/4071 4662/4692/4386 4665/4696/4390
f 3603/4699/4070 4659/4690/4384 4662/4692/4386
f 4668/4703/4397 4669/4706/4400 4672/4704/4398
f 4669/4706/4400 4670/4703/4405 4673/4704/4401
f 4671/4705/4399 4672/4704/4398 4675/4707/4402
f 4672/4704/4398 4673/4704/4401 4676/4708/4404
f 3403/4555/4074 3758/4557/4396 4668/4703/4397
f 3758/4557/4396 3757/4557/4395 4669/4706/4400
f 3757/4557/4395 3756/4557/4394 4670/4703/4405
f 3756/4557/4394 3420/4555/4229 3689/4556/4239
f 4670/4703/4405 3689/4556/4239 3688/4564/4246
f 4673/4704/4401 3688/4564/4246 3687/4562/4244
f 4676/4708/4404 3687/4562/4244 3419/4563/4245
f 4675/4707/4402 4676/4708/4404 3759/4709/4406
f 4674/4707/4403 4675/4707/4402 3760/4710/4407
f 3614/4711/4092 4674/4707/4403 3761/4710/4408
f 3613/4705/4091 4671/4705/4399 4674/4707/4403
f 3612/4556/4090 4668/4703/4397 4671/4705/4399
f 4677/4713/4409 4678/4714/4412 4681/4576/4410
f 4678/4714/4412 4679/4713/4417 4682/4576/4413
f 4680/4576/4411 4681/4576/4410 4684/4715/4414
f 4681/4576/4410 4682/4576/4413 4685/4715/4416
f 3404/4712/4094 3761/4710/4408 4677/4713/4409
f 3761/4710/4408 3760/4710/4407 4678/4714/4412
f 3760/4710/4407 3759/4709/4406 4679/4713/4417
f 3759/4709/4406 3419/4563/4245 3695/4573/4255
f 4679/4713/4417 3695/4573/4255 3694/4576/4258
f 4682/4576/4413 3694/4576/4258 3693/4575/4257
f 4685/4715/4416 3693/4575/4257 3417/3736/3410
f 4684/4715/4414 4685/4715/4416 3762/3871/3548
f 4683/4715/4415 4684/4715/4414 3763/3871/3556
f 3623/4715/4112 4683/4715/4415 3764/3871/3555
f 3622/4576/4111 4680/4576/4411 4683/4715/4415
f 3621/4573/4110 4677/4713/4409 4680/4576/4411
f 4686/4716/4418 4687/4719/4421 4690/4717/4419
f 4687/4719/4421 4688/4724/4426 4691/4720/4422
f 4689/4718/4420 4690/4717/4419 4693/4721/4423
f 4690/4717/4419 4691/4720/4422 4694/4723/4425
f 3365/3769/3441 3765/3768/3440 4686/4716/4418
f 3765/3768/3440 3766/3782/3453 4687/4719/4421
f 3766/3782/3453 3767/3781/3452 4688/4724/4426
f 3767/3781/3452 3422/3780/3451 3701/4585/4267
f 4688/4724/4426 3701/4585/4267 3700/4592/4274
f 4691/4720/4422 3700/4592/4274 3699/4591/4272
f 4694/4723/4425 3699/4591/4272 3424/4372/4273
f 4693/4721/4423 4694/4723/4425 3768/4590/4427
f 4692/4722/4424 4693/4721/4423 3769/4590/4428
f 3590/4373/4054 4692/4722/4424 3770/4590/4429
f 3589/4382/4060 4689/4718/4420 4692/4722/4424
f 3588/4381/4059 4686/4716/4418 4689/4718/4420
f 4695/4725/4430 4696/4728/4433 4699/4726/4431
f 4696/4728/4433 4697/4733/4438 4700/4729/4434
f 4698/4727/4432 4699/4726/4431 4702/4730/4435
f 4699/4726/4431 4700/4729/4434 4703/4732/4437
f 3367/4362/4044 3770/4598/4429 4695/4725/4430
f 3770/4598/4429 3769/4598/4428 4696/4728/4433
f 3769/4598/4428 3768/4598/4427 4697/4733/4438
f 3768/4598/4427 3424/4596/4273 3710/4597/4283
f 4697/4733/4438 3710/4597/4283 3709/4594/4290
f 4700/4729/4434 3709/4594/4290 3708/4600/4288
f 4703/4732/4437 3708/4600/4288 3423/4603/4289
f 4702/4730/4435 4703/4732/4437 3771/4734/4439
f 4701/4731/4436 4702/4730/4435 3772/4735/4440
f 3581/4352/4034 4701/4731/4436 3773/4736/4441
f 3580/4363/4045 4698/4727/4432 4701/4731/4436
f 3579/4361/4043 4695/4725/4430 4698/4727/4432
f 4704/4737/4442 4705/4740/4445 4708/4738/4443
f 4705/4740/4445 4706/4745/4450 4709/4741/4446
f 4707/4739/4444 4708/4738/4443 4711/4742/4447
f 4708/4738/4443 4709/4741/4446 4712/4744/4449
f 3368/4342/4024 3773/4736/4441 4704/4737/4442
f 3773/4736/4441 3772/4735/4440 4705/4740/4445
f 3772/4735/4440 3771/4734/4439 4706/4745/4450
f 3771/4734/4439 3423/4603/4289 3716/4606/4299
f 4706/4745/4450 3716/4606/4299 3715/4613/4303
f 4709/4741/4446 3715/4613/4303 3714/4612/4302
f 4712/4744/4449 3714/4612/4302 3421/3866/3665
f 4711/4742/4447 4712/4744/4449 3774/4746/4451
f 4710/4743/4448 4711/4742/4447 3775/4747/4452
f 3569/4332/4014 4710/4743/4448 3776/4748/4453
f 3568/4343/4025 4707/4739/4444 4710/4743/4448
f 3567/4341/4023 4704/4737/4442 4707/4739/4444
f 4714/4749/4454 4717/4753/4458 4716/4750/4455
f 4715/4752/4457 4718/4755/4460 4717/4753/4458
f 4717/4753/4458 4720/4756/4461 4719/4754/4459
f 4718/4755/4460 4721/4758/4462 4720/4756/4461
f 3405/3708/3382 3777/3707/3381 4713/4751/4456
f 3778/3706/3380 4714/4749/4454 4713/4751/4456
f 3779/3705/3379 4715/4752/4457 4714/4749/4454
f 3426/3756/3428 3722/4622/4312 4715/4752/4457
f 3722/4622/4312 3721/4626/4319 4718/4755/4460
f 3721/4626/4319 3720/4625/4318 4721/4758/4462
f 3720/4625/4318 3428/4199/4317 3780/4624/4463
f 4721/4758/4462 3780/4624/4463 3781/4624/4464
f 4719/4754/4459 4720/4756/4461 3781/4624/4464
f 3635/4759/4128 4719/4754/4459 3782/4624/4465
f 3634/4761/4127 4716/4750/4455 4719/4754/4459
f 3633/4757/4126 4713/4751/4456 4716/4750/4455
f 4722/4762/4466 4723/4762/4470 4726/4644/4467
f 4724/4762/4469 4727/4765/4473 4726/4644/4467
f 4725/4763/4468 4726/4644/4467 4729/4643/4471
f 4727/4765/4473 4730/4767/4474 4729/4643/4471
f 3407/4635/4129 3782/4635/4465 4722/4762/4466
f 3782/4635/4465 3781/4635/4464 4723/4762/4470
f 3780/4635/4463 4724/4762/4469 4723/4762/4470
f 3428/4637/4317 3731/4636/4328 4724/4762/4469
f 3731/4636/4328 3730/4644/4335 4727/4765/4473
f 3730/4644/4335 3729/4643/4334 4730/4767/4474
f 3729/4643/4334 3427/4642/4333 3783/4768/4475
f 4730/4767/4474 3783/4768/4475 3784/4642/4476
f 4728/4764/4472 4729/4643/4471 3784/4642/4476
f 3644/4643/4148 4728/4764/4472 3785/4642/4477
f 3643/4765/4147 4725/4763/4468 4728/4764/4472
f 3642/4766/4146 4722/4762/4466 4725/4763/4468
f 4731/4770/4478 4732/4774/4482 4735/4771/4479
f 4733/4773/4481 4736/4777/4485 4735/4771/4479
f 4734/4772/4480 4735/4771/4479 4738/4775/4483
f 4736/4777/4485 4739/4779/4486 4738/4775/4483
f 3408/4769/4149 3785/4642/4477 4731/4770/4478
f 3785/4642/4477 3784/4642/4476 4732/4774/4482
f 3783/4768/4475 4733/4773/4481 4732/4774/4482
f 3427/4642/4333 3737/4653/4344 4733/4773/4481
f 3737/4653/4344 3736/4659/4350 4736/4777/4485
f 3736/4659/4350 3735/4658/4349 4739/4779/4486
f 3735/4658/4349 3425/3986/3660 3786/3860/3661
f 4739/4779/4486 3786/3860/3661 3787/3990/3670
f 4737/4776/4484 4738/4775/4483 3787/3990/3670
f 3653/4780/4168 4737/4776/4484 3788/3857/3669
f 3652/4781/4167 4734/4772/4480 4737/4776/4484
f 3651/4778/4166 4731/4770/4478 4734/4772/4480
f 4740/4782/4487 4741/4785/4490 4744/4783/4488
f 4741/4785/4490 4742/4790/4495 4745/4786/4491
f 4743/4784/4489 4744/4783/4488 4747/4787/4492
f 4744/4783/4488 4745/4786/4491 4748/4789/4494
f 3381/3915/3585 3789/4023/3693 4740/4782/4487
f 3789/4023/3693 3790/4021/3691 4741/4785/4490
f 3790/4021/3691 3791/4020/3690 4742/4790/4495
f 3791/4020/3690 3437/4018/3688 3792/4791/4496
f 4742/4790/4495 3792/4791/4496 3793/4792/4497
f 4745/4786/4491 3793/4792/4497 3794/4793/4498
f 4748/4789/4494 3794/4793/4498 3439/4760/4499
f 4747/4787/4492 4748/4789/4494 3795/4198/4500
f 4746/4788/4493 4747/4787/4492 3796/4794/4501
f 3500/4195/3893 4746/4788/4493 3797/4194/4502
f 3499/4205/3900 4743/4784/4489 4746/4788/4493
f 3498/4204/3899 4740/4782/4487 4743/4784/4489
f 4749/4795/4503 4750/4798/4506 4753/4796/4504
f 4750/4798/4506 4751/4804/4511 4754/4799/4507
f 4752/4797/4505 4753/4796/4504 4756/4800/4508
f 4753/4796/4504 4754/4799/4507 4757/4802/4510
f 3383/4183/3882 3797/4182/4502 4749/4795/4503
f 3797/4182/4502 3796/4803/4501 4750/4798/4506
f 3796/4803/4501 3795/4180/4500 4751/4804/4511
f 3795/4180/4500 3439/4635/4499 3798/4766/4512
f 4751/4804/4511 3798/4766/4512 3799/4765/4513
f 4754/4799/4507 3799/4765/4513 3800/4643/4514
f 4757/4802/4510 3800/4643/4514 3440/4769/4515
f 4756/4800/4508 4757/4802/4510 3801/4805/4516
f 4755/4801/4509 4756/4800/4508 3802/4806/4517
f 3491/4174/3873 4755/4801/4509 3803/4807/4518
f 3490/4185/3884 4752/4797/4505 4755/4801/4509
f 3489/4184/3883 4749/4795/4503 4752/4797/4505
f 4758/4808/4519 4759/4811/4522 4762/4809/4520
f 4759/4811/4522 4760/4816/4527 4763/4812/4523
f 4761/4810/4521 4762/4809/4520 4765/4813/4524
f 4762/4809/4520 4763/4812/4523 4766/4815/4526
f 3384/4163/3862 3803/4807/4518 4758/4808/4519
f 3803/4807/4518 3802/4806/4517 4759/4811/4522
f 3802/4806/4517 3801/4805/4516 4760/4816/4527
f 3801/4805/4516 3440/4769/4515 3804/4778/4528
f 4760/4816/4527 3804/4778/4528 3805/4781/4529
f 4763/4812/4523 3805/4781/4529 3806/4780/4530
f 4766/4815/4526 3806/4780/4530 3438/3793/3464
f 4765/4813/4524 4766/4815/4526 3807/3792/3463
f 4764/4814/4525 4765/4813/4524 3808/3806/3477
f 3479/4155/3854 4764/4814/4525 3809/3805/3476
f 3478/4165/3864 4761/4810/4521 4764/4814/4525
f 3477/4164/3863 4758/4808/4519 4761/4810/4521
f 4768/4817/4531 4771/4821/4533 4770/4818/3943
f 4769/4820/4532 4772/4823/4534 4771/4821/4533
f 4771/4821/4533 4774/4824/4535 4773/4822/3941
f 4772/4823/4534 4775/4827/4538 4774/4824/4535
f 3393/3889/3565 3810/4009/3565 4767/4819/3947
f 3811/4008/3683 4768/4817/4531 4767/4819/3947
f 3812/4007/3682 4769/4820/4532 4768/4817/4531
f 3433/4131/3832 3813/4825/4536 4769/4820/4532
f 3813/4825/4536 3814/4826/4537 4772/4823/4534
f 3814/4826/4537 3815/4828/4539 4775/4827/4538
f 3815/4828/4539 3435/4544/4551 3816/4829/4540
f 4775/4827/4538 3816/4829/4540 3817/4257/4541
f 4774/4824/4535 3817/4257/4541 3818/4254/4542
f 3530/4255/3949 4773/4822/3941 3818/4254/4542
f 3529/4264/3943 4770/4818/3943 4773/4822/3941
f 3528/4263/3947 4767/4819/3947 4770/4818/3943
f 4777/4830/4543 4780/4834/4547 4779/4831/4544
f 4778/4833/4546 4781/4836/4549 4780/4834/4547
f 4780/4834/4547 4783/4837/4550 4782/4835/4548
f 4781/4836/4549 4784/4840/4554 4783/4837/4550
f 3395/4243/3938 3818/4242/4542 4776/4832/4545
f 3817/4241/4541 4777/4830/4543 4776/4832/4545
f 3816/4240/4540 4778/4833/4546 4777/4830/4543
f 3435/4555/4551 3819/4838/4552 4778/4833/4546
f 3819/4838/4552 3820/4839/4553 4781/4836/4549
f 3820/4839/4553 3821/4841/4555 4784/4840/4554
f 3821/4841/4555 3436/4853/4567 3822/4842/4556
f 4784/4840/4554 3822/4842/4556 3823/4843/4557
f 4783/4837/4550 3823/4843/4557 3824/4844/4558
f 3521/4234/3929 4782/4835/4548 3824/4844/4558
f 3520/4245/3940 4779/4831/4544 4782/4835/4548
f 3519/4244/3939 4776/4832/4545 4779/4831/4544
f 4786/4845/4559 4789/4849/4563 4788/4846/4560
f 4787/4848/4562 4790/4851/4565 4789/4849/4563
f 4789/4849/4563 4792/4852/4566 4791/4850/4564
f 4790/4851/4565 4793/4856/4570 4792/4852/4566
f 3396/4223/3918 3824/4844/4558 4785/4847/4561
f 3823/4843/4557 4786/4845/4559 4785/4847/4561
f 3822/4842/4556 4787/4848/4562 4786/4845/4559
f 3436/4853/4567 3825/4854/4568 4787/4848/4562
f 3825/4854/4568 3826/4855/4569 4790/4851/4565
f 3826/4855/4569 3827/4857/4571 4793/4856/4570
f 3827/4857/4571 3434/3736/3710 3828/4041/3709
f 4793/4856/4570 3828/4041/3709 3829/4040/3708
f 4792/4852/4566 3829/4040/3708 3830/4858/4572
f 3509/4214/3909 4791/4850/4564 3830/4858/4572
f 3508/4225/3920 4788/4846/4560 4791/4850/4564
f 3507/4224/3919 4785/4847/4561 4788/4846/4560
f 4794/4859/4573 4795/4862/4576 4798/4860/4574
f 4795/4862/4576 4796/4868/4003 4799/4863/4000
f 4797/4861/4575 4798/4860/4574 4801/4864/4577
f 4798/4860/4574 4799/4863/4000 4802/4866/3997
f 3442/4028/3697 3834/4026/3695 4794/4859/4573
f 3834/4026/3695 3835/4025/3694 4795/4862/4576
f 3835/4025/3694 3836/4024/3582 4796/4868/4003
f 3386/3910/3582 3563/4320/4003 4796/4868/4003
f 3563/4320/4003 3562/4319/4000 4799/4863/4000
f 3562/4319/4000 3561/4318/3997 4802/4866/3997
f 3561/4318/3997 3388/5226/3987 3837/4317/4580
f 4801/4864/4577 4802/4866/3997 3837/4317/4580
f 4800/4865/4578 4801/4864/4577 3838/4316/4581
f 3831/4869/4583 4800/4865/4578 3839/4313/4582
f 3832/4870/4585 4797/4861/4575 4800/4865/4578
f 3833/4867/4579 4794/4859/4573 4797/4861/4575
f 4803/4871/4586 4804/4874/4589 4807/4872/4587
f 4804/4874/4589 4805/4880/4595 4808/4875/4590
f 4806/4873/4588 4807/4872/4587 4810/4876/4591
f 4807/4872/4587 4808/4875/4590 4811/4878/4593
f 3444/4518/4584 3839/4301/4582 4803/4871/4586
f 3839/4301/4582 3838/4300/4581 4804/4874/4589
f 3838/4300/4581 3837/4299/4580 4805/4880/4595
f 3388/4298/3987 3554/4296/3985 4805/4880/4595
f 3554/4296/3985 3553/4295/3984 4808/4875/4590
f 3553/4295/3984 3552/4294/3983 4811/4878/4593
f 3552/4294/3983 3387/4278/3967 3843/4881/4596
f 4810/4876/4591 4811/4878/4593 3843/4881/4596
f 4809/4877/4592 4810/4876/4591 3844/4882/4597
f 3840/4884/4599 4809/4877/4592 3845/4883/4598
f 3841/4886/4601 4806/4873/4588 4809/4877/4592
f 3842/4879/4594 4803/4871/4586 4806/4873/4588
f 4812/4887/4602 4813/4890/4605 4816/4888/4603
f 4813/4890/4605 4814/4896/4611 4817/4891/4606
f 4815/4889/4604 4816/4888/4603 4819/4892/4607
f 4816/4888/4603 4817/4891/4606 4820/4894/4609
f 3443/4885/4600 3845/4883/4598 4812/4887/4602
f 3845/4883/4598 3844/4882/4597 4813/4890/4605
f 3844/4882/4597 3843/4881/4596 4814/4896/4611
f 3387/4278/3967 3545/4276/3965 4814/4896/4611
f 3545/4276/3965 3544/4275/3964 4817/4891/4606
f 3544/4275/3964 3543/4274/3963 4820/4894/4609
f 3543/4274/3963 3385/3945/3615 3849/4038/3706
f 4819/4892/4607 4820/4894/4609 3849/4038/3706
f 4818/4893/4608 4819/4892/4607 3850/4044/3716
f 3846/4897/4612 4818/4893/4608 3851/4043/3715
f 3847/4898/4613 4815/4889/4604 4818/4893/4608
f 3848/4895/4610 4812/4887/4602 4815/4889/4604
f 4822/4899/4614 4825/4903/4618 4824/4900/4615
f 4823/4902/4617 4826/4905/4620 4825/4903/4618
f 4825/4903/4618 4828/4906/4621 4827/4904/4619
f 4826/4905/4620 4829/4908/4623 4828/4906/4621
f 3855/4001/3677 4821/4901/4616 3854/4907/4622
f 3856/4000/3676 4822/4899/4614 4821/4901/4616
f 3857/3999/3675 4823/4902/4617 4822/4899/4614
f 3390/3886/3564 3593/4380/4058 4823/4902/4617
f 3593/4380/4058 3592/4379/4057 4826/4905/4620
f 3592/4379/4057 3591/4378/4056 4829/4908/4623
f 3591/4378/4056 3392/5227/4039 3858/4377/4624
f 4829/4908/4623 3858/4377/4624 3859/4375/4625
f 4828/4906/4621 3859/4375/4625 3860/4374/4626
f 4827/4904/4619 3860/4374/4626 3432/4420/4627
f 4824/4900/4615 4827/4904/4619 3852/4909/4628
f 4821/4901/4616 4824/4900/4615 3853/4910/4629
f 4831/4349/4630 4834/4914/4634 4833/4911/4631
f 4832/4913/4633 4835/4916/4636 4834/4914/4634
f 4834/4914/4634 4837/4917/4637 4836/4915/4635
f 4835/4916/4636 4838/4919/4639 4837/4917/4637
f 3860/4360/4626 4830/4912/4632 3863/4918/4638
f 3859/4359/4625 4831/4349/4630 4830/4912/4632
f 3858/4358/4624 4832/4913/4633 4831/4349/4630
f 3392/4357/4039 3584/4356/4038 4832/4913/4633
f 3584/4356/4038 3583/4355/4037 4835/4916/4636
f 3583/4355/4037 3582/4354/4036 4838/4919/4639
f 3582/4354/4036 3391/4337/4019 3864/4338/4640
f 4838/4919/4639 3864/4338/4640 3865/4339/4641
f 4837/4917/4637 3865/4339/4641 3866/4920/4642
f 4836/4915/4635 3866/4920/4642 3431/4921/4643
f 4833/4911/4631 4836/4915/4635 3861/4352/4644
f 4830/4912/4632 4833/4911/4631 3862/4922/4645
f 4840/4923/4646 4843/4927/4650 4842/4924/4647
f 4841/4926/4649 4844/4929/4652 4843/4927/4650
f 4843/4927/4650 4846/4930/4653 4845/4928/4651
f 4844/4929/4652 4847/4932/4655 4846/4930/4653
f 3866/4920/4642 4839/4925/4648 3869/4931/4654
f 3865/4339/4641 4840/4923/4646 4839/4925/4648
f 3864/4338/4640 4841/4926/4649 4840/4923/4646
f 3391/4337/4019 3575/4336/4018 4841/4926/4649
f 3575/4336/4018 3574/4335/4017 4844/4929/4652
f 3574/4335/4017 3573/4334/4016 4847/4932/4655
f 3573/4334/4016 3389/3800/3471 3870/3799/3470
f 4847/4932/4655 3870/3799/3470 3871/3798/3469
f 4846/4930/4653 3871/3798/3469 3872/3797/3468
f 4845/4928/4651 3872/3797/3468 3429/3866/3539
f 4842/4924/4647 4845/4928/4651 3867/4933/4656
f 4839/4925/4648 4842/4924/4647 3868/4934/4657
f 4848/4935/4658 4849/4938/4661 4852/4936/4659
f 4849/4938/4661 4850/4942/4667 4853/4939/4662
f 4851/4937/4660 4852/4936/4659 4855/4940/4663
f 4852/4936/4659 4853/4939/4662 4856/4426/4665
f 3446/4068/3751 3876/4067/3750 4848/4935/4658
f 3876/4067/3750 3877/4073/3763 4849/4938/4661
f 3877/4073/3763 3878/3839/3761 4850/4942/4667
f 3450/4072/3762 3879/4943/4668 4850/4942/4667
f 3879/4943/4668 3880/4437/4669 4853/4939/4662
f 3880/4437/4669 3881/4436/4670 4856/4426/4665
f 3881/4436/4670 3452/5228/4687 3882/4944/4671
f 4855/4940/4663 4856/4426/4665 3882/4944/4671
f 4854/4941/4664 4855/4940/4663 3883/4434/4672
f 3873/4432/4674 4854/4941/4664 3884/4431/4673
f 3874/4945/4676 4851/4937/4660 4854/4941/4664
f 3875/4441/4666 4848/4935/4658 4851/4937/4660
f 4857/4946/4677 4858/4948/4680 4861/4407/4678
f 4858/4948/4680 4859/4954/4686 4862/4949/4681
f 4860/4947/4679 4861/4407/4678 4864/4950/4682
f 4861/4407/4678 4862/4949/4681 4865/4952/4684
f 3448/4420/4675 3884/4419/4673 4857/4946/4677
f 3884/4419/4673 3883/4418/4672 4858/4948/4680
f 3883/4418/4672 3882/4955/4671 4859/4954/4686
f 3452/4416/4687 3888/4414/4688 4859/4954/4686
f 3888/4414/4688 3889/4413/4689 4862/4949/4681
f 3889/4413/4689 3890/4956/4690 4865/4952/4684
f 3890/4956/4690 3451/4396/4707 3891/4957/4691
f 4864/4950/4682 4865/4952/4684 3891/4957/4691
f 4863/4951/4683 4864/4950/4682 3892/4398/4692
f 3885/4959/4694 4863/4951/4683 3893/4958/4693
f 3886/4961/4696 4860/4947/4679 4863/4951/4683
f 3887/4953/4685 4857/4946/4677 4860/4947/4679
f 4866/4962/4697 4867/4965/4700 4870/4963/4698
f 4867/4965/4700 4868/4970/4706 4871/4966/4701
f 4869/4964/4699 4870/4963/4698 4873/4967/4702
f 4870/4963/4698 4871/4966/4701 4874/4386/4704
f 3447/4960/4695 3893/4958/4693 4866/4962/4697
f 3893/4958/4693 3892/4398/4692 4867/4965/4700
f 3892/4398/4692 3891/4957/4691 4868/4970/4706
f 3451/4396/4707 3897/4394/4708 4868/4970/4706
f 3897/4394/4708 3898/4971/4709 4871/4966/4701
f 3898/4971/4709 3899/4972/4710 4874/4386/4704
f 3899/4972/4710 3449/5173/5011 3900/3821/3734
f 4873/4967/4702 4874/4386/4704 3900/3821/3734
f 4872/4968/4703 4873/4967/4702 3901/4054/3732
f 3894/4973/4711 4872/4968/4703 3902/3823/3731
f 3895/4974/4712 4869/4964/4699 4872/4968/4703
f 3896/4969/4705 4866/4962/4697 4869/4964/4699
f 4876/4975/4713 4879/4979/4717 4878/4976/4714
f 4877/4978/4716 4880/4981/4719 4879/4979/4717
f 4879/4979/4717 4882/4982/4720 4881/4980/4718
f 4880/4981/4719 4883/4984/4724 4882/4982/4720
f 3458/4496/3778 3906/4071/3757 4875/4977/4715
f 3907/4070/3756 4876/4975/4713 4875/4977/4715
f 3908/4069/3755 4877/4978/4716 4876/4975/4713
f 3454/3848/3812 3909/4495/4722 4877/4978/4716
f 3909/4495/4722 3910/4983/4723 4880/4981/4719
f 3910/4983/4723 3911/4985/4725 4883/4984/4724
f 3911/4985/4725 3456/5001/4741 3912/4986/4726
f 4883/4984/4724 3912/4986/4726 3913/4987/4727
f 4882/4982/4720 3913/4987/4727 3914/4988/4728
f 3903/4989/4729 4881/4980/4718 3914/4988/4728
f 3904/4991/4731 4878/4976/4714 4881/4980/4718
f 3905/4497/4721 4875/4977/4715 4878/4976/4714
f 4885/4992/4732 4888/4996/4736 4887/4993/4733
f 4886/4995/4735 4889/4998/4738 4888/4996/4736
f 4888/4996/4736 4891/4999/4739 4890/4997/4737
f 4889/4998/4738 4892/5004/4744 4891/4999/4739
f 3460/4990/4730 3914/4988/4728 4884/4994/4734
f 3913/4987/4727 4885/4992/4732 4884/4994/4734
f 3912/4986/4726 4886/4995/4735 4885/4992/4732
f 3456/5001/4741 3918/5002/4742 4886/4995/4735
f 3918/5002/4742 3919/5003/4743 4889/4998/4738
f 3919/5003/4743 3920/5005/4745 4892/5004/4744
f 3920/5005/4745 3455/5020/4761 3921/5006/4746
f 4892/5004/4744 3921/5006/4746 3922/5007/4747
f 4891/4999/4739 3922/5007/4747 3923/5008/4748
f 3915/5009/4749 4890/4997/4737 3923/5008/4748
f 3916/5010/4751 4887/4993/4733 4890/4997/4737
f 3917/5000/4740 4884/4994/4734 4887/4993/4733
f 4894/5011/4752 4897/5015/4756 4896/5012/4753
f 4895/5014/4755 4898/5017/4758 4897/5015/4756
f 4897/5015/4756 4900/5018/4759 4899/5016/4757
f 4898/5017/4758 4901/5022/4764 4900/5018/4759
f 3459/4460/4750 3923/5008/4748 4893/5013/4754
f 3922/5007/4747 4894/5011/4752 4893/5013/4754
f 3921/5006/4746 4895/5014/4755 4894/5011/4752
f 3455/5020/4761 3927/5021/4762 4895/5014/4755
f 3927/5021/4762 3928/4454/4763 4898/5017/4758
f 3928/4454/4763 3929/5023/4765 4901/5022/4764
f 3929/5023/4765 3453/3975/3645 3930/3974/3644
f 4901/5022/4764 3930/3974/3644 3931/3973/3643
f 4900/5018/4759 3931/3973/3643 3932/3972/3642
f 3924/5024/4766 4899/5016/4757 3932/3972/3642
f 3925/5026/4768 4896/5012/4753 4899/5016/4757
f 3926/5019/4760 4893/5013/4754 4896/5012/4753
f 4902/5027/4769 4903/5030/4772 4906/5028/4770
f 4903/5030/4772 4904/5036/4778 4907/5031/4773
f 4905/5029/4771 4906/5028/4770 4909/5032/4774
f 4906/5028/4770 4907/5031/4773 4910/5034/4776
f 3462/4088/3783 3936/4086/3781 4902/5027/4769
f 3936/4086/3781 3937/4085/3780 4903/5030/4772
f 3937/4085/3780 3938/4084/3779 4904/5036/4778
f 3938/4084/3779 3458/3732/3778 3905/4532/4721
f 4904/5036/4778 3905/4532/4721 3904/4527/4731
f 4907/5031/4773 3904/4527/4731 3903/4530/4729
f 4910/5034/4776 3903/4530/4729 3460/5037/4730
f 4909/5032/4774 4910/5034/4776 3939/4521/4779
f 4908/5033/4775 4909/5032/4774 3940/4521/4780
f 3933/5038/4782 4908/5033/4775 3941/4522/4781
f 3934/5039/4784 4905/5029/4771 4908/5033/4775
f 3935/5035/4777 4902/5027/4769 4905/5029/4771
f 4911/5040/4785 4912/4517/4788 4915/4516/4786
f 4912/4517/4788 4913/4517/4794 4916/5042/4789
f 4914/5041/4787 4915/4516/4786 4918/5043/4790
f 4915/4516/4786 4916/5042/4789 4919/4515/4792
f 3464/4521/4783 3941/4522/4781 4911/5040/4785
f 3941/4522/4781 3940/4521/4780 4912/4517/4788
f 3940/4521/4780 3939/4521/4779 4913/4517/4794
f 3939/4521/4779 3460/5037/4730 3917/4517/4740
f 4913/4517/4794 3917/4517/4740 3916/4516/4751
f 4916/5042/4789 3916/4516/4751 3915/5046/4749
f 4919/4515/4792 3915/5046/4749 3459/4518/4750
f 4918/5043/4790 4919/4515/4792 3945/5047/4795
f 4917/5044/4791 4918/5043/4790 3946/4518/4796
f 3942/4515/4798 4917/5044/4791 3947/4518/4797
f 3943/5041/4800 4914/5041/4787 4917/5044/4791
f 3944/5045/4793 4911/5040/4785 4914/5041/4787
f 4920/5048/4801 4921/5051/4804 4924/5049/4802
f 4921/5051/4804 4922/5057/4810 4925/5052/4805
f 4923/5050/4803 4924/5049/4802 4927/5053/4806
f 4924/5049/4802 4925/5052/4805 4928/5055/4808
f 3463/4315/4799 3947/4512/4797 4920/5048/4801
f 3947/4512/4797 3946/4512/4796 4921/5051/4804
f 3946/4512/4796 3945/5058/4795 4922/5057/4810
f 3945/5058/4795 3459/4512/4750 3926/4511/4760
f 4922/5057/4810 3926/4511/4760 3925/4509/4768
f 4925/5052/4805 3925/4509/4768 3924/5059/4766
f 4928/5055/4808 3924/5059/4766 3457/5025/4767
f 4927/5053/4806 4928/5055/4808 3951/3971/3641
f 4926/5054/4807 4927/5053/4806 3952/3969/3639
f 3948/5060/4811 4926/5054/4807 3953/3968/3638
f 3949/5061/4812 4923/5050/4803 4926/5054/4807
f 3950/5056/4809 4920/5048/4801 4923/5050/4803
f 4930/5062/4813 4933/5066/4817 4932/5063/4814
f 4931/5065/4816 4934/5063/4819 4933/5066/4817
f 4933/5066/4817 4936/5068/4820 4935/5067/4818
f 4934/5063/4819 4937/5069/4822 4936/5068/4820
f 3957/4100/3795 4929/5064/4815 3956/4715/4821
f 3958/4099/3794 4930/5062/4813 4929/5064/4815
f 3959/4098/3793 4931/5065/4816 4930/5062/4813
f 3434/3736/3710 3827/4575/4571 4931/5065/4816
f 3827/4575/4571 3826/4576/4569 4934/5063/4819
f 3826/4576/4569 3825/5070/4568 4937/5069/4822
f 3825/5070/4568 3436/4712/4567 3960/4710/4823
f 4937/5069/4822 3960/4710/4823 3961/5071/4824
f 4936/5068/4820 3961/5071/4824 3962/5071/4825
f 4935/5067/4818 3962/5071/4825 3468/5072/4826
f 4932/5063/4814 4935/5067/4818 3954/4713/4827
f 4929/5064/4815 4932/5063/4814 3955/5073/4828
f 4939/4707/4829 4942/4705/4833 4941/4705/4830
f 4940/4707/4832 4943/5075/4835 4942/4705/4833
f 4942/4705/4833 4945/5076/4836 4944/4556/4834
f 4943/5075/4835 4946/5078/4838 4945/5076/4836
f 3962/5071/4825 4938/5074/4831 3965/5077/4837
f 3961/5071/4824 4939/4707/4829 4938/5074/4831
f 3960/4710/4823 4940/4707/4832 4939/4707/4829
f 3436/4712/4567 3821/4711/4555 4940/4707/4832
f 3821/4711/4555 3820/4705/4553 4943/5075/4835
f 3820/4705/4553 3819/5079/4552 4946/5078/4838
f 3819/5079/4552 3435/4555/4551 3966/5080/4839
f 4946/5078/4838 3966/5080/4839 3967/4557/4840
f 4945/5076/4836 3967/4557/4840 3968/4557/4841
f 4944/4556/4834 3968/4557/4841 3467/4239/4842
f 4941/4705/4830 4944/4556/4834 3963/4556/4843
f 4938/5074/4831 4941/4705/4830 3964/5081/4844
f 4948/5082/4845 4951/5086/4849 4950/5083/4846
f 4949/5085/4848 4952/5088/4851 4951/5086/4849
f 4951/5086/4849 4954/5089/4852 4953/5087/4850
f 4952/5088/4851 4955/5092/4854 4954/5089/4852
f 3968/4544/4841 4947/5084/4847 3971/5090/4853
f 3967/4544/4840 4948/5082/4845 4947/5084/4847
f 3966/5091/4839 4949/5085/4848 4948/5082/4845
f 3435/4544/4551 3815/4828/4539 4949/5085/4848
f 3815/4828/4539 3814/4826/4537 4952/5088/4851
f 3814/4826/4537 3813/4825/4536 4955/5092/4854
f 3813/4825/4536 3433/4131/3832 3972/4130/3831
f 4955/5092/4854 3972/4130/3831 3973/4129/3830
f 4954/5089/4852 3973/4129/3830 3974/4128/3829
f 4953/5087/4850 3974/4128/3829 3465/4058/3738
f 4950/5083/4846 4953/5087/4850 3969/4541/4855
f 4947/5084/4847 4950/5083/4846 3970/5093/4856
f 4957/5094/4857 4960/5097/4861 4959/5095/4858
f 4957/5094/4857 4958/5100/4866 4961/5095/4860
f 4960/5097/4861 4963/5099/4864 4962/5098/4862
f 4960/5097/4861 4961/5095/4860 4964/5098/4863
f 3978/4115/3816 4956/5096/4859 3977/4612/4865
f 3979/4114/3815 4957/5094/4857 4956/5096/4859
f 3979/4114/3815 3980/4113/3814 4958/5100/4866
f 3980/4113/3814 3446/3866/3751 3875/4612/4666
f 4958/5100/4866 3875/4612/4666 3874/5101/4676
f 4961/5095/4860 3874/5101/4676 3873/5102/4674
f 4964/5098/4863 3873/5102/4674 3448/5103/4675
f 4963/5099/4864 4964/5098/4863 3981/5104/4867
f 4963/5099/4864 3982/4602/4868 3983/4602/4869
f 4962/5098/4862 3983/4602/4869 3472/4603/4870
f 4959/5095/4858 4962/5098/4862 3975/5102/4871
f 4956/5096/4859 4959/5095/4858 3976/4605/4872
f 4966/5105/4873 4969/5106/4877 4968/4594/4874
f 4966/5105/4873 4967/5105/4882 4970/4594/4876
f 4969/5106/4877 4972/5107/4880 4971/5107/4878
f 4969/5106/4877 4970/4594/4876 4973/4593/4879
f 3983/4602/4869 4965/5105/4875 3986/5105/4881
f 3982/4602/4868 4966/5105/4873 4965/5105/4875
f 3982/4602/4868 3981/5104/4867 4967/5105/4882
f 3981/5104/4867 3448/5103/4675 3887/5105/4685
f 4967/5105/4882 3887/5105/4685 3886/4599/4696
f 4970/4594/4876 3886/4599/4696 3885/5108/4694
f 4973/4593/4879 3885/5108/4694 3447/4596/4695
f 4972/5107/4880 4973/4593/4879 3987/4598/4883
f 4972/5107/4880 3988/4598/4884 3989/4598/4885
f 4971/5107/4878 3989/4598/4885 3471/4596/4886
f 4968/4594/4874 4971/5107/4878 3984/5108/4887
f 4965/5105/4875 4968/4594/4874 3985/4594/4888
f 4975/5109/4889 4978/5113/4893 4977/5110/4890
f 4976/5112/4892 4979/4581/4895 4978/5113/4893
f 4978/5113/4893 4981/4580/4896 4980/4577/4894
f 4979/4581/4895 4982/5117/4898 4981/4580/4896
f 3989/4590/4885 4974/5111/4891 3992/5114/4897
f 3988/4590/4884 4975/5109/4889 4974/5111/4891
f 3988/4590/4884 3987/4590/4883 4976/5112/4892
f 3987/4590/4883 3447/4420/4695 3896/5115/4705
f 4976/5112/4892 3896/5115/4705 3895/4588/4712
f 4979/4581/4895 3895/4588/4712 3894/5116/4711
f 4982/5117/4898 3894/5116/4711 3445/4053/3730
f 4982/5117/4898 3993/4052/3729 3994/3826/3728
f 4981/4580/4896 3994/3826/3728 3995/4049/3725
f 4980/4577/4894 3995/4049/3725 3469/4051/3727
f 4977/5110/4890 4980/4577/4894 3990/5118/4899
f 4974/5111/4891 4977/5110/4890 3991/5119/4900
f 4983/5120/4901 4984/5123/4904 4987/5121/4902
f 4984/5123/4904 4985/5126/4910 4988/4772/4905
f 4986/5122/4903 4987/5121/4902 4990/5124/4906
f 4987/5121/4902 4988/4772/4905 4991/4770/4908
f 3474/4111/3808 3999/3860/3531 4983/5120/4901
f 3999/3860/3531 4000/3858/3529 4984/5123/4904
f 4000/3858/3529 4001/3857/3528 4985/5126/4910
f 4001/3857/3528 3438/3793/3464 3806/4780/4530
f 4985/5126/4910 3806/4780/4530 3805/4781/4529
f 4988/4772/4905 3805/4781/4529 3804/4778/4528
f 4991/4770/4908 3804/4778/4528 3440/4769/4515
f 4990/5124/4906 4991/4770/4908 4002/4642/4911
f 4989/4773/4907 4990/5124/4906 4003/4642/4912
f 3996/5128/4914 4989/4773/4907 4004/5127/4913
f 3997/5129/4916 4986/5122/4903 4989/4773/4907
f 3998/5125/4909 4983/5120/4901 4986/5122/4903
f 4992/4767/4917 4993/4764/4920 4996/4763/4918
f 4993/4764/4920 4994/4764/4926 4997/5130/4921
f 4995/4644/4919 4996/4763/4918 4999/4766/4922
f 4996/4763/4918 4997/5130/4921 5000/4766/4924
f 3476/4642/4915 4004/5127/4913 4992/4767/4917
f 4004/5127/4913 4003/4642/4912 4993/4764/4920
f 4003/4642/4912 4002/4642/4911 4994/4764/4926
f 4002/4642/4911 3440/4769/4515 3800/4643/4514
f 4994/4764/4926 3800/4643/4514 3799/4765/4513
f 4997/5130/4921 3799/4765/4513 3798/4766/4512
f 5000/4766/4924 3798/4766/4512 3439/4635/4499
f 4999/4766/4922 5000/4766/4924 4008/4635/4927
f 4998/4636/4923 4999/4766/4922 4009/4635/4928
f 4005/4762/4930 4998/4636/4923 4010/4635/4929
f 4006/4644/4932 4995/4644/4919 4998/4636/4923
f 4007/4643/4925 4992/4767/4917 4995/4644/4919
f 5001/5131/4933 5002/5134/4936 5005/5132/4934
f 5002/5134/4936 5003/5140/4942 5006/5135/4937
f 5004/5133/4935 5005/5132/4934 5008/5136/4938
f 5005/5132/4934 5006/5135/4937 5009/5138/4940
f 3475/4199/4931 4010/4624/4929 5001/5131/4933
f 4010/4624/4929 4009/4624/4928 5002/5134/4936
f 4009/4624/4928 4008/4624/4927 5003/5140/4942
f 4008/4624/4927 3439/4760/4499 3794/4793/4498
f 5003/5140/4942 3794/4793/4498 3793/4792/4497
f 5006/5135/4937 3793/4792/4497 3792/4791/4496
f 5009/5138/4940 3792/4791/4496 3437/4018/3688
f 5008/5136/4938 5009/5138/4940 4014/4146/3845
f 5007/5137/4939 5008/5136/4938 4015/4145/3844
f 4011/5141/4943 5007/5137/4939 4016/4144/3843
f 4012/5142/4944 5004/5133/4935 5007/5137/4939
f 4013/5139/4941 5001/5131/4933 5004/5133/4935
f 5010/5036/4945 5011/5144/4948 5014/5143/4946
f 5011/5144/4948 5012/5027/4953 5015/5029/4949
f 5013/5031/4947 5014/5143/4946 5017/5145/4950
f 5014/5143/4946 5015/5029/4949 5018/5033/4952
f 3441/3732/3714 4017/4102/3799 5010/5036/4945
f 4017/4102/3799 4018/4085/3798 5011/5144/4948
f 4018/4085/3798 4019/4086/3797 5012/5027/4953
f 4019/4086/3797 3462/4088/3783 3935/5035/4777
f 5012/5027/4953 3935/5035/4777 3934/5039/4784
f 5015/5029/4949 3934/5039/4784 3933/5038/4782
f 5018/5033/4952 3933/5038/4782 3464/4521/4783
f 5017/5145/4950 5018/5033/4952 4020/4522/4954
f 5016/5146/4951 5017/5145/4950 4021/4521/4955
f 3848/4530/4610 5016/5146/4951 4022/4521/4956
f 3847/4527/4613 5013/5031/4947 5016/5146/4951
f 3846/4532/4612 5010/5036/4945 5013/5031/4947
f 5019/4517/4957 5020/5045/4960 5023/5041/4958
f 5020/5045/4960 5021/5040/4965 5024/5041/4961
f 5022/5147/4959 5023/5041/4958 5026/5044/4962
f 5023/5041/4958 5024/5041/4961 5027/4515/4964
f 3443/5037/4600 4022/4521/4956 5019/4517/4957
f 4022/4521/4956 4021/4521/4955 5020/5045/4960
f 4021/4521/4955 4020/4522/4954 5021/5040/4965
f 4020/4522/4954 3464/4521/4783 3944/5045/4793
f 5021/5040/4965 3944/5045/4793 3943/5041/4800
f 5024/5041/4961 3943/5041/4800 3942/4515/4798
f 5027/4515/4964 3942/4515/4798 3463/4302/4799
f 5026/5044/4962 5027/4515/4964 4023/4518/4966
f 5025/5043/4963 5026/5044/4962 4024/4518/4967
f 3842/5046/4594 5025/5043/4963 4025/5148/4968
f 3841/4516/4601 5022/5147/4959 5025/5043/4963
f 3840/4517/4599 5019/4517/4957 5022/5147/4959
f 5028/5149/4969 5029/5152/4972 5032/5150/4970
f 5029/5152/4972 5030/5157/4977 5033/5153/4973
f 5031/5151/4971 5032/5150/4970 5035/5154/4974
f 5032/5150/4970 5033/5153/4973 5036/5156/4976
f 3444/4512/4584 4025/4512/4968 5028/5149/4969
f 4025/4512/4968 4024/4512/4967 5029/5152/4972
f 4024/4512/4967 4023/4512/4966 5030/5157/4977
f 4023/4512/4966 3463/4315/4799 3950/5056/4809
f 5030/5157/4977 3950/5056/4809 3949/5061/4812
f 5033/5153/4973 3949/5061/4812 3948/5060/4811
f 5036/5156/4976 3948/5060/4811 3461/3966/3636
f 5035/5154/4974 5036/5156/4976 4026/4143/3842
f 5034/5155/4975 5035/5154/4974 4027/4141/3840
f 3833/4867/4579 5034/5155/4975 4028/4140/3839
f 3832/4870/4585 5031/5151/4971 5034/5155/4975
f 3831/4869/4583 5028/5149/4969 5031/5151/4971
f 5038/5158/4978 5041/5160/4982 5040/5159/4979
f 5039/5158/4981 5042/5160/4984 5041/5160/4982
f 5041/5160/4982 5044/4714/4985 5043/5161/4983
f 5042/5160/4984 5045/4713/4986 5044/4714/4985
f 4029/3871/3776 5037/5158/4980 3879/4575/4668
f 4030/3871/3775 5038/5158/4978 5037/5158/4980
f 4031/3871/3772 5039/5158/4981 5038/5158/4978
f 3466/3736/3774 3956/4715/4821 5039/5158/4981
f 3956/4715/4821 3955/5073/4828 5042/5160/4984
f 3955/5073/4828 3954/4713/4827 5045/4713/4986
f 3954/4713/4827 3468/5072/4826 4032/4712/4987
f 5045/4713/4986 4032/4712/4987 4033/4710/4988
f 5044/4714/4985 4033/4710/4988 4034/4563/4989
f 5043/5161/4983 4034/4563/4989 3452/4563/4687
f 5040/5159/4979 5043/5161/4983 3881/5162/4670
f 5037/5158/4980 5040/5159/4979 3880/5163/4669
f 5047/5077/4990 5050/5081/4994 5049/5081/4991
f 5048/5077/4993 5051/5165/4996 5050/5081/4994
f 5050/5081/4994 5053/4556/4997 5052/4556/4995
f 5051/5165/4996 5054/4706/4998 5053/4556/4997
f 4034/4563/4989 5046/5164/4992 3888/5166/4688
f 4033/4710/4988 5047/5077/4990 5046/5164/4992
f 4032/4712/4987 5048/5077/4993 5047/5077/4990
f 3468/5072/4826 3965/5077/4837 5048/5077/4993
f 3965/5077/4837 3964/5081/4844 5051/5165/4996
f 3964/5081/4844 3963/4556/4843 5054/4706/4998
f 3963/4556/4843 3467/4239/4842 4035/4557/4999
f 5054/4706/4998 4035/4557/4999 4036/4557/5000
f 5053/4556/4997 4036/4557/5000 4037/4557/5001
f 5052/4556/4995 4037/4557/5001 3451/4555/4707
f 5049/5081/4991 5052/4556/4995 3890/4706/4690
f 5046/5164/4992 5049/5081/4991 3889/4705/4689
f 5056/5167/5002 5059/4691/5006 5058/4692/5003
f 5057/5168/5005 5060/5169/5008 5059/4691/5006
f 5059/4691/5006 5062/5170/5009 5061/4690/5007
f 5060/5169/5008 5063/5172/5010 5062/5170/5009
f 4037/4544/5001 5055/4696/5004 3897/5171/4708
f 4036/4544/5000 5056/5167/5002 5055/4696/5004
f 4035/4544/4999 5057/5168/5005 5056/5167/5002
f 3467/4543/4842 3971/5090/4853 5057/5168/5005
f 3971/5090/4853 3970/5093/4856 5060/5169/5008
f 3970/5093/4856 3969/4541/4855 5063/5172/5010
f 3969/4541/4855 3465/4058/3738 4038/4057/3737
f 5063/5172/5010 4038/4057/3737 4039/3818/3736
f 5062/5170/5009 4039/3818/3736 4040/4056/3735
f 5061/4690/5007 4040/4056/3735 3449/5173/5011
f 5058/4692/5003 5061/4690/5007 3899/5174/4710
f 5055/4696/5004 5058/4692/5003 3898/4702/4709
f 5065/5175/5012 5068/5179/5016 5067/5176/5013
f 5066/5178/5015 5069/5181/5018 5068/5179/5016
f 5068/5179/5016 5071/5182/5019 5070/5180/5017
f 5069/5181/5018 5072/5183/5020 5071/5182/5019
f 4041/3865/3538 5064/5177/5014 3867/4933/4656
f 4042/3865/3537 5065/5175/5012 5064/5177/5014
f 4043/3865/3536 5066/5178/5015 5065/5175/5012
f 3470/3866/3817 3977/4612/4865 5066/5178/5015
f 3977/4612/4865 3976/4605/4872 5069/5181/5018
f 3976/4605/4872 3975/5102/4871 5072/5183/5020
f 3975/5102/4871 3472/4603/4870 4044/5184/5021
f 5072/5183/5020 4044/5184/5021 4045/4735/5022
f 5071/5182/5019 4045/4735/5022 4046/5185/5023
f 5070/5180/5017 4046/5185/5023 3431/4921/4643
f 5067/5176/5013 5070/5180/5017 3869/4931/4654
f 5064/5177/5014 5067/5176/5013 3868/4934/4657
f 5074/4730/5024 5077/5189/5028 5076/5186/5025
f 5075/5188/5027 5078/5191/5030 5077/5189/5028
f 5077/5189/5028 5080/5192/5031 5079/5190/5029
f 5078/5191/5030 5081/5193/5032 5080/5192/5031
f 4046/5185/5023 5073/5187/5026 3861/4352/4644
f 4045/4735/5022 5074/4730/5024 5073/5187/5026
f 4044/5184/5021 5075/5188/5027 5074/4730/5024
f 3472/4603/4870 3986/5105/4881 5075/5188/5027
f 3986/5105/4881 3985/4594/4888 5078/5191/5030
f 3985/4594/4888 3984/5108/4887 5081/5193/5032
f 3984/5108/4887 3471/4596/4886 4047/4598/5033
f 5081/5193/5032 4047/4598/5033 4048/4598/5034
f 5080/5192/5031 4048/4598/5034 4049/4598/5035
f 5079/5190/5029 4049/4598/5035 3432/4362/4627
f 5076/5186/5025 5079/5190/5029 3863/4918/4638
f 5073/5187/5026 5076/5186/5025 3862/4922/4645
f 5083/5194/5036 5086/5198/5040 5085/5195/5037
f 5084/5197/5039 5087/5200/5042 5086/5198/5040
f 5086/5198/5040 5089/5201/5043 5088/5199/5041
f 5087/5200/5042 5090/5202/5044 5089/5201/5043
f 4049/4590/5035 5082/5196/5038 3852/4909/4628
f 4048/4590/5034 5083/5194/5036 5082/5196/5038
f 4047/4590/5033 5084/5197/5039 5083/5194/5036
f 3471/4372/4886 3992/5114/4897 5084/5197/5039
f 3992/5114/4897 3991/5119/4900 5087/5200/5042
f 3991/5119/4900 3990/5118/4899 5090/5202/5044
f 3990/5118/4899 3469/4051/3727 4050/4126/3827
f 5090/5202/5044 4050/4126/3827 4051/4125/3826
f 5089/5201/5043 4051/4125/3826 4052/4124/3825
f 5088/5199/5041 4052/4124/3825 3430/4002/3678
f 5085/5195/5037 5088/5199/5041 3854/4907/4622
f 5082/5196/5038 5085/5195/5037 3853/4910/4629
f 5092/5203/5045 5095/4771/5049 5094/4772/5046
f 5092/5203/5045 5093/5120/5053 5096/5122/5048
f 5095/4771/5049 5098/5205/5052 5097/5204/5050
f 5095/4771/5049 5096/5122/5048 5099/4773/5051
f 4053/3857/3810 5091/5126/5047 3909/4780/4722
f 4054/3990/3811 5092/5203/5045 5091/5126/5047
f 4054/3990/3811 4055/3860/3809 5093/5120/5053
f 4055/3860/3809 3474/4111/3808 3998/5125/4909
f 5093/5120/5053 3998/5125/4909 3997/5129/4916
f 5096/5122/5048 3997/5129/4916 3996/5128/4914
f 5099/4773/5051 3996/5128/4914 3476/4642/4915
f 5098/5205/5052 5099/4773/5051 4056/5127/5054
f 5098/5205/5052 4057/4642/5055 4058/4642/5056
f 5097/5204/5050 4058/4642/5056 3456/4769/4741
f 5094/4772/5046 5097/5204/5050 3911/4778/4725
f 5091/5126/5047 5094/4772/5046 3910/4781/4723
f 5101/4643/5057 5104/4644/5061 5103/4765/5058
f 5101/4643/5057 5102/4767/5065 5105/4644/5060
f 5104/4644/5061 5107/4636/5064 5106/4762/5062
f 5104/4644/5061 5105/4644/5060 5108/4762/5063
f 4058/4642/5056 5100/4764/5059 3918/4643/4742
f 4057/4642/5055 5101/4643/5057 5100/4764/5059
f 4057/4642/5055 4056/5127/5054 5102/4767/5065
f 4056/5127/5054 3476/4642/4915 4007/4643/4925
f 5102/4767/5065 4007/4643/4925 4006/4644/4932
f 5105/4644/5060 4006/4644/4932 4005/4762/4930
f 5108/4762/5063 4005/4762/4930 3475/4637/4931
f 5107/4636/5064 5108/4762/5063 4059/4635/5066
f 5107/4636/5064 4060/4635/5067 4061/4635/5068
f 5106/4762/5062 4061/4635/5068 3455/4635/4761
f 5103/4765/5058 5106/4762/5062 3920/4766/4745
f 5100/4764/5059 5103/4765/5058 3919/4765/4743
f 5109/5206/5069 5110/5209/5072 5113/5207/5070
f 5110/5209/5072 5111/5215/5077 5114/5210/5073
f 5112/5208/5071 5113/5207/5070 5116/5211/5074
f 5113/5207/5070 5114/5210/5073 5117/5213/5076
f 4061/4624/5068 5109/5206/5069 3927/5214/4762
f 4060/4624/5067 5110/5209/5072 5109/5206/5069
f 4060/4624/5067 4059/4624/5066 5111/5215/5077
f 4059/4624/5066 3475/4199/4931 4013/5139/4941
f 5111/5215/5077 4013/5139/4941 4012/5142/4944
f 5114/5210/5073 4012/5142/4944 4011/5141/4943
f 5117/5213/5076 4011/5141/4943 3473/3980/3650
f 5116/5211/5074 5117/5213/5076 4062/3978/3648
f 5115/5212/5075 5116/5211/5074 4063/3977/3647
f 5115/5212/5075 4064/3976/3646 3453/3975/3645
f 5112/5208/5071 5115/5212/5075 3929/5216/4765
f 5109/5206/5069 5112/5208/5071 3928/4761/4763
f 5118/5217/5078 5119/5221/5082 5122/5218/5079
f 5120/5220/5081 5123/5224/5085 5122/5218/5079
f 5121/5219/5080 5122/5218/5079 5125/5222/5083
f 5123/5224/5085 5126/5225/5086 5125/5222/5083
f 3373/3927/3597 4065/3926/3596 5118/5217/5078
f 4065/3926/3596 4066/3936/3606 5119/5221/5082
f 4067/3934/3604 5120/5220/5081 5119/5221/5082
f 3366/3935/3605 3776/4748/4453 5120/5220/5081
f 3776/4748/4453 3775/4747/4452 5123/5224/5085
f 3775/4747/4452 3774/4746/4451 5126/5225/5086
f 3774/4746/4451 3421/3866/3665 4068/3987/3663
f 5126/5225/5086 4068/3987/3663 4069/3851/3664
f 5124/5223/5084 5125/5222/5083 4069/3851/3664
f 3740/4657/4348 5124/5223/5084 4070/3861/3662
f 3739/4656/4347 5121/5219/5080 5124/5223/5084
f 3738/4655/4346 5118/5217/5078 5121/5219/5080
o Cube.068
v -0.315702 -0.048828 0.739953
v -0.315702 0.088124 0.739953
v -0.315702 -0.048828 0.627310
v -0.315702 0.088124 0.627310
v -0.203059 -0.048828 0.739953
v -0.203059 0.088124 0.739953
v -0.203059 -0.048828 0.627310
v -0.203059 0.088124 0.627310
v -0.319658 -0.053637 0.636451
v -0.323918 -0.058816 0.650216
v -0.326926 -0.062473 0.666352
v -0.328045 -0.063833 0.683631
v -0.326926 -0.062473 0.700911
v -0.323918 -0.058816 0.717047
v -0.319658 -0.053637 0.730812
v -0.319658 -0.037714 0.743909
v -0.323918 -0.020979 0.748168
v -0.326926 -0.001360 0.751176
v -0.328045 0.019648 0.752295
v -0.326926 0.040657 0.751176
v -0.323918 0.060275 0.748168
v -0.319658 0.077010 0.743909
v -0.319658 0.092933 0.730812
v -0.323918 0.098112 0.717047
v -0.326926 0.101769 0.700911
v -0.328045 0.103129 0.683631
v -0.326926 0.101769 0.666352
v -0.323918 0.098112 0.650216
v -0.319658 0.092933 0.636451
v -0.319658 0.077010 0.623354
v -0.323918 0.060275 0.619094
v -0.326926 0.040657 0.616086
v -0.328045 0.019648 0.614968
v -0.326926 -0.001360 0.616086
v -0.323918 -0.020979 0.619094
v -0.319658 -0.037714 0.623354
v -0.212200 -0.053637 0.623354
v -0.225965 -0.058816 0.619094
v -0.242101 -0.062473 0.616086
v -0.259381 -0.063833 0.614968
v -0.276660 -0.062473 0.616086
v -0.292796 -0.058816 0.619094
v -0.306561 -0.053637 0.623354
v -0.306561 0.092933 0.623354
v -0.292796 0.098112 0.619094
v -0.276660 0.101769 0.616086
v -0.259381 0.103129 0.614968
v -0.242101 0.101769 0.616086
v -0.225965 0.098112 0.619094
v -0.212200 0.092933 0.623354
v -0.199103 0.077010 0.623354
v -0.194844 0.060275 0.619094
v -0.191836 0.040657 0.616086
v -0.190717 0.019648 0.614968
v -0.191836 -0.001360 0.616086
v -0.194844 -0.020979 0.619094
v -0.199103 -0.037714 0.623354
v -0.199103 -0.053637 0.730812
v -0.194844 -0.058816 0.717047
v -0.191836 -0.062473 0.700911
v -0.190717 -0.063833 0.683631
v -0.191836 -0.062473 0.666352
v -0.194844 -0.058816 0.650216
v -0.199103 -0.053637 0.636451
v -0.199103 0.092933 0.636451
v -0.194844 0.098112 0.650216
v -0.191836 0.101769 0.666352
v -0.190717 0.103129 0.683631
v -0.191836 0.101769 0.700911
v -0.194844 0.098112 0.717047
v -0.199103 0.092933 0.730812
v -0.199103 0.077010 0.743909
v -0.194844 0.060275 0.748168
v -0.191836 0.040657 0.751176
v -0.190717 0.019648 0.752295
v -0.191836 -0.001360 0.751176
v -0.194844 -0.020979 0.748168
v -0.199103 -0.037714 0.743909
v -0.306561 -0.053637 0.743909
v -0.292796 -0.058816 0.748168
v -0.276660 -0.062473 0.751176
v -0.259381 -0.063833 0.752295
v -0.242101 -0.062473 0.751176
v -0.225965 -0.058816 0.748168
v -0.212200 -0.053637 0.743909
v -0.212200 0.092933 0.743909
v -0.225965 0.098112 0.748168
v -0.242101 0.101769 0.751176
v -0.259381 0.103129 0.752295
v -0.276660 0.101769 0.751176
v -0.292796 0.098112 0.748168
v -0.306561 0.092933 0.743909
v -0.328145 -0.039482 0.732266
v -0.334191 -0.021846 0.734918
v -0.338009 -0.001729 0.737069
v -0.339352 0.019648 0.737924
v -0.338009 0.041025 0.737069
v -0.334191 0.061142 0.734918
v -0.328145 0.078778 0.732266
v -0.334191 -0.042706 0.717760
v -0.341497 -0.023650 0.719244
v -0.345941 -0.002527 0.720586
v -0.347449 0.019648 0.721157
v -0.345941 0.041823 0.720586
v -0.341497 0.062946 0.719244
v -0.334191 0.082002 0.717760
v -0.338009 -0.045322 0.701214
v -0.345941 -0.025282 0.701870
v -0.350719 -0.003303 0.702508
v -0.352319 0.019648 0.702794
v -0.350719 0.042599 0.702508
v -0.345941 0.064578 0.701870
v -0.338009 0.084618 0.701214
v -0.339352 -0.046361 0.683631
v -0.347449 -0.025976 0.683631
v -0.352319 -0.003649 0.683631
v -0.353946 0.019648 0.683631
v -0.352319 0.042946 0.683631
v -0.347449 0.065272 0.683631
v -0.339352 0.085657 0.683631
v -0.338009 -0.045322 0.666049
v -0.345941 -0.025282 0.665393
v -0.350719 -0.003303 0.664754
v -0.352319 0.019648 0.664469
v -0.350719 0.042599 0.664754
v -0.345941 0.064578 0.665393
v -0.338009 0.084618 0.666049
v -0.334191 -0.042706 0.649502
v -0.341497 -0.023650 0.648018
v -0.345941 -0.002527 0.646676
v -0.347449 0.019648 0.646105
v -0.345941 0.041823 0.646676
v -0.341497 0.062946 0.648018
v -0.334191 0.082002 0.649502
v -0.328145 -0.039482 0.634997
v -0.334191 -0.021846 0.632345
v -0.338009 -0.001729 0.630193
v -0.339352 0.019648 0.629339
v -0.338009 0.041025 0.630193
v -0.334191 0.061142 0.632345
v -0.328145 0.078778 0.634997
v -0.308016 -0.039482 0.614867
v -0.310668 -0.021846 0.608821
v -0.312819 -0.001729 0.605003
v -0.313673 0.019648 0.603660
v -0.312819 0.041025 0.605003
v -0.310668 0.061142 0.608821
v -0.308016 0.078778 0.614867
v -0.293510 -0.042706 0.608821
v -0.294994 -0.023650 0.601515
v -0.296336 -0.002527 0.597071
v -0.296907 0.019648 0.595564
v -0.296336 0.041823 0.597071
v -0.294994 0.062946 0.601515
v -0.293510 0.082002 0.608821
v -0.276963 -0.045322 0.605003
v -0.277620 -0.025282 0.597071
v -0.278258 -0.003303 0.592293
v -0.278543 0.019648 0.590694
v -0.278258 0.042599 0.592293
v -0.277620 0.064578 0.597071
v -0.276963 0.084618 0.605003
v -0.259381 -0.046361 0.603660
v -0.259381 -0.025976 0.595564
v -0.259381 -0.003649 0.590694
v -0.259381 0.019648 0.589067
v -0.259381 0.042946 0.590694
v -0.259381 0.065272 0.595564
v -0.259381 0.085657 0.603660
v -0.241798 -0.045322 0.605003
v -0.241142 -0.025282 0.597071
v -0.240504 -0.003303 0.592293
v -0.240219 0.019648 0.590694
v -0.240504 0.042599 0.592293
v -0.241142 0.064578 0.597071
v -0.241798 0.084618 0.605003
v -0.225252 -0.042706 0.608821
v -0.223768 -0.023650 0.601515
v -0.222426 -0.002527 0.597071
v -0.221855 0.019648 0.595564
v -0.222426 0.041823 0.597071
v -0.223768 0.062946 0.601515
v -0.225252 0.082002 0.608821
v -0.210746 -0.039482 0.614867
v -0.208094 -0.021846 0.608821
v -0.205943 -0.001729 0.605003
v -0.205088 0.019648 0.603660
v -0.205943 0.041025 0.605003
v -0.208094 0.061142 0.608821
v -0.210746 0.078778 0.614867
v -0.190616 -0.039482 0.634997
v -0.184571 -0.021846 0.632345
v -0.180753 -0.001729 0.630193
v -0.179410 0.019648 0.629339
v -0.180753 0.041025 0.630193
v -0.184571 0.061142 0.632345
v -0.190616 0.078778 0.634997
v -0.184571 -0.042706 0.649502
v -0.177265 -0.023650 0.648018
v -0.172821 -0.002527 0.646676
v -0.171313 0.019648 0.646105
v -0.172821 0.041823 0.646676
v -0.177265 0.062946 0.648018
v -0.184571 0.082002 0.649502
v -0.180753 -0.045322 0.666049
v -0.172821 -0.025282 0.665393
v -0.168043 -0.003303 0.664754
v -0.166443 0.019648 0.664469
v -0.168043 0.042599 0.664754
v -0.172821 0.064578 0.665393
v -0.180753 0.084618 0.666049
v -0.179410 -0.046361 0.683631
v -0.171313 -0.025976 0.683631
v -0.166443 -0.003649 0.683631
v -0.164816 0.019648 0.683631
v -0.166443 0.042946 0.683631
v -0.171313 0.065272 0.683631
v -0.179410 0.085657 0.683631
v -0.180753 -0.045322 0.701214
v -0.172821 -0.025282 0.701870
v -0.168043 -0.003303 0.702508
v -0.166443 0.019648 0.702794
v -0.168043 0.042599 0.702508
v -0.172821 0.064578 0.701870
v -0.180753 0.084618 0.701214
v -0.184571 -0.042706 0.717760
v -0.177265 -0.023650 0.719244
v -0.172821 -0.002527 0.720586
v -0.171313 0.019648 0.721157
v -0.172821 0.041823 0.720586
v -0.177265 0.062946 0.719244
v -0.184571 0.082002 0.717760
v -0.190616 -0.039482 0.732266
v -0.184571 -0.021846 0.734918
v -0.180753 -0.001729 0.737069
v -0.179410 0.019648 0.737924
v -0.180753 0.041025 0.737069
v -0.184571 0.061142 0.734918
v -0.190616 0.078778 0.732266
v -0.210746 -0.039482 0.752396
v -0.208094 -0.021846 0.758441
v -0.205943 -0.001729 0.762259
v -0.205088 0.019648 0.763602
v -0.205943 0.041025 0.762259
v -0.208094 0.061142 0.758441
v -0.210746 0.078778 0.752396
v -0.225252 -0.042706 0.758441
v -0.223768 -0.023650 0.765747
v -0.222426 -0.002527 0.770191
v -0.221855 0.019648 0.771699
v -0.222426 0.041823 0.770191
v -0.223768 0.062946 0.765747
v -0.225252 0.082002 0.758441
v -0.241798 -0.045322 0.762259
v -0.241142 -0.025282 0.770191
v -0.240504 -0.003303 0.774969
v -0.240219 0.019648 0.776569
v -0.240504 0.042599 0.774969
v -0.241142 0.064578 0.770191
v -0.241798 0.084618 0.762259
v -0.259381 -0.046361 0.763602
v -0.259381 -0.025976 0.771699
v -0.259381 -0.003649 0.776569
v -0.259381 0.019648 0.778196
v -0.259381 0.042946 0.776569
v -0.259381 0.065272 0.771699
v -0.259381 0.085657 0.763602
v -0.276963 -0.045322 0.762259
v -0.277620 -0.025282 0.770191
v -0.278258 -0.003303 0.774969
v -0.278543 0.019648 0.776569
v -0.278258 0.042599 0.774969
v -0.277620 0.064578 0.770191
v -0.276963 0.084618 0.762259
v -0.293510 -0.042706 0.758441
v -0.294994 -0.023650 0.765747
v -0.296336 -0.002527 0.770191
v -0.296907 0.019648 0.771699
v -0.296336 0.041823 0.770191
v -0.294994 0.062946 0.765747
v -0.293510 0.082002 0.758441
v -0.308016 -0.039482 0.752396
v -0.310668 -0.021846 0.758441
v -0.312819 -0.001729 0.762259
v -0.313674 0.019648 0.763602
v -0.312819 0.041025 0.762259
v -0.310668 0.061142 0.758441
v -0.308016 0.078778 0.752396
v -0.308016 -0.063956 0.634997
v -0.293510 -0.071306 0.632345
v -0.276963 -0.075948 0.630193
v -0.259381 -0.077581 0.629339
v -0.241798 -0.075948 0.630193
v -0.225252 -0.071306 0.632345
v -0.210746 -0.063956 0.634997
v -0.310668 -0.071306 0.649502
v -0.294994 -0.080188 0.648018
v -0.277620 -0.085591 0.646676
v -0.259381 -0.087425 0.646105
v -0.241142 -0.085591 0.646676
v -0.223768 -0.080188 0.648018
v -0.208094 -0.071306 0.649502
v -0.312819 -0.075948 0.666049
v -0.296336 -0.085591 0.665393
v -0.278258 -0.091401 0.664754
v -0.259381 -0.093346 0.664469
v -0.240504 -0.091401 0.664754
v -0.222426 -0.085591 0.665393
v -0.205943 -0.075948 0.666049
v -0.313673 -0.077581 0.683631
v -0.296907 -0.087425 0.683631
v -0.278543 -0.093346 0.683631
v -0.259381 -0.095324 0.683631
v -0.240219 -0.093346 0.683631
v -0.221855 -0.087425 0.683631
v -0.205088 -0.077581 0.683631
v -0.312819 -0.075948 0.701214
v -0.296336 -0.085591 0.701870
v -0.278258 -0.091401 0.702508
v -0.259381 -0.093346 0.702794
v -0.240504 -0.091401 0.702508
v -0.222426 -0.085591 0.701870
v -0.205943 -0.075948 0.701214
v -0.310668 -0.071306 0.717760
v -0.294994 -0.080188 0.719244
v -0.277620 -0.085591 0.720586
v -0.259381 -0.087425 0.721157
v -0.241142 -0.085591 0.720586
v -0.223768 -0.080188 0.719244
v -0.208094 -0.071306 0.717760
v -0.308016 -0.063956 0.732266
v -0.293510 -0.071306 0.734918
v -0.276963 -0.075948 0.737069
v -0.259381 -0.077581 0.737924
v -0.241798 -0.075948 0.737069
v -0.225252 -0.071306 0.734918
v -0.210746 -0.063956 0.732266
v -0.210746 0.103252 0.634997
v -0.225252 0.110602 0.632345
v -0.241798 0.115244 0.630193
v -0.259381 0.116877 0.629339
v -0.276963 0.115244 0.630193
v -0.293510 0.110602 0.632345
v -0.308016 0.103252 0.634997
v -0.208094 0.110602 0.649502
v -0.223768 0.119484 0.648018
v -0.241142 0.124887 0.646676
v -0.259381 0.126721 0.646105
v -0.277620 0.124887 0.646676
v -0.294994 0.119484 0.648018
v -0.310668 0.110602 0.649502
v -0.205943 0.115244 0.666049
v -0.222426 0.124887 0.665393
v -0.240504 0.130697 0.664754
v -0.259381 0.132642 0.664469
v -0.278258 0.130697 0.664754
v -0.296336 0.124887 0.665393
v -0.312819 0.115244 0.666049
v -0.205088 0.116877 0.683631
v -0.221855 0.126721 0.683631
v -0.240219 0.132642 0.683631
v -0.259381 0.134620 0.683631
v -0.278543 0.132642 0.683631
v -0.296907 0.126721 0.683631
v -0.313674 0.116877 0.683631
v -0.205943 0.115244 0.701214
v -0.222426 0.124887 0.701870
v -0.240504 0.130697 0.702508
v -0.259381 0.132642 0.702794
v -0.278258 0.130697 0.702508
v -0.296336 0.124887 0.701870
v -0.312819 0.115244 0.701214
v -0.208094 0.110602 0.717760
v -0.223768 0.119484 0.719244
v -0.241142 0.124887 0.720586
v -0.259381 0.126721 0.721157
v -0.277620 0.124887 0.720586
v -0.294994 0.119484 0.719244
v -0.310668 0.110602 0.717760
v -0.210746 0.103252 0.732266
v -0.225252 0.110602 0.734918
v -0.241798 0.115244 0.737069
v -0.259381 0.116877 0.737924
v -0.276963 0.115244 0.737069
v -0.293510 0.110602 0.734918
v -0.308016 0.103252 0.732266
vn -0.7623 -0.4113 0.4997
vn -0.8933 -0.2859 0.3468
vn -0.8301 -0.4378 0.3454
vn -0.8097 -0.2773 0.5172
vn -0.9266 -0.1430 0.3477
vn -0.8380 -0.1424 0.5268
vn -0.9377 -0.0000 0.3476
vn -0.8380 0.1424 0.5268
vn -0.8481 -0.0000 0.5299
vn -0.8097 0.2773 0.5172
vn -0.9266 0.1430 0.3477
vn -0.7623 0.4113 0.4997
vn -0.8933 0.2859 0.3468
vn -0.9403 -0.2914 0.1760
vn -0.8727 -0.4538 0.1802
vn -0.9745 -0.1428 0.1730
vn -0.9852 -0.0000 0.1716
vn -0.9745 0.1428 0.1730
vn -0.8301 0.4378 0.3454
vn -0.9403 0.2914 0.1760
vn -0.9561 -0.2931 -0.0000
vn -0.8881 -0.4596 -0.0000
vn -0.9898 -0.1425 -0.0000
vn -1.0000 -0.0000 -0.0000
vn -0.9898 0.1425 -0.0000
vn -0.8727 0.4538 0.1802
vn -0.9561 0.2931 -0.0000
vn -0.8727 -0.4538 -0.1802
vn -0.9403 -0.2914 -0.1760
vn -0.9745 -0.1428 -0.1730
vn -0.9745 0.1428 -0.1730
vn -0.9852 -0.0000 -0.1716
vn -0.9403 0.2914 -0.1760
vn -0.8727 0.4538 -0.1802
vn -0.8301 -0.4378 -0.3454
vn -0.8933 -0.2859 -0.3467
vn -0.9266 -0.1430 -0.3477
vn -0.9266 0.1430 -0.3477
vn -0.9377 -0.0000 -0.3476
vn -0.8933 0.2859 -0.3468
vn -0.8301 0.4378 -0.3454
vn -0.7623 -0.4113 -0.4997
vn -0.8097 -0.2773 -0.5172
vn -0.8380 -0.1424 -0.5268
vn -0.8380 0.1424 -0.5268
vn -0.8481 -0.0000 -0.5299
vn -0.8097 0.2773 -0.5172
vn -0.7623 0.4113 -0.4997
vn -0.6114 -0.5023 0.6114
vn -0.6722 -0.5556 0.4894
vn -0.6512 -0.3897 0.6512
vn -0.6804 -0.2724 0.6804
vn -0.6999 -0.1420 0.6999
vn -0.6999 0.1420 0.6999
vn -0.7071 -0.0000 0.7071
vn -0.6804 0.2724 0.6804
vn -0.6512 0.3897 0.6512
vn -0.6114 0.5023 0.6114
vn -0.6722 0.5556 0.4894
vn -0.7210 0.5969 0.3520
vn -0.7565 0.6267 0.1868
vn -0.8881 0.4596 -0.0000
vn -0.7565 0.6267 -0.1868
vn -0.7210 0.5969 -0.3520
vn -0.6722 0.5556 -0.4894
vn -0.6114 0.5023 -0.6114
vn -0.6512 0.3897 -0.6512
vn -0.6804 0.2724 -0.6804
vn -0.6999 0.1420 -0.6999
vn -0.7071 -0.0000 -0.7071
vn -0.6999 -0.1420 -0.6999
vn -0.6804 -0.2724 -0.6804
vn -0.6512 -0.3897 -0.6512
vn -0.6114 -0.5023 -0.6114
vn -0.6722 -0.5556 -0.4894
vn -0.7210 -0.5969 -0.3520
vn -0.7565 -0.6267 -0.1868
vn -0.7699 -0.6382 -0.0000
vn -0.7565 -0.6267 0.1868
vn -0.7210 -0.5969 0.3520
vn -0.4997 -0.4113 -0.7623
vn -0.3468 -0.2859 -0.8933
vn -0.3454 -0.4378 -0.8301
vn -0.5172 -0.2773 -0.8097
vn -0.3477 -0.1430 -0.9266
vn -0.5268 -0.1424 -0.8380
vn -0.3476 -0.0000 -0.9377
vn -0.5268 0.1424 -0.8380
vn -0.5299 -0.0000 -0.8481
vn -0.5172 0.2773 -0.8097
vn -0.3477 0.1430 -0.9266
vn -0.4997 0.4113 -0.7623
vn -0.3468 0.2859 -0.8933
vn -0.1760 -0.2914 -0.9403
vn -0.1802 -0.4538 -0.8727
vn -0.1730 -0.1428 -0.9745
vn -0.1716 -0.0000 -0.9852
vn -0.1730 0.1428 -0.9745
vn -0.3454 0.4378 -0.8301
vn -0.1760 0.2914 -0.9403
vn -0.0000 -0.2931 -0.9561
vn -0.0000 -0.4596 -0.8881
vn -0.0000 -0.1425 -0.9898
vn -0.0000 -0.0000 -1.0000
vn -0.0000 0.1425 -0.9898
vn -0.1802 0.4538 -0.8727
vn -0.0000 0.2931 -0.9561
vn 0.1802 -0.4538 -0.8727
vn 0.1760 -0.2914 -0.9403
vn 0.1730 -0.1428 -0.9745
vn 0.1730 0.1428 -0.9745
vn 0.1716 -0.0000 -0.9852
vn 0.1760 0.2914 -0.9403
vn 0.1802 0.4538 -0.8727
vn 0.3454 -0.4378 -0.8301
vn 0.3467 -0.2859 -0.8933
vn 0.3477 -0.1430 -0.9266
vn 0.3477 0.1430 -0.9266
vn 0.3476 -0.0000 -0.9377
vn 0.3468 0.2859 -0.8933
vn 0.3454 0.4378 -0.8301
vn 0.4997 -0.4113 -0.7623
vn 0.5172 -0.2773 -0.8097
vn 0.5268 -0.1424 -0.8380
vn 0.5268 0.1424 -0.8380
vn 0.5299 -0.0000 -0.8481
vn 0.5172 0.2773 -0.8097
vn 0.4997 0.4113 -0.7623
vn -0.4894 -0.5556 -0.6722
vn -0.4894 0.5556 -0.6722
vn -0.3520 0.5969 -0.7210
vn -0.1868 0.6267 -0.7565
vn -0.0000 0.4596 -0.8881
vn 0.1868 0.6267 -0.7565
vn 0.3520 0.5969 -0.7210
vn 0.4894 0.5556 -0.6722
vn 0.6114 0.5023 -0.6114
vn 0.6512 0.3897 -0.6512
vn 0.6804 0.2724 -0.6804
vn 0.6999 0.1420 -0.6999
vn 0.7071 -0.0000 -0.7071
vn 0.6999 -0.1420 -0.6999
vn 0.6804 -0.2724 -0.6804
vn 0.6512 -0.3897 -0.6512
vn 0.6114 -0.5023 -0.6114
vn 0.4894 -0.5556 -0.6722
vn 0.3520 -0.5969 -0.7210
vn 0.1868 -0.6267 -0.7565
vn -0.0000 -0.6382 -0.7699
vn -0.1868 -0.6267 -0.7565
vn -0.3520 -0.5969 -0.7210
vn 0.7623 -0.4113 -0.4997
vn 0.8933 -0.2859 -0.3468
vn 0.8301 -0.4378 -0.3454
vn 0.8097 -0.2773 -0.5172
vn 0.9266 -0.1430 -0.3477
vn 0.8380 -0.1424 -0.5268
vn 0.9377 -0.0000 -0.3476
vn 0.8380 0.1424 -0.5268
vn 0.8481 -0.0000 -0.5299
vn 0.8097 0.2773 -0.5172
vn 0.9266 0.1430 -0.3477
vn 0.7623 0.4113 -0.4997
vn 0.8933 0.2859 -0.3467
vn 0.9403 -0.2914 -0.1760
vn 0.8727 -0.4538 -0.1802
vn 0.9745 -0.1428 -0.1730
vn 0.9852 -0.0000 -0.1716
vn 0.9745 0.1428 -0.1730
vn 0.8301 0.4378 -0.3454
vn 0.9403 0.2914 -0.1760
vn 0.9561 -0.2931 -0.0000
vn 0.8881 -0.4596 -0.0000
vn 0.9898 -0.1425 -0.0000
vn 1.0000 -0.0000 -0.0000
vn 0.9898 0.1425 -0.0000
vn 0.8727 0.4538 -0.1802
vn 0.9561 0.2931 -0.0000
vn 0.8727 -0.4538 0.1802
vn 0.9403 -0.2914 0.1760
vn 0.9745 -0.1428 0.1730
vn 0.9745 0.1428 0.1730
vn 0.9852 -0.0000 0.1716
vn 0.9403 0.2914 0.1760
vn 0.8727 0.4538 0.1802
vn 0.8301 -0.4378 0.3454
vn 0.8933 -0.2859 0.3468
vn 0.9266 -0.1430 0.3477
vn 0.9266 0.1430 0.3477
vn 0.9377 -0.0000 0.3476
vn 0.8933 0.2859 0.3468
vn 0.8301 0.4378 0.3454
vn 0.7623 -0.4113 0.4997
vn 0.8097 -0.2773 0.5172
vn 0.8380 -0.1424 0.5268
vn 0.8380 0.1424 0.5268
vn 0.8481 -0.0000 0.5299
vn 0.8097 0.2773 0.5172
vn 0.7623 0.4113 0.4997
vn 0.6722 -0.5556 -0.4894
vn 0.6722 0.5556 -0.4894
vn 0.7210 0.5969 -0.3520
vn 0.7565 0.6267 -0.1868
vn 0.8881 0.4596 -0.0000
vn 0.7565 0.6267 0.1868
vn 0.7210 0.5969 0.3520
vn 0.6722 0.5556 0.4894
vn 0.6114 0.5023 0.6114
vn 0.6512 0.3897 0.6512
vn 0.6804 0.2724 0.6804
vn 0.6999 0.1420 0.6999
vn 0.7071 -0.0000 0.7071
vn 0.6999 -0.1420 0.6999
vn 0.6804 -0.2724 0.6804
vn 0.6512 -0.3897 0.6512
vn 0.6114 -0.5023 0.6114
vn 0.6722 -0.5556 0.4894
vn 0.7210 -0.5969 0.3520
vn 0.7565 -0.6267 0.1868
vn 0.7699 -0.6382 -0.0000
vn 0.7565 -0.6267 -0.1868
vn 0.7210 -0.5969 -0.3520
vn 0.4997 -0.4113 0.7623
vn 0.3468 -0.2859 0.8933
vn 0.3454 -0.4378 0.8301
vn 0.5172 -0.2773 0.8097
vn 0.3477 -0.1430 0.9266
vn 0.5268 -0.1424 0.8380
vn 0.3476 -0.0000 0.9377
vn 0.5268 0.1424 0.8380
vn 0.5299 -0.0000 0.8481
vn 0.5172 0.2773 0.8097
vn 0.3477 0.1430 0.9266
vn 0.4997 0.4113 0.7623
vn 0.3468 0.2859 0.8933
vn 0.1760 -0.2914 0.9403
vn 0.1802 -0.4538 0.8727
vn 0.1730 -0.1428 0.9745
vn 0.1716 -0.0000 0.9852
vn 0.1730 0.1428 0.9745
vn 0.3454 0.4378 0.8301
vn 0.1760 0.2914 0.9403
vn -0.0000 -0.2931 0.9561
vn -0.0000 -0.4596 0.8881
vn -0.0000 -0.1425 0.9898
vn -0.0000 -0.0000 1.0000
vn -0.0000 0.1425 0.9898
vn 0.1802 0.4538 0.8727
vn -0.0000 0.2931 0.9561
vn -0.1802 -0.4538 0.8727
vn -0.1760 -0.2914 0.9403
vn -0.1730 -0.1428 0.9745
vn -0.1730 0.1428 0.9745
vn -0.1716 -0.0000 0.9852
vn -0.1760 0.2914 0.9403
vn -0.1802 0.4538 0.8727
vn -0.3454 -0.4378 0.8301
vn -0.3467 -0.2859 0.8933
vn -0.3477 -0.1430 0.9266
vn -0.3477 0.1430 0.9266
vn -0.3476 -0.0000 0.9377
vn -0.3468 0.2859 0.8933
vn -0.3454 0.4378 0.8301
vn -0.4997 -0.4113 0.7623
vn -0.5172 -0.2773 0.8097
vn -0.5268 -0.1424 0.8380
vn -0.5268 0.1424 0.8380
vn -0.5299 -0.0000 0.8481
vn -0.5172 0.2773 0.8097
vn -0.4997 0.4113 0.7623
vn 0.4894 -0.5556 0.6722
vn 0.4894 0.5556 0.6722
vn 0.3520 0.5969 0.7210
vn 0.1868 0.6267 0.7565
vn -0.0000 0.4596 0.8881
vn -0.1868 0.6267 0.7565
vn -0.3520 0.5969 0.7210
vn -0.4894 0.5556 0.6722
vn -0.4894 -0.5556 0.6722
vn -0.3520 -0.5969 0.7210
vn -0.1868 -0.6267 0.7565
vn -0.0000 -0.6382 0.7699
vn 0.1868 -0.6267 0.7565
vn 0.3520 -0.5969 0.7210
vn -0.3708 -0.7352 -0.5674
vn -0.5674 -0.7352 -0.3708
vn -0.5279 -0.6652 -0.5279
vn -0.2016 -0.8921 -0.4043
vn -0.3911 -0.8331 -0.3911
vn -0.1948 -0.7815 -0.5928
vn -0.0000 -0.9127 -0.4087
vn 0.1948 -0.7815 -0.5928
vn -0.0000 -0.7986 -0.6018
vn 0.3708 -0.7352 -0.5674
vn 0.2016 -0.8921 -0.4043
vn 0.5674 -0.7352 -0.3708
vn 0.3911 -0.8331 -0.3911
vn -0.4043 -0.8921 -0.2016
vn -0.5928 -0.7815 -0.1948
vn -0.2052 -0.9569 -0.2052
vn -0.0000 -0.9785 -0.2061
vn 0.2052 -0.9569 -0.2052
vn 0.4043 -0.8921 -0.2016
vn -0.4087 -0.9127 -0.0000
vn -0.6018 -0.7986 -0.0000
vn -0.2061 -0.9785 -0.0000
vn -0.0000 -1.0000 -0.0000
vn 0.2061 -0.9785 -0.0000
vn 0.5928 -0.7815 -0.1948
vn 0.4087 -0.9127 -0.0000
vn -0.5928 -0.7815 0.1948
vn -0.4043 -0.8921 0.2016
vn -0.2052 -0.9569 0.2052
vn 0.2052 -0.9569 0.2052
vn -0.0000 -0.9785 0.2061
vn 0.4043 -0.8921 0.2016
vn 0.5928 -0.7815 0.1948
vn -0.5674 -0.7352 0.3708
vn -0.3911 -0.8331 0.3911
vn -0.2016 -0.8921 0.4043
vn 0.2016 -0.8921 0.4043
vn -0.0000 -0.9127 0.4087
vn 0.3911 -0.8331 0.3911
vn 0.5674 -0.7352 0.3708
vn -0.3708 -0.7352 0.5674
vn -0.5279 -0.6652 0.5279
vn -0.1948 -0.7815 0.5928
vn 0.1948 -0.7815 0.5928
vn -0.0000 -0.7986 0.6018
vn 0.3708 -0.7352 0.5674
vn 0.5279 -0.6652 -0.5279
vn 0.6018 -0.7986 -0.0000
vn 0.5279 -0.6652 0.5279
vn 0.3708 0.7352 -0.5674
vn 0.5674 0.7352 -0.3708
vn 0.5279 0.6652 -0.5279
vn 0.2016 0.8921 -0.4043
vn 0.3911 0.8331 -0.3911
vn 0.1948 0.7815 -0.5928
vn -0.0000 0.9127 -0.4087
vn -0.1948 0.7815 -0.5928
vn -0.0000 0.7986 -0.6018
vn -0.3708 0.7352 -0.5674
vn -0.2016 0.8921 -0.4043
vn -0.5674 0.7352 -0.3708
vn -0.3911 0.8331 -0.3911
vn 0.4043 0.8921 -0.2016
vn 0.5928 0.7815 -0.1948
vn 0.2052 0.9569 -0.2052
vn -0.0000 0.9785 -0.2061
vn -0.2052 0.9569 -0.2052
vn -0.4043 0.8921 -0.2016
vn 0.4087 0.9127 -0.0000
vn 0.6018 0.7986 -0.0000
vn 0.2061 0.9785 -0.0000
vn -0.0000 1.0000 -0.0000
vn -0.2061 0.9785 -0.0000
vn -0.5928 0.7815 -0.1948
vn -0.4087 0.9127 -0.0000
vn 0.5928 0.7815 0.1948
vn 0.4043 0.8921 0.2016
vn 0.2052 0.9569 0.2052
vn -0.2052 0.9569 0.2052
vn -0.0000 0.9785 0.2061
vn -0.4043 0.8921 0.2016
vn -0.5928 0.7815 0.1948
vn 0.5674 0.7352 0.3708
vn 0.3911 0.8331 0.3911
vn 0.2016 0.8921 0.4043
vn -0.2016 0.8921 0.4043
vn -0.0000 0.9127 0.4087
vn -0.3911 0.8331 0.3911
vn -0.5674 0.7352 0.3708
vn 0.3708 0.7352 0.5674
vn 0.5279 0.6652 0.5279
vn 0.1948 0.7815 0.5928
vn -0.1948 0.7815 0.5928
vn -0.0000 0.7986 0.6018
vn -0.3708 0.7352 0.5674
vn -0.0000 0.6382 -0.7699
vn -0.5279 0.6652 -0.5279
vn -0.7699 0.6382 -0.0000
vn -0.6018 0.7986 -0.0000
vn -0.5279 0.6652 0.5279
vn -0.0000 0.6382 0.7699
vn 0.7699 0.6382 -0.0000
vt 0.406250 0.031250
vt 0.437500 0.062500
vt 0.406250 0.062500
vt 0.437500 0.031250
vt 0.468750 0.062500
vt 0.468750 0.031250
vt 0.500000 0.062500
vt 0.531250 0.031250
vt 0.500000 0.031250
vt 0.562500 0.031250
vt 0.531250 0.062500
vt 0.593750 0.031250
vt 0.562500 0.062500
vt 0.437500 0.093750
vt 0.406250 0.093750
vt 0.468750 0.093750
vt 0.500000 0.093750
vt 0.531250 0.093750
vt 0.593750 0.062500
vt 0.562500 0.093750
vt 0.437500 0.125000
vt 0.406250 0.125000
vt 0.468750 0.125000
vt 0.500000 0.125000
vt 0.531250 0.125000
vt 0.593750 0.093750
vt 0.562500 0.125000
vt 0.406250 0.156250
vt 0.437500 0.156250
vt 0.468750 0.156250
vt 0.531250 0.156250
vt 0.500000 0.156250
vt 0.562500 0.156250
vt 0.593750 0.156250
vt 0.406250 0.187500
vt 0.437500 0.187500
vt 0.468750 0.187500
vt 0.531250 0.187500
vt 0.500000 0.187500
vt 0.562500 0.187500
vt 0.593750 0.187500
vt 0.406250 0.218750
vt 0.437500 0.218750
vt 0.468750 0.218750
vt 0.531250 0.218750
vt 0.500000 0.218750
vt 0.562500 0.218750
vt 0.593750 0.218750
vt 0.375000 0.000000
vt 0.375000 0.031250
vt 0.406250 0.000000
vt 0.437500 0.000000
vt 0.468750 0.000000
vt 0.531250 0.000000
vt 0.500000 0.000000
vt 0.562500 0.000000
vt 0.593750 0.000000
vt 0.625000 0.000000
vt 0.625000 0.031250
vt 0.625000 0.062500
vt 0.625000 0.093750
vt 0.593750 0.125000
vt 0.625000 0.156250
vt 0.625000 0.187500
vt 0.625000 0.218750
vt 0.625000 0.250000
vt 0.593750 0.250000
vt 0.562500 0.250000
vt 0.531250 0.250000
vt 0.500000 0.250000
vt 0.468750 0.250000
vt 0.437500 0.250000
vt 0.406250 0.250000
vt 0.375000 0.250000
vt 0.375000 0.218750
vt 0.375000 0.187500
vt 0.375000 0.156250
vt 0.375000 0.125000
vt 0.375000 0.093750
vt 0.375000 0.062500
vt 0.406250 0.281250
vt 0.437500 0.312500
vt 0.406250 0.312500
vt 0.437500 0.281250
vt 0.468750 0.312500
vt 0.468750 0.281250
vt 0.500000 0.312500
vt 0.531250 0.281250
vt 0.500000 0.281250
vt 0.562500 0.281250
vt 0.531250 0.312500
vt 0.593750 0.281250
vt 0.562500 0.312500
vt 0.437500 0.343750
vt 0.406250 0.343750
vt 0.468750 0.343750
vt 0.500000 0.343750
vt 0.531250 0.343750
vt 0.593750 0.312500
vt 0.562500 0.343750
vt 0.437500 0.375000
vt 0.406250 0.375000
vt 0.468750 0.375000
vt 0.500000 0.375000
vt 0.531250 0.375000
vt 0.593750 0.343750
vt 0.562500 0.375000
vt 0.406250 0.406250
vt 0.437500 0.406250
vt 0.468750 0.406250
vt 0.531250 0.406250
vt 0.500000 0.406250
vt 0.562500 0.406250
vt 0.593750 0.406250
vt 0.406250 0.437500
vt 0.437500 0.437500
vt 0.468750 0.437500
vt 0.531250 0.437500
vt 0.500000 0.437500
vt 0.562500 0.437500
vt 0.593750 0.437500
vt 0.406250 0.468750
vt 0.437500 0.468750
vt 0.468750 0.468750
vt 0.531250 0.468750
vt 0.500000 0.468750
vt 0.562500 0.468750
vt 0.593750 0.468750
vt 0.375000 0.281250
vt 0.625000 0.281250
vt 0.625000 0.312500
vt 0.625000 0.343750
vt 0.593750 0.375000
vt 0.625000 0.406250
vt 0.625000 0.437500
vt 0.625000 0.468750
vt 0.625000 0.500000
vt 0.593750 0.500000
vt 0.562500 0.500000
vt 0.531250 0.500000
vt 0.500000 0.500000
vt 0.468750 0.500000
vt 0.437500 0.500000
vt 0.406250 0.500000
vt 0.375000 0.500000
vt 0.375000 0.468750
vt 0.375000 0.437500
vt 0.375000 0.406250
vt 0.375000 0.375000
vt 0.375000 0.343750
vt 0.375000 0.312500
vt 0.406250 0.531250
vt 0.437500 0.562500
vt 0.406250 0.562500
vt 0.437500 0.531250
vt 0.468750 0.562500
vt 0.468750 0.531250
vt 0.500000 0.562500
vt 0.531250 0.531250
vt 0.500000 0.531250
vt 0.562500 0.531250
vt 0.531250 0.562500
vt 0.593750 0.531250
vt 0.562500 0.562500
vt 0.437500 0.593750
vt 0.406250 0.593750
vt 0.468750 0.593750
vt 0.500000 0.593750
vt 0.531250 0.593750
vt 0.593750 0.562500
vt 0.562500 0.593750
vt 0.437500 0.625000
vt 0.406250 0.625000
vt 0.468750 0.625000
vt 0.500000 0.625000
vt 0.531250 0.625000
vt 0.593750 0.593750
vt 0.562500 0.625000
vt 0.406250 0.656250
vt 0.437500 0.656250
vt 0.468750 0.656250
vt 0.531250 0.656250
vt 0.500000 0.656250
vt 0.562500 0.656250
vt 0.593750 0.656250
vt 0.406250 0.687500
vt 0.437500 0.687500
vt 0.468750 0.687500
vt 0.531250 0.687500
vt 0.500000 0.687500
vt 0.562500 0.687500
vt 0.593750 0.687500
vt 0.406250 0.718750
vt 0.437500 0.718750
vt 0.468750 0.718750
vt 0.531250 0.718750
vt 0.500000 0.718750
vt 0.562500 0.718750
vt 0.593750 0.718750
vt 0.375000 0.531250
vt 0.625000 0.531250
vt 0.625000 0.562500
vt 0.625000 0.593750
vt 0.593750 0.625000
vt 0.625000 0.656250
vt 0.625000 0.687500
vt 0.625000 0.718750
vt 0.625000 0.750000
vt 0.593750 0.750000
vt 0.562500 0.750000
vt 0.531250 0.750000
vt 0.500000 0.750000
vt 0.468750 0.750000
vt 0.437500 0.750000
vt 0.406250 0.750000
vt 0.375000 0.750000
vt 0.375000 0.718750
vt 0.375000 0.687500
vt 0.375000 0.656250
vt 0.375000 0.625000
vt 0.375000 0.593750
vt 0.375000 0.562500
vt 0.406250 0.781250
vt 0.437500 0.812500
vt 0.406250 0.812500
vt 0.437500 0.781250
vt 0.468750 0.812500
vt 0.468750 0.781250
vt 0.500000 0.812500
vt 0.531250 0.781250
vt 0.500000 0.781250
vt 0.562500 0.781250
vt 0.531250 0.812500
vt 0.593750 0.781250
vt 0.562500 0.812500
vt 0.437500 0.843750
vt 0.406250 0.843750
vt 0.468750 0.843750
vt 0.500000 0.843750
vt 0.531250 0.843750
vt 0.593750 0.812500
vt 0.562500 0.843750
vt 0.437500 0.875000
vt 0.406250 0.875000
vt 0.468750 0.875000
vt 0.500000 0.875000
vt 0.531250 0.875000
vt 0.593750 0.843750
vt 0.562500 0.875000
vt 0.406250 0.906250
vt 0.437500 0.906250
vt 0.468750 0.906250
vt 0.531250 0.906250
vt 0.500000 0.906250
vt 0.562500 0.906250
vt 0.593750 0.906250
vt 0.406250 0.937500
vt 0.437500 0.937500
vt 0.468750 0.937500
vt 0.531250 0.937500
vt 0.500000 0.937500
vt 0.562500 0.937500
vt 0.593750 0.937500
vt 0.406250 0.968750
vt 0.437500 0.968750
vt 0.468750 0.968750
vt 0.531250 0.968750
vt 0.500000 0.968750
vt 0.562500 0.968750
vt 0.593750 0.968750
vt 0.375000 0.781250
vt 0.625000 0.781250
vt 0.625000 0.812500
vt 0.625000 0.843750
vt 0.593750 0.875000
vt 0.625000 0.906250
vt 0.625000 0.937500
vt 0.625000 0.968750
vt 0.625000 1.000000
vt 0.593750 1.000000
vt 0.562500 1.000000
vt 0.531250 1.000000
vt 0.500000 1.000000
vt 0.468750 1.000000
vt 0.437500 1.000000
vt 0.406250 1.000000
vt 0.375000 1.000000
vt 0.375000 0.968750
vt 0.375000 0.937500
vt 0.375000 0.906250
vt 0.375000 0.875000
vt 0.375000 0.843750
vt 0.375000 0.812500
vt 0.187500 0.531250
vt 0.156250 0.562500
vt 0.156250 0.531250
vt 0.218750 0.562500
vt 0.187500 0.562500
vt 0.218750 0.531250
vt 0.250000 0.562500
vt 0.281250 0.531250
vt 0.250000 0.531250
vt 0.312500 0.531250
vt 0.281250 0.562500
vt 0.343750 0.562500
vt 0.312500 0.562500
vt 0.187500 0.593750
vt 0.156250 0.593750
vt 0.218750 0.593750
vt 0.250000 0.593750
vt 0.281250 0.593750
vt 0.312500 0.593750
vt 0.187500 0.625000
vt 0.156250 0.625000
vt 0.218750 0.625000
vt 0.250000 0.625000
vt 0.281250 0.625000
vt 0.343750 0.593750
vt 0.312500 0.625000
vt 0.156250 0.656250
vt 0.187500 0.656250
vt 0.218750 0.656250
vt 0.281250 0.656250
vt 0.250000 0.656250
vt 0.312500 0.656250
vt 0.343750 0.656250
vt 0.156250 0.687500
vt 0.187500 0.687500
vt 0.218750 0.687500
vt 0.281250 0.687500
vt 0.250000 0.687500
vt 0.312500 0.687500
vt 0.343750 0.687500
vt 0.187500 0.718750
vt 0.156250 0.718750
vt 0.218750 0.718750
vt 0.281250 0.718750
vt 0.250000 0.718750
vt 0.312500 0.718750
vt 0.125000 0.500000
vt 0.125000 0.531250
vt 0.187500 0.500000
vt 0.156250 0.500000
vt 0.218750 0.500000
vt 0.250000 0.500000
vt 0.281250 0.500000
vt 0.312500 0.500000
vt 0.343750 0.531250
vt 0.343750 0.500000
vt 0.343750 0.625000
vt 0.343750 0.718750
vt 0.343750 0.750000
vt 0.312500 0.750000
vt 0.281250 0.750000
vt 0.250000 0.750000
vt 0.218750 0.750000
vt 0.187500 0.750000
vt 0.156250 0.750000
vt 0.125000 0.750000
vt 0.125000 0.718750
vt 0.125000 0.687500
vt 0.125000 0.656250
vt 0.125000 0.625000
vt 0.125000 0.593750
vt 0.125000 0.562500
vt 0.687500 0.531250
vt 0.656250 0.562500
vt 0.656250 0.531250
vt 0.718750 0.562500
vt 0.687500 0.562500
vt 0.718750 0.531250
vt 0.750000 0.562500
vt 0.781250 0.531250
vt 0.750000 0.531250
vt 0.812500 0.531250
vt 0.781250 0.562500
vt 0.843750 0.562500
vt 0.812500 0.562500
vt 0.687500 0.593750
vt 0.656250 0.593750
vt 0.718750 0.593750
vt 0.750000 0.593750
vt 0.781250 0.593750
vt 0.812500 0.593750
vt 0.687500 0.625000
vt 0.656250 0.625000
vt 0.718750 0.625000
vt 0.750000 0.625000
vt 0.781250 0.625000
vt 0.843750 0.593750
vt 0.812500 0.625000
vt 0.656250 0.656250
vt 0.687500 0.656250
vt 0.718750 0.656250
vt 0.781250 0.656250
vt 0.750000 0.656250
vt 0.812500 0.656250
vt 0.843750 0.656250
vt 0.656250 0.687500
vt 0.687500 0.687500
vt 0.718750 0.687500
vt 0.781250 0.687500
vt 0.750000 0.687500
vt 0.812500 0.687500
vt 0.843750 0.687500
vt 0.687500 0.718750
vt 0.656250 0.718750
vt 0.718750 0.718750
vt 0.781250 0.718750
vt 0.750000 0.718750
vt 0.812500 0.718750
vt 0.687500 0.500000
vt 0.656250 0.500000
vt 0.718750 0.500000
vt 0.750000 0.500000
vt 0.781250 0.500000
vt 0.812500 0.500000
vt 0.843750 0.531250
vt 0.875000 0.500000
vt 0.843750 0.500000
vt 0.875000 0.562500
vt 0.875000 0.593750
vt 0.875000 0.625000
vt 0.843750 0.625000
vt 0.875000 0.656250
vt 0.875000 0.687500
vt 0.843750 0.718750
vt 0.875000 0.750000
vt 0.843750 0.750000
vt 0.812500 0.750000
vt 0.781250 0.750000
vt 0.750000 0.750000
vt 0.718750 0.750000
vt 0.687500 0.750000
vt 0.656250 0.750000
vt 0.625000 0.625000
vt 0.625000 0.125000
vt 0.625000 0.375000
vt 0.625000 0.875000
vt 0.875000 0.531250
vt 0.875000 0.718750
s 1
usemtl GhostEye
f 5219/5229/5087 5227/5230/5088 5226/5231/5089
f 5220/5232/5090 5228/5233/5091 5227/5230/5088
f 5221/5234/5092 5229/5235/5093 5228/5233/5091
f 5223/5236/5094 5229/5235/5093 5222/5237/5095
f 5224/5238/5096 5230/5239/5097 5223/5236/5094
f 5225/5240/5098 5231/5241/5099 5224/5238/5096
f 5226/5231/5089 5234/5242/5100 5233/5243/5101
f 5227/5230/5088 5235/5244/5102 5234/5242/5100
f 5228/5233/5091 5236/5245/5103 5235/5244/5102
f 5230/5239/5097 5236/5245/5103 5229/5235/5093
f 5231/5241/5099 5237/5246/5104 5230/5239/5097
f 5232/5247/5105 5238/5248/5106 5231/5241/5099
f 5233/5243/5101 5241/5249/5107 5240/5250/5108
f 5234/5242/5100 5242/5251/5109 5241/5249/5107
f 5235/5244/5102 5243/5252/5110 5242/5251/5109
f 5237/5246/5104 5243/5252/5110 5236/5245/5103
f 5238/5248/5106 5244/5253/5111 5237/5246/5104
f 5239/5254/5112 5245/5255/5113 5238/5248/5106
f 5241/5249/5107 5247/5256/5114 5240/5250/5108
f 5242/5251/5109 5248/5257/5115 5241/5249/5107
f 5243/5252/5110 5249/5258/5116 5242/5251/5109
f 5243/5252/5110 5251/5259/5117 5250/5260/5118
f 5244/5253/5111 5252/5261/5119 5251/5259/5117
f 5245/5255/5113 5253/5262/5120 5252/5261/5119
f 5248/5257/5115 5254/5263/5121 5247/5256/5114
f 5249/5258/5116 5255/5264/5122 5248/5257/5115
f 5250/5260/5118 5256/5265/5123 5249/5258/5116
f 5250/5260/5118 5258/5266/5124 5257/5267/5125
f 5251/5259/5117 5259/5268/5126 5258/5266/5124
f 5252/5261/5119 5260/5269/5127 5259/5268/5126
f 5255/5264/5122 5261/5270/5128 5254/5263/5121
f 5256/5265/5123 5262/5271/5129 5255/5264/5122
f 5257/5267/5125 5263/5272/5130 5256/5265/5123
f 5257/5267/5125 5265/5273/5131 5264/5274/5132
f 5258/5266/5124 5266/5275/5133 5265/5273/5131
f 5259/5268/5126 5267/5276/5134 5266/5275/5133
f 5127/5277/5135 5219/5229/5087 5141/5278/5136
f 5142/5279/5137 5220/5232/5090 5219/5229/5087
f 5143/5280/5138 5221/5234/5092 5220/5232/5090
f 5144/5281/5139 5222/5237/5095 5221/5234/5092
f 5146/5282/5140 5222/5237/5095 5145/5283/5141
f 5147/5284/5142 5223/5236/5094 5146/5282/5140
f 5148/5285/5143 5224/5238/5096 5147/5284/5142
f 5128/5286/5144 5225/5240/5098 5148/5285/5143
f 5149/5287/5145 5232/5247/5105 5225/5240/5098
f 5150/5288/5146 5239/5254/5112 5232/5247/5105
f 5151/5289/5147 5246/5290/5148 5239/5254/5112
f 5246/5290/5148 5153/5291/5149 5253/5262/5120
f 5253/5262/5120 5154/5292/5150 5260/5269/5127
f 5260/5269/5127 5155/5293/5151 5267/5276/5134
f 5267/5276/5134 5130/5294/5152 5156/5295/5153
f 5266/5275/5133 5156/5295/5153 5157/5296/5154
f 5265/5273/5131 5157/5296/5154 5158/5297/5155
f 5264/5274/5132 5158/5297/5155 5159/5298/5156
f 5264/5274/5132 5160/5299/5157 5263/5272/5130
f 5263/5272/5130 5161/5300/5158 5262/5271/5129
f 5262/5271/5129 5162/5301/5159 5261/5270/5128
f 5261/5270/5128 5129/5302/5160 5135/5303/5161
f 5254/5263/5121 5135/5303/5161 5136/5304/5162
f 5247/5256/5114 5136/5304/5162 5137/5305/5163
f 5240/5250/5108 5137/5305/5163 5138/5306/5164
f 5139/5307/5165 5240/5250/5108 5138/5306/5164
f 5140/5308/5166 5233/5243/5101 5139/5307/5165
f 5141/5278/5136 5226/5231/5089 5140/5308/5166
f 5268/5309/5167 5276/5310/5168 5275/5311/5169
f 5269/5312/5170 5277/5313/5171 5276/5310/5168
f 5270/5314/5172 5278/5315/5173 5277/5313/5171
f 5272/5316/5174 5278/5315/5173 5271/5317/5175
f 5273/5318/5176 5279/5319/5177 5272/5316/5174
f 5274/5320/5178 5280/5321/5179 5273/5318/5176
f 5275/5311/5169 5283/5322/5180 5282/5323/5181
f 5276/5310/5168 5284/5324/5182 5283/5322/5180
f 5277/5313/5171 5285/5325/5183 5284/5324/5182
f 5279/5319/5177 5285/5325/5183 5278/5315/5173
f 5280/5321/5179 5286/5326/5184 5279/5319/5177
f 5281/5327/5185 5287/5328/5186 5280/5321/5179
f 5282/5323/5181 5290/5329/5187 5289/5330/5188
f 5283/5322/5180 5291/5331/5189 5290/5329/5187
f 5284/5324/5182 5292/5332/5190 5291/5331/5189
f 5286/5326/5184 5292/5332/5190 5285/5325/5183
f 5287/5328/5186 5293/5333/5191 5286/5326/5184
f 5288/5334/5192 5294/5335/5193 5287/5328/5186
f 5290/5329/5187 5296/5336/5194 5289/5330/5188
f 5291/5331/5189 5297/5337/5195 5290/5329/5187
f 5292/5332/5190 5298/5338/5196 5291/5331/5189
f 5292/5332/5190 5300/5339/5197 5299/5340/5198
f 5293/5333/5191 5301/5341/5199 5300/5339/5197
f 5294/5335/5193 5302/5342/5200 5301/5341/5199
f 5297/5337/5195 5303/5343/5201 5296/5336/5194
f 5298/5338/5196 5304/5344/5202 5297/5337/5195
f 5299/5340/5198 5305/5345/5203 5298/5338/5196
f 5299/5340/5198 5307/5346/5204 5306/5347/5205
f 5300/5339/5197 5308/5348/5206 5307/5346/5204
f 5301/5341/5199 5309/5349/5207 5308/5348/5206
f 5304/5344/5202 5310/5350/5208 5303/5343/5201
f 5305/5345/5203 5311/5351/5209 5304/5344/5202
f 5306/5347/5205 5312/5352/5210 5305/5345/5203
f 5306/5347/5205 5314/5353/5211 5313/5354/5212
f 5307/5346/5204 5315/5355/5213 5314/5353/5211
f 5308/5348/5206 5316/5356/5214 5315/5355/5213
f 5129/5302/5160 5268/5309/5167 5169/5357/5215
f 5162/5301/5159 5269/5312/5170 5268/5309/5167
f 5161/5300/5158 5270/5314/5172 5269/5312/5170
f 5160/5299/5157 5271/5317/5175 5270/5314/5172
f 5158/5297/5155 5271/5317/5175 5159/5298/5156
f 5157/5296/5154 5272/5316/5174 5158/5297/5155
f 5156/5295/5153 5273/5318/5176 5157/5296/5154
f 5130/5294/5152 5274/5320/5178 5156/5295/5153
f 5170/5358/5216 5281/5327/5185 5274/5320/5178
f 5171/5359/5217 5288/5334/5192 5281/5327/5185
f 5172/5360/5218 5295/5361/5219 5288/5334/5192
f 5295/5361/5219 5174/5362/5220 5302/5342/5200
f 5302/5342/5200 5175/5363/5221 5309/5349/5207
f 5309/5349/5207 5176/5364/5222 5316/5356/5214
f 5316/5356/5214 5134/5365/5223 5177/5366/5224
f 5315/5355/5213 5177/5366/5224 5178/5367/5225
f 5314/5353/5211 5178/5367/5225 5179/5368/5226
f 5313/5354/5212 5179/5368/5226 5180/5369/5227
f 5313/5354/5212 5181/5370/5228 5312/5352/5210
f 5312/5352/5210 5182/5371/5229 5311/5351/5209
f 5311/5351/5209 5183/5372/5230 5310/5350/5208
f 5310/5350/5208 5133/5373/5231 5163/5374/5232
f 5303/5343/5201 5163/5374/5232 5164/5375/5233
f 5296/5336/5194 5164/5375/5233 5165/5376/5234
f 5289/5330/5188 5165/5376/5234 5166/5377/5235
f 5167/5378/5236 5289/5330/5188 5166/5377/5235
f 5168/5379/5237 5282/5323/5181 5167/5378/5236
f 5169/5357/5215 5275/5311/5169 5168/5379/5237
f 5317/5380/5238 5325/5381/5239 5324/5382/5240
f 5318/5383/5241 5326/5384/5242 5325/5381/5239
f 5319/5385/5243 5327/5386/5244 5326/5384/5242
f 5321/5387/5245 5327/5386/5244 5320/5388/5246
f 5322/5389/5247 5328/5390/5248 5321/5387/5245
f 5323/5391/5249 5329/5392/5250 5322/5389/5247
f 5324/5382/5240 5332/5393/5251 5331/5394/5252
f 5325/5381/5239 5333/5395/5253 5332/5393/5251
f 5326/5384/5242 5334/5396/5254 5333/5395/5253
f 5328/5390/5248 5334/5396/5254 5327/5386/5244
f 5329/5392/5250 5335/5397/5255 5328/5390/5248
f 5330/5398/5256 5336/5399/5257 5329/5392/5250
f 5331/5394/5252 5339/5400/5258 5338/5401/5259
f 5332/5393/5251 5340/5402/5260 5339/5400/5258
f 5333/5395/5253 5341/5403/5261 5340/5402/5260
f 5335/5397/5255 5341/5403/5261 5334/5396/5254
f 5336/5399/5257 5342/5404/5262 5335/5397/5255
f 5337/5405/5263 5343/5406/5264 5336/5399/5257
f 5339/5400/5258 5345/5407/5265 5338/5401/5259
f 5340/5402/5260 5346/5408/5266 5339/5400/5258
f 5341/5403/5261 5347/5409/5267 5340/5402/5260
f 5341/5403/5261 5349/5410/5268 5348/5411/5269
f 5342/5404/5262 5350/5412/5270 5349/5410/5268
f 5343/5406/5264 5351/5413/5271 5350/5412/5270
f 5346/5408/5266 5352/5414/5272 5345/5407/5265
f 5347/5409/5267 5353/5415/5273 5346/5408/5266
f 5348/5411/5269 5354/5416/5274 5347/5409/5267
f 5348/5411/5269 5356/5417/5275 5355/5418/5276
f 5349/5410/5268 5357/5419/5277 5356/5417/5275
f 5350/5412/5270 5358/5420/5278 5357/5419/5277
f 5353/5415/5273 5359/5421/5279 5352/5414/5272
f 5354/5416/5274 5360/5422/5280 5353/5415/5273
f 5355/5418/5276 5361/5423/5281 5354/5416/5274
f 5355/5418/5276 5363/5424/5282 5362/5425/5283
f 5356/5417/5275 5364/5426/5284 5363/5424/5282
f 5357/5419/5277 5365/5427/5285 5364/5426/5284
f 5133/5373/5231 5317/5380/5238 5190/5428/5286
f 5183/5372/5230 5318/5383/5241 5317/5380/5238
f 5182/5371/5229 5319/5385/5243 5318/5383/5241
f 5181/5370/5228 5320/5388/5246 5319/5385/5243
f 5179/5368/5226 5320/5388/5246 5180/5369/5227
f 5178/5367/5225 5321/5387/5245 5179/5368/5226
f 5177/5366/5224 5322/5389/5247 5178/5367/5225
f 5134/5365/5223 5323/5391/5249 5177/5366/5224
f 5191/5429/5287 5330/5398/5256 5323/5391/5249
f 5192/5430/5288 5337/5405/5263 5330/5398/5256
f 5193/5431/5289 5344/5432/5290 5337/5405/5263
f 5344/5432/5290 5195/5433/5291 5351/5413/5271
f 5351/5413/5271 5196/5434/5292 5358/5420/5278
f 5358/5420/5278 5197/5435/5293 5365/5427/5285
f 5365/5427/5285 5132/5436/5294 5198/5437/5295
f 5364/5426/5284 5198/5437/5295 5199/5438/5296
f 5363/5424/5282 5199/5438/5296 5200/5439/5297
f 5362/5425/5283 5200/5439/5297 5201/5440/5298
f 5362/5425/5283 5202/5441/5299 5361/5423/5281
f 5361/5423/5281 5203/5442/5300 5360/5422/5280
f 5360/5422/5280 5204/5443/5301 5359/5421/5279
f 5359/5421/5279 5131/5444/5302 5184/5445/5303
f 5352/5414/5272 5184/5445/5303 5185/5446/5304
f 5345/5407/5265 5185/5446/5304 5186/5447/5305
f 5338/5401/5259 5186/5447/5305 5187/5448/5306
f 5188/5449/5307 5338/5401/5259 5187/5448/5306
f 5189/5450/5308 5331/5394/5252 5188/5449/5307
f 5190/5428/5286 5324/5382/5240 5189/5450/5308
f 5366/5451/5309 5374/5452/5310 5373/5453/5311
f 5367/5454/5312 5375/5455/5313 5374/5452/5310
f 5368/5456/5314 5376/5457/5315 5375/5455/5313
f 5370/5458/5316 5376/5457/5315 5369/5459/5317
f 5371/5460/5318 5377/5461/5319 5370/5458/5316
f 5372/5462/5320 5378/5463/5321 5371/5460/5318
f 5373/5453/5311 5381/5464/5322 5380/5465/5323
f 5374/5452/5310 5382/5466/5324 5381/5464/5322
f 5375/5455/5313 5383/5467/5325 5382/5466/5324
f 5377/5461/5319 5383/5467/5325 5376/5457/5315
f 5378/5463/5321 5384/5468/5326 5377/5461/5319
f 5379/5469/5327 5385/5470/5328 5378/5463/5321
f 5380/5465/5323 5388/5471/5329 5387/5472/5330
f 5381/5464/5322 5389/5473/5331 5388/5471/5329
f 5382/5466/5324 5390/5474/5332 5389/5473/5331
f 5384/5468/5326 5390/5474/5332 5383/5467/5325
f 5385/5470/5328 5391/5475/5333 5384/5468/5326
f 5386/5476/5334 5392/5477/5335 5385/5470/5328
f 5388/5471/5329 5394/5478/5336 5387/5472/5330
f 5389/5473/5331 5395/5479/5337 5388/5471/5329
f 5390/5474/5332 5396/5480/5338 5389/5473/5331
f 5390/5474/5332 5398/5481/5339 5397/5482/5340
f 5391/5475/5333 5399/5483/5341 5398/5481/5339
f 5392/5477/5335 5400/5484/5342 5399/5483/5341
f 5395/5479/5337 5401/5485/5343 5394/5478/5336
f 5396/5480/5338 5402/5486/5344 5395/5479/5337
f 5397/5482/5340 5403/5487/5345 5396/5480/5338
f 5397/5482/5340 5405/5488/5346 5404/5489/5347
f 5398/5481/5339 5406/5490/5348 5405/5488/5346
f 5399/5483/5341 5407/5491/5349 5406/5490/5348
f 5402/5486/5344 5408/5492/5350 5401/5485/5343
f 5403/5487/5345 5409/5493/5351 5402/5486/5344
f 5404/5489/5347 5410/5494/5352 5403/5487/5345
f 5404/5489/5347 5412/5495/5353 5411/5496/5354
f 5405/5488/5346 5413/5497/5355 5412/5495/5353
f 5406/5490/5348 5414/5498/5356 5413/5497/5355
f 5131/5444/5302 5366/5451/5309 5211/5499/5357
f 5204/5443/5301 5367/5454/5312 5366/5451/5309
f 5203/5442/5300 5368/5456/5314 5367/5454/5312
f 5202/5441/5299 5369/5459/5317 5368/5456/5314
f 5200/5439/5297 5369/5459/5317 5201/5440/5298
f 5199/5438/5296 5370/5458/5316 5200/5439/5297
f 5198/5437/5295 5371/5460/5318 5199/5438/5296
f 5132/5436/5294 5372/5462/5320 5198/5437/5295
f 5212/5500/5358 5379/5469/5327 5372/5462/5320
f 5213/5501/5359 5386/5476/5334 5379/5469/5327
f 5214/5502/5360 5393/5503/5361 5386/5476/5334
f 5393/5503/5361 5216/5504/5362 5400/5484/5342
f 5400/5484/5342 5217/5505/5363 5407/5491/5349
f 5407/5491/5349 5218/5506/5364 5414/5498/5356
f 5414/5498/5356 5128/5507/5144 5148/5508/5143
f 5413/5497/5355 5148/5508/5143 5147/5509/5142
f 5412/5495/5353 5147/5509/5142 5146/5510/5140
f 5411/5496/5354 5146/5510/5140 5145/5511/5141
f 5411/5496/5354 5144/5512/5139 5410/5494/5352
f 5410/5494/5352 5143/5513/5138 5409/5493/5351
f 5409/5493/5351 5142/5514/5137 5408/5492/5350
f 5408/5492/5350 5127/5515/5135 5205/5516/5365
f 5401/5485/5343 5205/5516/5365 5206/5517/5366
f 5394/5478/5336 5206/5517/5366 5207/5518/5367
f 5387/5472/5330 5207/5518/5367 5208/5519/5368
f 5209/5520/5369 5387/5472/5330 5208/5519/5368
f 5210/5521/5370 5380/5465/5323 5209/5520/5369
f 5211/5499/5357 5373/5453/5311 5210/5521/5370
f 5416/5522/5371 5422/5523/5372 5415/5524/5373
f 5416/5522/5371 5424/5525/5374 5423/5526/5375
f 5417/5527/5376 5425/5528/5377 5424/5525/5374
f 5419/5529/5378 5425/5528/5377 5418/5530/5379
f 5420/5531/5380 5426/5532/5381 5419/5529/5378
f 5420/5531/5380 5428/5533/5382 5427/5534/5383
f 5422/5523/5372 5430/5535/5384 5429/5536/5385
f 5423/5526/5375 5431/5537/5386 5430/5535/5384
f 5424/5525/5374 5432/5538/5387 5431/5537/5386
f 5426/5532/5381 5432/5538/5387 5425/5528/5377
f 5427/5534/5383 5433/5539/5388 5426/5532/5381
f 5428/5533/5382 5434/5540/5389 5427/5534/5383
f 5429/5536/5385 5437/5541/5390 5436/5542/5391
f 5430/5535/5384 5438/5543/5392 5437/5541/5390
f 5431/5537/5386 5439/5544/5393 5438/5543/5392
f 5433/5539/5388 5439/5544/5393 5432/5538/5387
f 5434/5540/5389 5440/5545/5394 5433/5539/5388
f 5435/5546/5395 5441/5547/5396 5434/5540/5389
f 5437/5541/5390 5443/5548/5397 5436/5542/5391
f 5438/5543/5392 5444/5549/5398 5437/5541/5390
f 5439/5544/5393 5445/5550/5399 5438/5543/5392
f 5439/5544/5393 5447/5551/5400 5446/5552/5401
f 5440/5545/5394 5448/5553/5402 5447/5551/5400
f 5441/5547/5396 5449/5554/5403 5448/5553/5402
f 5444/5549/5398 5450/5555/5404 5443/5548/5397
f 5445/5550/5399 5451/5556/5405 5444/5549/5398
f 5446/5552/5401 5452/5557/5406 5445/5550/5399
f 5446/5552/5401 5454/5558/5407 5453/5559/5408
f 5447/5551/5400 5455/5560/5409 5454/5558/5407
f 5448/5553/5402 5456/5561/5410 5455/5560/5409
f 5450/5555/5404 5458/5562/5411 5457/5563/5412
f 5452/5557/5406 5458/5562/5411 5451/5556/5405
f 5453/5559/5408 5459/5564/5413 5452/5557/5406
f 5453/5559/5408 5461/5565/5414 5460/5566/5415
f 5454/5558/5407 5462/5567/5416 5461/5565/5414
f 5456/5561/5410 5462/5567/5416 5455/5560/5409
f 5129/5568/5160 5415/5524/5373 5135/5569/5161
f 5168/5570/5237 5415/5524/5373 5169/5571/5215
f 5167/5572/5236 5416/5522/5371 5168/5570/5237
f 5166/5573/5235 5417/5527/5376 5167/5572/5236
f 5166/5573/5235 5419/5529/5378 5418/5530/5379
f 5165/5574/5234 5420/5531/5380 5419/5529/5378
f 5164/5575/5233 5421/5576/5417 5420/5531/5380
f 5133/5373/5231 5421/5576/5417 5163/5577/5232
f 5421/5576/5417 5189/5450/5308 5428/5533/5382
f 5428/5533/5382 5188/5449/5307 5435/5546/5395
f 5435/5546/5395 5187/5448/5306 5442/5578/5418
f 5187/5448/5306 5449/5554/5403 5442/5578/5418
f 5186/5447/5305 5456/5561/5410 5449/5554/5403
f 5185/5446/5304 5463/5579/5419 5456/5561/5410
f 5463/5579/5419 5131/5444/5302 5211/5580/5357
f 5463/5579/5419 5210/5581/5370 5462/5567/5416
f 5462/5567/5416 5209/5582/5369 5461/5565/5414
f 5461/5565/5414 5208/5583/5368 5460/5566/5415
f 5459/5564/5413 5208/5583/5368 5207/5584/5367
f 5458/5562/5411 5207/5584/5367 5206/5585/5366
f 5457/5563/5412 5206/5585/5366 5205/5586/5365
f 5457/5563/5412 5127/5587/5135 5141/5588/5136
f 5140/5589/5166 5457/5563/5412 5141/5588/5136
f 5139/5590/5165 5450/5555/5404 5140/5589/5166
f 5138/5591/5164 5443/5548/5397 5139/5590/5165
f 5429/5536/5385 5138/5591/5164 5137/5592/5163
f 5422/5523/5372 5137/5592/5163 5136/5593/5162
f 5415/5524/5373 5136/5593/5162 5135/5569/5161
f 5465/5594/5420 5471/5595/5421 5464/5596/5422
f 5465/5594/5420 5473/5597/5423 5472/5598/5424
f 5466/5599/5425 5474/5600/5426 5473/5597/5423
f 5468/5601/5427 5474/5600/5426 5467/5602/5428
f 5469/5603/5429 5475/5604/5430 5468/5601/5427
f 5469/5603/5429 5477/5605/5431 5476/5606/5432
f 5471/5595/5421 5479/5607/5433 5478/5608/5434
f 5472/5598/5424 5480/5609/5435 5479/5607/5433
f 5473/5597/5423 5481/5610/5436 5480/5609/5435
f 5475/5604/5430 5481/5610/5436 5474/5600/5426
f 5476/5606/5432 5482/5611/5437 5475/5604/5430
f 5477/5605/5431 5483/5612/5438 5476/5606/5432
f 5478/5608/5434 5486/5613/5439 5485/5614/5440
f 5479/5607/5433 5487/5615/5441 5486/5613/5439
f 5480/5609/5435 5488/5616/5442 5487/5615/5441
f 5482/5611/5437 5488/5616/5442 5481/5610/5436
f 5483/5612/5438 5489/5617/5443 5482/5611/5437
f 5484/5618/5444 5490/5619/5445 5483/5612/5438
f 5486/5613/5439 5492/5620/5446 5485/5614/5440
f 5487/5615/5441 5493/5621/5447 5486/5613/5439
f 5488/5616/5442 5494/5622/5448 5487/5615/5441
f 5488/5616/5442 5496/5623/5449 5495/5624/5450
f 5489/5617/5443 5497/5625/5451 5496/5623/5449
f 5490/5619/5445 5498/5626/5452 5497/5625/5451
f 5493/5621/5447 5499/5627/5453 5492/5620/5446
f 5494/5622/5448 5500/5628/5454 5493/5621/5447
f 5495/5624/5450 5501/5629/5455 5494/5622/5448
f 5495/5624/5450 5503/5630/5456 5502/5631/5457
f 5496/5623/5449 5504/5632/5458 5503/5630/5456
f 5497/5625/5451 5505/5633/5459 5504/5632/5458
f 5499/5627/5453 5507/5634/5460 5506/5635/5461
f 5501/5629/5455 5507/5634/5460 5500/5628/5454
f 5502/5631/5457 5508/5636/5462 5501/5629/5455
f 5502/5631/5457 5510/5637/5463 5509/5638/5464
f 5503/5630/5456 5511/5639/5465 5510/5637/5463
f 5505/5633/5459 5511/5639/5465 5504/5632/5458
f 5134/5365/5223 5464/5596/5422 5191/5429/5287
f 5175/5640/5221 5464/5596/5422 5176/5641/5222
f 5174/5642/5220 5465/5594/5420 5175/5640/5221
f 5173/5643/5466 5466/5599/5425 5174/5642/5220
f 5173/5643/5466 5468/5601/5427 5467/5602/5428
f 5172/5644/5218 5469/5603/5429 5468/5601/5427
f 5171/5645/5217 5470/5646/5467 5469/5603/5429
f 5130/5647/5152 5470/5646/5467 5170/5648/5216
f 5470/5646/5467 5154/5649/5150 5477/5605/5431
f 5477/5605/5431 5153/5650/5149 5484/5618/5444
f 5484/5618/5444 5152/5651/5468 5491/5652/5469
f 5152/5651/5468 5498/5626/5452 5491/5652/5469
f 5151/5653/5147 5505/5633/5459 5498/5626/5452
f 5150/5654/5146 5512/5655/5470 5505/5633/5459
f 5512/5655/5470 5128/5656/5144 5218/5657/5364
f 5512/5655/5470 5217/5658/5363 5511/5639/5465
f 5511/5639/5465 5216/5659/5362 5510/5637/5463
f 5510/5637/5463 5215/5660/5471 5509/5638/5464
f 5508/5636/5462 5215/5660/5471 5214/5661/5360
f 5507/5634/5460 5214/5661/5360 5213/5662/5359
f 5506/5635/5461 5213/5662/5359 5212/5663/5358
f 5506/5635/5461 5132/5436/5294 5197/5435/5293
f 5196/5434/5292 5506/5635/5461 5197/5435/5293
f 5195/5433/5291 5499/5627/5453 5196/5434/5292
f 5194/5664/5472 5492/5620/5446 5195/5433/5291
f 5478/5608/5434 5194/5664/5472 5193/5431/5289
f 5471/5595/5421 5193/5431/5289 5192/5430/5288
f 5464/5596/5422 5192/5430/5288 5191/5429/5287
f 5219/5229/5087 5220/5232/5090 5227/5230/5088
f 5220/5232/5090 5221/5234/5092 5228/5233/5091
f 5221/5234/5092 5222/5237/5095 5229/5235/5093
f 5223/5236/5094 5230/5239/5097 5229/5235/5093
f 5224/5238/5096 5231/5241/5099 5230/5239/5097
f 5225/5240/5098 5232/5247/5105 5231/5241/5099
f 5226/5231/5089 5227/5230/5088 5234/5242/5100
f 5227/5230/5088 5228/5233/5091 5235/5244/5102
f 5228/5233/5091 5229/5235/5093 5236/5245/5103
f 5230/5239/5097 5237/5246/5104 5236/5245/5103
f 5231/5241/5099 5238/5248/5106 5237/5246/5104
f 5232/5247/5105 5239/5254/5112 5238/5248/5106
f 5233/5243/5101 5234/5242/5100 5241/5249/5107
f 5234/5242/5100 5235/5244/5102 5242/5251/5109
f 5235/5244/5102 5236/5245/5103 5243/5252/5110
f 5237/5246/5104 5244/5253/5111 5243/5252/5110
f 5238/5248/5106 5245/5255/5113 5244/5253/5111
f 5239/5254/5112 5246/5290/5148 5245/5255/5113
f 5241/5249/5107 5248/5257/5115 5247/5256/5114
f 5242/5251/5109 5249/5258/5116 5248/5257/5115
f 5243/5252/5110 5250/5260/5118 5249/5258/5116
f 5243/5252/5110 5244/5253/5111 5251/5259/5117
f 5244/5253/5111 5245/5255/5113 5252/5261/5119
f 5245/5255/5113 5246/5290/5148 5253/5262/5120
f 5248/5257/5115 5255/5264/5122 5254/5263/5121
f 5249/5258/5116 5256/5265/5123 5255/5264/5122
f 5250/5260/5118 5257/5267/5125 5256/5265/5123
f 5250/5260/5118 5251/5259/5117 5258/5266/5124
f 5251/5259/5117 5252/5261/5119 5259/5268/5126
f 5252/5261/5119 5253/5262/5120 5260/5269/5127
f 5255/5264/5122 5262/5271/5129 5261/5270/5128
f 5256/5265/5123 5263/5272/5130 5262/5271/5129
f 5257/5267/5125 5264/5274/5132 5263/5272/5130
f 5257/5267/5125 5258/5266/5124 5265/5273/5131
f 5258/5266/5124 5259/5268/5126 5266/5275/5133
f 5259/5268/5126 5260/5269/5127 5267/5276/5134
f 5127/5277/5135 5142/5279/5137 5219/5229/5087
f 5142/5279/5137 5143/5280/5138 5220/5232/5090
f 5143/5280/5138 5144/5281/5139 5221/5234/5092
f 5144/5281/5139 5145/5283/5141 5222/5237/5095
f 5146/5282/5140 5223/5236/5094 5222/5237/5095
f 5147/5284/5142 5224/5238/5096 5223/5236/5094
f 5148/5285/5143 5225/5240/5098 5224/5238/5096
f 5128/5286/5144 5149/5287/5145 5225/5240/5098
f 5149/5287/5145 5150/5288/5146 5232/5247/5105
f 5150/5288/5146 5151/5289/5147 5239/5254/5112
f 5151/5289/5147 5152/5665/5468 5246/5290/5148
f 5246/5290/5148 5152/5665/5468 5153/5291/5149
f 5253/5262/5120 5153/5291/5149 5154/5292/5150
f 5260/5269/5127 5154/5292/5150 5155/5293/5151
f 5267/5276/5134 5155/5293/5151 5130/5294/5152
f 5266/5275/5133 5267/5276/5134 5156/5295/5153
f 5265/5273/5131 5266/5275/5133 5157/5296/5154
f 5264/5274/5132 5265/5273/5131 5158/5297/5155
f 5264/5274/5132 5159/5298/5156 5160/5299/5157
f 5263/5272/5130 5160/5299/5157 5161/5300/5158
f 5262/5271/5129 5161/5300/5158 5162/5301/5159
f 5261/5270/5128 5162/5301/5159 5129/5302/5160
f 5254/5263/5121 5261/5270/5128 5135/5303/5161
f 5247/5256/5114 5254/5263/5121 5136/5304/5162
f 5240/5250/5108 5247/5256/5114 5137/5305/5163
f 5139/5307/5165 5233/5243/5101 5240/5250/5108
f 5140/5308/5166 5226/5231/5089 5233/5243/5101
f 5141/5278/5136 5219/5229/5087 5226/5231/5089
f 5268/5309/5167 5269/5312/5170 5276/5310/5168
f 5269/5312/5170 5270/5314/5172 5277/5313/5171
f 5270/5314/5172 5271/5317/5175 5278/5315/5173
f 5272/5316/5174 5279/5319/5177 5278/5315/5173
f 5273/5318/5176 5280/5321/5179 5279/5319/5177
f 5274/5320/5178 5281/5327/5185 5280/5321/5179
f 5275/5311/5169 5276/5310/5168 5283/5322/5180
f 5276/5310/5168 5277/5313/5171 5284/5324/5182
f 5277/5313/5171 5278/5315/5173 5285/5325/5183
f 5279/5319/5177 5286/5326/5184 5285/5325/5183
f 5280/5321/5179 5287/5328/5186 5286/5326/5184
f 5281/5327/5185 5288/5334/5192 5287/5328/5186
f 5282/5323/5181 5283/5322/5180 5290/5329/5187
f 5283/5322/5180 5284/5324/5182 5291/5331/5189
f 5284/5324/5182 5285/5325/5183 5292/5332/5190
f 5286/5326/5184 5293/5333/5191 5292/5332/5190
f 5287/5328/5186 5294/5335/5193 5293/5333/5191
f 5288/5334/5192 5295/5361/5219 5294/5335/5193
f 5290/5329/5187 5297/5337/5195 5296/5336/5194
f 5291/5331/5189 5298/5338/5196 5297/5337/5195
f 5292/5332/5190 5299/5340/5198 5298/5338/5196
f 5292/5332/5190 5293/5333/5191 5300/5339/5197
f 5293/5333/5191 5294/5335/5193 5301/5341/5199
f 5294/5335/5193 5295/5361/5219 5302/5342/5200
f 5297/5337/5195 5304/5344/5202 5303/5343/5201
f 5298/5338/5196 5305/5345/5203 5304/5344/5202
f 5299/5340/5198 5306/5347/5205 5305/5345/5203
f 5299/5340/5198 5300/5339/5197 5307/5346/5204
f 5300/5339/5197 5301/5341/5199 5308/5348/5206
f 5301/5341/5199 5302/5342/5200 5309/5349/5207
f 5304/5344/5202 5311/5351/5209 5310/5350/5208
f 5305/5345/5203 5312/5352/5210 5311/5351/5209
f 5306/5347/5205 5313/5354/5212 5312/5352/5210
f 5306/5347/5205 5307/5346/5204 5314/5353/5211
f 5307/5346/5204 5308/5348/5206 5315/5355/5213
f 5308/5348/5206 5309/5349/5207 5316/5356/5214
f 5129/5302/5160 5162/5301/5159 5268/5309/5167
f 5162/5301/5159 5161/5300/5158 5269/5312/5170
f 5161/5300/5158 5160/5299/5157 5270/5314/5172
f 5160/5299/5157 5159/5298/5156 5271/5317/5175
f 5158/5297/5155 5272/5316/5174 5271/5317/5175
f 5157/5296/5154 5273/5318/5176 5272/5316/5174
f 5156/5295/5153 5274/5320/5178 5273/5318/5176
f 5130/5294/5152 5170/5358/5216 5274/5320/5178
f 5170/5358/5216 5171/5359/5217 5281/5327/5185
f 5171/5359/5217 5172/5360/5218 5288/5334/5192
f 5172/5360/5218 5173/5666/5466 5295/5361/5219
f 5295/5361/5219 5173/5666/5466 5174/5362/5220
f 5302/5342/5200 5174/5362/5220 5175/5363/5221
f 5309/5349/5207 5175/5363/5221 5176/5364/5222
f 5316/5356/5214 5176/5364/5222 5134/5365/5223
f 5315/5355/5213 5316/5356/5214 5177/5366/5224
f 5314/5353/5211 5315/5355/5213 5178/5367/5225
f 5313/5354/5212 5314/5353/5211 5179/5368/5226
f 5313/5354/5212 5180/5369/5227 5181/5370/5228
f 5312/5352/5210 5181/5370/5228 5182/5371/5229
f 5311/5351/5209 5182/5371/5229 5183/5372/5230
f 5310/5350/5208 5183/5372/5230 5133/5373/5231
f 5303/5343/5201 5310/5350/5208 5163/5374/5232
f 5296/5336/5194 5303/5343/5201 5164/5375/5233
f 5289/5330/5188 5296/5336/5194 5165/5376/5234
f 5167/5378/5236 5282/5323/5181 5289/5330/5188
f 5168/5379/5237 5275/5311/5169 5282/5323/5181
f 5169/5357/5215 5268/5309/5167 5275/5311/5169
f 5317/5380/5238 5318/5383/5241 5325/5381/5239
f 5318/5383/5241 5319/5385/5243 5326/5384/5242
f 5319/5385/5243 5320/5388/5246 5327/5386/5244
f 5321/5387/5245 5328/5390/5248 5327/5386/5244
f 5322/5389/5247 5329/5392/5250 5328/5390/5248
f 5323/5391/5249 5330/5398/5256 5329/5392/5250
f 5324/5382/5240 5325/5381/5239 5332/5393/5251
f 5325/5381/5239 5326/5384/5242 5333/5395/5253
f 5326/5384/5242 5327/5386/5244 5334/5396/5254
f 5328/5390/5248 5335/5397/5255 5334/5396/5254
f 5329/5392/5250 5336/5399/5257 5335/5397/5255
f 5330/5398/5256 5337/5405/5263 5336/5399/5257
f 5331/5394/5252 5332/5393/5251 5339/5400/5258
f 5332/5393/5251 5333/5395/5253 5340/5402/5260
f 5333/5395/5253 5334/5396/5254 5341/5403/5261
f 5335/5397/5255 5342/5404/5262 5341/5403/5261
f 5336/5399/5257 5343/5406/5264 5342/5404/5262
f 5337/5405/5263 5344/5432/5290 5343/5406/5264
f 5339/5400/5258 5346/5408/5266 5345/5407/5265
f 5340/5402/5260 5347/5409/5267 5346/5408/5266
f 5341/5403/5261 5348/5411/5269 5347/5409/5267
f 5341/5403/5261 5342/5404/5262 5349/5410/5268
f 5342/5404/5262 5343/5406/5264 5350/5412/5270
f 5343/5406/5264 5344/5432/5290 5351/5413/5271
f 5346/5408/5266 5353/5415/5273 5352/5414/5272
f 5347/5409/5267 5354/5416/5274 5353/5415/5273
f 5348/5411/5269 5355/5418/5276 5354/5416/5274
f 5348/5411/5269 5349/5410/5268 5356/5417/5275
f 5349/5410/5268 5350/5412/5270 5357/5419/5277
f 5350/5412/5270 5351/5413/5271 5358/5420/5278
f 5353/5415/5273 5360/5422/5280 5359/5421/5279
f 5354/5416/5274 5361/5423/5281 5360/5422/5280
f 5355/5418/5276 5362/5425/5283 5361/5423/5281
f 5355/5418/5276 5356/5417/5275 5363/5424/5282
f 5356/5417/5275 5357/5419/5277 5364/5426/5284
f 5357/5419/5277 5358/5420/5278 5365/5427/5285
f 5133/5373/5231 5183/5372/5230 5317/5380/5238
f 5183/5372/5230 5182/5371/5229 5318/5383/5241
f 5182/5371/5229 5181/5370/5228 5319/5385/5243
f 5181/5370/5228 5180/5369/5227 5320/5388/5246
f 5179/5368/5226 5321/5387/5245 5320/5388/5246
f 5178/5367/5225 5322/5389/5247 5321/5387/5245
f 5177/5366/5224 5323/5391/5249 5322/5389/5247
f 5134/5365/5223 5191/5429/5287 5323/5391/5249
f 5191/5429/5287 5192/5430/5288 5330/5398/5256
f 5192/5430/5288 5193/5431/5289 5337/5405/5263
f 5193/5431/5289 5194/5664/5472 5344/5432/5290
f 5344/5432/5290 5194/5664/5472 5195/5433/5291
f 5351/5413/5271 5195/5433/5291 5196/5434/5292
f 5358/5420/5278 5196/5434/5292 5197/5435/5293
f 5365/5427/5285 5197/5435/5293 5132/5436/5294
f 5364/5426/5284 5365/5427/5285 5198/5437/5295
f 5363/5424/5282 5364/5426/5284 5199/5438/5296
f 5362/5425/5283 5363/5424/5282 5200/5439/5297
f 5362/5425/5283 5201/5440/5298 5202/5441/5299
f 5361/5423/5281 5202/5441/5299 5203/5442/5300
f 5360/5422/5280 5203/5442/5300 5204/5443/5301
f 5359/5421/5279 5204/5443/5301 5131/5444/5302
f 5352/5414/5272 5359/5421/5279 5184/5445/5303
f 5345/5407/5265 5352/5414/5272 5185/5446/5304
f 5338/5401/5259 5345/5407/5265 5186/5447/5305
f 5188/5449/5307 5331/5394/5252 5338/5401/5259
f 5189/5450/5308 5324/5382/5240 5331/5394/5252
f 5190/5428/5286 5317/5380/5238 5324/5382/5240
f 5366/5451/5309 5367/5454/5312 5374/5452/5310
f 5367/5454/5312 5368/5456/5314 5375/5455/5313
f 5368/5456/5314 5369/5459/5317 5376/5457/5315
f 5370/5458/5316 5377/5461/5319 5376/5457/5315
f 5371/5460/5318 5378/5463/5321 5377/5461/5319
f 5372/5462/5320 5379/5469/5327 5378/5463/5321
f 5373/5453/5311 5374/5452/5310 5381/5464/5322
f 5374/5452/5310 5375/5455/5313 5382/5466/5324
f 5375/5455/5313 5376/5457/5315 5383/5467/5325
f 5377/5461/5319 5384/5468/5326 5383/5467/5325
f 5378/5463/5321 5385/5470/5328 5384/5468/5326
f 5379/5469/5327 5386/5476/5334 5385/5470/5328
f 5380/5465/5323 5381/5464/5322 5388/5471/5329
f 5381/5464/5322 5382/5466/5324 5389/5473/5331
f 5382/5466/5324 5383/5467/5325 5390/5474/5332
f 5384/5468/5326 5391/5475/5333 5390/5474/5332
f 5385/5470/5328 5392/5477/5335 5391/5475/5333
f 5386/5476/5334 5393/5503/5361 5392/5477/5335
f 5388/5471/5329 5395/5479/5337 5394/5478/5336
f 5389/5473/5331 5396/5480/5338 5395/5479/5337
f 5390/5474/5332 5397/5482/5340 5396/5480/5338
f 5390/5474/5332 5391/5475/5333 5398/5481/5339
f 5391/5475/5333 5392/5477/5335 5399/5483/5341
f 5392/5477/5335 5393/5503/5361 5400/5484/5342
f 5395/5479/5337 5402/5486/5344 5401/5485/5343
f 5396/5480/5338 5403/5487/5345 5402/5486/5344
f 5397/5482/5340 5404/5489/5347 5403/5487/5345
f 5397/5482/5340 5398/5481/5339 5405/5488/5346
f 5398/5481/5339 5399/5483/5341 5406/5490/5348
f 5399/5483/5341 5400/5484/5342 5407/5491/5349
f 5402/5486/5344 5409/5493/5351 5408/5492/5350
f 5403/5487/5345 5410/5494/5352 5409/5493/5351
f 5404/5489/5347 5411/5496/5354 5410/5494/5352
f 5404/5489/5347 5405/5488/5346 5412/5495/5353
f 5405/5488/5346 5406/5490/5348 5413/5497/5355
f 5406/5490/5348 5407/5491/5349 5414/5498/5356
f 5131/5444/5302 5204/5443/5301 5366/5451/5309
f 5204/5443/5301 5203/5442/5300 5367/5454/5312
f 5203/5442/5300 5202/5441/5299 5368/5456/5314
f 5202/5441/5299 5201/5440/5298 5369/5459/5317
f 5200/5439/5297 5370/5458/5316 5369/5459/5317
f 5199/5438/5296 5371/5460/5318 5370/5458/5316
f 5198/5437/5295 5372/5462/5320 5371/5460/5318
f 5132/5436/5294 5212/5500/5358 5372/5462/5320
f 5212/5500/5358 5213/5501/5359 5379/5469/5327
f 5213/5501/5359 5214/5502/5360 5386/5476/5334
f 5214/5502/5360 5215/5667/5471 5393/5503/5361
f 5393/5503/5361 5215/5667/5471 5216/5504/5362
f 5400/5484/5342 5216/5504/5362 5217/5505/5363
f 5407/5491/5349 5217/5505/5363 5218/5506/5364
f 5414/5498/5356 5218/5506/5364 5128/5507/5144
f 5413/5497/5355 5414/5498/5356 5148/5508/5143
f 5412/5495/5353 5413/5497/5355 5147/5509/5142
f 5411/5496/5354 5412/5495/5353 5146/5510/5140
f 5411/5496/5354 5145/5511/5141 5144/5512/5139
f 5410/5494/5352 5144/5512/5139 5143/5513/5138
f 5409/5493/5351 5143/5513/5138 5142/5514/5137
f 5408/5492/5350 5142/5514/5137 5127/5515/5135
f 5401/5485/5343 5408/5492/5350 5205/5516/5365
f 5394/5478/5336 5401/5485/5343 5206/5517/5366
f 5387/5472/5330 5394/5478/5336 5207/5518/5367
f 5209/5520/5369 5380/5465/5323 5387/5472/5330
f 5210/5521/5370 5373/5453/5311 5380/5465/5323
f 5211/5499/5357 5366/5451/5309 5373/5453/5311
f 5416/5522/5371 5423/5526/5375 5422/5523/5372
f 5416/5522/5371 5417/5527/5376 5424/5525/5374
f 5417/5527/5376 5418/5530/5379 5425/5528/5377
f 5419/5529/5378 5426/5532/5381 5425/5528/5377
f 5420/5531/5380 5427/5534/5383 5426/5532/5381
f 5420/5531/5380 5421/5576/5417 5428/5533/5382
f 5422/5523/5372 5423/5526/5375 5430/5535/5384
f 5423/5526/5375 5424/5525/5374 5431/5537/5386
f 5424/5525/5374 5425/5528/5377 5432/5538/5387
f 5426/5532/5381 5433/5539/5388 5432/5538/5387
f 5427/5534/5383 5434/5540/5389 5433/5539/5388
f 5428/5533/5382 5435/5546/5395 5434/5540/5389
f 5429/5536/5385 5430/5535/5384 5437/5541/5390
f 5430/5535/5384 5431/5537/5386 5438/5543/5392
f 5431/5537/5386 5432/5538/5387 5439/5544/5393
f 5433/5539/5388 5440/5545/5394 5439/5544/5393
f 5434/5540/5389 5441/5547/5396 5440/5545/5394
f 5435/5546/5395 5442/5578/5418 5441/5547/5396
f 5437/5541/5390 5444/5549/5398 5443/5548/5397
f 5438/5543/5392 5445/5550/5399 5444/5549/5398
f 5439/5544/5393 5446/5552/5401 5445/5550/5399
f 5439/5544/5393 5440/5545/5394 5447/5551/5400
f 5440/5545/5394 5441/5547/5396 5448/5553/5402
f 5441/5547/5396 5442/5578/5418 5449/5554/5403
f 5444/5549/5398 5451/5556/5405 5450/5555/5404
f 5445/5550/5399 5452/5557/5406 5451/5556/5405
f 5446/5552/5401 5453/5559/5408 5452/5557/5406
f 5446/5552/5401 5447/5551/5400 5454/5558/5407
f 5447/5551/5400 5448/5553/5402 5455/5560/5409
f 5448/5553/5402 5449/5554/5403 5456/5561/5410
f 5450/5555/5404 5451/5556/5405 5458/5562/5411
f 5452/5557/5406 5459/5564/5413 5458/5562/5411
f 5453/5559/5408 5460/5566/5415 5459/5564/5413
f 5453/5559/5408 5454/5558/5407 5461/5565/5414
f 5454/5558/5407 5455/5560/5409 5462/5567/5416
f 5456/5561/5410 5463/5579/5419 5462/5567/5416
f 5129/5568/5160 5169/5571/5215 5415/5524/5373
f 5168/5570/5237 5416/5522/5371 5415/5524/5373
f 5167/5572/5236 5417/5527/5376 5416/5522/5371
f 5166/5573/5235 5418/5530/5379 5417/5527/5376
f 5166/5573/5235 5165/5574/5234 5419/5529/5378
f 5165/5574/5234 5164/5575/5233 5420/5531/5380
f 5164/5575/5233 5163/5577/5232 5421/5576/5417
f 5133/5373/5231 5190/5428/5286 5421/5576/5417
f 5421/5576/5417 5190/5428/5286 5189/5450/5308
f 5428/5533/5382 5189/5450/5308 5188/5449/5307
f 5435/5546/5395 5188/5449/5307 5187/5448/5306
f 5187/5448/5306 5186/5447/5305 5449/5554/5403
f 5186/5447/5305 5185/5446/5304 5456/5561/5410
f 5185/5446/5304 5184/5445/5303 5463/5579/5419
f 5463/5579/5419 5184/5445/5303 5131/5444/5302
f 5463/5579/5419 5211/5580/5357 5210/5581/5370
f 5462/5567/5416 5210/5581/5370 5209/5582/5369
f 5461/5565/5414 5209/5582/5369 5208/5583/5368
f 5459/5564/5413 5460/5566/5415 5208/5583/5368
f 5458/5562/5411 5459/5564/5413 5207/5584/5367
f 5457/5563/5412 5458/5562/5411 5206/5585/5366
f 5457/5563/5412 5205/5586/5365 5127/5587/5135
f 5140/5589/5166 5450/5555/5404 5457/5563/5412
f 5139/5590/5165 5443/5548/5397 5450/5555/5404
f 5138/5591/5164 5436/5542/5391 5443/5548/5397
f 5429/5536/5385 5436/5542/5391 5138/5591/5164
f 5422/5523/5372 5429/5536/5385 5137/5592/5163
f 5415/5524/5373 5422/5523/5372 5136/5593/5162
f 5465/5594/5420 5472/5598/5424 5471/5595/5421
f 5465/5594/5420 5466/5599/5425 5473/5597/5423
f 5466/5599/5425 5467/5602/5428 5474/5600/5426
f 5468/5601/5427 5475/5604/5430 5474/5600/5426
f 5469/5603/5429 5476/5606/5432 5475/5604/5430
f 5469/5603/5429 5470/5646/5467 5477/5605/5431
f 5471/5595/5421 5472/5598/5424 5479/5607/5433
f 5472/5598/5424 5473/5597/5423 5480/5609/5435
f 5473/5597/5423 5474/5600/5426 5481/5610/5436
f 5475/5604/5430 5482/5611/5437 5481/5610/5436
f 5476/5606/5432 5483/5612/5438 5482/5611/5437
f 5477/5605/5431 5484/5618/5444 5483/5612/5438
f 5478/5608/5434 5479/5607/5433 5486/5613/5439
f 5479/5607/5433 5480/5609/5435 5487/5615/5441
f 5480/5609/5435 5481/5610/5436 5488/5616/5442
f 5482/5611/5437 5489/5617/5443 5488/5616/5442
f 5483/5612/5438 5490/5619/5445 5489/5617/5443
f 5484/5618/5444 5491/5652/5469 5490/5619/5445
f 5486/5613/5439 5493/5621/5447 5492/5620/5446
f 5487/5615/5441 5494/5622/5448 5493/5621/5447
f 5488/5616/5442 5495/5624/5450 5494/5622/5448
f 5488/5616/5442 5489/5617/5443 5496/5623/5449
f 5489/5617/5443 5490/5619/5445 5497/5625/5451
f 5490/5619/5445 5491/5652/5469 5498/5626/5452
f 5493/5621/5447 5500/5628/5454 5499/5627/5453
f 5494/5622/5448 5501/5629/5455 5500/5628/5454
f 5495/5624/5450 5502/5631/5457 5501/5629/5455
f 5495/5624/5450 5496/5623/5449 5503/5630/5456
f 5496/5623/5449 5497/5625/5451 5504/5632/5458
f 5497/5625/5451 5498/5626/5452 5505/5633/5459
f 5499/5627/5453 5500/5628/5454 5507/5634/5460
f 5501/5629/5455 5508/5636/5462 5507/5634/5460
f 5502/5631/5457 5509/5638/5464 5508/5636/5462
f 5502/5631/5457 5503/5630/5456 5510/5637/5463
f 5503/5630/5456 5504/5632/5458 5511/5639/5465
f 5505/5633/5459 5512/5655/5470 5511/5639/5465
f 5134/5365/5223 5176/5641/5222 5464/5596/5422
f 5175/5640/5221 5465/5594/5420 5464/5596/5422
f 5174/5642/5220 5466/5599/5425 5465/5594/5420
f 5173/5643/5466 5467/5602/5428 5466/5599/5425
f 5173/5643/5466 5172/5644/5218 5468/5601/5427
f 5172/5644/5218 5171/5645/5217 5469/5603/5429
f 5171/5645/5217 5170/5648/5216 5470/5646/5467
f 5130/5647/5152 5155/5668/5151 5470/5646/5467
f 5470/5646/5467 5155/5668/5151 5154/5649/5150
f 5477/5605/5431 5154/5649/5150 5153/5650/5149
f 5484/5618/5444 5153/5650/5149 5152/5651/5468
f 5152/5651/5468 5151/5653/5147 5498/5626/5452
f 5151/5653/5147 5150/5654/5146 5505/5633/5459
f 5150/5654/5146 5149/5669/5145 5512/5655/5470
f 5512/5655/5470 5149/5669/5145 5128/5656/5144
f 5512/5655/5470 5218/5657/5364 5217/5658/5363
f 5511/5639/5465 5217/5658/5363 5216/5659/5362
f 5510/5637/5463 5216/5659/5362 5215/5660/5471
f 5508/5636/5462 5509/5638/5464 5215/5660/5471
f 5507/5634/5460 5508/5636/5462 5214/5661/5360
f 5506/5635/5461 5507/5634/5460 5213/5662/5359
f 5506/5635/5461 5212/5663/5358 5132/5436/5294
f 5196/5434/5292 5499/5627/5453 5506/5635/5461
f 5195/5433/5291 5492/5620/5446 5499/5627/5453
f 5194/5664/5472 5485/5614/5440 5492/5620/5446
f 5478/5608/5434 5485/5614/5440 5194/5664/5472
f 5471/5595/5421 5478/5608/5434 5193/5431/5289
f 5464/5596/5422 5471/5595/5421 5192/5430/5288
o Cube.069
v 0.200157 -0.048828 0.739953
v 0.200157 0.088124 0.739953
v 0.200157 -0.048828 0.627310
v 0.200157 0.088124 0.627310
v 0.312800 -0.048828 0.739953
v 0.312800 0.088124 0.739953
v 0.312800 -0.048828 0.627310
v 0.312800 0.088124 0.627310
v 0.196201 -0.053637 0.636451
v 0.191942 -0.058816 0.650216
v 0.188934 -0.062473 0.666352
v 0.187815 -0.063833 0.683631
v 0.188934 -0.062473 0.700911
v 0.191942 -0.058816 0.717047
v 0.196201 -0.053637 0.730812
v 0.196201 -0.037714 0.743909
v 0.191942 -0.020979 0.748168
v 0.188934 -0.001360 0.751176
v 0.187815 0.019648 0.752295
v 0.188934 0.040657 0.751176
v 0.191942 0.060275 0.748168
v 0.196201 0.077010 0.743909
v 0.196201 0.092933 0.730812
v 0.191942 0.098112 0.717047
v 0.188934 0.101769 0.700911
v 0.187815 0.103129 0.683631
v 0.188934 0.101769 0.666352
v 0.191942 0.098112 0.650216
v 0.196201 0.092933 0.636451
v 0.196201 0.077010 0.623354
v 0.191942 0.060275 0.619094
v 0.188934 0.040657 0.616086
v 0.187815 0.019648 0.614968
v 0.188934 -0.001360 0.616086
v 0.191942 -0.020979 0.619094
v 0.196201 -0.037714 0.623354
v 0.303659 -0.053637 0.623354
v 0.289894 -0.058816 0.619094
v 0.273758 -0.062473 0.616086
v 0.256479 -0.063833 0.614968
v 0.239199 -0.062473 0.616086
v 0.223063 -0.058816 0.619094
v 0.209298 -0.053637 0.623354
v 0.209298 0.092933 0.623354
v 0.223063 0.098112 0.619094
v 0.239199 0.101769 0.616086
v 0.256479 0.103129 0.614968
v 0.273758 0.101769 0.616086
v 0.289894 0.098112 0.619094
v 0.303659 0.092933 0.623354
v 0.316756 0.077010 0.623354
v 0.321016 0.060275 0.619094
v 0.324024 0.040657 0.616086
v 0.325143 0.019648 0.614968
v 0.324024 -0.001360 0.616086
v 0.321016 -0.020979 0.619094
v 0.316756 -0.037714 0.623354
v 0.316756 -0.053637 0.730812
v 0.321016 -0.058816 0.717047
v 0.324024 -0.062473 0.700911
v 0.325143 -0.063833 0.683631
v 0.324024 -0.062473 0.666352
v 0.321016 -0.058816 0.650216
v 0.316756 -0.053637 0.636451
v 0.316756 0.092933 0.636451
v 0.321016 0.098112 0.650216
v 0.324024 0.101769 0.666352
v 0.325143 0.103129 0.683631
v 0.324024 0.101769 0.700911
v 0.321016 0.098112 0.717047
v 0.316756 0.092933 0.730812
v 0.316756 0.077010 0.743909
v 0.321016 0.060275 0.748168
v 0.324024 0.040657 0.751176
v 0.325143 0.019648 0.752295
v 0.324024 -0.001360 0.751176
v 0.321016 -0.020979 0.748168
v 0.316756 -0.037714 0.743909
v 0.209298 -0.053637 0.743909
v 0.223063 -0.058816 0.748168
v 0.239199 -0.062473 0.751176
v 0.256479 -0.063833 0.752295
v 0.273758 -0.062473 0.751176
v 0.289894 -0.058816 0.748168
v 0.303659 -0.053637 0.743909
v 0.303659 0.092933 0.743909
v 0.289894 0.098112 0.748168
v 0.273758 0.101769 0.751176
v 0.256479 0.103129 0.752295
v 0.239199 0.101769 0.751176
v 0.223063 0.098112 0.748168
v 0.209298 0.092933 0.743909
v 0.187714 -0.039482 0.732266
v 0.181669 -0.021846 0.734918
v 0.177851 -0.001729 0.737069
v 0.176508 0.019648 0.737924
v 0.177851 0.041025 0.737069
v 0.181669 0.061142 0.734918
v 0.187714 0.078778 0.732266
v 0.181669 -0.042706 0.717760
v 0.174363 -0.023650 0.719244
v 0.169919 -0.002527 0.720586
v 0.168411 0.019648 0.721157
v 0.169919 0.041823 0.720586
v 0.174363 0.062946 0.719244
v 0.181669 0.082002 0.717760
v 0.177851 -0.045322 0.701214
v 0.169919 -0.025282 0.701870
v 0.165141 -0.003303 0.702508
v 0.163541 0.019648 0.702794
v 0.165141 0.042599 0.702508
v 0.169919 0.064578 0.701870
v 0.177851 0.084618 0.701214
v 0.176508 -0.046361 0.683631
v 0.168411 -0.025976 0.683631
v 0.163541 -0.003649 0.683631
v 0.161914 0.019648 0.683631
v 0.163541 0.042946 0.683631
v 0.168411 0.065272 0.683631
v 0.176508 0.085657 0.683631
v 0.177851 -0.045322 0.666049
v 0.169919 -0.025282 0.665393
v 0.165141 -0.003303 0.664754
v 0.163541 0.019648 0.664469
v 0.165141 0.042599 0.664754
v 0.169919 0.064578 0.665393
v 0.177851 0.084618 0.666049
v 0.181669 -0.042706 0.649502
v 0.174363 -0.023650 0.648018
v 0.169919 -0.002527 0.646676
v 0.168411 0.019648 0.646105
v 0.169919 0.041823 0.646676
v 0.174363 0.062946 0.648018
v 0.181669 0.082002 0.649502
v 0.187714 -0.039482 0.634997
v 0.181669 -0.021846 0.632345
v 0.177851 -0.001729 0.630193
v 0.176508 0.019648 0.629339
v 0.177851 0.041025 0.630193
v 0.181669 0.061142 0.632345
v 0.187714 0.078778 0.634997
v 0.207844 -0.039482 0.614867
v 0.205192 -0.021846 0.608821
v 0.203041 -0.001729 0.605003
v 0.202186 0.019648 0.603660
v 0.203041 0.041025 0.605003
v 0.205192 0.061142 0.608821
v 0.207844 0.078778 0.614867
v 0.222350 -0.042706 0.608821
v 0.220866 -0.023650 0.601515
v 0.219524 -0.002527 0.597071
v 0.218953 0.019648 0.595564
v 0.219524 0.041823 0.597071
v 0.220866 0.062946 0.601515
v 0.222350 0.082002 0.608821
v 0.238896 -0.045322 0.605003
v 0.238240 -0.025282 0.597071
v 0.237602 -0.003303 0.592293
v 0.237317 0.019648 0.590694
v 0.237602 0.042599 0.592293
v 0.238240 0.064578 0.597071
v 0.238896 0.084618 0.605003
v 0.256479 -0.046361 0.603660
v 0.256479 -0.025976 0.595564
v 0.256479 -0.003649 0.590694
v 0.256479 0.019648 0.589067
v 0.256479 0.042946 0.590694
v 0.256479 0.065272 0.595564
v 0.256479 0.085657 0.603660
v 0.274061 -0.045322 0.605003
v 0.274717 -0.025282 0.597071
v 0.275356 -0.003303 0.592293
v 0.275641 0.019648 0.590694
v 0.275356 0.042599 0.592293
v 0.274717 0.064578 0.597071
v 0.274061 0.084618 0.605003
v 0.290608 -0.042706 0.608821
v 0.292092 -0.023650 0.601515
v 0.293434 -0.002527 0.597071
v 0.294005 0.019648 0.595564
v 0.293434 0.041823 0.597071
v 0.292092 0.062946 0.601515
v 0.290608 0.082002 0.608821
v 0.305113 -0.039482 0.614867
v 0.307766 -0.021846 0.608821
v 0.309917 -0.001729 0.605003
v 0.310771 0.019648 0.603660
v 0.309917 0.041025 0.605003
v 0.307766 0.061142 0.608821
v 0.305113 0.078778 0.614867
v 0.325243 -0.039482 0.634997
v 0.331289 -0.021846 0.632345
v 0.335107 -0.001729 0.630193
v 0.336450 0.019648 0.629339
v 0.335107 0.041025 0.630193
v 0.331289 0.061142 0.632345
v 0.325243 0.078778 0.634997
v 0.331289 -0.042706 0.649502
v 0.338595 -0.023650 0.648018
v 0.343039 -0.002527 0.646676
v 0.344547 0.019648 0.646105
v 0.343039 0.041823 0.646676
v 0.338595 0.062946 0.648018
v 0.331289 0.082002 0.649502
v 0.335107 -0.045322 0.666049
v 0.343039 -0.025282 0.665393
v 0.347817 -0.003303 0.664754
v 0.349417 0.019648 0.664469
v 0.347817 0.042599 0.664754
v 0.343039 0.064578 0.665393
v 0.335107 0.084618 0.666049
v 0.336450 -0.046361 0.683631
v 0.344547 -0.025976 0.683631
v 0.349417 -0.003649 0.683631
v 0.351044 0.019648 0.683631
v 0.349417 0.042946 0.683631
v 0.344547 0.065272 0.683631
v 0.336450 0.085657 0.683631
v 0.335107 -0.045322 0.701214
v 0.343039 -0.025282 0.701870
v 0.347817 -0.003303 0.702508
v 0.349417 0.019648 0.702794
v 0.347817 0.042599 0.702508
v 0.343039 0.064578 0.701870
v 0.335107 0.084618 0.701214
v 0.331289 -0.042706 0.717760
v 0.338595 -0.023650 0.719244
v 0.343039 -0.002527 0.720586
v 0.344547 0.019648 0.721157
v 0.343039 0.041823 0.720586
v 0.338595 0.062946 0.719244
v 0.331289 0.082002 0.717760
v 0.325243 -0.039482 0.732266
v 0.331289 -0.021846 0.734918
v 0.335107 -0.001729 0.737069
v 0.336450 0.019648 0.737924
v 0.335107 0.041025 0.737069
v 0.331289 0.061142 0.734918
v 0.325243 0.078778 0.732266
v 0.305114 -0.039482 0.752396
v 0.307766 -0.021846 0.758441
v 0.309917 -0.001729 0.762259
v 0.310771 0.019648 0.763602
v 0.309917 0.041025 0.762259
v 0.307766 0.061142 0.758441
v 0.305113 0.078778 0.752396
v 0.290608 -0.042706 0.758441
v 0.292092 -0.023650 0.765747
v 0.293434 -0.002527 0.770191
v 0.294005 0.019648 0.771699
v 0.293434 0.041823 0.770191
v 0.292092 0.062946 0.765747
v 0.290608 0.082002 0.758441
v 0.274061 -0.045322 0.762259
v 0.274717 -0.025282 0.770191
v 0.275356 -0.003303 0.774969
v 0.275641 0.019648 0.776569
v 0.275356 0.042599 0.774969
v 0.274717 0.064578 0.770191
v 0.274061 0.084618 0.762259
v 0.256479 -0.046361 0.763602
v 0.256479 -0.025976 0.771699
v 0.256479 -0.003649 0.776569
v 0.256479 0.019648 0.778196
v 0.256479 0.042946 0.776569
v 0.256479 0.065272 0.771699
v 0.256479 0.085657 0.763602
v 0.238896 -0.045322 0.762259
v 0.238240 -0.025282 0.770191
v 0.237602 -0.003303 0.774969
v 0.237317 0.019648 0.776569
v 0.237602 0.042599 0.774969
v 0.238240 0.064578 0.770191
v 0.238896 0.084618 0.762259
v 0.222350 -0.042706 0.758441
v 0.220866 -0.023650 0.765747
v 0.219524 -0.002527 0.770191
v 0.218953 0.019648 0.771699
v 0.219524 0.041823 0.770191
v 0.220866 0.062946 0.765747
v 0.222350 0.082002 0.758441
v 0.207844 -0.039482 0.752396
v 0.205192 -0.021846 0.758441
v 0.203041 -0.001729 0.762259
v 0.202186 0.019648 0.763602
v 0.203041 0.041025 0.762259
v 0.205192 0.061142 0.758441
v 0.207844 0.078778 0.752396
v 0.207844 -0.063956 0.634997
v 0.222350 -0.071306 0.632345
v 0.238896 -0.075948 0.630193
v 0.256479 -0.077581 0.629339
v 0.274061 -0.075948 0.630193
v 0.290608 -0.071306 0.632345
v 0.305113 -0.063956 0.634997
v 0.205192 -0.071306 0.649502
v 0.220866 -0.080188 0.648018
v 0.238240 -0.085591 0.646676
v 0.256479 -0.087425 0.646105
v 0.274717 -0.085591 0.646676
v 0.292092 -0.080188 0.648018
v 0.307766 -0.071306 0.649502
v 0.203041 -0.075948 0.666049
v 0.219524 -0.085591 0.665393
v 0.237602 -0.091401 0.664754
v 0.256479 -0.093346 0.664469
v 0.275356 -0.091401 0.664754
v 0.293434 -0.085591 0.665393
v 0.309917 -0.075948 0.666049
v 0.202186 -0.077581 0.683631
v 0.218953 -0.087425 0.683631
v 0.237317 -0.093346 0.683631
v 0.256479 -0.095324 0.683631
v 0.275641 -0.093346 0.683631
v 0.294005 -0.087425 0.683631
v 0.310771 -0.077581 0.683631
v 0.203041 -0.075948 0.701214
v 0.219524 -0.085591 0.701870
v 0.237602 -0.091401 0.702508
v 0.256479 -0.093346 0.702794
v 0.275356 -0.091401 0.702508
v 0.293434 -0.085591 0.701870
v 0.309917 -0.075948 0.701214
v 0.205192 -0.071306 0.717760
v 0.220866 -0.080188 0.719244
v 0.238240 -0.085591 0.720586
v 0.256479 -0.087425 0.721157
v 0.274717 -0.085591 0.720586
v 0.292092 -0.080188 0.719244
v 0.307766 -0.071306 0.717760
v 0.207844 -0.063956 0.732266
v 0.222350 -0.071306 0.734918
v 0.238896 -0.075948 0.737069
v 0.256479 -0.077581 0.737924
v 0.274061 -0.075948 0.737069
v 0.290608 -0.071306 0.734918
v 0.305113 -0.063956 0.732266
v 0.305113 0.103252 0.634997
v 0.290608 0.110602 0.632345
v 0.274061 0.115244 0.630193
v 0.256479 0.116877 0.629339
v 0.238896 0.115244 0.630193
v 0.222350 0.110602 0.632345
v 0.207844 0.103252 0.634997
v 0.307766 0.110602 0.649502
v 0.292092 0.119484 0.648018
v 0.274717 0.124887 0.646676
v 0.256479 0.126721 0.646105
v 0.238240 0.124887 0.646676
v 0.220866 0.119484 0.648018
v 0.205192 0.110602 0.649502
v 0.309917 0.115244 0.666049
v 0.293434 0.124887 0.665393
v 0.275356 0.130697 0.664754
v 0.256479 0.132642 0.664469
v 0.237602 0.130697 0.664754
v 0.219524 0.124887 0.665393
v 0.203041 0.115244 0.666049
v 0.310771 0.116877 0.683631
v 0.294005 0.126721 0.683631
v 0.275641 0.132642 0.683631
v 0.256479 0.134620 0.683631
v 0.237317 0.132642 0.683631
v 0.218953 0.126721 0.683631
v 0.202186 0.116877 0.683631
v 0.309917 0.115244 0.701214
v 0.293434 0.124887 0.701870
v 0.275356 0.130697 0.702508
v 0.256479 0.132642 0.702794
v 0.237602 0.130697 0.702508
v 0.219524 0.124887 0.701870
v 0.203041 0.115244 0.701214
v 0.307766 0.110602 0.717760
v 0.292092 0.119484 0.719244
v 0.274717 0.124887 0.720586
v 0.256479 0.126721 0.721157
v 0.238240 0.124887 0.720586
v 0.220866 0.119484 0.719244
v 0.205192 0.110602 0.717760
v 0.305113 0.103252 0.732266
v 0.290608 0.110602 0.734918
v 0.274061 0.115244 0.737069
v 0.256479 0.116877 0.737924
v 0.238896 0.115244 0.737069
v 0.222350 0.110602 0.734918
v 0.207844 0.103252 0.732266
vn -0.7623 -0.4113 0.4997
vn -0.8933 -0.2859 0.3468
vn -0.8301 -0.4378 0.3454
vn -0.8097 -0.2773 0.5172
vn -0.9266 -0.1430 0.3477
vn -0.8380 -0.1424 0.5268
vn -0.9377 -0.0000 0.3476
vn -0.8380 0.1424 0.5268
vn -0.8481 -0.0000 0.5299
vn -0.8097 0.2773 0.5172
vn -0.9266 0.1430 0.3477
vn -0.7623 0.4113 0.4997
vn -0.8933 0.2859 0.3468
vn -0.9403 -0.2914 0.1760
vn -0.8727 -0.4538 0.1802
vn -0.9745 -0.1428 0.1730
vn -0.9852 -0.0000 0.1716
vn -0.9745 0.1428 0.1730
vn -0.8301 0.4378 0.3454
vn -0.9403 0.2914 0.1760
vn -0.9561 -0.2931 -0.0000
vn -0.8881 -0.4596 -0.0000
vn -0.9898 -0.1425 -0.0000
vn -1.0000 -0.0000 -0.0000
vn -0.9898 0.1425 -0.0000
vn -0.8727 0.4538 0.1802
vn -0.9561 0.2931 -0.0000
vn -0.8727 -0.4538 -0.1802
vn -0.9403 -0.2914 -0.1760
vn -0.9745 -0.1428 -0.1730
vn -0.9745 0.1428 -0.1730
vn -0.9852 -0.0000 -0.1716
vn -0.9403 0.2914 -0.1760
vn -0.8727 0.4538 -0.1802
vn -0.8301 -0.4378 -0.3454
vn -0.8933 -0.2859 -0.3467
vn -0.9266 -0.1430 -0.3477
vn -0.9266 0.1430 -0.3477
vn -0.9377 -0.0000 -0.3476
vn -0.8933 0.2859 -0.3468
vn -0.8301 0.4378 -0.3454
vn -0.7623 -0.4113 -0.4997
vn -0.8097 -0.2773 -0.5172
vn -0.8380 -0.1424 -0.5268
vn -0.8380 0.1424 -0.5268
vn -0.8481 -0.0000 -0.5299
vn -0.8097 0.2773 -0.5172
vn -0.7623 0.4113 -0.4997
vn -0.6114 -0.5023 0.6114
vn -0.6722 -0.5556 0.4894
vn -0.6512 -0.3897 0.6512
vn -0.6804 -0.2724 0.6804
vn -0.6999 -0.1420 0.6999
vn -0.6999 0.1420 0.6999
vn -0.7071 -0.0000 0.7071
vn -0.6804 0.2724 0.6804
vn -0.6512 0.3897 0.6512
vn -0.6114 0.5023 0.6114
vn -0.6722 0.5556 0.4894
vn -0.7210 0.5969 0.3520
vn -0.7565 0.6267 0.1868
vn -0.8881 0.4596 -0.0000
vn -0.7565 0.6267 -0.1868
vn -0.7210 0.5969 -0.3520
vn -0.6722 0.5556 -0.4894
vn -0.6114 0.5023 -0.6114
vn -0.6512 0.3897 -0.6512
vn -0.6804 0.2724 -0.6804
vn -0.6999 0.1420 -0.6999
vn -0.7071 -0.0000 -0.7071
vn -0.6999 -0.1420 -0.6999
vn -0.6804 -0.2724 -0.6804
vn -0.6512 -0.3897 -0.6512
vn -0.6114 -0.5023 -0.6114
vn -0.6722 -0.5556 -0.4894
vn -0.7210 -0.5969 -0.3520
vn -0.7565 -0.6267 -0.1868
vn -0.7699 -0.6382 -0.0000
vn -0.7565 -0.6267 0.1868
vn -0.7210 -0.5969 0.3520
vn -0.4997 -0.4113 -0.7623
vn -0.3468 -0.2859 -0.8933
vn -0.3454 -0.4378 -0.8301
vn -0.5172 -0.2773 -0.8097
vn -0.3477 -0.1430 -0.9266
vn -0.5268 -0.1424 -0.8380
vn -0.3476 -0.0000 -0.9377
vn -0.5268 0.1424 -0.8380
vn -0.5299 -0.0000 -0.8481
vn -0.5172 0.2773 -0.8097
vn -0.3477 0.1430 -0.9266
vn -0.4997 0.4113 -0.7623
vn -0.3468 0.2859 -0.8933
vn -0.1760 -0.2914 -0.9403
vn -0.1802 -0.4538 -0.8727
vn -0.1730 -0.1428 -0.9745
vn -0.1716 -0.0000 -0.9852
vn -0.1730 0.1428 -0.9745
vn -0.3454 0.4378 -0.8301
vn -0.1760 0.2914 -0.9403
vn -0.0000 -0.2931 -0.9561
vn -0.0000 -0.4596 -0.8881
vn -0.0000 -0.1425 -0.9898
vn -0.0000 -0.0000 -1.0000
vn -0.0000 0.1425 -0.9898
vn -0.1802 0.4538 -0.8727
vn -0.0000 0.2931 -0.9561
vn 0.1802 -0.4538 -0.8727
vn 0.1760 -0.2914 -0.9403
vn 0.1730 -0.1428 -0.9745
vn 0.1730 0.1428 -0.9745
vn 0.1716 -0.0000 -0.9852
vn 0.1760 0.2914 -0.9403
vn 0.1802 0.4538 -0.8727
vn 0.3454 -0.4378 -0.8301
vn 0.3467 -0.2859 -0.8933
vn 0.3477 -0.1430 -0.9266
vn 0.3477 0.1430 -0.9266
vn 0.3476 -0.0000 -0.9377
vn 0.3468 0.2859 -0.8933
vn 0.3454 0.4378 -0.8301
vn 0.4997 -0.4113 -0.7623
vn 0.5172 -0.2773 -0.8097
vn 0.5268 -0.1424 -0.8380
vn 0.5268 0.1424 -0.8380
vn 0.5299 -0.0000 -0.8481
vn 0.5172 0.2773 -0.8097
vn 0.4997 0.4113 -0.7623
vn -0.4894 -0.5556 -0.6722
vn -0.4894 0.5556 -0.6722
vn -0.3520 0.5969 -0.7210
vn -0.1868 0.6267 -0.7565
vn -0.0000 0.4596 -0.8881
vn 0.1868 0.6267 -0.7565
vn 0.3520 0.5969 -0.7210
vn 0.4894 0.5556 -0.6722
vn 0.6114 0.5023 -0.6114
vn 0.6512 0.3897 -0.6512
vn 0.6804 0.2724 -0.6804
vn 0.6999 0.1420 -0.6999
vn 0.7071 -0.0000 -0.7071
vn 0.6999 -0.1420 -0.6999
vn 0.6804 -0.2724 -0.6804
vn 0.6512 -0.3897 -0.6512
vn 0.6114 -0.5023 -0.6114
vn 0.4894 -0.5556 -0.6722
vn 0.3520 -0.5969 -0.7210
vn 0.1868 -0.6267 -0.7565
vn -0.0000 -0.6382 -0.7699
vn -0.1868 -0.6267 -0.7565
vn -0.3520 -0.5969 -0.7210
vn 0.7623 -0.4113 -0.4997
vn 0.8933 -0.2859 -0.3468
vn 0.8301 -0.4378 -0.3454
vn 0.8097 -0.2773 -0.5172
vn 0.9266 -0.1430 -0.3477
vn 0.8380 -0.1424 -0.5268
vn 0.9377 -0.0000 -0.3476
vn 0.8380 0.1424 -0.5268
vn 0.8481 -0.0000 -0.5299
vn 0.8097 0.2773 -0.5172
vn 0.9266 0.1430 -0.3477
vn 0.7623 0.4113 -0.4997
vn 0.8933 0.2859 -0.3467
vn 0.9403 -0.2914 -0.1760
vn 0.8727 -0.4538 -0.1802
vn 0.9745 -0.1428 -0.1730
vn 0.9852 -0.0000 -0.1716
vn 0.9745 0.1428 -0.1730
vn 0.8301 0.4378 -0.3454
vn 0.9403 0.2914 -0.1760
vn 0.9561 -0.2931 -0.0000
vn 0.8881 -0.4596 -0.0000
vn 0.9898 -0.1425 -0.0000
vn 1.0000 -0.0000 -0.0000
vn 0.9898 0.1425 -0.0000
vn 0.8727 0.4538 -0.1802
vn 0.9561 0.2931 -0.0000
vn 0.8727 -0.4538 0.1802
vn 0.9403 -0.2914 0.1760
vn 0.9745 -0.1428 0.1730
vn 0.9745 0.1428 0.1730
vn 0.9852 -0.0000 0.1716
vn 0.9403 0.2914 0.1760
vn 0.8727 0.4538 0.1802
vn 0.8301 -0.4378 0.3454
vn 0.8933 -0.2859 0.3468
vn 0.9266 -0.1430 0.3477
vn 0.9266 0.1430 0.3477
vn 0.9377 -0.0000 0.3476
vn 0.8933 0.2859 0.3468
vn 0.8301 0.4378 0.3454
vn 0.7623 -0.4113 0.4997
vn 0.8097 -0.2773 0.5172
vn 0.8380 -0.1424 0.5268
vn 0.8380 0.1424 0.5268
vn 0.8481 -0.0000 0.5299
vn 0.8097 0.2773 0.5172
vn 0.7623 0.4113 0.4997
vn 0.6722 -0.5556 -0.4894
vn 0.6722 0.5556 -0.4894
vn 0.7210 0.5969 -0.3520
vn 0.7565 0.6267 -0.1868
vn 0.8881 0.4596 -0.0000
vn 0.7565 0.6267 0.1868
vn 0.7210 0.5969 0.3520
vn 0.6722 0.5556 0.4894
vn 0.6114 0.5023 0.6114
vn 0.6512 0.3897 0.6512
vn 0.6804 0.2724 0.6804
vn 0.6999 0.1420 0.6999
vn 0.7071 -0.0000 0.7071
vn 0.6999 -0.1420 0.6999
vn 0.6804 -0.2724 0.6804
vn 0.6512 -0.3897 0.6512
vn 0.6114 -0.5023 0.6114
vn 0.6722 -0.5556 0.4894
vn 0.7210 -0.5969 0.3520
vn 0.7565 -0.6267 0.1868
vn 0.7699 -0.6382 -0.0000
vn 0.7565 -0.6267 -0.1868
vn 0.7210 -0.5969 -0.3520
vn 0.4997 -0.4113 0.7623
vn 0.3468 -0.2859 0.8933
vn 0.3454 -0.4378 0.8301
vn 0.5172 -0.2773 0.8097
vn 0.3477 -0.1430 0.9266
vn 0.5268 -0.1424 0.8380
vn 0.3476 -0.0000 0.9377
vn 0.5268 0.1424 0.8380
vn 0.5299 -0.0000 0.8481
vn 0.5172 0.2773 0.8097
vn 0.3477 0.1430 0.9266
vn 0.4997 0.4113 0.7623
vn 0.3468 0.2859 0.8933
vn 0.1760 -0.2914 0.9403
vn 0.1802 -0.4538 0.8727
vn 0.1730 -0.1428 0.9745
vn 0.1716 -0.0000 0.9852
vn 0.1730 0.1428 0.9745
vn 0.3454 0.4378 0.8301
vn 0.1760 0.2914 0.9403
vn -0.0000 -0.2931 0.9561
vn -0.0000 -0.4596 0.8881
vn -0.0000 -0.1425 0.9898
vn -0.0000 -0.0000 1.0000
vn -0.0000 0.1425 0.9898
vn 0.1802 0.4538 0.8727
vn -0.0000 0.2931 0.9561
vn -0.1802 -0.4538 0.8727
vn -0.1760 -0.2914 0.9403
vn -0.1730 -0.1428 0.9745
vn -0.1730 0.1428 0.9745
vn -0.1716 -0.0000 0.9852
vn -0.1760 0.2914 0.9403
vn -0.1802 0.4538 0.8727
vn -0.3454 -0.4378 0.8301
vn -0.3467 -0.2859 0.8933
vn -0.3477 -0.1430 0.9266
vn -0.3477 0.1430 0.9266
vn -0.3476 -0.0000 0.9377
vn -0.3468 0.2859 0.8933
vn -0.3454 0.4378 0.8301
vn -0.4997 -0.4113 0.7623
vn -0.5172 -0.2773 0.8097
vn -0.5268 -0.1424 0.8380
vn -0.5268 0.1424 0.8380
vn -0.5299 -0.0000 0.8481
vn -0.5172 0.2773 0.8097
vn -0.4997 0.4113 0.7623
vn 0.4894 -0.5556 0.6722
vn 0.4894 0.5556 0.6722
vn 0.3520 0.5969 0.7210
vn 0.1868 0.6267 0.7565
vn -0.0000 0.4596 0.8881
vn -0.1868 0.6267 0.7565
vn -0.3520 0.5969 0.7210
vn -0.4894 0.5556 0.6722
vn -0.4894 -0.5556 0.6722
vn -0.3520 -0.5969 0.7210
vn -0.1868 -0.6267 0.7565
vn -0.0000 -0.6382 0.7699
vn 0.1868 -0.6267 0.7565
vn 0.3520 -0.5969 0.7210
vn -0.3708 -0.7352 -0.5674
vn -0.5674 -0.7352 -0.3708
vn -0.5279 -0.6652 -0.5279
vn -0.2016 -0.8921 -0.4043
vn -0.3911 -0.8331 -0.3911
vn -0.1948 -0.7815 -0.5928
vn -0.0000 -0.9127 -0.4087
vn 0.1948 -0.7815 -0.5928
vn -0.0000 -0.7986 -0.6018
vn 0.3708 -0.7352 -0.5674
vn 0.2016 -0.8921 -0.4043
vn 0.5674 -0.7352 -0.3708
vn 0.3911 -0.8331 -0.3911
vn -0.4043 -0.8921 -0.2016
vn -0.5928 -0.7815 -0.1948
vn -0.2052 -0.9569 -0.2052
vn -0.0000 -0.9785 -0.2061
vn 0.2052 -0.9569 -0.2052
vn 0.4043 -0.8921 -0.2016
vn -0.4087 -0.9127 -0.0000
vn -0.6018 -0.7986 -0.0000
vn -0.2061 -0.9785 -0.0000
vn -0.0000 -1.0000 -0.0000
vn 0.2061 -0.9785 -0.0000
vn 0.5928 -0.7815 -0.1948
vn 0.4087 -0.9127 -0.0000
vn -0.5928 -0.7815 0.1948
vn -0.4043 -0.8921 0.2016
vn -0.2052 -0.9569 0.2052
vn 0.2052 -0.9569 0.2052
vn -0.0000 -0.9785 0.2061
vn 0.4043 -0.8921 0.2016
vn 0.5928 -0.7815 0.1948
vn -0.5674 -0.7352 0.3708
vn -0.3911 -0.8331 0.3911
vn -0.2016 -0.8921 0.4043
vn 0.2016 -0.8921 0.4043
vn -0.0000 -0.9127 0.4087
vn 0.3911 -0.8331 0.3911
vn 0.5674 -0.7352 0.3708
vn -0.3708 -0.7352 0.5674
vn -0.5279 -0.6652 0.5279
vn -0.1948 -0.7815 0.5928
vn 0.1948 -0.7815 0.5928
vn -0.0000 -0.7986 0.6018
vn 0.3708 -0.7352 0.5674
vn 0.5279 -0.6652 -0.5279
vn 0.6018 -0.7986 -0.0000
vn 0.5279 -0.6652 0.5279
vn 0.3708 0.7352 -0.5674
vn 0.5674 0.7352 -0.3708
vn 0.5279 0.6652 -0.5279
vn 0.2016 0.8921 -0.4043
vn 0.3911 0.8331 -0.3911
vn 0.1948 0.7815 -0.5928
vn -0.0000 0.9127 -0.4087
vn -0.1948 0.7815 -0.5928
vn -0.0000 0.7986 -0.6018
vn -0.3708 0.7352 -0.5674
vn -0.2016 0.8921 -0.4043
vn -0.5674 0.7352 -0.3708
vn -0.3911 0.8331 -0.3911
vn 0.4043 0.8921 -0.2016
vn 0.5928 0.7815 -0.1948
vn 0.2052 0.9569 -0.2052
vn -0.0000 0.9785 -0.2061
vn -0.2052 0.9569 -0.2052
vn -0.4043 0.8921 -0.2016
vn 0.4087 0.9127 -0.0000
vn 0.6018 0.7986 -0.0000
vn 0.2061 0.9785 -0.0000
vn -0.0000 1.0000 -0.0000
vn -0.2061 0.9785 -0.0000
vn -0.5928 0.7815 -0.1948
vn -0.4087 0.9127 -0.0000
vn 0.5928 0.7815 0.1948
vn 0.4043 0.8921 0.2016
vn 0.2052 0.9569 0.2052
vn -0.2052 0.9569 0.2052
vn -0.0000 0.9785 0.2061
vn -0.4043 0.8921 0.2016
vn -0.5928 0.7815 0.1948
vn 0.5674 0.7352 0.3708
vn 0.3911 0.8331 0.3911
vn 0.2016 0.8921 0.4043
vn -0.2016 0.8921 0.4043
vn -0.0000 0.9127 0.4087
vn -0.3911 0.8331 0.3911
vn -0.5674 0.7352 0.3708
vn 0.3708 0.7352 0.5674
vn 0.5279 0.6652 0.5279
vn 0.1948 0.7815 0.5928
vn -0.1948 0.7815 0.5928
vn -0.0000 0.7986 0.6018
vn -0.3708 0.7352 0.5674
vn -0.0000 0.6382 -0.7699
vn -0.5279 0.6652 -0.5279
vn -0.7699 0.6382 -0.0000
vn -0.6018 0.7986 -0.0000
vn -0.5279 0.6652 0.5279
vn -0.0000 0.6382 0.7699
vn 0.7699 0.6382 -0.0000
vt 0.406250 0.031250
vt 0.437500 0.062500
vt 0.406250 0.062500
vt 0.437500 0.031250
vt 0.468750 0.062500
vt 0.468750 0.031250
vt 0.500000 0.062500
vt 0.531250 0.031250
vt 0.500000 0.031250
vt 0.562500 0.031250
vt 0.531250 0.062500
vt 0.593750 0.031250
vt 0.562500 0.062500
vt 0.437500 0.093750
vt 0.406250 0.093750
vt 0.468750 0.093750
vt 0.500000 0.093750
vt 0.531250 0.093750
vt 0.593750 0.062500
vt 0.562500 0.093750
vt 0.437500 0.125000
vt 0.406250 0.125000
vt 0.468750 0.125000
vt 0.500000 0.125000
vt 0.531250 0.125000
vt 0.593750 0.093750
vt 0.562500 0.125000
vt 0.406250 0.156250
vt 0.437500 0.156250
vt 0.468750 0.156250
vt 0.531250 0.156250
vt 0.500000 0.156250
vt 0.562500 0.156250
vt 0.593750 0.156250
vt 0.406250 0.187500
vt 0.437500 0.187500
vt 0.468750 0.187500
vt 0.531250 0.187500
vt 0.500000 0.187500
vt 0.562500 0.187500
vt 0.593750 0.187500
vt 0.406250 0.218750
vt 0.437500 0.218750
vt 0.468750 0.218750
vt 0.531250 0.218750
vt 0.500000 0.218750
vt 0.562500 0.218750
vt 0.593750 0.218750
vt 0.375000 0.000000
vt 0.375000 0.031250
vt 0.406250 0.000000
vt 0.437500 0.000000
vt 0.468750 0.000000
vt 0.531250 0.000000
vt 0.500000 0.000000
vt 0.562500 0.000000
vt 0.593750 0.000000
vt 0.625000 0.000000
vt 0.625000 0.031250
vt 0.625000 0.062500
vt 0.625000 0.093750
vt 0.593750 0.125000
vt 0.625000 0.156250
vt 0.625000 0.187500
vt 0.625000 0.218750
vt 0.625000 0.250000
vt 0.593750 0.250000
vt 0.562500 0.250000
vt 0.531250 0.250000
vt 0.500000 0.250000
vt 0.468750 0.250000
vt 0.437500 0.250000
vt 0.406250 0.250000
vt 0.375000 0.250000
vt 0.375000 0.218750
vt 0.375000 0.187500
vt 0.375000 0.156250
vt 0.375000 0.125000
vt 0.375000 0.093750
vt 0.375000 0.062500
vt 0.406250 0.281250
vt 0.437500 0.312500
vt 0.406250 0.312500
vt 0.437500 0.281250
vt 0.468750 0.312500
vt 0.468750 0.281250
vt 0.500000 0.312500
vt 0.531250 0.281250
vt 0.500000 0.281250
vt 0.562500 0.281250
vt 0.531250 0.312500
vt 0.593750 0.281250
vt 0.562500 0.312500
vt 0.437500 0.343750
vt 0.406250 0.343750
vt 0.468750 0.343750
vt 0.500000 0.343750
vt 0.531250 0.343750
vt 0.593750 0.312500
vt 0.562500 0.343750
vt 0.437500 0.375000
vt 0.406250 0.375000
vt 0.468750 0.375000
vt 0.500000 0.375000
vt 0.531250 0.375000
vt 0.593750 0.343750
vt 0.562500 0.375000
vt 0.406250 0.406250
vt 0.437500 0.406250
vt 0.468750 0.406250
vt 0.531250 0.406250
vt 0.500000 0.406250
vt 0.562500 0.406250
vt 0.593750 0.406250
vt 0.406250 0.437500
vt 0.437500 0.437500
vt 0.468750 0.437500
vt 0.531250 0.437500
vt 0.500000 0.437500
vt 0.562500 0.437500
vt 0.593750 0.437500
vt 0.406250 0.468750
vt 0.437500 0.468750
vt 0.468750 0.468750
vt 0.531250 0.468750
vt 0.500000 0.468750
vt 0.562500 0.468750
vt 0.593750 0.468750
vt 0.375000 0.281250
vt 0.625000 0.281250
vt 0.625000 0.312500
vt 0.625000 0.343750
vt 0.593750 0.375000
vt 0.625000 0.406250
vt 0.625000 0.437500
vt 0.625000 0.468750
vt 0.625000 0.500000
vt 0.593750 0.500000
vt 0.562500 0.500000
vt 0.531250 0.500000
vt 0.500000 0.500000
vt 0.468750 0.500000
vt 0.437500 0.500000
vt 0.406250 0.500000
vt 0.375000 0.500000
vt 0.375000 0.468750
vt 0.375000 0.437500
vt 0.375000 0.406250
vt 0.375000 0.375000
vt 0.375000 0.343750
vt 0.375000 0.312500
vt 0.406250 0.531250
vt 0.437500 0.562500
vt 0.406250 0.562500
vt 0.437500 0.531250
vt 0.468750 0.562500
vt 0.468750 0.531250
vt 0.500000 0.562500
vt 0.531250 0.531250
vt 0.500000 0.531250
vt 0.562500 0.531250
vt 0.531250 0.562500
vt 0.593750 0.531250
vt 0.562500 0.562500
vt 0.437500 0.593750
vt 0.406250 0.593750
vt 0.468750 0.593750
vt 0.500000 0.593750
vt 0.531250 0.593750
vt 0.593750 0.562500
vt 0.562500 0.593750
vt 0.437500 0.625000
vt 0.406250 0.625000
vt 0.468750 0.625000
vt 0.500000 0.625000
vt 0.531250 0.625000
vt 0.593750 0.593750
vt 0.562500 0.625000
vt 0.406250 0.656250
vt 0.437500 0.656250
vt 0.468750 0.656250
vt 0.531250 0.656250
vt 0.500000 0.656250
vt 0.562500 0.656250
vt 0.593750 0.656250
vt 0.406250 0.687500
vt 0.437500 0.687500
vt 0.468750 0.687500
vt 0.531250 0.687500
vt 0.500000 0.687500
vt 0.562500 0.687500
vt 0.593750 0.687500
vt 0.406250 0.718750
vt 0.437500 0.718750
vt 0.468750 0.718750
vt 0.531250 0.718750
vt 0.500000 0.718750
vt 0.562500 0.718750
vt 0.593750 0.718750
vt 0.375000 0.531250
vt 0.625000 0.531250
vt 0.625000 0.562500
vt 0.625000 0.593750
vt 0.593750 0.625000
vt 0.625000 0.656250
vt 0.625000 0.687500
vt 0.625000 0.718750
vt 0.625000 0.750000
vt 0.593750 0.750000
vt 0.562500 0.750000
vt 0.531250 0.750000
vt 0.500000 0.750000
vt 0.468750 0.750000
vt 0.437500 0.750000
vt 0.406250 0.750000
vt 0.375000 0.750000
vt 0.375000 0.718750
vt 0.375000 0.687500
vt 0.375000 0.656250
vt 0.375000 0.625000
vt 0.375000 0.593750
vt 0.375000 0.562500
vt 0.406250 0.781250
vt 0.437500 0.812500
vt 0.406250 0.812500
vt 0.437500 0.781250
vt 0.468750 0.812500
vt 0.468750 0.781250
vt 0.500000 0.812500
vt 0.531250 0.781250
vt 0.500000 0.781250
vt 0.562500 0.781250
vt 0.531250 0.812500
vt 0.593750 0.781250
vt 0.562500 0.812500
vt 0.437500 0.843750
vt 0.406250 0.843750
vt 0.468750 0.843750
vt 0.500000 0.843750
vt 0.531250 0.843750
vt 0.593750 0.812500
vt 0.562500 0.843750
vt 0.437500 0.875000
vt 0.406250 0.875000
vt 0.468750 0.875000
vt 0.500000 0.875000
vt 0.531250 0.875000
vt 0.593750 0.843750
vt 0.562500 0.875000
vt 0.406250 0.906250
vt 0.437500 0.906250
vt 0.468750 0.906250
vt 0.531250 0.906250
vt 0.500000 0.906250
vt 0.562500 0.906250
vt 0.593750 0.906250
vt 0.406250 0.937500
vt 0.437500 0.937500
vt 0.468750 0.937500
vt 0.531250 0.937500
vt 0.500000 0.937500
vt 0.562500 0.937500
vt 0.593750 0.937500
vt 0.406250 0.968750
vt 0.437500 0.968750
vt 0.468750 0.968750
vt 0.531250 0.968750
vt 0.500000 0.968750
vt 0.562500 0.968750
vt 0.593750 0.968750
vt 0.375000 0.781250
vt 0.625000 0.781250
vt 0.625000 0.812500
vt 0.625000 0.843750
vt 0.593750 0.875000
vt 0.625000 0.906250
vt 0.625000 0.937500
vt 0.625000 0.968750
vt 0.625000 1.000000
vt 0.593750 1.000000
vt 0.562500 1.000000
vt 0.531250 1.000000
vt 0.500000 1.000000
vt 0.468750 1.000000
vt 0.437500 1.000000
vt 0.406250 1.000000
vt 0.375000 1.000000
vt 0.375000 0.968750
vt 0.375000 0.937500
vt 0.375000 0.906250
vt 0.375000 0.875000
vt 0.375000 0.843750
vt 0.375000 0.812500
vt 0.187500 0.531250
vt 0.156250 0.562500
vt 0.156250 0.531250
vt 0.218750 0.562500
vt 0.187500 0.562500
vt 0.218750 0.531250
vt 0.250000 0.562500
vt 0.281250 0.531250
vt 0.250000 0.531250
vt 0.312500 0.531250
vt 0.281250 0.562500
vt 0.343750 0.562500
vt 0.312500 0.562500
vt 0.187500 0.593750
vt 0.156250 0.593750
vt 0.218750 0.593750
vt 0.250000 0.593750
vt 0.281250 0.593750
vt 0.312500 0.593750
vt 0.187500 0.625000
vt 0.156250 0.625000
vt 0.218750 0.625000
vt 0.250000 0.625000
vt 0.281250 0.625000
vt 0.343750 0.593750
vt 0.312500 0.625000
vt 0.156250 0.656250
vt 0.187500 0.656250
vt 0.218750 0.656250
vt 0.281250 0.656250
vt 0.250000 0.656250
vt 0.312500 0.656250
vt 0.343750 0.656250
vt 0.156250 0.687500
vt 0.187500 0.687500
vt 0.218750 0.687500
vt 0.281250 0.687500
vt 0.250000 0.687500
vt 0.312500 0.687500
vt 0.343750 0.687500
vt 0.187500 0.718750
vt 0.156250 0.718750
vt 0.218750 0.718750
vt 0.281250 0.718750
vt 0.250000 0.718750
vt 0.312500 0.718750
vt 0.125000 0.500000
vt 0.125000 0.531250
vt 0.187500 0.500000
vt 0.156250 0.500000
vt 0.218750 0.500000
vt 0.250000 0.500000
vt 0.281250 0.500000
vt 0.312500 0.500000
vt 0.343750 0.531250
vt 0.343750 0.500000
vt 0.343750 0.625000
vt 0.343750 0.718750
vt 0.343750 0.750000
vt 0.312500 0.750000
vt 0.281250 0.750000
vt 0.250000 0.750000
vt 0.218750 0.750000
vt 0.187500 0.750000
vt 0.156250 0.750000
vt 0.125000 0.750000
vt 0.125000 0.718750
vt 0.125000 0.687500
vt 0.125000 0.656250
vt 0.125000 0.625000
vt 0.125000 0.593750
vt 0.125000 0.562500
vt 0.687500 0.531250
vt 0.656250 0.562500
vt 0.656250 0.531250
vt 0.718750 0.562500
vt 0.687500 0.562500
vt 0.718750 0.531250
vt 0.750000 0.562500
vt 0.781250 0.531250
vt 0.750000 0.531250
vt 0.812500 0.531250
vt 0.781250 0.562500
vt 0.843750 0.562500
vt 0.812500 0.562500
vt 0.687500 0.593750
vt 0.656250 0.593750
vt 0.718750 0.593750
vt 0.750000 0.593750
vt 0.781250 0.593750
vt 0.812500 0.593750
vt 0.687500 0.625000
vt 0.656250 0.625000
vt 0.718750 0.625000
vt 0.750000 0.625000
vt 0.781250 0.625000
vt 0.843750 0.593750
vt 0.812500 0.625000
vt 0.656250 0.656250
vt 0.687500 0.656250
vt 0.718750 0.656250
vt 0.781250 0.656250
vt 0.750000 0.656250
vt 0.812500 0.656250
vt 0.843750 0.656250
vt 0.656250 0.687500
vt 0.687500 0.687500
vt 0.718750 0.687500
vt 0.781250 0.687500
vt 0.750000 0.687500
vt 0.812500 0.687500
vt 0.843750 0.687500
vt 0.687500 0.718750
vt 0.656250 0.718750
vt 0.718750 0.718750
vt 0.781250 0.718750
vt 0.750000 0.718750
vt 0.812500 0.718750
vt 0.687500 0.500000
vt 0.656250 0.500000
vt 0.718750 0.500000
vt 0.750000 0.500000
vt 0.781250 0.500000
vt 0.812500 0.500000
vt 0.843750 0.531250
vt 0.875000 0.500000
vt 0.843750 0.500000
vt 0.875000 0.562500
vt 0.875000 0.593750
vt 0.875000 0.625000
vt 0.843750 0.625000
vt 0.875000 0.656250
vt 0.875000 0.687500
vt 0.843750 0.718750
vt 0.875000 0.750000
vt 0.843750 0.750000
vt 0.812500 0.750000
vt 0.781250 0.750000
vt 0.750000 0.750000
vt 0.718750 0.750000
vt 0.687500 0.750000
vt 0.656250 0.750000
vt 0.625000 0.625000
vt 0.625000 0.125000
vt 0.625000 0.375000
vt 0.625000 0.875000
vt 0.875000 0.531250
vt 0.875000 0.718750
s 1
usemtl GhostEye
f 5605/5670/5473 5613/5671/5474 5612/5672/5475
f 5606/5673/5476 5614/5674/5477 5613/5671/5474
f 5607/5675/5478 5615/5676/5479 5614/5674/5477
f 5609/5677/5480 5615/5676/5479 5608/5678/5481
f 5610/5679/5482 5616/5680/5483 5609/5677/5480
f 5611/5681/5484 5617/5682/5485 5610/5679/5482
f 5612/5672/5475 5620/5683/5486 5619/5684/5487
f 5613/5671/5474 5621/5685/5488 5620/5683/5486
f 5614/5674/5477 5622/5686/5489 5621/5685/5488
f 5616/5680/5483 5622/5686/5489 5615/5676/5479
f 5617/5682/5485 5623/5687/5490 5616/5680/5483
f 5618/5688/5491 5624/5689/5492 5617/5682/5485
f 5619/5684/5487 5627/5690/5493 5626/5691/5494
f 5620/5683/5486 5628/5692/5495 5627/5690/5493
f 5621/5685/5488 5629/5693/5496 5628/5692/5495
f 5623/5687/5490 5629/5693/5496 5622/5686/5489
f 5624/5689/5492 5630/5694/5497 5623/5687/5490
f 5625/5695/5498 5631/5696/5499 5624/5689/5492
f 5627/5690/5493 5633/5697/5500 5626/5691/5494
f 5628/5692/5495 5634/5698/5501 5627/5690/5493
f 5629/5693/5496 5635/5699/5502 5628/5692/5495
f 5629/5693/5496 5637/5700/5503 5636/5701/5504
f 5630/5694/5497 5638/5702/5505 5637/5700/5503
f 5631/5696/5499 5639/5703/5506 5638/5702/5505
f 5634/5698/5501 5640/5704/5507 5633/5697/5500
f 5635/5699/5502 5641/5705/5508 5634/5698/5501
f 5636/5701/5504 5642/5706/5509 5635/5699/5502
f 5636/5701/5504 5644/5707/5510 5643/5708/5511
f 5637/5700/5503 5645/5709/5512 5644/5707/5510
f 5638/5702/5505 5646/5710/5513 5645/5709/5512
f 5641/5705/5508 5647/5711/5514 5640/5704/5507
f 5642/5706/5509 5648/5712/5515 5641/5705/5508
f 5643/5708/5511 5649/5713/5516 5642/5706/5509
f 5643/5708/5511 5651/5714/5517 5650/5715/5518
f 5644/5707/5510 5652/5716/5519 5651/5714/5517
f 5645/5709/5512 5653/5717/5520 5652/5716/5519
f 5513/5718/5521 5605/5670/5473 5527/5719/5522
f 5528/5720/5523 5606/5673/5476 5605/5670/5473
f 5529/5721/5524 5607/5675/5478 5606/5673/5476
f 5530/5722/5525 5608/5678/5481 5607/5675/5478
f 5532/5723/5526 5608/5678/5481 5531/5724/5527
f 5533/5725/5528 5609/5677/5480 5532/5723/5526
f 5534/5726/5529 5610/5679/5482 5533/5725/5528
f 5514/5727/5530 5611/5681/5484 5534/5726/5529
f 5535/5728/5531 5618/5688/5491 5611/5681/5484
f 5536/5729/5532 5625/5695/5498 5618/5688/5491
f 5537/5730/5533 5632/5731/5534 5625/5695/5498
f 5632/5731/5534 5539/5732/5535 5639/5703/5506
f 5639/5703/5506 5540/5733/5536 5646/5710/5513
f 5646/5710/5513 5541/5734/5537 5653/5717/5520
f 5653/5717/5520 5516/5735/5538 5542/5736/5539
f 5652/5716/5519 5542/5736/5539 5543/5737/5540
f 5651/5714/5517 5543/5737/5540 5544/5738/5541
f 5650/5715/5518 5544/5738/5541 5545/5739/5542
f 5650/5715/5518 5546/5740/5543 5649/5713/5516
f 5649/5713/5516 5547/5741/5544 5648/5712/5515
f 5648/5712/5515 5548/5742/5545 5647/5711/5514
f 5647/5711/5514 5515/5743/5546 5521/5744/5547
f 5640/5704/5507 5521/5744/5547 5522/5745/5548
f 5633/5697/5500 5522/5745/5548 5523/5746/5549
f 5626/5691/5494 5523/5746/5549 5524/5747/5550
f 5525/5748/5551 5626/5691/5494 5524/5747/5550
f 5526/5749/5552 5619/5684/5487 5525/5748/5551
f 5527/5719/5522 5612/5672/5475 5526/5749/5552
f 5654/5750/5553 5662/5751/5554 5661/5752/5555
f 5655/5753/5556 5663/5754/5557 5662/5751/5554
f 5656/5755/5558 5664/5756/5559 5663/5754/5557
f 5658/5757/5560 5664/5756/5559 5657/5758/5561
f 5659/5759/5562 5665/5760/5563 5658/5757/5560
f 5660/5761/5564 5666/5762/5565 5659/5759/5562
f 5661/5752/5555 5669/5763/5566 5668/5764/5567
f 5662/5751/5554 5670/5765/5568 5669/5763/5566
f 5663/5754/5557 5671/5766/5569 5670/5765/5568
f 5665/5760/5563 5671/5766/5569 5664/5756/5559
f 5666/5762/5565 5672/5767/5570 5665/5760/5563
f 5667/5768/5571 5673/5769/5572 5666/5762/5565
f 5668/5764/5567 5676/5770/5573 5675/5771/5574
f 5669/5763/5566 5677/5772/5575 5676/5770/5573
f 5670/5765/5568 5678/5773/5576 5677/5772/5575
f 5672/5767/5570 5678/5773/5576 5671/5766/5569
f 5673/5769/5572 5679/5774/5577 5672/5767/5570
f 5674/5775/5578 5680/5776/5579 5673/5769/5572
f 5676/5770/5573 5682/5777/5580 5675/5771/5574
f 5677/5772/5575 5683/5778/5581 5676/5770/5573
f 5678/5773/5576 5684/5779/5582 5677/5772/5575
f 5678/5773/5576 5686/5780/5583 5685/5781/5584
f 5679/5774/5577 5687/5782/5585 5686/5780/5583
f 5680/5776/5579 5688/5783/5586 5687/5782/5585
f 5683/5778/5581 5689/5784/5587 5682/5777/5580
f 5684/5779/5582 5690/5785/5588 5683/5778/5581
f 5685/5781/5584 5691/5786/5589 5684/5779/5582
f 5685/5781/5584 5693/5787/5590 5692/5788/5591
f 5686/5780/5583 5694/5789/5592 5693/5787/5590
f 5687/5782/5585 5695/5790/5593 5694/5789/5592
f 5690/5785/5588 5696/5791/5594 5689/5784/5587
f 5691/5786/5589 5697/5792/5595 5690/5785/5588
f 5692/5788/5591 5698/5793/5596 5691/5786/5589
f 5692/5788/5591 5700/5794/5597 5699/5795/5598
f 5693/5787/5590 5701/5796/5599 5700/5794/5597
f 5694/5789/5592 5702/5797/5600 5701/5796/5599
f 5515/5743/5546 5654/5750/5553 5555/5798/5601
f 5548/5742/5545 5655/5753/5556 5654/5750/5553
f 5547/5741/5544 5656/5755/5558 5655/5753/5556
f 5546/5740/5543 5657/5758/5561 5656/5755/5558
f 5544/5738/5541 5657/5758/5561 5545/5739/5542
f 5543/5737/5540 5658/5757/5560 5544/5738/5541
f 5542/5736/5539 5659/5759/5562 5543/5737/5540
f 5516/5735/5538 5660/5761/5564 5542/5736/5539
f 5556/5799/5602 5667/5768/5571 5660/5761/5564
f 5557/5800/5603 5674/5775/5578 5667/5768/5571
f 5558/5801/5604 5681/5802/5605 5674/5775/5578
f 5681/5802/5605 5560/5803/5606 5688/5783/5586
f 5688/5783/5586 5561/5804/5607 5695/5790/5593
f 5695/5790/5593 5562/5805/5608 5702/5797/5600
f 5702/5797/5600 5520/5806/5609 5563/5807/5610
f 5701/5796/5599 5563/5807/5610 5564/5808/5611
f 5700/5794/5597 5564/5808/5611 5565/5809/5612
f 5699/5795/5598 5565/5809/5612 5566/5810/5613
f 5699/5795/5598 5567/5811/5614 5698/5793/5596
f 5698/5793/5596 5568/5812/5615 5697/5792/5595
f 5697/5792/5595 5569/5813/5616 5696/5791/5594
f 5696/5791/5594 5519/5814/5617 5549/5815/5618
f 5689/5784/5587 5549/5815/5618 5550/5816/5619
f 5682/5777/5580 5550/5816/5619 5551/5817/5620
f 5675/5771/5574 5551/5817/5620 5552/5818/5621
f 5553/5819/5622 5675/5771/5574 5552/5818/5621
f 5554/5820/5623 5668/5764/5567 5553/5819/5622
f 5555/5798/5601 5661/5752/5555 5554/5820/5623
f 5703/5821/5624 5711/5822/5625 5710/5823/5626
f 5704/5824/5627 5712/5825/5628 5711/5822/5625
f 5705/5826/5629 5713/5827/5630 5712/5825/5628
f 5707/5828/5631 5713/5827/5630 5706/5829/5632
f 5708/5830/5633 5714/5831/5634 5707/5828/5631
f 5709/5832/5635 5715/5833/5636 5708/5830/5633
f 5710/5823/5626 5718/5834/5637 5717/5835/5638
f 5711/5822/5625 5719/5836/5639 5718/5834/5637
f 5712/5825/5628 5720/5837/5640 5719/5836/5639
f 5714/5831/5634 5720/5837/5640 5713/5827/5630
f 5715/5833/5636 5721/5838/5641 5714/5831/5634
f 5716/5839/5642 5722/5840/5643 5715/5833/5636
f 5717/5835/5638 5725/5841/5644 5724/5842/5645
f 5718/5834/5637 5726/5843/5646 5725/5841/5644
f 5719/5836/5639 5727/5844/5647 5726/5843/5646
f 5721/5838/5641 5727/5844/5647 5720/5837/5640
f 5722/5840/5643 5728/5845/5648 5721/5838/5641
f 5723/5846/5649 5729/5847/5650 5722/5840/5643
f 5725/5841/5644 5731/5848/5651 5724/5842/5645
f 5726/5843/5646 5732/5849/5652 5725/5841/5644
f 5727/5844/5647 5733/5850/5653 5726/5843/5646
f 5727/5844/5647 5735/5851/5654 5734/5852/5655
f 5728/5845/5648 5736/5853/5656 5735/5851/5654
f 5729/5847/5650 5737/5854/5657 5736/5853/5656
f 5732/5849/5652 5738/5855/5658 5731/5848/5651
f 5733/5850/5653 5739/5856/5659 5732/5849/5652
f 5734/5852/5655 5740/5857/5660 5733/5850/5653
f 5734/5852/5655 5742/5858/5661 5741/5859/5662
f 5735/5851/5654 5743/5860/5663 5742/5858/5661
f 5736/5853/5656 5744/5861/5664 5743/5860/5663
f 5739/5856/5659 5745/5862/5665 5738/5855/5658
f 5740/5857/5660 5746/5863/5666 5739/5856/5659
f 5741/5859/5662 5747/5864/5667 5740/5857/5660
f 5741/5859/5662 5749/5865/5668 5748/5866/5669
f 5742/5858/5661 5750/5867/5670 5749/5865/5668
f 5743/5860/5663 5751/5868/5671 5750/5867/5670
f 5519/5814/5617 5703/5821/5624 5576/5869/5672
f 5569/5813/5616 5704/5824/5627 5703/5821/5624
f 5568/5812/5615 5705/5826/5629 5704/5824/5627
f 5567/5811/5614 5706/5829/5632 5705/5826/5629
f 5565/5809/5612 5706/5829/5632 5566/5810/5613
f 5564/5808/5611 5707/5828/5631 5565/5809/5612
f 5563/5807/5610 5708/5830/5633 5564/5808/5611
f 5520/5806/5609 5709/5832/5635 5563/5807/5610
f 5577/5870/5673 5716/5839/5642 5709/5832/5635
f 5578/5871/5674 5723/5846/5649 5716/5839/5642
f 5579/5872/5675 5730/5873/5676 5723/5846/5649
f 5730/5873/5676 5581/5874/5677 5737/5854/5657
f 5737/5854/5657 5582/5875/5678 5744/5861/5664
f 5744/5861/5664 5583/5876/5679 5751/5868/5671
f 5751/5868/5671 5518/5877/5680 5584/5878/5681
f 5750/5867/5670 5584/5878/5681 5585/5879/5682
f 5749/5865/5668 5585/5879/5682 5586/5880/5683
f 5748/5866/5669 5586/5880/5683 5587/5881/5684
f 5748/5866/5669 5588/5882/5685 5747/5864/5667
f 5747/5864/5667 5589/5883/5686 5746/5863/5666
f 5746/5863/5666 5590/5884/5687 5745/5862/5665
f 5745/5862/5665 5517/5885/5688 5570/5886/5689
f 5738/5855/5658 5570/5886/5689 5571/5887/5690
f 5731/5848/5651 5571/5887/5690 5572/5888/5691
f 5724/5842/5645 5572/5888/5691 5573/5889/5692
f 5574/5890/5693 5724/5842/5645 5573/5889/5692
f 5575/5891/5694 5717/5835/5638 5574/5890/5693
f 5576/5869/5672 5710/5823/5626 5575/5891/5694
f 5752/5892/5695 5760/5893/5696 5759/5894/5697
f 5753/5895/5698 5761/5896/5699 5760/5893/5696
f 5754/5897/5700 5762/5898/5701 5761/5896/5699
f 5756/5899/5702 5762/5898/5701 5755/5900/5703
f 5757/5901/5704 5763/5902/5705 5756/5899/5702
f 5758/5903/5706 5764/5904/5707 5757/5901/5704
f 5759/5894/5697 5767/5905/5708 5766/5906/5709
f 5760/5893/5696 5768/5907/5710 5767/5905/5708
f 5761/5896/5699 5769/5908/5711 5768/5907/5710
f 5763/5902/5705 5769/5908/5711 5762/5898/5701
f 5764/5904/5707 5770/5909/5712 5763/5902/5705
f 5765/5910/5713 5771/5911/5714 5764/5904/5707
f 5766/5906/5709 5774/5912/5715 5773/5913/5716
f 5767/5905/5708 5775/5914/5717 5774/5912/5715
f 5768/5907/5710 5776/5915/5718 5775/5914/5717
f 5770/5909/5712 5776/5915/5718 5769/5908/5711
f 5771/5911/5714 5777/5916/5719 5770/5909/5712
f 5772/5917/5720 5778/5918/5721 5771/5911/5714
f 5774/5912/5715 5780/5919/5722 5773/5913/5716
f 5775/5914/5717 5781/5920/5723 5774/5912/5715
f 5776/5915/5718 5782/5921/5724 5775/5914/5717
f 5776/5915/5718 5784/5922/5725 5783/5923/5726
f 5777/5916/5719 5785/5924/5727 5784/5922/5725
f 5778/5918/5721 5786/5925/5728 5785/5924/5727
f 5781/5920/5723 5787/5926/5729 5780/5919/5722
f 5782/5921/5724 5788/5927/5730 5781/5920/5723
f 5783/5923/5726 5789/5928/5731 5782/5921/5724
f 5783/5923/5726 5791/5929/5732 5790/5930/5733
f 5784/5922/5725 5792/5931/5734 5791/5929/5732
f 5785/5924/5727 5793/5932/5735 5792/5931/5734
f 5788/5927/5730 5794/5933/5736 5787/5926/5729
f 5789/5928/5731 5795/5934/5737 5788/5927/5730
f 5790/5930/5733 5796/5935/5738 5789/5928/5731
f 5790/5930/5733 5798/5936/5739 5797/5937/5740
f 5791/5929/5732 5799/5938/5741 5798/5936/5739
f 5792/5931/5734 5800/5939/5742 5799/5938/5741
f 5517/5885/5688 5752/5892/5695 5597/5940/5743
f 5590/5884/5687 5753/5895/5698 5752/5892/5695
f 5589/5883/5686 5754/5897/5700 5753/5895/5698
f 5588/5882/5685 5755/5900/5703 5754/5897/5700
f 5586/5880/5683 5755/5900/5703 5587/5881/5684
f 5585/5879/5682 5756/5899/5702 5586/5880/5683
f 5584/5878/5681 5757/5901/5704 5585/5879/5682
f 5518/5877/5680 5758/5903/5706 5584/5878/5681
f 5598/5941/5744 5765/5910/5713 5758/5903/5706
f 5599/5942/5745 5772/5917/5720 5765/5910/5713
f 5600/5943/5746 5779/5944/5747 5772/5917/5720
f 5779/5944/5747 5602/5945/5748 5786/5925/5728
f 5786/5925/5728 5603/5946/5749 5793/5932/5735
f 5793/5932/5735 5604/5947/5750 5800/5939/5742
f 5800/5939/5742 5514/5948/5530 5534/5949/5529
f 5799/5938/5741 5534/5949/5529 5533/5950/5528
f 5798/5936/5739 5533/5950/5528 5532/5951/5526
f 5797/5937/5740 5532/5951/5526 5531/5952/5527
f 5797/5937/5740 5530/5953/5525 5796/5935/5738
f 5796/5935/5738 5529/5954/5524 5795/5934/5737
f 5795/5934/5737 5528/5955/5523 5794/5933/5736
f 5794/5933/5736 5513/5956/5521 5591/5957/5751
f 5787/5926/5729 5591/5957/5751 5592/5958/5752
f 5780/5919/5722 5592/5958/5752 5593/5959/5753
f 5773/5913/5716 5593/5959/5753 5594/5960/5754
f 5595/5961/5755 5773/5913/5716 5594/5960/5754
f 5596/5962/5756 5766/5906/5709 5595/5961/5755
f 5597/5940/5743 5759/5894/5697 5596/5962/5756
f 5802/5963/5757 5808/5964/5758 5801/5965/5759
f 5802/5963/5757 5810/5966/5760 5809/5967/5761
f 5803/5968/5762 5811/5969/5763 5810/5966/5760
f 5805/5970/5764 5811/5969/5763 5804/5971/5765
f 5806/5972/5766 5812/5973/5767 5805/5970/5764
f 5806/5972/5766 5814/5974/5768 5813/5975/5769
f 5808/5964/5758 5816/5976/5770 5815/5977/5771
f 5809/5967/5761 5817/5978/5772 5816/5976/5770
f 5810/5966/5760 5818/5979/5773 5817/5978/5772
f 5812/5973/5767 5818/5979/5773 5811/5969/5763
f 5813/5975/5769 5819/5980/5774 5812/5973/5767
f 5814/5974/5768 5820/5981/5775 5813/5975/5769
f 5815/5977/5771 5823/5982/5776 5822/5983/5777
f 5816/5976/5770 5824/5984/5778 5823/5982/5776
f 5817/5978/5772 5825/5985/5779 5824/5984/5778
f 5819/5980/5774 5825/5985/5779 5818/5979/5773
f 5820/5981/5775 5826/5986/5780 5819/5980/5774
f 5821/5987/5781 5827/5988/5782 5820/5981/5775
f 5823/5982/5776 5829/5989/5783 5822/5983/5777
f 5824/5984/5778 5830/5990/5784 5823/5982/5776
f 5825/5985/5779 5831/5991/5785 5824/5984/5778
f 5825/5985/5779 5833/5992/5786 5832/5993/5787
f 5826/5986/5780 5834/5994/5788 5833/5992/5786
f 5827/5988/5782 5835/5995/5789 5834/5994/5788
f 5830/5990/5784 5836/5996/5790 5829/5989/5783
f 5831/5991/5785 5837/5997/5791 5830/5990/5784
f 5832/5993/5787 5838/5998/5792 5831/5991/5785
f 5832/5993/5787 5840/5999/5793 5839/6000/5794
f 5833/5992/5786 5841/6001/5795 5840/5999/5793
f 5834/5994/5788 5842/6002/5796 5841/6001/5795
f 5836/5996/5790 5844/6003/5797 5843/6004/5798
f 5838/5998/5792 5844/6003/5797 5837/5997/5791
f 5839/6000/5794 5845/6005/5799 5838/5998/5792
f 5839/6000/5794 5847/6006/5800 5846/6007/5801
f 5840/5999/5793 5848/6008/5802 5847/6006/5800
f 5842/6002/5796 5848/6008/5802 5841/6001/5795
f 5515/6009/5546 5801/5965/5759 5521/6010/5547
f 5554/6011/5623 5801/5965/5759 5555/6012/5601
f 5553/6013/5622 5802/5963/5757 5554/6011/5623
f 5552/6014/5621 5803/5968/5762 5553/6013/5622
f 5552/6014/5621 5805/5970/5764 5804/5971/5765
f 5551/6015/5620 5806/5972/5766 5805/5970/5764
f 5550/6016/5619 5807/6017/5803 5806/5972/5766
f 5519/5814/5617 5807/6017/5803 5549/6018/5618
f 5807/6017/5803 5575/5891/5694 5814/5974/5768
f 5814/5974/5768 5574/5890/5693 5821/5987/5781
f 5821/5987/5781 5573/5889/5692 5828/6019/5804
f 5573/5889/5692 5835/5995/5789 5828/6019/5804
f 5572/5888/5691 5842/6002/5796 5835/5995/5789
f 5571/5887/5690 5849/6020/5805 5842/6002/5796
f 5849/6020/5805 5517/5885/5688 5597/6021/5743
f 5849/6020/5805 5596/6022/5756 5848/6008/5802
f 5848/6008/5802 5595/6023/5755 5847/6006/5800
f 5847/6006/5800 5594/6024/5754 5846/6007/5801
f 5845/6005/5799 5594/6024/5754 5593/6025/5753
f 5844/6003/5797 5593/6025/5753 5592/6026/5752
f 5843/6004/5798 5592/6026/5752 5591/6027/5751
f 5843/6004/5798 5513/6028/5521 5527/6029/5522
f 5526/6030/5552 5843/6004/5798 5527/6029/5522
f 5525/6031/5551 5836/5996/5790 5526/6030/5552
f 5524/6032/5550 5829/5989/5783 5525/6031/5551
f 5815/5977/5771 5524/6032/5550 5523/6033/5549
f 5808/5964/5758 5523/6033/5549 5522/6034/5548
f 5801/5965/5759 5522/6034/5548 5521/6010/5547
f 5851/6035/5806 5857/6036/5807 5850/6037/5808
f 5851/6035/5806 5859/6038/5809 5858/6039/5810
f 5852/6040/5811 5860/6041/5812 5859/6038/5809
f 5854/6042/5813 5860/6041/5812 5853/6043/5814
f 5855/6044/5815 5861/6045/5816 5854/6042/5813
f 5855/6044/5815 5863/6046/5817 5862/6047/5818
f 5857/6036/5807 5865/6048/5819 5864/6049/5820
f 5858/6039/5810 5866/6050/5821 5865/6048/5819
f 5859/6038/5809 5867/6051/5822 5866/6050/5821
f 5861/6045/5816 5867/6051/5822 5860/6041/5812
f 5862/6047/5818 5868/6052/5823 5861/6045/5816
f 5863/6046/5817 5869/6053/5824 5862/6047/5818
f 5864/6049/5820 5872/6054/5825 5871/6055/5826
f 5865/6048/5819 5873/6056/5827 5872/6054/5825
f 5866/6050/5821 5874/6057/5828 5873/6056/5827
f 5868/6052/5823 5874/6057/5828 5867/6051/5822
f 5869/6053/5824 5875/6058/5829 5868/6052/5823
f 5870/6059/5830 5876/6060/5831 5869/6053/5824
f 5872/6054/5825 5878/6061/5832 5871/6055/5826
f 5873/6056/5827 5879/6062/5833 5872/6054/5825
f 5874/6057/5828 5880/6063/5834 5873/6056/5827
f 5874/6057/5828 5882/6064/5835 5881/6065/5836
f 5875/6058/5829 5883/6066/5837 5882/6064/5835
f 5876/6060/5831 5884/6067/5838 5883/6066/5837
f 5879/6062/5833 5885/6068/5839 5878/6061/5832
f 5880/6063/5834 5886/6069/5840 5879/6062/5833
f 5881/6065/5836 5887/6070/5841 5880/6063/5834
f 5881/6065/5836 5889/6071/5842 5888/6072/5843
f 5882/6064/5835 5890/6073/5844 5889/6071/5842
f 5883/6066/5837 5891/6074/5845 5890/6073/5844
f 5885/6068/5839 5893/6075/5846 5892/6076/5847
f 5887/6070/5841 5893/6075/5846 5886/6069/5840
f 5888/6072/5843 5894/6077/5848 5887/6070/5841
f 5888/6072/5843 5896/6078/5849 5895/6079/5850
f 5889/6071/5842 5897/6080/5851 5896/6078/5849
f 5891/6074/5845 5897/6080/5851 5890/6073/5844
f 5520/5806/5609 5850/6037/5808 5577/5870/5673
f 5561/6081/5607 5850/6037/5808 5562/6082/5608
f 5560/6083/5606 5851/6035/5806 5561/6081/5607
f 5559/6084/5852 5852/6040/5811 5560/6083/5606
f 5559/6084/5852 5854/6042/5813 5853/6043/5814
f 5558/6085/5604 5855/6044/5815 5854/6042/5813
f 5557/6086/5603 5856/6087/5853 5855/6044/5815
f 5516/6088/5538 5856/6087/5853 5556/6089/5602
f 5856/6087/5853 5540/6090/5536 5863/6046/5817
f 5863/6046/5817 5539/6091/5535 5870/6059/5830
f 5870/6059/5830 5538/6092/5854 5877/6093/5855
f 5538/6092/5854 5884/6067/5838 5877/6093/5855
f 5537/6094/5533 5891/6074/5845 5884/6067/5838
f 5536/6095/5532 5898/6096/5856 5891/6074/5845
f 5898/6096/5856 5514/6097/5530 5604/6098/5750
f 5898/6096/5856 5603/6099/5749 5897/6080/5851
f 5897/6080/5851 5602/6100/5748 5896/6078/5849
f 5896/6078/5849 5601/6101/5857 5895/6079/5850
f 5894/6077/5848 5601/6101/5857 5600/6102/5746
f 5893/6075/5846 5600/6102/5746 5599/6103/5745
f 5892/6076/5847 5599/6103/5745 5598/6104/5744
f 5892/6076/5847 5518/5877/5680 5583/5876/5679
f 5582/5875/5678 5892/6076/5847 5583/5876/5679
f 5581/5874/5677 5885/6068/5839 5582/5875/5678
f 5580/6105/5858 5878/6061/5832 5581/5874/5677
f 5864/6049/5820 5580/6105/5858 5579/5872/5675
f 5857/6036/5807 5579/5872/5675 5578/5871/5674
f 5850/6037/5808 5578/5871/5674 5577/5870/5673
f 5605/5670/5473 5606/5673/5476 5613/5671/5474
f 5606/5673/5476 5607/5675/5478 5614/5674/5477
f 5607/5675/5478 5608/5678/5481 5615/5676/5479
f 5609/5677/5480 5616/5680/5483 5615/5676/5479
f 5610/5679/5482 5617/5682/5485 5616/5680/5483
f 5611/5681/5484 5618/5688/5491 5617/5682/5485
f 5612/5672/5475 5613/5671/5474 5620/5683/5486
f 5613/5671/5474 5614/5674/5477 5621/5685/5488
f 5614/5674/5477 5615/5676/5479 5622/5686/5489
f 5616/5680/5483 5623/5687/5490 5622/5686/5489
f 5617/5682/5485 5624/5689/5492 5623/5687/5490
f 5618/5688/5491 5625/5695/5498 5624/5689/5492
f 5619/5684/5487 5620/5683/5486 5627/5690/5493
f 5620/5683/5486 5621/5685/5488 5628/5692/5495
f 5621/5685/5488 5622/5686/5489 5629/5693/5496
f 5623/5687/5490 5630/5694/5497 5629/5693/5496
f 5624/5689/5492 5631/5696/5499 5630/5694/5497
f 5625/5695/5498 5632/5731/5534 5631/5696/5499
f 5627/5690/5493 5634/5698/5501 5633/5697/5500
f 5628/5692/5495 5635/5699/5502 5634/5698/5501
f 5629/5693/5496 5636/5701/5504 5635/5699/5502
f 5629/5693/5496 5630/5694/5497 5637/5700/5503
f 5630/5694/5497 5631/5696/5499 5638/5702/5505
f 5631/5696/5499 5632/5731/5534 5639/5703/5506
f 5634/5698/5501 5641/5705/5508 5640/5704/5507
f 5635/5699/5502 5642/5706/5509 5641/5705/5508
f 5636/5701/5504 5643/5708/5511 5642/5706/5509
f 5636/5701/5504 5637/5700/5503 5644/5707/5510
f 5637/5700/5503 5638/5702/5505 5645/5709/5512
f 5638/5702/5505 5639/5703/5506 5646/5710/5513
f 5641/5705/5508 5648/5712/5515 5647/5711/5514
f 5642/5706/5509 5649/5713/5516 5648/5712/5515
f 5643/5708/5511 5650/5715/5518 5649/5713/5516
f 5643/5708/5511 5644/5707/5510 5651/5714/5517
f 5644/5707/5510 5645/5709/5512 5652/5716/5519
f 5645/5709/5512 5646/5710/5513 5653/5717/5520
f 5513/5718/5521 5528/5720/5523 5605/5670/5473
f 5528/5720/5523 5529/5721/5524 5606/5673/5476
f 5529/5721/5524 5530/5722/5525 5607/5675/5478
f 5530/5722/5525 5531/5724/5527 5608/5678/5481
f 5532/5723/5526 5609/5677/5480 5608/5678/5481
f 5533/5725/5528 5610/5679/5482 5609/5677/5480
f 5534/5726/5529 5611/5681/5484 5610/5679/5482
f 5514/5727/5530 5535/5728/5531 5611/5681/5484
f 5535/5728/5531 5536/5729/5532 5618/5688/5491
f 5536/5729/5532 5537/5730/5533 5625/5695/5498
f 5537/5730/5533 5538/6106/5854 5632/5731/5534
f 5632/5731/5534 5538/6106/5854 5539/5732/5535
f 5639/5703/5506 5539/5732/5535 5540/5733/5536
f 5646/5710/5513 5540/5733/5536 5541/5734/5537
f 5653/5717/5520 5541/5734/5537 5516/5735/5538
f 5652/5716/5519 5653/5717/5520 5542/5736/5539
f 5651/5714/5517 5652/5716/5519 5543/5737/5540
f 5650/5715/5518 5651/5714/5517 5544/5738/5541
f 5650/5715/5518 5545/5739/5542 5546/5740/5543
f 5649/5713/5516 5546/5740/5543 5547/5741/5544
f 5648/5712/5515 5547/5741/5544 5548/5742/5545
f 5647/5711/5514 5548/5742/5545 5515/5743/5546
f 5640/5704/5507 5647/5711/5514 5521/5744/5547
f 5633/5697/5500 5640/5704/5507 5522/5745/5548
f 5626/5691/5494 5633/5697/5500 5523/5746/5549
f 5525/5748/5551 5619/5684/5487 5626/5691/5494
f 5526/5749/5552 5612/5672/5475 5619/5684/5487
f 5527/5719/5522 5605/5670/5473 5612/5672/5475
f 5654/5750/5553 5655/5753/5556 5662/5751/5554
f 5655/5753/5556 5656/5755/5558 5663/5754/5557
f 5656/5755/5558 5657/5758/5561 5664/5756/5559
f 5658/5757/5560 5665/5760/5563 5664/5756/5559
f 5659/5759/5562 5666/5762/5565 5665/5760/5563
f 5660/5761/5564 5667/5768/5571 5666/5762/5565
f 5661/5752/5555 5662/5751/5554 5669/5763/5566
f 5662/5751/5554 5663/5754/5557 5670/5765/5568
f 5663/5754/5557 5664/5756/5559 5671/5766/5569
f 5665/5760/5563 5672/5767/5570 5671/5766/5569
f 5666/5762/5565 5673/5769/5572 5672/5767/5570
f 5667/5768/5571 5674/5775/5578 5673/5769/5572
f 5668/5764/5567 5669/5763/5566 5676/5770/5573
f 5669/5763/5566 5670/5765/5568 5677/5772/5575
f 5670/5765/5568 5671/5766/5569 5678/5773/5576
f 5672/5767/5570 5679/5774/5577 5678/5773/5576
f 5673/5769/5572 5680/5776/5579 5679/5774/5577
f 5674/5775/5578 5681/5802/5605 5680/5776/5579
f 5676/5770/5573 5683/5778/5581 5682/5777/5580
f 5677/5772/5575 5684/5779/5582 5683/5778/5581
f 5678/5773/5576 5685/5781/5584 5684/5779/5582
f 5678/5773/5576 5679/5774/5577 5686/5780/5583
f 5679/5774/5577 5680/5776/5579 5687/5782/5585
f 5680/5776/5579 5681/5802/5605 5688/5783/5586
f 5683/5778/5581 5690/5785/5588 5689/5784/5587
f 5684/5779/5582 5691/5786/5589 5690/5785/5588
f 5685/5781/5584 5692/5788/5591 5691/5786/5589
f 5685/5781/5584 5686/5780/5583 5693/5787/5590
f 5686/5780/5583 5687/5782/5585 5694/5789/5592
f 5687/5782/5585 5688/5783/5586 5695/5790/5593
f 5690/5785/5588 5697/5792/5595 5696/5791/5594
f 5691/5786/5589 5698/5793/5596 5697/5792/5595
f 5692/5788/5591 5699/5795/5598 5698/5793/5596
f 5692/5788/5591 5693/5787/5590 5700/5794/5597
f 5693/5787/5590 5694/5789/5592 5701/5796/5599
f 5694/5789/5592 5695/5790/5593 5702/5797/5600
f 5515/5743/5546 5548/5742/5545 5654/5750/5553
f 5548/5742/5545 5547/5741/5544 5655/5753/5556
f 5547/5741/5544 5546/5740/5543 5656/5755/5558
f 5546/5740/5543 5545/5739/5542 5657/5758/5561
f 5544/5738/5541 5658/5757/5560 5657/5758/5561
f 5543/5737/5540 5659/5759/5562 5658/5757/5560
f 5542/5736/5539 5660/5761/5564 5659/5759/5562
f 5516/5735/5538 5556/5799/5602 5660/5761/5564
f 5556/5799/5602 5557/5800/5603 5667/5768/5571
f 5557/5800/5603 5558/5801/5604 5674/5775/5578
f 5558/5801/5604 5559/6107/5852 5681/5802/5605
f 5681/5802/5605 5559/6107/5852 5560/5803/5606
f 5688/5783/5586 5560/5803/5606 5561/5804/5607
f 5695/5790/5593 5561/5804/5607 5562/5805/5608
f 5702/5797/5600 5562/5805/5608 5520/5806/5609
f 5701/5796/5599 5702/5797/5600 5563/5807/5610
f 5700/5794/5597 5701/5796/5599 5564/5808/5611
f 5699/5795/5598 5700/5794/5597 5565/5809/5612
f 5699/5795/5598 5566/5810/5613 5567/5811/5614
f 5698/5793/5596 5567/5811/5614 5568/5812/5615
f 5697/5792/5595 5568/5812/5615 5569/5813/5616
f 5696/5791/5594 5569/5813/5616 5519/5814/5617
f 5689/5784/5587 5696/5791/5594 5549/5815/5618
f 5682/5777/5580 5689/5784/5587 5550/5816/5619
f 5675/5771/5574 5682/5777/5580 5551/5817/5620
f 5553/5819/5622 5668/5764/5567 5675/5771/5574
f 5554/5820/5623 5661/5752/5555 5668/5764/5567
f 5555/5798/5601 5654/5750/5553 5661/5752/5555
f 5703/5821/5624 5704/5824/5627 5711/5822/5625
f 5704/5824/5627 5705/5826/5629 5712/5825/5628
f 5705/5826/5629 5706/5829/5632 5713/5827/5630
f 5707/5828/5631 5714/5831/5634 5713/5827/5630
f 5708/5830/5633 5715/5833/5636 5714/5831/5634
f 5709/5832/5635 5716/5839/5642 5715/5833/5636
f 5710/5823/5626 5711/5822/5625 5718/5834/5637
f 5711/5822/5625 5712/5825/5628 5719/5836/5639
f 5712/5825/5628 5713/5827/5630 5720/5837/5640
f 5714/5831/5634 5721/5838/5641 5720/5837/5640
f 5715/5833/5636 5722/5840/5643 5721/5838/5641
f 5716/5839/5642 5723/5846/5649 5722/5840/5643
f 5717/5835/5638 5718/5834/5637 5725/5841/5644
f 5718/5834/5637 5719/5836/5639 5726/5843/5646
f 5719/5836/5639 5720/5837/5640 5727/5844/5647
f 5721/5838/5641 5728/5845/5648 5727/5844/5647
f 5722/5840/5643 5729/5847/5650 5728/5845/5648
f 5723/5846/5649 5730/5873/5676 5729/5847/5650
f 5725/5841/5644 5732/5849/5652 5731/5848/5651
f 5726/5843/5646 5733/5850/5653 5732/5849/5652
f 5727/5844/5647 5734/5852/5655 5733/5850/5653
f 5727/5844/5647 5728/5845/5648 5735/5851/5654
f 5728/5845/5648 5729/5847/5650 5736/5853/5656
f 5729/5847/5650 5730/5873/5676 5737/5854/5657
f 5732/5849/5652 5739/5856/5659 5738/5855/5658
f 5733/5850/5653 5740/5857/5660 5739/5856/5659
f 5734/5852/5655 5741/5859/5662 5740/5857/5660
f 5734/5852/5655 5735/5851/5654 5742/5858/5661
f 5735/5851/5654 5736/5853/5656 5743/5860/5663
f 5736/5853/5656 5737/5854/5657 5744/5861/5664
f 5739/5856/5659 5746/5863/5666 5745/5862/5665
f 5740/5857/5660 5747/5864/5667 5746/5863/5666
f 5741/5859/5662 5748/5866/5669 5747/5864/5667
f 5741/5859/5662 5742/5858/5661 5749/5865/5668
f 5742/5858/5661 5743/5860/5663 5750/5867/5670
f 5743/5860/5663 5744/5861/5664 5751/5868/5671
f 5519/5814/5617 5569/5813/5616 5703/5821/5624
f 5569/5813/5616 5568/5812/5615 5704/5824/5627
f 5568/5812/5615 5567/5811/5614 5705/5826/5629
f 5567/5811/5614 5566/5810/5613 5706/5829/5632
f 5565/5809/5612 5707/5828/5631 5706/5829/5632
f 5564/5808/5611 5708/5830/5633 5707/5828/5631
f 5563/5807/5610 5709/5832/5635 5708/5830/5633
f 5520/5806/5609 5577/5870/5673 5709/5832/5635
f 5577/5870/5673 5578/5871/5674 5716/5839/5642
f 5578/5871/5674 5579/5872/5675 5723/5846/5649
f 5579/5872/5675 5580/6105/5858 5730/5873/5676
f 5730/5873/5676 5580/6105/5858 5581/5874/5677
f 5737/5854/5657 5581/5874/5677 5582/5875/5678
f 5744/5861/5664 5582/5875/5678 5583/5876/5679
f 5751/5868/5671 5583/5876/5679 5518/5877/5680
f 5750/5867/5670 5751/5868/5671 5584/5878/5681
f 5749/5865/5668 5750/5867/5670 5585/5879/5682
f 5748/5866/5669 5749/5865/5668 5586/5880/5683
f 5748/5866/5669 5587/5881/5684 5588/5882/5685
f 5747/5864/5667 5588/5882/5685 5589/5883/5686
f 5746/5863/5666 5589/5883/5686 5590/5884/5687
f 5745/5862/5665 5590/5884/5687 5517/5885/5688
f 5738/5855/5658 5745/5862/5665 5570/5886/5689
f 5731/5848/5651 5738/5855/5658 5571/5887/5690
f 5724/5842/5645 5731/5848/5651 5572/5888/5691
f 5574/5890/5693 5717/5835/5638 5724/5842/5645
f 5575/5891/5694 5710/5823/5626 5717/5835/5638
f 5576/5869/5672 5703/5821/5624 5710/5823/5626
f 5752/5892/5695 5753/5895/5698 5760/5893/5696
f 5753/5895/5698 5754/5897/5700 5761/5896/5699
f 5754/5897/5700 5755/5900/5703 5762/5898/5701
f 5756/5899/5702 5763/5902/5705 5762/5898/5701
f 5757/5901/5704 5764/5904/5707 5763/5902/5705
f 5758/5903/5706 5765/5910/5713 5764/5904/5707
f 5759/5894/5697 5760/5893/5696 5767/5905/5708
f 5760/5893/5696 5761/5896/5699 5768/5907/5710
f 5761/5896/5699 5762/5898/5701 5769/5908/5711
f 5763/5902/5705 5770/5909/5712 5769/5908/5711
f 5764/5904/5707 5771/5911/5714 5770/5909/5712
f 5765/5910/5713 5772/5917/5720 5771/5911/5714
f 5766/5906/5709 5767/5905/5708 5774/5912/5715
f 5767/5905/5708 5768/5907/5710 5775/5914/5717
f 5768/5907/5710 5769/5908/5711 5776/5915/5718
f 5770/5909/5712 5777/5916/5719 5776/5915/5718
f 5771/5911/5714 5778/5918/5721 5777/5916/5719
f 5772/5917/5720 5779/5944/5747 5778/5918/5721
f 5774/5912/5715 5781/5920/5723 5780/5919/5722
f 5775/5914/5717 5782/5921/5724 5781/5920/5723
f 5776/5915/5718 5783/5923/5726 5782/5921/5724
f 5776/5915/5718 5777/5916/5719 5784/5922/5725
f 5777/5916/5719 5778/5918/5721 5785/5924/5727
f 5778/5918/5721 5779/5944/5747 5786/5925/5728
f 5781/5920/5723 5788/5927/5730 5787/5926/5729
f 5782/5921/5724 5789/5928/5731 5788/5927/5730
f 5783/5923/5726 5790/5930/5733 5789/5928/5731
f 5783/5923/5726 5784/5922/5725 5791/5929/5732
f 5784/5922/5725 5785/5924/5727 5792/5931/5734
f 5785/5924/5727 5786/5925/5728 5793/5932/5735
f 5788/5927/5730 5795/5934/5737 5794/5933/5736
f 5789/5928/5731 5796/5935/5738 5795/5934/5737
f 5790/5930/5733 5797/5937/5740 5796/5935/5738
f 5790/5930/5733 5791/5929/5732 5798/5936/5739
f 5791/5929/5732 5792/5931/5734 5799/5938/5741
f 5792/5931/5734 5793/5932/5735 5800/5939/5742
f 5517/5885/5688 5590/5884/5687 5752/5892/5695
f 5590/5884/5687 5589/5883/5686 5753/5895/5698
f 5589/5883/5686 5588/5882/5685 5754/5897/5700
f 5588/5882/5685 5587/5881/5684 5755/5900/5703
f 5586/5880/5683 5756/5899/5702 5755/5900/5703
f 5585/5879/5682 5757/5901/5704 5756/5899/5702
f 5584/5878/5681 5758/5903/5706 5757/5901/5704
f 5518/5877/5680 5598/5941/5744 5758/5903/5706
f 5598/5941/5744 5599/5942/5745 5765/5910/5713
f 5599/5942/5745 5600/5943/5746 5772/5917/5720
f 5600/5943/5746 5601/6108/5857 5779/5944/5747
f 5779/5944/5747 5601/6108/5857 5602/5945/5748
f 5786/5925/5728 5602/5945/5748 5603/5946/5749
f 5793/5932/5735 5603/5946/5749 5604/5947/5750
f 5800/5939/5742 5604/5947/5750 5514/5948/5530
f 5799/5938/5741 5800/5939/5742 5534/5949/5529
f 5798/5936/5739 5799/5938/5741 5533/5950/5528
f 5797/5937/5740 5798/5936/5739 5532/5951/5526
f 5797/5937/5740 5531/5952/5527 5530/5953/5525
f 5796/5935/5738 5530/5953/5525 5529/5954/5524
f 5795/5934/5737 5529/5954/5524 5528/5955/5523
f 5794/5933/5736 5528/5955/5523 5513/5956/5521
f 5787/5926/5729 5794/5933/5736 5591/5957/5751
f 5780/5919/5722 5787/5926/5729 5592/5958/5752
f 5773/5913/5716 5780/5919/5722 5593/5959/5753
f 5595/5961/5755 5766/5906/5709 5773/5913/5716
f 5596/5962/5756 5759/5894/5697 5766/5906/5709
f 5597/5940/5743 5752/5892/5695 5759/5894/5697
f 5802/5963/5757 5809/5967/5761 5808/5964/5758
f 5802/5963/5757 5803/5968/5762 5810/5966/5760
f 5803/5968/5762 5804/5971/5765 5811/5969/5763
f 5805/5970/5764 5812/5973/5767 5811/5969/5763
f 5806/5972/5766 5813/5975/5769 5812/5973/5767
f 5806/5972/5766 5807/6017/5803 5814/5974/5768
f 5808/5964/5758 5809/5967/5761 5816/5976/5770
f 5809/5967/5761 5810/5966/5760 5817/5978/5772
f 5810/5966/5760 5811/5969/5763 5818/5979/5773
f 5812/5973/5767 5819/5980/5774 5818/5979/5773
f 5813/5975/5769 5820/5981/5775 5819/5980/5774
f 5814/5974/5768 5821/5987/5781 5820/5981/5775
f 5815/5977/5771 5816/5976/5770 5823/5982/5776
f 5816/5976/5770 5817/5978/5772 5824/5984/5778
f 5817/5978/5772 5818/5979/5773 5825/5985/5779
f 5819/5980/5774 5826/5986/5780 5825/5985/5779
f 5820/5981/5775 5827/5988/5782 5826/5986/5780
f 5821/5987/5781 5828/6019/5804 5827/5988/5782
f 5823/5982/5776 5830/5990/5784 5829/5989/5783
f 5824/5984/5778 5831/5991/5785 5830/5990/5784
f 5825/5985/5779 5832/5993/5787 5831/5991/5785
f 5825/5985/5779 5826/5986/5780 5833/5992/5786
f 5826/5986/5780 5827/5988/5782 5834/5994/5788
f 5827/5988/5782 5828/6019/5804 5835/5995/5789
f 5830/5990/5784 5837/5997/5791 5836/5996/5790
f 5831/5991/5785 5838/5998/5792 5837/5997/5791
f 5832/5993/5787 5839/6000/5794 5838/5998/5792
f 5832/5993/5787 5833/5992/5786 5840/5999/5793
f 5833/5992/5786 5834/5994/5788 5841/6001/5795
f 5834/5994/5788 5835/5995/5789 5842/6002/5796
f 5836/5996/5790 5837/5997/5791 5844/6003/5797
f 5838/5998/5792 5845/6005/5799 5844/6003/5797
f 5839/6000/5794 5846/6007/5801 5845/6005/5799
f 5839/6000/5794 5840/5999/5793 5847/6006/5800
f 5840/5999/5793 5841/6001/5795 5848/6008/5802
f 5842/6002/5796 5849/6020/5805 5848/6008/5802
f 5515/6009/5546 5555/6012/5601 5801/5965/5759
f 5554/6011/5623 5802/5963/5757 5801/5965/5759
f 5553/6013/5622 5803/5968/5762 5802/5963/5757
f 5552/6014/5621 5804/5971/5765 5803/5968/5762
f 5552/6014/5621 5551/6015/5620 5805/5970/5764
f 5551/6015/5620 5550/6016/5619 5806/5972/5766
f 5550/6016/5619 5549/6018/5618 5807/6017/5803
f 5519/5814/5617 5576/5869/5672 5807/6017/5803
f 5807/6017/5803 5576/5869/5672 5575/5891/5694
f 5814/5974/5768 5575/5891/5694 5574/5890/5693
f 5821/5987/5781 5574/5890/5693 5573/5889/5692
f 5573/5889/5692 5572/5888/5691 5835/5995/5789
f 5572/5888/5691 5571/5887/5690 5842/6002/5796
f 5571/5887/5690 5570/5886/5689 5849/6020/5805
f 5849/6020/5805 5570/5886/5689 5517/5885/5688
f 5849/6020/5805 5597/6021/5743 5596/6022/5756
f 5848/6008/5802 5596/6022/5756 5595/6023/5755
f 5847/6006/5800 5595/6023/5755 5594/6024/5754
f 5845/6005/5799 5846/6007/5801 5594/6024/5754
f 5844/6003/5797 5845/6005/5799 5593/6025/5753
f 5843/6004/5798 5844/6003/5797 5592/6026/5752
f 5843/6004/5798 5591/6027/5751 5513/6028/5521
f 5526/6030/5552 5836/5996/5790 5843/6004/5798
f 5525/6031/5551 5829/5989/5783 5836/5996/5790
f 5524/6032/5550 5822/5983/5777 5829/5989/5783
f 5815/5977/5771 5822/5983/5777 5524/6032/5550
f 5808/5964/5758 5815/5977/5771 5523/6033/5549
f 5801/5965/5759 5808/5964/5758 5522/6034/5548
f 5851/6035/5806 5858/6039/5810 5857/6036/5807
f 5851/6035/5806 5852/6040/5811 5859/6038/5809
f 5852/6040/5811 5853/6043/5814 5860/6041/5812
f 5854/6042/5813 5861/6045/5816 5860/6041/5812
f 5855/6044/5815 5862/6047/5818 5861/6045/5816
f 5855/6044/5815 5856/6087/5853 5863/6046/5817
f 5857/6036/5807 5858/6039/5810 5865/6048/5819
f 5858/6039/5810 5859/6038/5809 5866/6050/5821
f 5859/6038/5809 5860/6041/5812 5867/6051/5822
f 5861/6045/5816 5868/6052/5823 5867/6051/5822
f 5862/6047/5818 5869/6053/5824 5868/6052/5823
f 5863/6046/5817 5870/6059/5830 5869/6053/5824
f 5864/6049/5820 5865/6048/5819 5872/6054/5825
f 5865/6048/5819 5866/6050/5821 5873/6056/5827
f 5866/6050/5821 5867/6051/5822 5874/6057/5828
f 5868/6052/5823 5875/6058/5829 5874/6057/5828
f 5869/6053/5824 5876/6060/5831 5875/6058/5829
f 5870/6059/5830 5877/6093/5855 5876/6060/5831
f 5872/6054/5825 5879/6062/5833 5878/6061/5832
f 5873/6056/5827 5880/6063/5834 5879/6062/5833
f 5874/6057/5828 5881/6065/5836 5880/6063/5834
f 5874/6057/5828 5875/6058/5829 5882/6064/5835
f 5875/6058/5829 5876/6060/5831 5883/6066/5837
f 5876/6060/5831 5877/6093/5855 5884/6067/5838
f 5879/6062/5833 5886/6069/5840 5885/6068/5839
f 5880/6063/5834 5887/6070/5841 5886/6069/5840
f 5881/6065/5836 5888/6072/5843 5887/6070/5841
f 5881/6065/5836 5882/6064/5835 5889/6071/5842
f 5882/6064/5835 5883/6066/5837 5890/6073/5844
f 5883/6066/5837 5884/6067/5838 5891/6074/5845
f 5885/6068/5839 5886/6069/5840 5893/6075/5846
f 5887/6070/5841 5894/6077/5848 5893/6075/5846
f 5888/6072/5843 5895/6079/5850 5894/6077/5848
f 5888/6072/5843 5889/6071/5842 5896/6078/5849
f 5889/6071/5842 5890/6073/5844 5897/6080/5851
f 5891/6074/5845 5898/6096/5856 5897/6080/5851
f 5520/5806/5609 5562/6082/5608 5850/6037/5808
f 5561/6081/5607 5851/6035/5806 5850/6037/5808
f 5560/6083/5606 5852/6040/5811 5851/6035/5806
f 5559/6084/5852 5853/6043/5814 5852/6040/5811
f 5559/6084/5852 5558/6085/5604 5854/6042/5813
f 5558/6085/5604 5557/6086/5603 5855/6044/5815
f 5557/6086/5603 5556/6089/5602 5856/6087/5853
f 5516/6088/5538 5541/6109/5537 5856/6087/5853
f 5856/6087/5853 5541/6109/5537 5540/6090/5536
f 5863/6046/5817 5540/6090/5536 5539/6091/5535
f 5870/6059/5830 5539/6091/5535 5538/6092/5854
f 5538/6092/5854 5537/6094/5533 5884/6067/5838
f 5537/6094/5533 5536/6095/5532 5891/6074/5845
f 5536/6095/5532 5535/6110/5531 5898/6096/5856
f 5898/6096/5856 5535/6110/5531 5514/6097/5530
f 5898/6096/5856 5604/6098/5750 5603/6099/5749
f 5897/6080/5851 5603/6099/5749 5602/6100/5748
f 5896/6078/5849 5602/6100/5748 5601/6101/5857
f 5894/6077/5848 5895/6079/5850 5601/6101/5857
f 5893/6075/5846 5894/6077/5848 5600/6102/5746
f 5892/6076/5847 5893/6075/5846 5599/6103/5745
f 5892/6076/5847 5598/6104/5744 5518/5877/5680
f 5582/5875/5678 5885/6068/5839 5892/6076/5847
f 5581/5874/5677 5878/6061/5832 5885/6068/5839
f 5580/6105/5858 5871/6055/5826 5878/6061/5832
f 5864/6049/5820 5871/6055/5826 5580/6105/5858
f 5857/6036/5807 5864/6049/5820 5579/5872/5675
f 5850/6037/5808 5857/6036/5807 5578/5871/5674
