# Blender 4.3.2
# www.blender.org
mtllib screwLight.mtl
o Circle
v -1.979042 -0.171414 -0.060411
v -1.990827 -0.171414 -0.059250
v -2.002160 -0.171414 -0.055812
v -2.012604 -0.171414 -0.050230
v -2.021759 -0.171414 -0.042717
v -2.029271 -0.171414 -0.033562
v -2.034854 -0.171414 -0.023118
v -2.038292 -0.171414 -0.011786
v -2.039453 -0.171414 -0.000000
v -2.038292 -0.171414 0.011786
v -2.034854 -0.171414 0.023118
v -2.029271 -0.171414 0.033562
v -2.021759 -0.171414 0.042717
v -2.012604 -0.171414 0.050230
v -2.002160 -0.171414 0.055812
v -1.990827 -0.171414 0.059250
v -1.979042 -0.171414 0.060411
v -1.967256 -0.171414 0.059250
v -1.955924 -0.171414 0.055812
v -1.945480 -0.171414 0.050230
v -1.936325 -0.171414 0.042717
v -1.928812 -0.171414 0.033562
v -1.923230 -0.171414 0.023118
v -1.919792 -0.171414 0.011786
v -1.918631 -0.171414 -0.000000
v -1.919792 -0.171414 -0.011786
v -1.923230 -0.171414 -0.023118
v -1.928812 -0.171414 -0.033562
v -1.936325 -0.171414 -0.042717
v -1.945480 -0.171414 -0.050230
v -1.955924 -0.171414 -0.055812
v -1.967256 -0.171414 -0.059250
v -1.977064 -0.104762 0.106966
v -1.988709 -0.104762 0.109123
v -1.999709 -0.104762 0.113509
v -2.009642 -0.104762 0.119957
v -2.018126 -0.104762 0.128219
v -2.024836 -0.104762 0.137978
v -2.029513 -0.104762 0.148858
v -2.031977 -0.104762 0.160441
v -2.032134 -0.104762 0.172283
v -2.029978 -0.104762 0.183927
v -2.025591 -0.104762 0.194927
v -2.019143 -0.104762 0.204861
v -2.010881 -0.104762 0.213345
v -2.001123 -0.104762 0.220054
v -1.990243 -0.104762 0.224731
v -1.978660 -0.104762 0.227195
v -1.966818 -0.104762 0.227352
v -1.955173 -0.104762 0.225196
v -1.944173 -0.104762 0.220810
v -1.934240 -0.104762 0.214362
v -1.925756 -0.104762 0.206100
v -1.919046 -0.104762 0.196341
v -1.914369 -0.104762 0.185461
v -1.911905 -0.104762 0.173878
v -1.911748 -0.104762 0.162036
v -1.913904 -0.104762 0.150392
v -1.918291 -0.104762 0.139391
v -1.924739 -0.104762 0.129458
v -1.933001 -0.104762 0.120974
v -1.942759 -0.104762 0.114265
v -1.953639 -0.104762 0.109588
v -1.965223 -0.104762 0.107124
v -1.960899 -0.038109 0.273573
v -1.972319 -0.038109 0.276709
v -1.982908 -0.038109 0.282012
v -1.992258 -0.038109 0.289279
v -2.000011 -0.038109 0.298231
v -2.005869 -0.038109 0.308524
v -2.009606 -0.038109 0.319761
v -2.011079 -0.038109 0.331512
v -2.010231 -0.038109 0.343324
v -2.007095 -0.038109 0.354744
v -2.001792 -0.038109 0.365332
v -1.994525 -0.038109 0.374683
v -1.985573 -0.038109 0.382436
v -1.975280 -0.038109 0.388294
v -1.964043 -0.038109 0.392031
v -1.952292 -0.038109 0.393504
v -1.940480 -0.038109 0.392656
v -1.929060 -0.038109 0.389520
v -1.918472 -0.038109 0.384217
v -1.909121 -0.038109 0.376950
v -1.901368 -0.038109 0.367998
v -1.895510 -0.038109 0.357705
v -1.891773 -0.038109 0.346468
v -1.890300 -0.038109 0.334717
v -1.891148 -0.038109 0.322905
v -1.894284 -0.038109 0.311485
v -1.899587 -0.038109 0.300897
v -1.906855 -0.038109 0.291546
v -1.915806 -0.038109 0.283793
v -1.926099 -0.038109 0.277935
v -1.937336 -0.038109 0.274198
v -1.949087 -0.038109 0.272725
v -1.930663 0.028544 0.438208
v -1.941776 0.028544 0.442301
v -1.951877 0.028544 0.448483
v -1.960577 0.028544 0.456518
v -1.967543 0.028544 0.466095
v -1.972507 0.028544 0.476847
v -1.975277 0.028544 0.488361
v -1.975749 0.028544 0.500194
v -1.973902 0.028544 0.511892
v -1.969809 0.028544 0.523004
v -1.963627 0.028544 0.533105
v -1.955593 0.028544 0.541806
v -1.946016 0.028544 0.548772
v -1.935264 0.028544 0.553735
v -1.923750 0.028544 0.556506
v -1.911916 0.028544 0.556977
v -1.900219 0.028544 0.555131
v -1.889106 0.028544 0.551038
v -1.879005 0.028544 0.544855
v -1.870305 0.028544 0.536821
v -1.863339 0.028544 0.527244
v -1.858375 0.028544 0.516492
v -1.855604 0.028544 0.504978
v -1.855133 0.028544 0.493145
v -1.856979 0.028544 0.481447
v -1.861072 0.028544 0.470335
v -1.867255 0.028544 0.460234
v -1.875289 0.028544 0.451533
v -1.884866 0.028544 0.444567
v -1.895618 0.028544 0.439604
v -1.907132 0.028544 0.436833
v -1.918965 0.028544 0.436362
v -1.886574 0.095197 0.599686
v -1.897299 0.095197 0.604707
v -1.906839 0.095197 0.611723
v -1.914827 0.095197 0.620467
v -1.920956 0.095197 0.630600
v -1.924990 0.095197 0.641734
v -1.926774 0.095197 0.653442
v -1.926240 0.095197 0.665272
v -1.923409 0.095197 0.676771
v -1.918388 0.095197 0.687497
v -1.911371 0.095197 0.697037
v -1.902628 0.095197 0.705025
v -1.892495 0.095197 0.711153
v -1.881360 0.095197 0.715187
v -1.869653 0.095197 0.716972
v -1.857823 0.095197 0.716438
v -1.846324 0.095197 0.713606
v -1.835598 0.095197 0.708585
v -1.826058 0.095197 0.701568
v -1.818070 0.095197 0.692825
v -1.811941 0.095197 0.682692
v -1.807907 0.095197 0.671558
v -1.806123 0.095197 0.659850
v -1.806657 0.095197 0.648020
v -1.809489 0.095197 0.636521
v -1.814510 0.095197 0.625795
v -1.821526 0.095197 0.616255
v -1.830269 0.095197 0.608267
v -1.840403 0.095197 0.602139
v -1.851537 0.095197 0.598105
v -1.863244 0.095197 0.596320
v -1.875075 0.095197 0.596854
v -1.828949 0.161849 0.756843
v -1.839211 0.161849 0.762756
v -1.848121 0.161849 0.770556
v -1.855339 0.161849 0.779945
v -1.860586 0.161849 0.790562
v -1.863661 0.161849 0.801998
v -1.864446 0.161849 0.813814
v -1.862911 0.161849 0.825557
v -1.859114 0.161849 0.836775
v -1.853202 0.161849 0.847036
v -1.845401 0.161849 0.855946
v -1.836012 0.161849 0.863164
v -1.825396 0.161849 0.868411
v -1.813959 0.161849 0.871486
v -1.802143 0.161849 0.872271
v -1.790400 0.161849 0.870736
v -1.779183 0.161849 0.866939
v -1.768921 0.161849 0.861027
v -1.760011 0.161849 0.853226
v -1.752793 0.161849 0.843837
v -1.747546 0.161849 0.833221
v -1.744471 0.161849 0.821785
v -1.743686 0.161849 0.809968
v -1.745221 0.161849 0.798225
v -1.749018 0.161849 0.787008
v -1.754930 0.161849 0.776747
v -1.762731 0.161849 0.767836
v -1.772120 0.161849 0.760619
v -1.782736 0.161849 0.755371
v -1.794173 0.161849 0.752296
v -1.805989 0.161849 0.751511
v -1.817732 0.161849 0.753047
v -1.758204 0.228502 0.908547
v -1.767927 0.228502 0.915309
v -1.776144 0.228502 0.923837
v -1.782539 0.228502 0.933804
v -1.786867 0.228502 0.944827
v -1.788962 0.228502 0.956483
v -1.788742 0.228502 0.968324
v -1.786216 0.228502 0.979894
v -1.781482 0.228502 0.990749
v -1.774721 0.228502 1.000472
v -1.766193 0.228502 1.008689
v -1.756225 0.228502 1.015084
v -1.745202 0.228502 1.019412
v -1.733546 0.228502 1.021506
v -1.721705 0.228502 1.021286
v -1.710135 0.228502 1.018761
v -1.699280 0.228502 1.014026
v -1.689557 0.228502 1.007265
v -1.681340 0.228502 0.998737
v -1.674945 0.228502 0.988770
v -1.670617 0.228502 0.977746
v -1.668523 0.228502 0.966091
v -1.668743 0.228502 0.954250
v -1.671268 0.228502 0.942680
v -1.676003 0.228502 0.931825
v -1.682764 0.228502 0.922102
v -1.691292 0.228502 0.913885
v -1.701259 0.228502 0.907490
v -1.712283 0.228502 0.903162
v -1.723938 0.228502 0.901067
v -1.735779 0.228502 0.901287
v -1.747349 0.228502 0.903813
v -1.674849 0.295155 1.053706
v -1.683963 0.295155 1.061267
v -1.691427 0.295155 1.070461
v -1.696954 0.295155 1.080935
v -1.700332 0.295155 1.092286
v -1.701430 0.295155 1.104077
v -1.700207 0.295155 1.115856
v -1.696709 0.295155 1.127170
v -1.691071 0.295155 1.137585
v -1.683510 0.295155 1.146699
v -1.674316 0.295155 1.154163
v -1.663842 0.295155 1.159690
v -1.652491 0.295155 1.163068
v -1.640700 0.295155 1.164166
v -1.628920 0.295155 1.162943
v -1.617606 0.295155 1.159445
v -1.607192 0.295155 1.153807
v -1.598077 0.295155 1.146246
v -1.590613 0.295155 1.137052
v -1.585086 0.295155 1.126578
v -1.581709 0.295155 1.115227
v -1.580611 0.295155 1.103436
v -1.581834 0.295155 1.091657
v -1.585332 0.295155 1.080342
v -1.590969 0.295155 1.069928
v -1.598531 0.295155 1.060814
v -1.607725 0.295155 1.053349
v -1.618199 0.295155 1.047822
v -1.629549 0.295155 1.044445
v -1.641341 0.295155 1.043347
v -1.653120 0.295155 1.044570
v -1.664434 0.295155 1.048068
v -1.579483 0.361807 1.191272
v -1.587924 0.361807 1.199579
v -1.594581 0.361807 1.209373
v -1.599200 0.361807 1.220277
v -1.601603 0.361807 1.231874
v -1.601697 0.361807 1.243716
v -1.599479 0.361807 1.255349
v -1.595034 0.361807 1.266326
v -1.588534 0.361807 1.276225
v -1.580227 0.361807 1.284665
v -1.570433 0.361807 1.291322
v -1.559528 0.361807 1.295941
v -1.547932 0.361807 1.298344
v -1.536090 0.361807 1.298438
v -1.524457 0.361807 1.296221
v -1.513480 0.361807 1.291776
v -1.503581 0.361807 1.285275
v -1.495141 0.361807 1.276968
v -1.488483 0.361807 1.267174
v -1.483864 0.361807 1.256269
v -1.481461 0.361807 1.244673
v -1.481367 0.361807 1.232831
v -1.483585 0.361807 1.221198
v -1.488030 0.361807 1.210221
v -1.494530 0.361807 1.200322
v -1.502837 0.361807 1.191882
v -1.512632 0.361807 1.185224
v -1.523536 0.361807 1.180605
v -1.535132 0.361807 1.178203
v -1.546975 0.361807 1.178108
v -1.558608 0.361807 1.180326
v -1.569584 0.361807 1.184771
v -1.472795 0.428460 1.320255
v -1.480500 0.428460 1.329248
v -1.486303 0.428460 1.339571
v -1.489981 0.428460 1.350828
v -1.491392 0.428460 1.362586
v -1.490481 0.428460 1.374394
v -1.487285 0.428460 1.385797
v -1.481925 0.428460 1.396357
v -1.474608 0.428460 1.405669
v -1.465615 0.428460 1.413374
v -1.455292 0.428460 1.419177
v -1.444035 0.428460 1.422855
v -1.432277 0.428460 1.424266
v -1.420469 0.428460 1.423355
v -1.409066 0.428460 1.420159
v -1.398506 0.428460 1.414799
v -1.389194 0.428460 1.407482
v -1.381489 0.428460 1.398489
v -1.375686 0.428460 1.388166
v -1.372008 0.428460 1.376909
v -1.370597 0.428460 1.365151
v -1.371508 0.428460 1.353343
v -1.374704 0.428460 1.341940
v -1.380064 0.428460 1.331380
v -1.387381 0.428460 1.322068
v -1.396374 0.428460 1.314362
v -1.406697 0.428460 1.308560
v -1.417954 0.428460 1.304882
v -1.429712 0.428460 1.303471
v -1.441520 0.428460 1.304382
v -1.452923 0.428460 1.307578
v -1.463483 0.428460 1.312938
v -1.355552 0.495112 1.439725
v -1.362467 0.495112 1.449339
v -1.367374 0.495112 1.460117
v -1.370084 0.495112 1.471646
v -1.370492 0.495112 1.483481
v -1.368584 0.495112 1.495169
v -1.364432 0.495112 1.506260
v -1.358196 0.495112 1.516328
v -1.350116 0.495112 1.524986
v -1.340502 0.495112 1.531901
v -1.329723 0.495112 1.536807
v -1.318195 0.495112 1.539517
v -1.306360 0.495112 1.539925
v -1.294672 0.495112 1.538017
v -1.283581 0.495112 1.533865
v -1.273513 0.495112 1.527629
v -1.264855 0.495112 1.519549
v -1.257940 0.495112 1.509935
v -1.253034 0.495112 1.499156
v -1.250324 0.495112 1.487628
v -1.249915 0.495112 1.475793
v -1.251824 0.495112 1.464105
v -1.255976 0.495112 1.453014
v -1.262212 0.495112 1.442946
v -1.270292 0.495112 1.434288
v -1.279906 0.495112 1.427373
v -1.290684 0.495112 1.422467
v -1.302213 0.495112 1.419757
v -1.314048 0.495112 1.419349
v -1.325736 0.495112 1.421257
v -1.336827 0.495112 1.425409
v -1.346895 0.495112 1.431645
v -1.228600 0.561765 1.548822
v -1.234675 0.561765 1.558988
v -1.238650 0.561765 1.570144
v -1.240372 0.561765 1.581861
v -1.239775 0.561765 1.593688
v -1.236883 0.561765 1.605172
v -1.231805 0.561765 1.615870
v -1.224738 0.561765 1.625373
v -1.215953 0.561765 1.633315
v -1.205787 0.561765 1.639389
v -1.194631 0.561765 1.643364
v -1.182914 0.561765 1.645086
v -1.171087 0.561765 1.644490
v -1.159603 0.561765 1.641597
v -1.148904 0.561765 1.636519
v -1.139402 0.561765 1.629452
v -1.131460 0.561765 1.620667
v -1.125386 0.561765 1.610501
v -1.121411 0.561765 1.599345
v -1.119689 0.561765 1.587629
v -1.120286 0.561765 1.575801
v -1.123178 0.561765 1.564317
v -1.128256 0.561765 1.553619
v -1.135323 0.561765 1.544116
v -1.144108 0.561765 1.536175
v -1.154274 0.561765 1.530100
v -1.165430 0.561765 1.526125
v -1.177146 0.561765 1.524403
v -1.188974 0.561765 1.525000
v -1.200458 0.561765 1.527892
v -1.211156 0.561765 1.532970
v -1.220659 0.561765 1.540037
v -1.092854 0.628417 1.646760
v -1.098045 0.628417 1.657405
v -1.101059 0.628417 1.668857
v -1.101781 0.628417 1.680678
v -1.100184 0.628417 1.692412
v -1.096327 0.628417 1.703609
v -1.090361 0.628417 1.713839
v -1.082513 0.628417 1.722708
v -1.073086 0.628417 1.729875
v -1.062442 0.628417 1.735066
v -1.050989 0.628417 1.738081
v -1.039169 0.628417 1.738803
v -1.027434 0.628417 1.737205
v -1.016237 0.628417 1.733349
v -1.006008 0.628417 1.727383
v -0.997139 0.628417 1.719535
v -0.989971 0.628417 1.710108
v -0.984780 0.628417 1.699463
v -0.981766 0.628417 1.688011
v -0.981043 0.628417 1.676190
v -0.982641 0.628417 1.664456
v -0.986497 0.628417 1.653259
v -0.992464 0.628417 1.643029
v -1.000311 0.628417 1.634160
v -1.009739 0.628417 1.626992
v -1.020383 0.628417 1.621802
v -1.031835 0.628417 1.618787
v -1.043656 0.628417 1.618065
v -1.055390 0.628417 1.619663
v -1.066587 0.628417 1.623519
v -1.076817 0.628417 1.629485
v -1.085686 0.628417 1.637333
v -0.949290 0.695070 1.732833
v -0.953560 0.695070 1.743879
v -0.955592 0.695070 1.755546
v -0.955309 0.695070 1.767386
v -0.952722 0.695070 1.778942
v -0.947930 0.695070 1.789772
v -0.941118 0.695070 1.799459
v -0.932546 0.695070 1.807630
v -0.922545 0.695070 1.813973
v -0.911499 0.695070 1.818242
v -0.899832 0.695070 1.820274
v -0.887993 0.695070 1.819992
v -0.876437 0.695070 1.817405
v -0.865607 0.695070 1.812613
v -0.855920 0.695070 1.805800
v -0.847748 0.695070 1.797228
v -0.841406 0.695070 1.787227
v -0.837137 0.695070 1.776181
v -0.835104 0.695070 1.764514
v -0.835387 0.695070 1.752675
v -0.837974 0.695070 1.741119
v -0.842766 0.695070 1.730289
v -0.849579 0.695070 1.720602
v -0.858150 0.695070 1.712431
v -0.868151 0.695070 1.706088
v -0.879197 0.695070 1.701819
v -0.890864 0.695070 1.699786
v -0.902703 0.695070 1.700069
v -0.914260 0.695070 1.702656
v -0.925090 0.695070 1.707448
v -0.934776 0.695070 1.714261
v -0.942948 0.695070 1.722832
v -0.798945 0.761723 1.806421
v -0.802262 0.761723 1.817790
v -0.803297 0.761723 1.829587
v -0.802012 0.761723 1.841359
v -0.798454 0.761723 1.852655
v -0.792761 0.761723 1.863039
v -0.785151 0.761723 1.872113
v -0.775918 0.761723 1.879529
v -0.765415 0.761723 1.885000
v -0.754046 0.761723 1.888317
v -0.742249 0.761723 1.889353
v -0.730476 0.761723 1.888067
v -0.719181 0.761723 1.884509
v -0.708797 0.761723 1.878816
v -0.699722 0.761723 1.871207
v -0.692307 0.761723 1.861973
v -0.686836 0.761723 1.851470
v -0.683519 0.761723 1.840102
v -0.682483 0.761723 1.828304
v -0.683769 0.761723 1.816532
v -0.687327 0.761723 1.805237
v -0.693020 0.761723 1.794852
v -0.700629 0.761723 1.785778
v -0.709863 0.761723 1.778363
v -0.720366 0.761723 1.772891
v -0.731734 0.761723 1.769574
v -0.743531 0.761723 1.768539
v -0.755304 0.761723 1.769824
v -0.766599 0.761723 1.773382
v -0.776984 0.761723 1.779075
v -0.786058 0.761723 1.786685
v -0.793473 0.761723 1.795918
v -0.642900 0.828376 1.866994
v -0.645241 0.828376 1.878603
v -0.645272 0.828376 1.890445
v -0.642993 0.828376 1.902066
v -0.638490 0.828376 1.913019
v -0.631937 0.828376 1.922884
v -0.623585 0.828376 1.931280
v -0.613756 0.828376 1.937885
v -0.602827 0.828376 1.942446
v -0.591218 0.828376 1.944787
v -0.579375 0.828376 1.944819
v -0.567754 0.828376 1.942539
v -0.556801 0.828376 1.938036
v -0.546937 0.828376 1.931483
v -0.538541 0.828376 1.923131
v -0.531936 0.828376 1.913302
v -0.527375 0.828376 1.902373
v -0.525033 0.828376 1.890764
v -0.525002 0.828376 1.878922
v -0.527281 0.828376 1.867301
v -0.531784 0.828376 1.856347
v -0.538338 0.828376 1.846483
v -0.546689 0.828376 1.838087
v -0.556519 0.828376 1.831482
v -0.567448 0.828376 1.826921
v -0.579056 0.828376 1.824579
v -0.590899 0.828376 1.824548
v -0.602520 0.828376 1.826828
v -0.613473 0.828376 1.831331
v -0.623337 0.828376 1.837884
v -0.631733 0.828376 1.846236
v -0.638339 0.828376 1.856065
v -0.482280 0.895029 1.914115
v -0.483629 0.895029 1.925880
v -0.482656 0.895029 1.937683
v -0.479399 0.895029 1.949069
v -0.473983 0.895029 1.959600
v -0.466617 0.895029 1.968873
v -0.457583 0.895029 1.976531
v -0.447229 0.895029 1.982279
v -0.435953 0.895029 1.985897
v -0.424187 0.895029 1.987245
v -0.412385 0.895029 1.986272
v -0.400999 0.895029 1.983015
v -0.390467 0.895029 1.977600
v -0.381194 0.895029 1.970233
v -0.373537 0.895029 1.961200
v -0.367789 0.895029 1.950846
v -0.364171 0.895029 1.939569
v -0.362823 0.895029 1.927804
v -0.363796 0.895029 1.916001
v -0.367052 0.895029 1.904615
v -0.372468 0.895029 1.894083
v -0.379834 0.895029 1.884811
v -0.388868 0.895029 1.877153
v -0.399222 0.895029 1.871405
v -0.410498 0.895029 1.867787
v -0.422264 0.895029 1.866439
v -0.434066 0.895029 1.867412
v -0.445452 0.895029 1.870669
v -0.455984 0.895029 1.876084
v -0.465257 0.895029 1.883450
v -0.472915 0.895029 1.892484
v -0.478663 0.895029 1.902838
v -0.318243 0.961681 1.947444
v -0.318589 0.961681 1.959282
v -0.316619 0.961681 1.970959
v -0.312408 0.961681 1.982028
v -0.306119 0.961681 1.992062
v -0.297993 0.961681 2.000677
v -0.288342 0.961681 2.007541
v -0.277538 0.961681 2.012390
v -0.265995 0.961681 2.015039
v -0.254158 0.961681 2.015384
v -0.242480 0.961681 2.013414
v -0.231412 0.961681 2.009203
v -0.221377 0.961681 2.002914
v -0.212762 0.961681 1.994788
v -0.205898 0.961681 1.985137
v -0.201049 0.961681 1.974333
v -0.198401 0.961681 1.962790
v -0.198055 0.961681 1.950953
v -0.200026 0.961681 1.939276
v -0.204236 0.961681 1.928207
v -0.210525 0.961681 1.918172
v -0.218651 0.961681 1.909558
v -0.228302 0.961681 1.902694
v -0.239106 0.961681 1.897844
v -0.250649 0.961681 1.895196
v -0.262486 0.961681 1.894850
v -0.274164 0.961681 1.896821
v -0.285233 0.961681 1.901032
v -0.295267 0.961681 1.907321
v -0.303882 0.961681 1.915447
v -0.310746 0.961681 1.925097
v -0.315595 0.961681 1.935902
v -0.151971 1.028334 1.966743
v -0.151311 1.028334 1.978567
v -0.148358 1.028334 1.990035
v -0.143223 1.028334 2.000707
v -0.136106 1.028334 2.010172
v -0.127279 1.028334 2.018066
v -0.117081 1.028334 2.024087
v -0.105904 1.028334 2.028003
v -0.094179 1.028334 2.029663
v -0.082354 1.028334 2.029003
v -0.070886 1.028334 2.026049
v -0.060214 1.028334 2.020915
v -0.050749 1.028334 2.013798
v -0.042855 1.028334 2.004970
v -0.036834 1.028334 1.994772
v -0.032918 1.028334 1.983596
v -0.031258 1.028334 1.971870
v -0.031918 1.028334 1.960046
v -0.034872 1.028334 1.948578
v -0.040006 1.028334 1.937906
v -0.047123 1.028334 1.928441
v -0.055951 1.028334 1.920546
v -0.066149 1.028334 1.914526
v -0.077325 1.028334 1.910610
v -0.089051 1.028334 1.908950
v -0.100875 1.028334 1.909610
v -0.112343 1.028334 1.912563
v -0.123015 1.028334 1.917698
v -0.132480 1.028334 1.924815
v -0.140375 1.028334 1.933642
v -0.146395 1.028334 1.943840
v -0.150311 1.028334 1.955017
v 0.015340 1.094986 1.971870
v 0.017000 1.094986 1.983596
v 0.020915 1.094986 1.994772
v 0.026936 1.094986 2.004970
v 0.034830 1.094986 2.013798
v 0.044295 1.094986 2.020915
v 0.054967 1.094986 2.026049
v 0.066436 1.094986 2.029003
v 0.078260 1.094986 2.029663
v 0.089985 1.094986 2.028003
v 0.101162 1.094986 2.024087
v 0.111360 1.094986 2.018066
v 0.120187 1.094986 2.010172
v 0.127305 1.094986 2.000707
v 0.132439 1.094986 1.990035
v 0.135392 1.094986 1.978567
v 0.136052 1.094986 1.966743
v 0.134392 1.094986 1.955017
v 0.130476 1.094986 1.943840
v 0.124456 1.094986 1.933642
v 0.116561 1.094986 1.924815
v 0.107096 1.094986 1.917698
v 0.096424 1.094986 1.912563
v 0.084956 1.094986 1.909610
v 0.073132 1.094986 1.908950
v 0.061406 1.094986 1.910610
v 0.050230 1.094986 1.914526
v 0.040032 1.094986 1.920546
v 0.031205 1.094986 1.928441
v 0.024087 1.094986 1.937906
v 0.018953 1.094986 1.948578
v 0.015999 1.094986 1.960046
v 0.182482 1.161639 1.962791
v 0.185130 1.161639 1.974333
v 0.189980 1.161639 1.985137
v 0.196843 1.161639 1.994788
v 0.205458 1.161639 2.002914
v 0.215493 1.161639 2.009203
v 0.226561 1.161639 2.013414
v 0.238239 1.161639 2.015384
v 0.250076 1.161639 2.015039
v 0.261619 1.161639 2.012390
v 0.272423 1.161639 2.007541
v 0.282074 1.161639 2.000677
v 0.290200 1.161639 1.992062
v 0.296489 1.161639 1.982028
v 0.300700 1.161639 1.970959
v 0.302670 1.161639 1.959282
v 0.302325 1.161639 1.947444
v 0.299676 1.161639 1.935902
v 0.294827 1.161639 1.925097
v 0.287963 1.161639 1.915447
v 0.279348 1.161639 1.907321
v 0.269314 1.161639 1.901032
v 0.258245 1.161639 1.896821
v 0.246567 1.161639 1.894850
v 0.234730 1.161639 1.895196
v 0.223187 1.161639 1.897844
v 0.212383 1.161639 1.902694
v 0.202733 1.161639 1.909558
v 0.194607 1.161639 1.918172
v 0.188317 1.161639 1.928207
v 0.184107 1.161639 1.939276
v 0.182136 1.161639 1.950953
v 0.348252 1.228292 1.939569
v 0.351870 1.228292 1.950846
v 0.357618 1.228292 1.961200
v 0.365275 1.228292 1.970233
v 0.374548 1.228292 1.977600
v 0.385080 1.228292 1.983015
v 0.396466 1.228292 1.986272
v 0.408269 1.228292 1.987245
v 0.420034 1.228292 1.985897
v 0.431311 1.228292 1.982279
v 0.441665 1.228292 1.976531
v 0.450698 1.228292 1.968873
v 0.458064 1.228292 1.959600
v 0.463480 1.228292 1.949069
v 0.466737 1.228292 1.937683
v 0.467710 1.228292 1.925880
v 0.466361 1.228292 1.914115
v 0.462744 1.228292 1.902838
v 0.456996 1.228292 1.892484
v 0.449338 1.228292 1.883450
v 0.440065 1.228292 1.876084
v 0.429534 1.228292 1.870669
v 0.418148 1.228292 1.867412
v 0.406345 1.228292 1.866439
v 0.394580 1.228292 1.867787
v 0.383303 1.228292 1.871405
v 0.372949 1.228292 1.877153
v 0.363915 1.228292 1.884810
v 0.356549 1.228292 1.894083
v 0.351134 1.228292 1.904615
v 0.347877 1.228292 1.916001
v 0.346904 1.228292 1.927803
v 0.511456 1.294944 1.902373
v 0.516017 1.294944 1.913302
v 0.522622 1.294944 1.923131
v 0.531018 1.294944 1.931483
v 0.540882 1.294944 1.938036
v 0.551836 1.294944 1.942539
v 0.563457 1.294944 1.944819
v 0.575299 1.294944 1.944787
v 0.586908 1.294944 1.942446
v 0.597837 1.294944 1.937885
v 0.607666 1.294944 1.931280
v 0.616018 1.294944 1.922884
v 0.622571 1.294944 1.913019
v 0.627074 1.294944 1.902066
v 0.629354 1.294944 1.890445
v 0.629322 1.294944 1.878603
v 0.626981 1.294944 1.866994
v 0.622420 1.294944 1.856065
v 0.615815 1.294944 1.846236
v 0.607418 1.294944 1.837884
v 0.597554 1.294944 1.831331
v 0.586601 1.294944 1.826828
v 0.574980 1.294944 1.824548
v 0.563138 1.294944 1.824579
v 0.551529 1.294944 1.826921
v 0.540600 1.294944 1.831482
v 0.530770 1.294944 1.838087
v 0.522419 1.294944 1.846483
v 0.515866 1.294944 1.856347
v 0.511363 1.294944 1.867301
v 0.509083 1.294944 1.878922
v 0.509115 1.294944 1.890764
v 0.670917 1.361597 1.851470
v 0.676388 1.361597 1.861973
v 0.683804 1.361597 1.871207
v 0.692878 1.361597 1.878816
v 0.703262 1.361597 1.884509
v 0.714558 1.361597 1.888067
v 0.726330 1.361597 1.889353
v 0.738127 1.361597 1.888317
v 0.749496 1.361597 1.885000
v 0.759999 1.361597 1.879529
v 0.769232 1.361597 1.872113
v 0.776842 1.361597 1.863039
v 0.782535 1.361597 1.852655
v 0.786093 1.361597 1.841359
v 0.787379 1.361597 1.829587
v 0.786343 1.361597 1.817790
v 0.783026 1.361597 1.806421
v 0.777554 1.361597 1.795918
v 0.770139 1.361597 1.786685
v 0.761065 1.361597 1.779075
v 0.750680 1.361597 1.773382
v 0.739385 1.361597 1.769824
v 0.727612 1.361597 1.768539
v 0.715815 1.361597 1.769574
v 0.704447 1.361597 1.772891
v 0.693944 1.361597 1.778363
v 0.684710 1.361597 1.785778
v 0.677101 1.361597 1.794852
v 0.671408 1.361597 1.805237
v 0.667850 1.361597 1.816532
v 0.666564 1.361597 1.828304
v 0.667600 1.361597 1.840102
v 0.825487 1.428250 1.787227
v 0.831829 1.428250 1.797228
v 0.840001 1.428250 1.805800
v 0.849688 1.428250 1.812613
v 0.860518 1.428250 1.817405
v 0.872074 1.428250 1.819992
v 0.883913 1.428250 1.820274
v 0.895580 1.428250 1.818242
v 0.906626 1.428250 1.813973
v 0.916627 1.428250 1.807630
v 0.925199 1.428250 1.799459
v 0.932011 1.428250 1.789772
v 0.936803 1.428250 1.778942
v 0.939390 1.428250 1.767386
v 0.939673 1.428250 1.755546
v 0.937641 1.428250 1.743879
v 0.933371 1.428250 1.732833
v 0.927029 1.428250 1.722832
v 0.918857 1.428250 1.714261
v 0.909171 1.428250 1.707448
v 0.898341 1.428250 1.702656
v 0.886784 1.428250 1.700069
v 0.874945 1.428250 1.699786
v 0.863278 1.428250 1.701819
v 0.852232 1.428250 1.706088
v 0.842231 1.428250 1.712431
v 0.833660 1.428250 1.720602
v 0.826847 1.428250 1.730289
v 0.822055 1.428250 1.741119
v 0.819468 1.428250 1.752675
v 0.819185 1.428250 1.764514
v 0.821218 1.428250 1.776181
v 0.974052 1.494902 1.710108
v 0.981220 1.494902 1.719535
v 0.990089 1.494902 1.727382
v 1.000319 1.494902 1.733349
v 1.011516 1.494902 1.737205
v 1.023250 1.494902 1.738803
v 1.035070 1.494902 1.738081
v 1.046523 1.494902 1.735066
v 1.057167 1.494902 1.729875
v 1.066594 1.494902 1.722708
v 1.074442 1.494902 1.713838
v 1.080409 1.494902 1.703609
v 1.084265 1.494902 1.692412
v 1.085862 1.494902 1.680678
v 1.085140 1.494902 1.668857
v 1.082126 1.494902 1.657404
v 1.076935 1.494902 1.646760
v 1.069767 1.494902 1.637333
v 1.060898 1.494902 1.629485
v 1.050668 1.494902 1.623519
v 1.039471 1.494902 1.619663
v 1.027737 1.494902 1.618065
v 1.015917 1.494902 1.618787
v 1.004464 1.494902 1.621802
v 0.993820 1.494902 1.626992
v 0.984393 1.494902 1.634160
v 0.976545 1.494902 1.643029
v 0.970578 1.494902 1.653259
v 0.966722 1.494902 1.664456
v 0.965125 1.494902 1.676190
v 0.965847 1.494902 1.688011
v 0.968861 1.494902 1.699463
v 1.115541 1.561554 1.620667
v 1.123483 1.561554 1.629452
v 1.132985 1.561554 1.636519
v 1.143684 1.561554 1.641597
v 1.155168 1.561554 1.644490
v 1.166996 1.561554 1.645086
v 1.178712 1.561554 1.643364
v 1.189868 1.561554 1.639389
v 1.200034 1.561554 1.633315
v 1.208819 1.561554 1.625373
v 1.215886 1.561554 1.615870
v 1.220964 1.561554 1.605172
v 1.223856 1.561554 1.593688
v 1.224453 1.561554 1.581861
v 1.222731 1.561554 1.570144
v 1.218756 1.561554 1.558988
v 1.212681 1.561554 1.548822
v 1.204740 1.561554 1.540037
v 1.195237 1.561554 1.532970
v 1.184539 1.561554 1.527892
v 1.173055 1.561554 1.525000
v 1.161227 1.561554 1.524403
v 1.149511 1.561554 1.526125
v 1.138355 1.561554 1.530100
v 1.128189 1.561554 1.536175
v 1.119404 1.561554 1.544116
v 1.112337 1.561554 1.553619
v 1.107259 1.561554 1.564317
v 1.104366 1.561554 1.575801
v 1.103770 1.561554 1.587629
v 1.105492 1.561554 1.599345
v 1.109467 1.561554 1.610501
v 1.248936 1.628208 1.519549
v 1.257594 1.628208 1.527629
v 1.267662 1.628208 1.533865
v 1.278753 1.628208 1.538017
v 1.290440 1.628208 1.539925
v 1.302276 1.628208 1.539517
v 1.313804 1.628208 1.536807
v 1.324583 1.628208 1.531901
v 1.334197 1.628208 1.524985
v 1.342277 1.628208 1.516328
v 1.348513 1.628208 1.506260
v 1.352664 1.628208 1.495169
v 1.354573 1.628208 1.483481
v 1.354164 1.628208 1.471646
v 1.351455 1.628208 1.460117
v 1.346548 1.628208 1.449339
v 1.339633 1.628208 1.439725
v 1.330976 1.628208 1.431645
v 1.320908 1.628208 1.425409
v 1.309817 1.628208 1.421257
v 1.298129 1.628208 1.419349
v 1.286294 1.628208 1.419757
v 1.274765 1.628208 1.422467
v 1.263987 1.628208 1.427373
v 1.254373 1.628208 1.434288
v 1.246293 1.628208 1.442946
v 1.240057 1.628208 1.453014
v 1.235905 1.628208 1.464105
v 1.233997 1.628208 1.475792
v 1.234405 1.628208 1.487628
v 1.237115 1.628208 1.499156
v 1.242021 1.628208 1.509935
v 1.373275 1.694860 1.407482
v 1.382587 1.694860 1.414799
v 1.393147 1.694860 1.420159
v 1.404550 1.694860 1.423355
v 1.416358 1.694860 1.424265
v 1.428116 1.694860 1.422855
v 1.439373 1.694860 1.419177
v 1.449697 1.694860 1.413374
v 1.458689 1.694860 1.405669
v 1.466006 1.694860 1.396357
v 1.471366 1.694860 1.385797
v 1.474562 1.694860 1.374394
v 1.475473 1.694860 1.362586
v 1.474062 1.694860 1.350828
v 1.470384 1.694860 1.339571
v 1.464581 1.694860 1.329247
v 1.456876 1.694860 1.320254
v 1.447564 1.694860 1.312938
v 1.437004 1.694860 1.307578
v 1.425601 1.694860 1.304382
v 1.413793 1.694860 1.303471
v 1.402035 1.694860 1.304882
v 1.390778 1.694860 1.308559
v 1.380454 1.694860 1.314362
v 1.371462 1.694860 1.322068
v 1.364145 1.694860 1.331380
v 1.358785 1.694860 1.341940
v 1.355589 1.694860 1.353343
v 1.354678 1.694860 1.365151
v 1.356089 1.694860 1.376909
v 1.359767 1.694860 1.388166
v 1.365570 1.694860 1.398489
v 1.487662 1.761513 1.285275
v 1.497561 1.761513 1.291776
v 1.508537 1.761513 1.296220
v 1.520170 1.761513 1.298438
v 1.532013 1.761513 1.298344
v 1.543609 1.761513 1.295941
v 1.554514 1.761513 1.291322
v 1.564308 1.761513 1.284665
v 1.572615 1.761513 1.276224
v 1.579115 1.761513 1.266326
v 1.583560 1.761513 1.255349
v 1.585778 1.761513 1.243716
v 1.585684 1.761513 1.231874
v 1.583281 1.761513 1.220277
v 1.578662 1.761513 1.209373
v 1.572005 1.761513 1.199579
v 1.563564 1.761513 1.191272
v 1.553665 1.761513 1.184771
v 1.542688 1.761513 1.180326
v 1.531055 1.761513 1.178108
v 1.519213 1.761513 1.178203
v 1.507617 1.761513 1.180605
v 1.496712 1.761513 1.185224
v 1.486918 1.761513 1.191882
v 1.478611 1.761513 1.200322
v 1.472111 1.761513 1.210221
v 1.467666 1.761513 1.221198
v 1.465448 1.761513 1.232831
v 1.465542 1.761513 1.244673
v 1.467945 1.761513 1.256269
v 1.472564 1.761513 1.267174
v 1.479221 1.761513 1.276968
v 1.591273 1.828166 1.153807
v 1.601687 1.828166 1.159445
v 1.613001 1.828166 1.162943
v 1.624781 1.828166 1.164166
v 1.636572 1.828166 1.163068
v 1.647923 1.828166 1.159690
v 1.658396 1.828166 1.154163
v 1.667591 1.828166 1.146699
v 1.675152 1.828166 1.137585
v 1.680790 1.828166 1.127170
v 1.684288 1.828166 1.115856
v 1.685511 1.828166 1.104077
v 1.684413 1.828166 1.092285
v 1.681035 1.828166 1.080935
v 1.675508 1.828166 1.070461
v 1.668044 1.828166 1.061267
v 1.658930 1.828166 1.053705
v 1.648515 1.828166 1.048067
v 1.637201 1.828166 1.044570
v 1.625422 1.828166 1.043346
v 1.613630 1.828166 1.044445
v 1.602280 1.828166 1.047822
v 1.591806 1.828166 1.053349
v 1.582612 1.828166 1.060813
v 1.575050 1.828166 1.069928
v 1.569412 1.828166 1.080342
v 1.565915 1.828166 1.091656
v 1.564691 1.828166 1.103436
v 1.565790 1.828166 1.115227
v 1.569167 1.828166 1.126578
v 1.574694 1.828166 1.137051
v 1.582158 1.828166 1.146246
v 1.683361 1.894818 1.014026
v 1.694216 1.894818 1.018761
v 1.705786 1.894818 1.021286
v 1.717627 1.894818 1.021506
v 1.729283 1.894818 1.019412
v 1.740306 1.894818 1.015084
v 1.750273 1.894818 1.008689
v 1.758801 1.894818 1.000472
v 1.765563 1.894818 0.990749
v 1.770297 1.894818 0.979894
v 1.772822 1.894818 0.968324
v 1.773042 1.894818 0.956483
v 1.770948 1.894818 0.944827
v 1.766620 1.894818 0.933804
v 1.760225 1.894818 0.923837
v 1.752008 1.894818 0.915309
v 1.742285 1.894818 0.908548
v 1.731430 1.894818 0.903813
v 1.719860 1.894818 0.901287
v 1.708019 1.894818 0.901068
v 1.696363 1.894818 0.903162
v 1.685340 1.894818 0.907490
v 1.675373 1.894818 0.913885
v 1.666845 1.894818 0.922102
v 1.660084 1.894818 0.931825
v 1.655349 1.894818 0.942680
v 1.652824 1.894818 0.954250
v 1.652604 1.894818 0.966091
v 1.654698 1.894818 0.977746
v 1.659026 1.894818 0.988770
v 1.665421 1.894818 0.998737
v 1.673638 1.894818 1.007265
v 1.763264 1.961471 0.866939
v 1.774481 1.961471 0.870736
v 1.786224 1.961471 0.872271
v 1.798040 1.961471 0.871486
v 1.809476 1.961471 0.868411
v 1.820093 1.961471 0.863164
v 1.829482 1.961471 0.855946
v 1.837283 1.961471 0.847036
v 1.843195 1.961471 0.836774
v 1.846992 1.961471 0.825557
v 1.848527 1.961471 0.813814
v 1.847742 1.961471 0.801998
v 1.844667 1.961471 0.790561
v 1.839419 1.961471 0.779945
v 1.832202 1.961471 0.770556
v 1.823291 1.961471 0.762755
v 1.813030 1.961471 0.756843
v 1.801813 1.961471 0.753046
v 1.790070 1.961471 0.751511
v 1.778253 1.961471 0.752296
v 1.766817 1.961471 0.755371
v 1.756201 1.961471 0.760618
v 1.746812 1.961471 0.767836
v 1.739011 1.961471 0.776747
v 1.733099 1.961471 0.787008
v 1.729302 1.961471 0.798225
v 1.727767 1.961471 0.809968
v 1.728552 1.961471 0.821784
v 1.731627 1.961471 0.833221
v 1.736874 1.961471 0.843837
v 1.744092 1.961471 0.853226
v 1.753002 1.961471 0.861027
v 1.830404 2.028123 0.713605
v 1.841904 2.028123 0.716437
v 1.853734 2.028123 0.716971
v 1.865441 2.028123 0.715187
v 1.876576 2.028123 0.711153
v 1.886709 2.028123 0.705024
v 1.895452 2.028123 0.697036
v 1.902469 2.028123 0.687496
v 1.907490 2.028123 0.676771
v 1.910321 2.028123 0.665272
v 1.910855 2.028123 0.653441
v 1.909071 2.028123 0.641734
v 1.905037 2.028123 0.630600
v 1.898908 2.028123 0.620466
v 1.890921 2.028123 0.611723
v 1.881380 2.028123 0.604706
v 1.870655 2.028123 0.599686
v 1.859156 2.028123 0.596854
v 1.847325 2.028123 0.596320
v 1.835618 2.028123 0.598104
v 1.824484 2.028123 0.602138
v 1.814350 2.028123 0.608267
v 1.805607 2.028123 0.616255
v 1.798590 2.028123 0.625795
v 1.793570 2.028123 0.636520
v 1.790738 2.028123 0.648019
v 1.790204 2.028123 0.659850
v 1.791988 2.028123 0.671557
v 1.796022 2.028123 0.682692
v 1.802151 2.028123 0.692825
v 1.810139 2.028123 0.701568
v 1.819679 2.028123 0.708585
v 1.884300 2.094776 0.555131
v 1.895997 2.094776 0.556977
v 1.907830 2.094776 0.556506
v 1.919344 2.094776 0.553735
v 1.930097 2.094776 0.548772
v 1.939674 2.094776 0.541806
v 1.947708 2.094776 0.533105
v 1.953890 2.094776 0.523004
v 1.957983 2.094776 0.511892
v 1.959829 2.094776 0.500194
v 1.959358 2.094776 0.488361
v 1.956588 2.094776 0.476847
v 1.951624 2.094776 0.466095
v 1.944658 2.094776 0.456518
v 1.935957 2.094776 0.448483
v 1.925857 2.094776 0.442301
v 1.914744 2.094776 0.438208
v 1.903046 2.094776 0.436362
v 1.891213 2.094776 0.436833
v 1.879699 2.094776 0.439604
v 1.868947 2.094776 0.444567
v 1.859370 2.094776 0.451533
v 1.851336 2.094776 0.460234
v 1.845153 2.094776 0.470335
v 1.841060 2.094776 0.481447
v 1.839214 2.094776 0.493145
v 1.839685 2.094776 0.504978
v 1.842456 2.094776 0.516492
v 1.847420 2.094776 0.527244
v 1.854385 2.094776 0.536821
v 1.863086 2.094776 0.544855
v 1.873187 2.094776 0.551038
v 1.924561 2.161428 0.392656
v 1.936373 2.161428 0.393504
v 1.948124 2.161428 0.392031
v 1.959361 2.161428 0.388293
v 1.969654 2.161428 0.382436
v 1.978606 2.161428 0.374683
v 1.985873 2.161428 0.365332
v 1.991176 2.161428 0.354744
v 1.994312 2.161428 0.343324
v 1.995160 2.161428 0.331512
v 1.993687 2.161428 0.319761
v 1.989950 2.161428 0.308524
v 1.984092 2.161428 0.298231
v 1.976339 2.161428 0.289279
v 1.966988 2.161428 0.282012
v 1.956400 2.161428 0.276708
v 1.944980 2.161428 0.273573
v 1.933168 2.161428 0.272725
v 1.921417 2.161428 0.274198
v 1.910180 2.161428 0.277935
v 1.899887 2.161428 0.283793
v 1.890935 2.161428 0.291546
v 1.883668 2.161428 0.300896
v 1.878365 2.161428 0.311485
v 1.875229 2.161428 0.322905
v 1.874381 2.161428 0.334717
v 1.875854 2.161428 0.346468
v 1.879591 2.161428 0.357705
v 1.885449 2.161428 0.367997
v 1.893202 2.161428 0.376949
v 1.902553 2.161428 0.384217
v 1.913141 2.161428 0.389520
v 1.950899 2.228081 0.227352
v 1.962740 2.228081 0.227195
v 1.974324 2.228081 0.224731
v 1.985204 2.228081 0.220054
v 1.994962 2.228081 0.213345
v 2.003224 2.228081 0.204861
v 2.009672 2.228081 0.194928
v 2.014059 2.228081 0.183927
v 2.016215 2.228081 0.172283
v 2.016058 2.228081 0.160441
v 2.013594 2.228081 0.148858
v 2.008917 2.228081 0.137978
v 2.002208 2.228081 0.128219
v 1.993723 2.228081 0.119957
v 1.983790 2.228081 0.113509
v 1.972790 2.228081 0.109123
v 1.961145 2.228081 0.106966
v 1.949304 2.228081 0.107124
v 1.937720 2.228081 0.109588
v 1.926840 2.228081 0.114265
v 1.917082 2.228081 0.120974
v 1.908819 2.228081 0.129458
v 1.902372 2.228081 0.139391
v 1.897985 2.228081 0.150392
v 1.895829 2.228081 0.162036
v 1.895986 2.228081 0.173878
v 1.898450 2.228081 0.185461
v 1.903127 2.228081 0.196341
v 1.909836 2.228081 0.206100
v 1.918321 2.228081 0.214362
v 1.928254 2.228081 0.220810
v 1.939254 2.228081 0.225196
v 1.963123 2.294734 0.060410
v 1.974908 2.294734 0.059250
v 1.986241 2.294734 0.055812
v 1.996685 2.294734 0.050229
v 2.005840 2.294734 0.042717
v 2.013352 2.294734 0.033562
v 2.018935 2.294734 0.023118
v 2.022373 2.294734 0.011785
v 2.023534 2.294734 -0.000000
v 2.022373 2.294734 -0.011786
v 2.018935 2.294734 -0.023118
v 2.013352 2.294734 -0.033563
v 2.005840 2.294734 -0.042717
v 1.996685 2.294734 -0.050230
v 1.986241 2.294734 -0.055812
v 1.974908 2.294734 -0.059250
v 1.963123 2.294734 -0.060411
v 1.951337 2.294734 -0.059250
v 1.940005 2.294734 -0.055812
v 1.929560 2.294734 -0.050230
v 1.920406 2.294734 -0.042717
v 1.912893 2.294734 -0.033563
v 1.907311 2.294734 -0.023118
v 1.903873 2.294734 -0.011786
v 1.902712 2.294734 -0.000000
v 1.903873 2.294734 0.011785
v 1.907311 2.294734 0.023118
v 1.912893 2.294734 0.033562
v 1.920406 2.294734 0.042717
v 1.929560 2.294734 0.050229
v 1.940005 2.294734 0.055812
v 1.951337 2.294734 0.059250
v 1.961145 2.361387 -0.106967
v 1.972790 2.361387 -0.109123
v 1.983790 2.361387 -0.113509
v 1.993723 2.361387 -0.119957
v 2.002208 2.361387 -0.128220
v 2.008917 2.361387 -0.137978
v 2.013594 2.361387 -0.148858
v 2.016058 2.361387 -0.160442
v 2.016215 2.361387 -0.172283
v 2.014059 2.361387 -0.183928
v 2.009672 2.361387 -0.194928
v 2.003224 2.361387 -0.204861
v 1.994962 2.361387 -0.213345
v 1.985204 2.361387 -0.220055
v 1.974323 2.361387 -0.224731
v 1.962740 2.361387 -0.227196
v 1.950899 2.361387 -0.227353
v 1.939254 2.361387 -0.225197
v 1.928254 2.361387 -0.220810
v 1.918321 2.361387 -0.214362
v 1.909836 2.361387 -0.206100
v 1.903127 2.361387 -0.196341
v 1.898450 2.361387 -0.185461
v 1.895986 2.361387 -0.173878
v 1.895829 2.361387 -0.162037
v 1.897985 2.361387 -0.150392
v 1.902372 2.361387 -0.139392
v 1.908819 2.361387 -0.129459
v 1.917082 2.361387 -0.120974
v 1.926840 2.361387 -0.114265
v 1.937720 2.361387 -0.109588
v 1.949304 2.361387 -0.107124
v 1.944980 2.428039 -0.273573
v 1.956400 2.428039 -0.276709
v 1.966988 2.428039 -0.282012
v 1.976339 2.428039 -0.289280
v 1.984092 2.428039 -0.298231
v 1.989950 2.428039 -0.308524
v 1.993687 2.428039 -0.319761
v 1.995160 2.428039 -0.331512
v 1.994312 2.428039 -0.343324
v 1.991176 2.428039 -0.354744
v 1.985873 2.428039 -0.365333
v 1.978606 2.428039 -0.374683
v 1.969654 2.428039 -0.382436
v 1.959361 2.428039 -0.388294
v 1.948124 2.428039 -0.392031
v 1.936373 2.428039 -0.393504
v 1.924561 2.428039 -0.392656
v 1.913141 2.428039 -0.389520
v 1.902553 2.428039 -0.384217
v 1.893202 2.428039 -0.376950
v 1.885449 2.428039 -0.367998
v 1.879591 2.428039 -0.357705
v 1.875854 2.428039 -0.346468
v 1.874381 2.428039 -0.334717
v 1.875229 2.428039 -0.322905
v 1.878365 2.428039 -0.311485
v 1.883668 2.428039 -0.300897
v 1.890935 2.428039 -0.291546
v 1.899887 2.428039 -0.283793
v 1.910180 2.428039 -0.277935
v 1.921417 2.428039 -0.274198
v 1.933168 2.428039 -0.272725
v 1.914744 2.494692 -0.438208
v 1.925857 2.494692 -0.442301
v 1.935957 2.494692 -0.448484
v 1.944658 2.494692 -0.456518
v 1.951624 2.494692 -0.466095
v 1.956588 2.494692 -0.476847
v 1.959358 2.494692 -0.488361
v 1.959829 2.494692 -0.500194
v 1.957983 2.494692 -0.511892
v 1.953890 2.494692 -0.523005
v 1.947708 2.494692 -0.533105
v 1.939674 2.494692 -0.541806
v 1.930096 2.494692 -0.548772
v 1.919344 2.494692 -0.553736
v 1.907830 2.494692 -0.556506
v 1.895997 2.494692 -0.556978
v 1.884300 2.494692 -0.555131
v 1.873187 2.494692 -0.551038
v 1.863086 2.494692 -0.544856
v 1.854385 2.494692 -0.536822
v 1.847420 2.494692 -0.527244
v 1.842456 2.494692 -0.516492
v 1.839685 2.494692 -0.504978
v 1.839214 2.494692 -0.493145
v 1.841060 2.494692 -0.481448
v 1.845153 2.494692 -0.470335
v 1.851336 2.494692 -0.460234
v 1.859370 2.494692 -0.451534
v 1.868947 2.494692 -0.444568
v 1.879699 2.494692 -0.439604
v 1.891213 2.494692 -0.436833
v 1.903046 2.494692 -0.436362
v 1.870655 2.561345 -0.599686
v 1.881380 2.561345 -0.604707
v 1.890920 2.561345 -0.611724
v 1.898908 2.561345 -0.620467
v 1.905037 2.561345 -0.630600
v 1.909071 2.561345 -0.641734
v 1.910855 2.561345 -0.653442
v 1.910321 2.561345 -0.665272
v 1.907489 2.561345 -0.676771
v 1.902469 2.561345 -0.687497
v 1.895452 2.561345 -0.697037
v 1.886709 2.561345 -0.705025
v 1.876576 2.561345 -0.711153
v 1.865441 2.561345 -0.715187
v 1.853734 2.561345 -0.716972
v 1.841903 2.561345 -0.716438
v 1.830404 2.561345 -0.713606
v 1.819679 2.561345 -0.708585
v 1.810139 2.561345 -0.701568
v 1.802151 2.561345 -0.692825
v 1.796022 2.561345 -0.682692
v 1.791988 2.561345 -0.671558
v 1.790204 2.561345 -0.659850
v 1.790738 2.561345 -0.648020
v 1.793570 2.561345 -0.636521
v 1.798590 2.561345 -0.625795
v 1.805607 2.561345 -0.616255
v 1.814350 2.561345 -0.608267
v 1.824484 2.561345 -0.602139
v 1.835618 2.561345 -0.598105
v 1.847325 2.561345 -0.596320
v 1.859156 2.561345 -0.596854
v 1.813030 2.627997 -0.756844
v 1.823291 2.627997 -0.762756
v 1.832202 2.627997 -0.770556
v 1.839419 2.627997 -0.779945
v 1.844666 2.627997 -0.790562
v 1.847742 2.627997 -0.801998
v 1.848527 2.627997 -0.813815
v 1.846991 2.627997 -0.825557
v 1.843195 2.627997 -0.836775
v 1.837282 2.627997 -0.847036
v 1.829482 2.627997 -0.855946
v 1.820093 2.627997 -0.863164
v 1.809476 2.627997 -0.868411
v 1.798040 2.627997 -0.871487
v 1.786224 2.627997 -0.872272
v 1.774481 2.627997 -0.870736
v 1.763263 2.627997 -0.866939
v 1.753002 2.627997 -0.861027
v 1.744092 2.627997 -0.853227
v 1.736874 2.627997 -0.843838
v 1.731627 2.627997 -0.833221
v 1.728552 2.627997 -0.821785
v 1.727767 2.627997 -0.809968
v 1.729302 2.627997 -0.798226
v 1.733099 2.627997 -0.787008
v 1.739011 2.627997 -0.776747
v 1.746811 2.627997 -0.767837
v 1.756200 2.627997 -0.760619
v 1.766817 2.627997 -0.755372
v 1.778253 2.627997 -0.752297
v 1.790070 2.627997 -0.751511
v 1.801812 2.627997 -0.753047
v 1.742285 2.694650 -0.908548
v 1.752008 2.694650 -0.915309
v 1.760225 2.694650 -0.923837
v 1.766620 2.694650 -0.933804
v 1.770948 2.694650 -0.944828
v 1.773042 2.694650 -0.956484
v 1.772822 2.694650 -0.968324
v 1.770297 2.694650 -0.979894
v 1.765562 2.694650 -0.990749
v 1.758801 2.694650 -1.000472
v 1.750273 2.694650 -1.008689
v 1.740306 2.694650 -1.015084
v 1.729282 2.694650 -1.019412
v 1.717627 2.694650 -1.021507
v 1.705786 2.694650 -1.021287
v 1.694216 2.694650 -1.018761
v 1.683361 2.694650 -1.014027
v 1.673638 2.694650 -1.007265
v 1.665421 2.694650 -0.998737
v 1.659026 2.694650 -0.988770
v 1.654698 2.694650 -0.977747
v 1.652604 2.694650 -0.966091
v 1.652824 2.694650 -0.954250
v 1.655349 2.694650 -0.942680
v 1.660084 2.694650 -0.931825
v 1.666845 2.694650 -0.922102
v 1.675373 2.694650 -0.913886
v 1.685340 2.694650 -0.907490
v 1.696363 2.694650 -0.903162
v 1.708019 2.694650 -0.901068
v 1.719860 2.694650 -0.901288
v 1.731430 2.694650 -0.903814
v 1.658929 2.761302 -1.053706
v 1.668044 2.761302 -1.061267
v 1.675508 2.761302 -1.070461
v 1.681035 2.761302 -1.080935
v 1.684413 2.761302 -1.092286
v 1.685511 2.761302 -1.104077
v 1.684288 2.761302 -1.115856
v 1.680790 2.761302 -1.127171
v 1.675152 2.761302 -1.137585
v 1.667591 2.761302 -1.146699
v 1.658396 2.761302 -1.154163
v 1.647923 2.761302 -1.159691
v 1.636572 2.761302 -1.163068
v 1.624781 2.761302 -1.164166
v 1.613001 2.761302 -1.162943
v 1.601687 2.761302 -1.159445
v 1.591273 2.761302 -1.153807
v 1.582158 2.761302 -1.146246
v 1.574694 2.761302 -1.137052
v 1.569167 2.761302 -1.126578
v 1.565790 2.761302 -1.115227
v 1.564691 2.761302 -1.103436
v 1.565915 2.761302 -1.091657
v 1.569412 2.761302 -1.080342
v 1.575050 2.761302 -1.069928
v 1.582612 2.761302 -1.060814
v 1.591806 2.761302 -1.053349
v 1.602279 2.761302 -1.047822
v 1.613630 2.761302 -1.044445
v 1.625422 2.761302 -1.043347
v 1.637201 2.761302 -1.044570
v 1.648515 2.761302 -1.048068
v 1.563564 2.827955 -1.191272
v 1.572004 2.827955 -1.199579
v 1.578662 2.827955 -1.209373
v 1.583281 2.827955 -1.220278
v 1.585683 2.827955 -1.231874
v 1.585778 2.827955 -1.243716
v 1.583560 2.827955 -1.255349
v 1.579115 2.827955 -1.266326
v 1.572614 2.827955 -1.276225
v 1.564307 2.827955 -1.284665
v 1.554513 2.827955 -1.291323
v 1.543609 2.827955 -1.295942
v 1.532012 2.827955 -1.298344
v 1.520170 2.827955 -1.298439
v 1.508537 2.827955 -1.296221
v 1.497560 2.827955 -1.291776
v 1.487661 2.827955 -1.285275
v 1.479221 2.827955 -1.276968
v 1.472564 2.827955 -1.267174
v 1.467945 2.827955 -1.256269
v 1.465542 2.827955 -1.244673
v 1.465448 2.827955 -1.232831
v 1.467666 2.827955 -1.221198
v 1.472110 2.827955 -1.210221
v 1.478611 2.827955 -1.200322
v 1.486918 2.827955 -1.191882
v 1.496712 2.827955 -1.185225
v 1.507617 2.827955 -1.180606
v 1.519213 2.827955 -1.178203
v 1.531055 2.827955 -1.178109
v 1.542688 2.827955 -1.180326
v 1.553665 2.827955 -1.184771
v 1.456876 2.894608 -1.320255
v 1.464581 2.894608 -1.329248
v 1.470384 2.894608 -1.339571
v 1.474062 2.894608 -1.350828
v 1.475472 2.894608 -1.362586
v 1.474562 2.894608 -1.374394
v 1.471366 2.894608 -1.385797
v 1.466006 2.894608 -1.396357
v 1.458689 2.894608 -1.405669
v 1.449696 2.894608 -1.413374
v 1.439373 2.894608 -1.419177
v 1.428116 2.894608 -1.422855
v 1.416357 2.894608 -1.424266
v 1.404550 2.894608 -1.423355
v 1.393147 2.894608 -1.420159
v 1.382587 2.894608 -1.414799
v 1.373275 2.894608 -1.407482
v 1.365569 2.894608 -1.398489
v 1.359766 2.894608 -1.388166
v 1.356089 2.894608 -1.376909
v 1.354678 2.894608 -1.365151
v 1.355589 2.894608 -1.353343
v 1.358785 2.894608 -1.341940
v 1.364145 2.894608 -1.331380
v 1.371461 2.894608 -1.322068
v 1.380454 2.894608 -1.314362
v 1.390778 2.894608 -1.308560
v 1.402035 2.894608 -1.304882
v 1.413793 2.894608 -1.303471
v 1.425600 2.894608 -1.304382
v 1.437004 2.894608 -1.307578
v 1.447564 2.894608 -1.312938
v 1.339633 2.961260 -1.439725
v 1.346548 2.961260 -1.449339
v 1.351455 2.961260 -1.460118
v 1.354164 2.961260 -1.471646
v 1.354573 2.961260 -1.483482
v 1.352664 2.961260 -1.495169
v 1.348512 2.961260 -1.506260
v 1.342276 2.961260 -1.516328
v 1.334196 2.961260 -1.524986
v 1.324582 2.961260 -1.531901
v 1.313804 2.961260 -1.536807
v 1.302276 2.961260 -1.539517
v 1.290440 2.961260 -1.539925
v 1.278752 2.961260 -1.538017
v 1.267662 2.961260 -1.533865
v 1.257594 2.961260 -1.527629
v 1.248936 2.961260 -1.519549
v 1.242021 2.961260 -1.509935
v 1.237114 2.961260 -1.499157
v 1.234405 2.961260 -1.487628
v 1.233996 2.961260 -1.475793
v 1.235905 2.961260 -1.464105
v 1.240057 2.961260 -1.453014
v 1.246293 2.961260 -1.442946
v 1.254373 2.961260 -1.434289
v 1.263987 2.961260 -1.427373
v 1.274765 2.961260 -1.422467
v 1.286293 2.961260 -1.419757
v 1.298129 2.961260 -1.419349
v 1.309817 2.961260 -1.421257
v 1.320908 2.961260 -1.425409
v 1.330975 2.961260 -1.431645
v 1.212681 3.027913 -1.548822
v 1.218756 3.027913 -1.558988
v 1.222731 3.027913 -1.570144
v 1.224453 3.027913 -1.581860
v 1.223856 3.027913 -1.593688
v 1.220964 3.027913 -1.605172
v 1.215886 3.027913 -1.615870
v 1.208819 3.027913 -1.625373
v 1.200034 3.027913 -1.633314
v 1.189868 3.027913 -1.639389
v 1.178712 3.027913 -1.643364
v 1.166996 3.027913 -1.645086
v 1.155168 3.027913 -1.644489
v 1.143684 3.027913 -1.641597
v 1.132985 3.027913 -1.636519
v 1.123483 3.027913 -1.629452
v 1.115541 3.027913 -1.620667
v 1.109467 3.027913 -1.610501
v 1.105492 3.027913 -1.599345
v 1.103770 3.027913 -1.587628
v 1.104366 3.027913 -1.575801
v 1.107259 3.027913 -1.564317
v 1.112337 3.027913 -1.553619
v 1.119404 3.027913 -1.544116
v 1.128189 3.027913 -1.536174
v 1.138355 3.027913 -1.530100
v 1.149511 3.027913 -1.526125
v 1.161227 3.027913 -1.524403
v 1.173055 3.027913 -1.524999
v 1.184539 3.027913 -1.527892
v 1.195237 3.027913 -1.532970
v 1.204740 3.027913 -1.540037
v 1.076935 3.094566 -1.646760
v 1.082125 3.094566 -1.657405
v 1.085140 3.094566 -1.668857
v 1.085862 3.094566 -1.680678
v 1.084264 3.094566 -1.692412
v 1.080408 3.094566 -1.703609
v 1.074442 3.094566 -1.713839
v 1.066594 3.094566 -1.722708
v 1.057167 3.094566 -1.729876
v 1.046523 3.094566 -1.735066
v 1.035070 3.094566 -1.738081
v 1.023250 3.094566 -1.738803
v 1.011515 3.094566 -1.737205
v 1.000318 3.094566 -1.733349
v 0.990088 3.094566 -1.727383
v 0.981219 3.094566 -1.719535
v 0.974052 3.094566 -1.710108
v 0.968861 3.094566 -1.699463
v 0.965846 3.094566 -1.688011
v 0.965124 3.094566 -1.676191
v 0.966722 3.094566 -1.664456
v 0.970578 3.094566 -1.653259
v 0.976545 3.094566 -1.643029
v 0.984392 3.094566 -1.634160
v 0.993819 3.094566 -1.626993
v 1.004464 3.094566 -1.621802
v 1.015916 3.094566 -1.618787
v 1.027737 3.094566 -1.618065
v 1.039471 3.094566 -1.619663
v 1.050668 3.094566 -1.623519
v 1.060898 3.094566 -1.629486
v 1.069767 3.094566 -1.637333
v 0.933371 3.161219 -1.732833
v 0.937640 3.161219 -1.743880
v 0.939673 3.161219 -1.755547
v 0.939390 3.161219 -1.767386
v 0.936803 3.161219 -1.778942
v 0.932011 3.161219 -1.789772
v 0.925198 3.161219 -1.799459
v 0.916627 3.161219 -1.807630
v 0.906626 3.161219 -1.813973
v 0.895580 3.161219 -1.818242
v 0.883913 3.161219 -1.820274
v 0.872074 3.161219 -1.819992
v 0.860517 3.161219 -1.817405
v 0.849687 3.161219 -1.812613
v 0.840001 3.161219 -1.805800
v 0.831829 3.161219 -1.797229
v 0.825487 3.161219 -1.787228
v 0.821217 3.161219 -1.776181
v 0.819185 3.161219 -1.764514
v 0.819468 3.161219 -1.752675
v 0.822055 3.161219 -1.741119
v 0.826847 3.161219 -1.730289
v 0.833659 3.161219 -1.720602
v 0.842231 3.161219 -1.712431
v 0.852232 3.161219 -1.706088
v 0.863278 3.161219 -1.701819
v 0.874945 3.161219 -1.699787
v 0.886784 3.161219 -1.700069
v 0.898340 3.161219 -1.702656
v 0.909170 3.161219 -1.707448
v 0.918857 3.161219 -1.714261
v 0.927029 3.161219 -1.722832
v 0.783025 3.227871 -1.806421
v 0.786342 3.227871 -1.817790
v 0.787378 3.227871 -1.829587
v 0.786092 3.227871 -1.841360
v 0.782534 3.227871 -1.852655
v 0.776841 3.227871 -1.863039
v 0.769232 3.227871 -1.872114
v 0.759998 3.227871 -1.879529
v 0.749495 3.227871 -1.885000
v 0.738127 3.227871 -1.888318
v 0.726330 3.227871 -1.889353
v 0.714557 3.227871 -1.888067
v 0.703262 3.227871 -1.884509
v 0.692877 3.227871 -1.878816
v 0.683803 3.227871 -1.871207
v 0.676388 3.227871 -1.861973
v 0.670916 3.227871 -1.851470
v 0.667599 3.227871 -1.840102
v 0.666564 3.227871 -1.828305
v 0.667849 3.227871 -1.816532
v 0.671407 3.227871 -1.805236
v 0.677100 3.227871 -1.794852
v 0.684710 3.227871 -1.785778
v 0.693943 3.227871 -1.778363
v 0.704446 3.227871 -1.772891
v 0.715815 3.227871 -1.769574
v 0.727612 3.227871 -1.768539
v 0.739385 3.227871 -1.769824
v 0.750680 3.227871 -1.773382
v 0.761064 3.227871 -1.779075
v 0.770139 3.227871 -1.786685
v 0.777554 3.227871 -1.795918
v 0.626981 3.294524 -1.866994
v 0.629322 3.294524 -1.878602
v 0.629354 3.294524 -1.890445
v 0.627074 3.294524 -1.902066
v 0.622571 3.294524 -1.913019
v 0.616018 3.294524 -1.922883
v 0.607666 3.294524 -1.931280
v 0.597837 3.294524 -1.937885
v 0.586908 3.294524 -1.942446
v 0.575299 3.294524 -1.944787
v 0.563457 3.294524 -1.944818
v 0.551836 3.294524 -1.942539
v 0.540883 3.294524 -1.938036
v 0.531018 3.294524 -1.931483
v 0.522622 3.294524 -1.923131
v 0.516017 3.294524 -1.913302
v 0.511456 3.294524 -1.902373
v 0.509115 3.294524 -1.890764
v 0.509083 3.294524 -1.878922
v 0.511363 3.294524 -1.867300
v 0.515866 3.294524 -1.856347
v 0.522419 3.294524 -1.846483
v 0.530771 3.294524 -1.838087
v 0.540600 3.294524 -1.831481
v 0.551529 3.294524 -1.826921
v 0.563138 3.294524 -1.824579
v 0.574980 3.294524 -1.824548
v 0.586601 3.294524 -1.826828
v 0.597554 3.294524 -1.831331
v 0.607418 3.294524 -1.837884
v 0.615815 3.294524 -1.846236
v 0.622420 3.294524 -1.856064
v 0.466361 3.361176 -1.914115
v 0.467710 3.361176 -1.925880
v 0.466737 3.361176 -1.937683
v 0.463480 3.361176 -1.949069
v 0.458064 3.361176 -1.959600
v 0.450698 3.361176 -1.968873
v 0.441664 3.361176 -1.976531
v 0.431310 3.361176 -1.982279
v 0.420034 3.361176 -1.985897
v 0.408268 3.361176 -1.987245
v 0.396466 3.361176 -1.986272
v 0.385080 3.361176 -1.983015
v 0.374548 3.361176 -1.977600
v 0.365275 3.361176 -1.970233
v 0.357618 3.361176 -1.961200
v 0.351870 3.361176 -1.950846
v 0.348252 3.361176 -1.939569
v 0.346904 3.361176 -1.927803
v 0.347877 3.361176 -1.916001
v 0.351134 3.361176 -1.904615
v 0.356549 3.361176 -1.894083
v 0.363915 3.361176 -1.884810
v 0.372949 3.361176 -1.877153
v 0.383303 3.361176 -1.871405
v 0.394579 3.361176 -1.867787
v 0.406345 3.361176 -1.866439
v 0.418148 3.361176 -1.867412
v 0.429533 3.361176 -1.870669
v 0.440065 3.361176 -1.876084
v 0.449338 3.361176 -1.883450
v 0.456996 3.361176 -1.892484
v 0.462744 3.361176 -1.902838
v 0.302324 3.427829 -1.947444
v 0.302670 3.427829 -1.959282
v 0.300699 3.427829 -1.970959
v 0.296489 3.427829 -1.982028
v 0.290199 3.427829 -1.992062
v 0.282073 3.427829 -2.000677
v 0.272423 3.427829 -2.007541
v 0.261619 3.427829 -2.012390
v 0.250076 3.427829 -2.015039
v 0.238239 3.427829 -2.015384
v 0.226561 3.427829 -2.013414
v 0.215492 3.427829 -2.009203
v 0.205458 3.427829 -2.002914
v 0.196843 3.427829 -1.994788
v 0.189979 3.427829 -1.985137
v 0.185130 3.427829 -1.974333
v 0.182482 3.427829 -1.962790
v 0.182136 3.427829 -1.950953
v 0.184106 3.427829 -1.939276
v 0.188317 3.427829 -1.928207
v 0.194606 3.427829 -1.918172
v 0.202732 3.427829 -1.909558
v 0.212383 3.427829 -1.902694
v 0.223187 3.427829 -1.897844
v 0.234730 3.427829 -1.895196
v 0.246567 3.427829 -1.894850
v 0.258245 3.427829 -1.896821
v 0.269313 3.427829 -1.901032
v 0.279348 3.427829 -1.907321
v 0.287963 3.427829 -1.915447
v 0.294827 3.427829 -1.925097
v 0.299676 3.427829 -1.935902
v 0.136051 3.494482 -1.966743
v 0.135392 3.494482 -1.978567
v 0.132438 3.494482 -1.990035
v 0.127304 3.494482 -2.000707
v 0.120186 3.494482 -2.010172
v 0.111359 3.494482 -2.018066
v 0.101161 3.494482 -2.024087
v 0.089985 3.494482 -2.028003
v 0.078259 3.494482 -2.029663
v 0.066435 3.494482 -2.029003
v 0.054967 3.494482 -2.026049
v 0.044295 3.494482 -2.020915
v 0.034830 3.494482 -2.013798
v 0.026935 3.494482 -2.004970
v 0.020915 3.494482 -1.994772
v 0.016999 3.494482 -1.983596
v 0.015339 3.494482 -1.971870
v 0.015999 3.494482 -1.960046
v 0.018952 3.494482 -1.948578
v 0.024086 3.494482 -1.937906
v 0.031204 3.494482 -1.928441
v 0.040031 3.494482 -1.920546
v 0.050229 3.494482 -1.914526
v 0.061406 3.494482 -1.910610
v 0.073131 3.494482 -1.908950
v 0.084956 3.494482 -1.909610
v 0.096424 3.494482 -1.912563
v 0.107096 3.494482 -1.917698
v 0.116561 3.494482 -1.924815
v 0.124455 3.494482 -1.933642
v 0.130476 3.494482 -1.943840
v 0.134391 3.494482 -1.955017
v -0.031259 3.561134 -1.971870
v -0.032919 3.561134 -1.983596
v -0.036834 3.561134 -1.994772
v -0.042855 3.561134 -2.004970
v -0.050750 3.561134 -2.013798
v -0.060215 3.561134 -2.020915
v -0.070887 3.561134 -2.026049
v -0.082355 3.561134 -2.029003
v -0.094179 3.561134 -2.029663
v -0.105905 3.561134 -2.028003
v -0.117081 3.561134 -2.024087
v -0.127279 3.561134 -2.018066
v -0.136106 3.561134 -2.010172
v -0.143224 3.561134 -2.000707
v -0.148358 3.561134 -1.990035
v -0.151312 3.561134 -1.978567
v -0.151971 3.561134 -1.966743
v -0.150311 3.561134 -1.955017
v -0.146396 3.561134 -1.943840
v -0.140375 3.561134 -1.933642
v -0.132481 3.561134 -1.924815
v -0.123015 3.561134 -1.917698
v -0.112344 3.561134 -1.912563
v -0.100875 3.561134 -1.909610
v -0.089051 3.561134 -1.908950
v -0.077326 3.561134 -1.910610
v -0.066149 3.561134 -1.914526
v -0.055951 3.561134 -1.920546
v -0.047124 3.561134 -1.928441
v -0.040006 3.561134 -1.937906
v -0.034872 3.561134 -1.948578
v -0.031919 3.561134 -1.960046
v -0.198401 3.627787 -1.962790
v -0.201049 3.627787 -1.974333
v -0.205898 3.627787 -1.985137
v -0.212762 3.627787 -1.994788
v -0.221377 3.627787 -2.002914
v -0.231411 3.627787 -2.009203
v -0.242480 3.627787 -2.013414
v -0.254158 3.627787 -2.015384
v -0.265995 3.627787 -2.015039
v -0.277538 3.627787 -2.012390
v -0.288342 3.627787 -2.007541
v -0.297992 3.627787 -2.000677
v -0.306118 3.627787 -1.992062
v -0.312408 3.627787 -1.982028
v -0.316618 3.627787 -1.970959
v -0.318589 3.627787 -1.959282
v -0.318243 3.627787 -1.947444
v -0.315595 3.627787 -1.935902
v -0.310746 3.627787 -1.925097
v -0.303882 3.627787 -1.915447
v -0.295267 3.627787 -1.907321
v -0.285232 3.627787 -1.901032
v -0.274164 3.627787 -1.896821
v -0.262486 3.627787 -1.894850
v -0.250649 3.627787 -1.895196
v -0.239106 3.627787 -1.897844
v -0.228302 3.627787 -1.902694
v -0.218651 3.627787 -1.909558
v -0.210525 3.627787 -1.918172
v -0.204236 3.627787 -1.928207
v -0.200025 3.627787 -1.939276
v -0.198055 3.627787 -1.950953
v -0.364171 3.694439 -1.939569
v -0.367789 3.694439 -1.950846
v -0.373537 3.694439 -1.961200
v -0.381194 3.694439 -1.970233
v -0.390467 3.694439 -1.977600
v -0.400999 3.694439 -1.983015
v -0.412385 3.694439 -1.986272
v -0.424187 3.694439 -1.987245
v -0.435953 3.694439 -1.985897
v -0.447229 3.694439 -1.982279
v -0.457583 3.694439 -1.976531
v -0.466617 3.694439 -1.968873
v -0.473983 3.694439 -1.959600
v -0.479399 3.694439 -1.949069
v -0.482656 3.694439 -1.937683
v -0.483629 3.694439 -1.925880
v -0.482280 3.694439 -1.914115
v -0.478663 3.694439 -1.902838
v -0.472915 3.694439 -1.892484
v -0.465257 3.694439 -1.883450
v -0.455984 3.694439 -1.876084
v -0.445452 3.694439 -1.870669
v -0.434067 3.694439 -1.867412
v -0.422264 3.694439 -1.866439
v -0.410498 3.694439 -1.867787
v -0.399222 3.694439 -1.871405
v -0.388868 3.694439 -1.877153
v -0.379834 3.694439 -1.884810
v -0.372468 3.694439 -1.894083
v -0.367053 3.694439 -1.904615
v -0.363796 3.694439 -1.916001
v -0.362823 3.694439 -1.927803
v -0.527375 3.761092 -1.902373
v -0.531936 3.761092 -1.913302
v -0.538541 3.761092 -1.923131
v -0.546938 3.761092 -1.931483
v -0.556802 3.761092 -1.938036
v -0.567755 3.761092 -1.942539
v -0.579376 3.761092 -1.944818
v -0.591218 3.761092 -1.944787
v -0.602827 3.761092 -1.942446
v -0.613756 3.761092 -1.937885
v -0.623585 3.761092 -1.931280
v -0.631937 3.761092 -1.922883
v -0.638490 3.761092 -1.913019
v -0.642993 3.761092 -1.902066
v -0.645273 3.761092 -1.890445
v -0.645241 3.761092 -1.878602
v -0.642900 3.761092 -1.866994
v -0.638339 3.761092 -1.856064
v -0.631734 3.761092 -1.846236
v -0.623338 3.761092 -1.837884
v -0.613473 3.761092 -1.831331
v -0.602520 3.761092 -1.826828
v -0.590899 3.761092 -1.824548
v -0.579057 3.761092 -1.824579
v -0.567448 3.761092 -1.826921
v -0.556519 3.761092 -1.831481
v -0.546690 3.761092 -1.838087
v -0.538338 3.761092 -1.846483
v -0.531785 3.761092 -1.856347
v -0.527282 3.761092 -1.867300
v -0.525002 3.761092 -1.878922
v -0.525034 3.761092 -1.890764
v -0.686836 3.827745 -1.851470
v -0.692308 3.827745 -1.861973
v -0.699723 3.827745 -1.871206
v -0.708797 3.827745 -1.878816
v -0.719182 3.827745 -1.884509
v -0.730477 3.827745 -1.888067
v -0.742250 3.827745 -1.889353
v -0.754047 3.827745 -1.888317
v -0.765415 3.827745 -1.885000
v -0.775918 3.827745 -1.879528
v -0.785152 3.827745 -1.872113
v -0.792761 3.827745 -1.863039
v -0.798454 3.827745 -1.852655
v -0.802012 3.827745 -1.841359
v -0.803298 3.827745 -1.829587
v -0.802262 3.827745 -1.817790
v -0.798945 3.827745 -1.806421
v -0.793474 3.827745 -1.795918
v -0.786058 3.827745 -1.786685
v -0.776984 3.827745 -1.779075
v -0.766600 3.827745 -1.773382
v -0.755304 3.827745 -1.769824
v -0.743532 3.827745 -1.768538
v -0.731735 3.827745 -1.769574
v -0.720366 3.827745 -1.772891
v -0.709863 3.827745 -1.778362
v -0.700630 3.827745 -1.785778
v -0.693020 3.827745 -1.794852
v -0.687327 3.827745 -1.805236
v -0.683769 3.827745 -1.816532
v -0.682483 3.827745 -1.828304
v -0.683519 3.827745 -1.840101
v -0.841406 3.894398 -1.787227
v -0.847749 3.894398 -1.797228
v -0.855920 3.894398 -1.805800
v -0.865607 3.894398 -1.812612
v -0.876437 3.894398 -1.817404
v -0.887994 3.894398 -1.819991
v -0.899833 3.894398 -1.820274
v -0.911500 3.894398 -1.818242
v -0.922546 3.894398 -1.813972
v -0.932547 3.894398 -1.807630
v -0.941118 3.894398 -1.799458
v -0.947931 3.894398 -1.789772
v -0.952723 3.894398 -1.778942
v -0.955310 3.894398 -1.767385
v -0.955593 3.894398 -1.755546
v -0.953560 3.894398 -1.743879
v -0.949291 3.894398 -1.732833
v -0.942949 3.894398 -1.722832
v -0.934777 3.894398 -1.714261
v -0.925090 3.894398 -1.707448
v -0.914260 3.894398 -1.702656
v -0.902704 3.894398 -1.700069
v -0.890865 3.894398 -1.699786
v -0.879198 3.894398 -1.701818
v -0.868152 3.894398 -1.706088
v -0.858150 3.894398 -1.712430
v -0.849579 3.894398 -1.720602
v -0.842766 3.894398 -1.730289
v -0.837974 3.894398 -1.741119
v -0.835387 3.894398 -1.752675
v -0.835105 3.894398 -1.764514
v -0.837137 3.894398 -1.776181
v -0.989971 3.961050 -1.710108
v -0.997139 3.961050 -1.719535
v -1.006008 3.961050 -1.727383
v -1.016237 3.961050 -1.733349
v -1.027434 3.961050 -1.737205
v -1.039169 3.961050 -1.738803
v -1.050989 3.961050 -1.738081
v -1.062442 3.961050 -1.735066
v -1.073086 3.961050 -1.729876
v -1.082513 3.961050 -1.722708
v -1.090361 3.961050 -1.713839
v -1.096327 3.961050 -1.703609
v -1.100184 3.961050 -1.692412
v -1.101781 3.961050 -1.680678
v -1.101059 3.961050 -1.668857
v -1.098045 3.961050 -1.657405
v -1.092854 3.961050 -1.646760
v -1.085686 3.961050 -1.637333
v -1.076817 3.961050 -1.629486
v -1.066587 3.961050 -1.623519
v -1.055390 3.961050 -1.619663
v -1.043656 3.961050 -1.618065
v -1.031835 3.961050 -1.618787
v -1.020383 3.961050 -1.621802
v -1.009738 3.961050 -1.626993
v -1.000311 3.961050 -1.634160
v -0.992464 3.961050 -1.643029
v -0.986497 3.961050 -1.653259
v -0.982641 3.961050 -1.664456
v -0.981043 3.961050 -1.676191
v -0.981766 3.961050 -1.688011
v -0.984780 3.961050 -1.699463
v -1.131461 4.027703 -1.620667
v -1.139402 4.027703 -1.629452
v -1.148905 4.027703 -1.636519
v -1.159603 4.027703 -1.641597
v -1.171087 4.027703 -1.644489
v -1.182915 4.027703 -1.645086
v -1.194631 4.027703 -1.643364
v -1.205787 4.027703 -1.639389
v -1.215953 4.027703 -1.633314
v -1.224738 4.027703 -1.625373
v -1.231805 4.027703 -1.615870
v -1.236883 4.027703 -1.605172
v -1.239776 4.027703 -1.593688
v -1.240372 4.027703 -1.581860
v -1.238650 4.027703 -1.570144
v -1.234675 4.027703 -1.558988
v -1.228601 4.027703 -1.548822
v -1.220659 4.027703 -1.540037
v -1.211156 4.027703 -1.532970
v -1.200458 4.027703 -1.527892
v -1.188974 4.027703 -1.524999
v -1.177146 4.027703 -1.524403
v -1.165430 4.027703 -1.526125
v -1.154274 4.027703 -1.530100
v -1.144108 4.027703 -1.536174
v -1.135323 4.027703 -1.544116
v -1.128256 4.027703 -1.553619
v -1.123178 4.027703 -1.564317
v -1.120286 4.027703 -1.575801
v -1.119689 4.027703 -1.587628
v -1.121411 4.027703 -1.599345
v -1.125386 4.027703 -1.610501
v -1.264856 4.094356 -1.519549
v -1.273513 4.094356 -1.527629
v -1.283581 4.094356 -1.533865
v -1.294672 4.094356 -1.538017
v -1.306360 4.094356 -1.539925
v -1.318195 4.094356 -1.539517
v -1.329724 4.094356 -1.536807
v -1.340502 4.094356 -1.531900
v -1.350116 4.094356 -1.524985
v -1.358196 4.094356 -1.516328
v -1.364432 4.094356 -1.506260
v -1.368584 4.094356 -1.495169
v -1.370492 4.094356 -1.483481
v -1.370084 4.094356 -1.471646
v -1.367374 4.094356 -1.460117
v -1.362468 4.094356 -1.449339
v -1.355553 4.094356 -1.439725
v -1.346895 4.094356 -1.431645
v -1.336827 4.094356 -1.425409
v -1.325736 4.094356 -1.421257
v -1.314048 4.094356 -1.419349
v -1.302213 4.094356 -1.419757
v -1.290684 4.094356 -1.422467
v -1.279906 4.094356 -1.427373
v -1.270292 4.094356 -1.434288
v -1.262212 4.094356 -1.442946
v -1.255976 4.094356 -1.453014
v -1.251824 4.094356 -1.464105
v -1.249916 4.094356 -1.475792
v -1.250324 4.094356 -1.487628
v -1.253034 4.094356 -1.499156
v -1.257940 4.094356 -1.509935
v -1.389194 4.161008 -1.407482
v -1.398506 4.161008 -1.414799
v -1.409067 4.161008 -1.420158
v -1.420470 4.161008 -1.423355
v -1.432277 4.161008 -1.424265
v -1.444035 4.161008 -1.422855
v -1.455292 4.161008 -1.419177
v -1.465616 4.161008 -1.413374
v -1.474609 4.161008 -1.405669
v -1.481926 4.161008 -1.396357
v -1.487285 4.161008 -1.385796
v -1.490481 4.161008 -1.374393
v -1.491392 4.161008 -1.362586
v -1.489981 4.161008 -1.350828
v -1.486304 4.161008 -1.339571
v -1.480501 4.161008 -1.329247
v -1.472795 4.161008 -1.320254
v -1.463483 4.161008 -1.312937
v -1.452923 4.161008 -1.307578
v -1.441520 4.161008 -1.304381
v -1.429712 4.161008 -1.303471
v -1.417954 4.161008 -1.304882
v -1.406697 4.161008 -1.308559
v -1.396374 4.161008 -1.314362
v -1.387381 4.161008 -1.322068
v -1.380064 4.161008 -1.331380
v -1.374705 4.161008 -1.341940
v -1.371508 4.161008 -1.353343
v -1.370598 4.161008 -1.365150
v -1.372009 4.161008 -1.376908
v -1.375686 4.161008 -1.388166
v -1.381489 4.161008 -1.398489
v -1.503581 4.227661 -1.285275
v -1.513480 4.227661 -1.291775
v -1.524457 4.227661 -1.296220
v -1.536090 4.227661 -1.298438
v -1.547932 4.227661 -1.298343
v -1.559528 4.227661 -1.295941
v -1.570433 4.227661 -1.291322
v -1.580227 4.227661 -1.284664
v -1.588534 4.227661 -1.276224
v -1.595035 4.227661 -1.266325
v -1.599480 4.227661 -1.255348
v -1.601697 4.227661 -1.243715
v -1.601603 4.227661 -1.231873
v -1.599200 4.227661 -1.220277
v -1.594581 4.227661 -1.209372
v -1.587924 4.227661 -1.199578
v -1.579484 4.227661 -1.191271
v -1.569585 4.227661 -1.184770
v -1.558608 4.227661 -1.180326
v -1.546975 4.227661 -1.178108
v -1.535133 4.227661 -1.178202
v -1.523537 4.227661 -1.180605
v -1.512632 4.227661 -1.185224
v -1.502838 4.227661 -1.191881
v -1.494531 4.227661 -1.200322
v -1.488030 4.227661 -1.210220
v -1.483585 4.227661 -1.221197
v -1.481367 4.227661 -1.232830
v -1.481462 4.227661 -1.244672
v -1.483865 4.227661 -1.256269
v -1.488483 4.227661 -1.267173
v -1.495141 4.227661 -1.276967
v -1.607192 4.294313 -1.153807
v -1.617606 4.294313 -1.159445
v -1.628920 4.294313 -1.162943
v -1.640700 4.294313 -1.164166
v -1.652491 4.294313 -1.163068
v -1.663842 4.294313 -1.159691
v -1.674316 4.294313 -1.154164
v -1.683510 4.294313 -1.146699
v -1.691071 4.294313 -1.137585
v -1.696709 4.294313 -1.127171
v -1.700207 4.294313 -1.115856
v -1.701430 4.294313 -1.104077
v -1.700332 4.294313 -1.092286
v -1.696954 4.294313 -1.080935
v -1.691427 4.294313 -1.070461
v -1.683963 4.294313 -1.061267
v -1.674849 4.294313 -1.053706
v -1.664434 4.294313 -1.048068
v -1.653120 4.294313 -1.044570
v -1.641341 4.294313 -1.043347
v -1.629549 4.294313 -1.044445
v -1.618199 4.294313 -1.047822
v -1.607725 4.294313 -1.053349
v -1.598531 4.294313 -1.060814
v -1.590969 4.294313 -1.069928
v -1.585332 4.294313 -1.080342
v -1.581834 4.294313 -1.091657
v -1.580611 4.294313 -1.103436
v -1.581709 4.294313 -1.115227
v -1.585086 4.294313 -1.126578
v -1.590613 4.294313 -1.137052
v -1.598077 4.294313 -1.146246
v -1.699280 4.360966 -1.014026
v -1.710136 4.360966 -1.018761
v -1.721706 4.360966 -1.021286
v -1.733546 4.360966 -1.021506
v -1.745202 4.360966 -1.019412
v -1.756225 4.360966 -1.015084
v -1.766193 4.360966 -1.008688
v -1.774721 4.360966 -1.000472
v -1.781482 4.360966 -0.990749
v -1.786216 4.360966 -0.979894
v -1.788742 4.360966 -0.968324
v -1.788962 4.360966 -0.956483
v -1.786867 4.360966 -0.944827
v -1.782539 4.360966 -0.933804
v -1.776144 4.360966 -0.923837
v -1.767927 4.360966 -0.915309
v -1.758204 4.360966 -0.908548
v -1.747349 4.360966 -0.903813
v -1.735779 4.360966 -0.901287
v -1.723939 4.360966 -0.901067
v -1.712283 4.360966 -0.903162
v -1.701259 4.360966 -0.907490
v -1.691292 4.360966 -0.913885
v -1.682764 4.360966 -0.922102
v -1.676003 4.360966 -0.931825
v -1.671269 4.360966 -0.942680
v -1.668743 4.360966 -0.954250
v -1.668523 4.360966 -0.966090
v -1.670617 4.360966 -0.977746
v -1.674945 4.360966 -0.988770
v -1.681341 4.360966 -0.998737
v -1.689558 4.360966 -1.007265
v -1.779183 4.427619 -0.866939
v -1.790400 4.427619 -0.870736
v -1.802143 4.427619 -0.872271
v -1.813959 4.427619 -0.871486
v -1.825396 4.427619 -0.868411
v -1.836012 4.427619 -0.863164
v -1.845401 4.427619 -0.855946
v -1.853202 4.427619 -0.847036
v -1.859114 4.427619 -0.836774
v -1.862911 4.427619 -0.825557
v -1.864446 4.427619 -0.813814
v -1.863661 4.427619 -0.801998
v -1.860586 4.427619 -0.790561
v -1.855339 4.427619 -0.779945
v -1.848121 4.427619 -0.770556
v -1.839211 4.427619 -0.762755
v -1.828949 4.427619 -0.756843
v -1.817732 4.427619 -0.753046
v -1.805989 4.427619 -0.751511
v -1.794173 4.427619 -0.752296
v -1.782736 4.427619 -0.755371
v -1.772120 4.427619 -0.760618
v -1.762731 4.427619 -0.767836
v -1.754930 4.427619 -0.776747
v -1.749018 4.427619 -0.787008
v -1.745221 4.427619 -0.798225
v -1.743686 4.427619 -0.809968
v -1.744471 4.427619 -0.821784
v -1.747546 4.427619 -0.833221
v -1.752793 4.427619 -0.843837
v -1.760011 4.427619 -0.853226
v -1.768922 4.427619 -0.861027
v -1.846324 4.494271 -0.713605
v -1.857823 4.494271 -0.716437
v -1.869653 4.494271 -0.716971
v -1.881361 4.494271 -0.715187
v -1.892495 4.494271 -0.711153
v -1.902628 4.494271 -0.705024
v -1.911371 4.494271 -0.697036
v -1.918388 4.494271 -0.687496
v -1.923409 4.494271 -0.676771
v -1.926240 4.494271 -0.665272
v -1.926775 4.494271 -0.653441
v -1.924990 4.494271 -0.641734
v -1.920956 4.494271 -0.630599
v -1.914828 4.494271 -0.620466
v -1.906840 4.494271 -0.611723
v -1.897300 4.494271 -0.604706
v -1.886574 4.494271 -0.599686
v -1.875075 4.494271 -0.596854
v -1.863245 4.494271 -0.596320
v -1.851537 4.494271 -0.598104
v -1.840403 4.494271 -0.602138
v -1.830269 4.494271 -0.608267
v -1.821526 4.494271 -0.616255
v -1.814510 4.494271 -0.625795
v -1.809489 4.494271 -0.636520
v -1.806657 4.494271 -0.648019
v -1.806123 4.494271 -0.659850
v -1.807908 4.494271 -0.671557
v -1.811942 4.494271 -0.682692
v -1.818070 4.494271 -0.692825
v -1.826058 4.494271 -0.701568
v -1.835598 4.494271 -0.708585
v -1.900219 4.560924 -0.555130
v -1.911917 4.560924 -0.556977
v -1.923750 4.560924 -0.556505
v -1.935264 4.560924 -0.553735
v -1.946016 4.560924 -0.548771
v -1.955593 4.560924 -0.541805
v -1.963627 4.560924 -0.533104
v -1.969810 4.560924 -0.523004
v -1.973902 4.560924 -0.511891
v -1.975749 4.560924 -0.500193
v -1.975278 4.560924 -0.488360
v -1.972507 4.560924 -0.476846
v -1.967543 4.560924 -0.466094
v -1.960577 4.560924 -0.456517
v -1.951877 4.560924 -0.448483
v -1.941776 4.560924 -0.442300
v -1.930663 4.560924 -0.438207
v -1.918965 4.560924 -0.436361
v -1.907132 4.560924 -0.436832
v -1.895618 4.560924 -0.439603
v -1.884866 4.560924 -0.444567
v -1.875289 4.560924 -0.451533
v -1.867255 4.560924 -0.460233
v -1.861073 4.560924 -0.470334
v -1.856980 4.560924 -0.481447
v -1.855133 4.560924 -0.493144
v -1.855605 4.560924 -0.504978
v -1.858375 4.560924 -0.516491
v -1.863339 4.560924 -0.527244
v -1.870305 4.560924 -0.536821
v -1.879005 4.560924 -0.544855
v -1.889106 4.560924 -0.551037
v -1.940480 4.627577 -0.392656
v -1.952292 4.627577 -0.393504
v -1.964043 4.627577 -0.392031
v -1.975280 4.627577 -0.388294
v -1.985573 4.627577 -0.382436
v -1.994525 4.627577 -0.374683
v -2.001792 4.627577 -0.365333
v -2.007095 4.627577 -0.354744
v -2.010231 4.627577 -0.343324
v -2.011079 4.627577 -0.331512
v -2.009606 4.627577 -0.319761
v -2.005869 4.627577 -0.308524
v -2.000011 4.627577 -0.298231
v -1.992258 4.627577 -0.289280
v -1.982908 4.627577 -0.282012
v -1.972319 4.627577 -0.276709
v -1.960899 4.627577 -0.273573
v -1.949087 4.627577 -0.272725
v -1.937336 4.627577 -0.274198
v -1.926099 4.627577 -0.277935
v -1.915806 4.627577 -0.283793
v -1.906855 4.627577 -0.291546
v -1.899587 4.627577 -0.300897
v -1.894284 4.627577 -0.311485
v -1.891148 4.627577 -0.322905
v -1.890300 4.627577 -0.334717
v -1.891773 4.627577 -0.346468
v -1.895510 4.627577 -0.357705
v -1.901368 4.627577 -0.367998
v -1.909121 4.627577 -0.376950
v -1.918472 4.627577 -0.384217
v -1.929060 4.627577 -0.389520
v -1.966818 4.694230 -0.227352
v -1.978660 4.694230 -0.227195
v -1.990243 4.694230 -0.224731
v -2.001123 4.694230 -0.220054
v -2.010881 4.694230 -0.213345
v -2.019143 4.694230 -0.204861
v -2.025591 4.694230 -0.194927
v -2.029978 4.694230 -0.183927
v -2.032134 4.694230 -0.172283
v -2.031977 4.694230 -0.160441
v -2.029513 4.694230 -0.148858
v -2.024836 4.694230 -0.137978
v -2.018126 4.694230 -0.128219
v -2.009642 4.694230 -0.119957
v -1.999709 4.694230 -0.113509
v -1.988709 4.694230 -0.109122
v -1.977064 4.694230 -0.106966
v -1.965223 4.694230 -0.107123
v -1.953639 4.694230 -0.109588
v -1.942759 4.694230 -0.114264
v -1.933001 4.694230 -0.120974
v -1.924739 4.694230 -0.129458
v -1.918291 4.694230 -0.139391
v -1.913904 4.694230 -0.150392
v -1.911748 4.694230 -0.162036
v -1.911905 4.694230 -0.173878
v -1.914369 4.694230 -0.185461
v -1.919046 4.694230 -0.196341
v -1.925756 4.694230 -0.206100
v -1.934240 4.694230 -0.214362
v -1.944173 4.694230 -0.220810
v -1.955173 4.694230 -0.225196
v -1.979042 4.760882 -0.060410
v -1.990827 4.760882 -0.059250
v -2.002160 4.760882 -0.055812
v -2.012604 4.760882 -0.050229
v -2.021759 4.760882 -0.042716
v -2.029271 4.760882 -0.033562
v -2.034854 4.760882 -0.023118
v -2.038292 4.760882 -0.011785
v -2.039453 4.760882 0.000000
v -2.038292 4.760882 0.011786
v -2.034854 4.760882 0.023118
v -2.029271 4.760882 0.033563
v -2.021759 4.760882 0.042717
v -2.012604 4.760882 0.050230
v -2.002160 4.760882 0.055812
v -1.990827 4.760882 0.059250
v -1.979042 4.760882 0.060411
v -1.967256 4.760882 0.059250
v -1.955924 4.760882 0.055812
v -1.945480 4.760882 0.050230
v -1.936325 4.760882 0.042717
v -1.928812 4.760882 0.033563
v -1.923230 4.760882 0.023118
v -1.919792 4.760882 0.011786
v -1.918631 4.760882 0.000000
v -1.919792 4.760882 -0.011785
v -1.923230 4.760882 -0.023118
v -1.928812 4.760882 -0.033562
v -1.936325 4.760882 -0.042716
v -1.945480 4.760882 -0.050229
v -1.955924 4.760882 -0.055812
v -1.967256 4.760882 -0.059250
v -1.977064 4.827535 0.106967
v -1.988709 4.827535 0.109123
v -1.999709 4.827535 0.113509
v -2.009642 4.827535 0.119958
v -2.018126 4.827535 0.128220
v -2.024836 4.827535 0.137978
v -2.029512 4.827535 0.148858
v -2.031977 4.827535 0.160442
v -2.032134 4.827535 0.172283
v -2.029978 4.827535 0.183928
v -2.025591 4.827535 0.194928
v -2.019143 4.827535 0.204861
v -2.010881 4.827535 0.213345
v -2.001123 4.827535 0.220055
v -1.990243 4.827535 0.224732
v -1.978659 4.827535 0.227196
v -1.966818 4.827535 0.227353
v -1.955173 4.827535 0.225197
v -1.944173 4.827535 0.220810
v -1.934240 4.827535 0.214362
v -1.925755 4.827535 0.206100
v -1.919046 4.827535 0.196342
v -1.914369 4.827535 0.185462
v -1.911905 4.827535 0.173878
v -1.911748 4.827535 0.162037
v -1.913904 4.827535 0.150392
v -1.918290 4.827535 0.139392
v -1.924739 4.827535 0.129459
v -1.933001 4.827535 0.120974
v -1.942759 4.827535 0.114265
v -1.953639 4.827535 0.109588
v -1.965223 4.827535 0.107124
v -1.960899 4.894187 0.273574
v -1.972319 4.894187 0.276709
v -1.982908 4.894187 0.282013
v -1.992258 4.894187 0.289280
v -2.000011 4.894187 0.298232
v -2.005869 4.894187 0.308525
v -2.009606 4.894187 0.319762
v -2.011079 4.894187 0.331513
v -2.010231 4.894187 0.343325
v -2.007095 4.894187 0.354745
v -2.001792 4.894187 0.365333
v -1.994525 4.894187 0.374684
v -1.985573 4.894187 0.382437
v -1.975280 4.894187 0.388294
v -1.964043 4.894187 0.392032
v -1.952292 4.894187 0.393505
v -1.940480 4.894187 0.392657
v -1.929060 4.894187 0.389521
v -1.918472 4.894187 0.384218
v -1.909121 4.894187 0.376950
v -1.901368 4.894187 0.367998
v -1.895510 4.894187 0.357706
v -1.891773 4.894187 0.346469
v -1.890300 4.894187 0.334718
v -1.891148 4.894187 0.322906
v -1.894284 4.894187 0.311486
v -1.899587 4.894187 0.300897
v -1.906855 4.894187 0.291547
v -1.915806 4.894187 0.283794
v -1.926099 4.894187 0.277936
v -1.937336 4.894187 0.274199
v -1.949087 4.894187 0.272726
v -1.930663 4.960840 0.438208
v -1.941776 4.960840 0.442301
v -1.951877 4.960840 0.448483
v -1.960577 4.960840 0.456518
v -1.967543 4.960840 0.466095
v -1.972507 4.960840 0.476847
v -1.975277 4.960840 0.488361
v -1.975749 4.960840 0.500194
v -1.973902 4.960840 0.511892
v -1.969809 4.960840 0.523004
v -1.963627 4.960840 0.533105
v -1.955593 4.960840 0.541806
v -1.946016 4.960840 0.548772
v -1.935264 4.960840 0.553735
v -1.923750 4.960840 0.556506
v -1.911916 4.960840 0.556977
v -1.900219 4.960840 0.555131
v -1.889106 4.960840 0.551038
v -1.879005 4.960840 0.544855
v -1.870305 4.960840 0.536821
v -1.863339 4.960840 0.527244
v -1.858375 4.960840 0.516492
v -1.855604 4.960840 0.504978
v -1.855133 4.960840 0.493145
v -1.856979 4.960840 0.481447
v -1.861072 4.960840 0.470335
v -1.867255 4.960840 0.460234
v -1.875289 4.960840 0.451533
v -1.884866 4.960840 0.444567
v -1.895618 4.960840 0.439604
v -1.907132 4.960840 0.436833
v -1.918965 4.960840 0.436362
v -1.886574 5.027492 0.599686
v -1.897299 5.027492 0.604707
v -1.906839 5.027492 0.611724
v -1.914827 5.027492 0.620467
v -1.920956 5.027492 0.630600
v -1.924990 5.027492 0.641734
v -1.926774 5.027492 0.653442
v -1.926240 5.027492 0.665272
v -1.923408 5.027492 0.676771
v -1.918388 5.027492 0.687497
v -1.911371 5.027492 0.697037
v -1.902628 5.027492 0.705025
v -1.892495 5.027492 0.711153
v -1.881360 5.027492 0.715187
v -1.869653 5.027492 0.716972
v -1.857822 5.027492 0.716438
v -1.846323 5.027492 0.713606
v -1.835598 5.027492 0.708585
v -1.826058 5.027492 0.701568
v -1.818070 5.027492 0.692825
v -1.811941 5.027492 0.682692
v -1.807907 5.027492 0.671558
v -1.806123 5.027492 0.659850
v -1.806657 5.027492 0.648020
v -1.809489 5.027492 0.636521
v -1.814509 5.027492 0.625795
v -1.821526 5.027492 0.616255
v -1.830269 5.027492 0.608267
v -1.840402 5.027492 0.602139
v -1.851537 5.027492 0.598105
v -1.863244 5.027492 0.596321
v -1.875075 5.027492 0.596855
v -1.828949 5.094145 0.756844
v -1.839210 5.094145 0.762756
v -1.848121 5.094145 0.770556
v -1.855338 5.094145 0.779945
v -1.860586 5.094145 0.790562
v -1.863661 5.094145 0.801998
v -1.864446 5.094145 0.813815
v -1.862911 5.094145 0.825557
v -1.859114 5.094145 0.836775
v -1.853202 5.094145 0.847036
v -1.845401 5.094145 0.855947
v -1.836012 5.094145 0.863164
v -1.825396 5.094145 0.868411
v -1.813959 5.094145 0.871487
v -1.802143 5.094145 0.872271
v -1.790400 5.094145 0.870736
v -1.779182 5.094145 0.866939
v -1.768921 5.094145 0.861027
v -1.760011 5.094145 0.853227
v -1.752793 5.094145 0.843838
v -1.747546 5.094145 0.833221
v -1.744471 5.094145 0.821785
v -1.743686 5.094145 0.809968
v -1.745221 5.094145 0.798226
v -1.749018 5.094145 0.787008
v -1.754930 5.094145 0.776747
v -1.762731 5.094145 0.767837
v -1.772120 5.094145 0.760619
v -1.782736 5.094145 0.755372
v -1.794172 5.094145 0.752297
v -1.805989 5.094145 0.751512
v -1.817732 5.094145 0.753047
v -1.758204 5.160798 0.908548
v -1.767927 5.160798 0.915309
v -1.776144 5.160798 0.923837
v -1.782539 5.160798 0.933804
v -1.786867 5.160798 0.944828
v -1.788961 5.160798 0.956484
v -1.788741 5.160798 0.968324
v -1.786216 5.160798 0.979894
v -1.781481 5.160798 0.990749
v -1.774720 5.160798 1.000472
v -1.766192 5.160798 1.008689
v -1.756225 5.160798 1.015085
v -1.745201 5.160798 1.019412
v -1.733546 5.160798 1.021507
v -1.721705 5.160798 1.021287
v -1.710135 5.160798 1.018761
v -1.699280 5.160798 1.014027
v -1.689557 5.160798 1.007266
v -1.681340 5.160798 0.998738
v -1.674945 5.160798 0.988770
v -1.670617 5.160798 0.977747
v -1.668523 5.160798 0.966091
v -1.668743 5.160798 0.954250
v -1.671268 5.160798 0.942680
v -1.676003 5.160798 0.931825
v -1.682764 5.160798 0.922102
v -1.691292 5.160798 0.913886
v -1.701259 5.160798 0.907490
v -1.712282 5.160798 0.903162
v -1.723938 5.160798 0.901068
v -1.735779 5.160798 0.901288
v -1.747349 5.160798 0.903814
v -1.674848 5.227451 1.053706
v -1.683963 5.227451 1.061268
v -1.691427 5.227451 1.070462
v -1.696954 5.227451 1.080935
v -1.700332 5.227451 1.092286
v -1.701430 5.227451 1.104078
v -1.700206 5.227451 1.115857
v -1.696709 5.227451 1.127171
v -1.691071 5.227451 1.137585
v -1.683509 5.227451 1.146700
v -1.674315 5.227451 1.154164
v -1.663842 5.227451 1.159691
v -1.652491 5.227451 1.163069
v -1.640699 5.227451 1.164167
v -1.628920 5.227451 1.162943
v -1.617606 5.227451 1.159446
v -1.607192 5.227451 1.153808
v -1.598077 5.227451 1.146246
v -1.590613 5.227451 1.137052
v -1.585086 5.227451 1.126579
v -1.581708 5.227451 1.115228
v -1.580610 5.227451 1.103436
v -1.581833 5.227451 1.091657
v -1.585331 5.227451 1.080343
v -1.590969 5.227451 1.069929
v -1.598531 5.227451 1.060814
v -1.607725 5.227451 1.053350
v -1.618198 5.227451 1.047823
v -1.629549 5.227451 1.044445
v -1.641340 5.227451 1.043347
v -1.653120 5.227451 1.044570
v -1.664434 5.227451 1.048068
v -1.579483 5.294103 1.191272
v -1.587924 5.294103 1.199579
v -1.594581 5.294103 1.209373
v -1.599200 5.294103 1.220277
v -1.601603 5.294103 1.231874
v -1.601697 5.294103 1.243716
v -1.599479 5.294103 1.255349
v -1.595034 5.294103 1.266326
v -1.588534 5.294103 1.276225
v -1.580227 5.294103 1.284665
v -1.570433 5.294103 1.291322
v -1.559528 5.294103 1.295941
v -1.547932 5.294103 1.298344
v -1.536090 5.294103 1.298438
v -1.524457 5.294103 1.296221
v -1.513480 5.294103 1.291776
v -1.503581 5.294103 1.285275
v -1.495141 5.294103 1.276968
v -1.488483 5.294103 1.267174
v -1.483864 5.294103 1.256269
v -1.481461 5.294103 1.244673
v -1.481367 5.294103 1.232831
v -1.483585 5.294103 1.221198
v -1.488030 5.294103 1.210221
v -1.494530 5.294103 1.200322
v -1.502837 5.294103 1.191882
v -1.512632 5.294103 1.185224
v -1.523536 5.294103 1.180605
v -1.535132 5.294103 1.178203
v -1.546975 5.294103 1.178108
v -1.558608 5.294103 1.180326
v -1.569584 5.294103 1.184771
v -1.472795 5.360755 1.320255
v -1.480500 5.360755 1.329248
v -1.486303 5.360755 1.339571
v -1.489981 5.360755 1.350828
v -1.491391 5.360755 1.362586
v -1.490481 5.360755 1.374394
v -1.487285 5.360755 1.385797
v -1.481925 5.360755 1.396357
v -1.474608 5.360755 1.405669
v -1.465615 5.360755 1.413375
v -1.455292 5.360755 1.419178
v -1.444035 5.360755 1.422855
v -1.432276 5.360755 1.424266
v -1.420469 5.360755 1.423355
v -1.409066 5.360755 1.420159
v -1.398506 5.360755 1.414799
v -1.389194 5.360755 1.407483
v -1.381488 5.360755 1.398489
v -1.375686 5.360755 1.388166
v -1.372008 5.360755 1.376909
v -1.370597 5.360755 1.365151
v -1.371508 5.360755 1.353343
v -1.374704 5.360755 1.341940
v -1.380064 5.360755 1.331380
v -1.387380 5.360755 1.322068
v -1.396373 5.360755 1.314363
v -1.406697 5.360755 1.308560
v -1.417954 5.360755 1.304882
v -1.429712 5.360755 1.303472
v -1.441520 5.360755 1.304382
v -1.452923 5.360755 1.307578
v -1.463483 5.360755 1.312938
v -1.355552 5.427409 1.439725
v -1.362467 5.427409 1.449340
v -1.367374 5.427409 1.460118
v -1.370083 5.427409 1.471646
v -1.370492 5.427409 1.483482
v -1.368583 5.427409 1.495169
v -1.364431 5.427409 1.506260
v -1.358196 5.427409 1.516328
v -1.350115 5.427409 1.524986
v -1.340502 5.427409 1.531901
v -1.329723 5.427409 1.536807
v -1.318195 5.427409 1.539517
v -1.306359 5.427409 1.539925
v -1.294671 5.427409 1.538017
v -1.283581 5.427409 1.533865
v -1.273513 5.427409 1.527629
v -1.264855 5.427409 1.519549
v -1.257940 5.427409 1.509935
v -1.253033 5.427409 1.499157
v -1.250324 5.427409 1.487628
v -1.249915 5.427409 1.475793
v -1.251824 5.427409 1.464105
v -1.255976 5.427409 1.453014
v -1.262212 5.427409 1.442946
v -1.270292 5.427409 1.434289
v -1.279906 5.427409 1.427373
v -1.290684 5.427409 1.422467
v -1.302213 5.427409 1.419757
v -1.314048 5.427409 1.419349
v -1.325736 5.427409 1.421257
v -1.336827 5.427409 1.425409
v -1.346894 5.427409 1.431645
v -1.228600 5.494061 1.548823
v -1.234675 5.494061 1.558989
v -1.238650 5.494061 1.570144
v -1.240372 5.494061 1.581861
v -1.239775 5.494061 1.593688
v -1.236882 5.494061 1.605172
v -1.231805 5.494061 1.615871
v -1.224737 5.494061 1.625374
v -1.215952 5.494061 1.633315
v -1.205786 5.494061 1.639390
v -1.194631 5.494061 1.643365
v -1.182914 5.494061 1.645087
v -1.171087 5.494061 1.644490
v -1.159603 5.494061 1.641597
v -1.148904 5.494061 1.636520
v -1.139401 5.494061 1.629452
v -1.131460 5.494061 1.620667
v -1.125385 5.494061 1.610501
v -1.121410 5.494061 1.599346
v -1.119688 5.494061 1.587629
v -1.120285 5.494061 1.575801
v -1.123178 5.494061 1.564318
v -1.128255 5.494061 1.553619
v -1.135322 5.494061 1.544116
v -1.144108 5.494061 1.536175
v -1.154274 5.494061 1.530100
v -1.165429 5.494061 1.526125
v -1.177146 5.494061 1.524403
v -1.188973 5.494061 1.525000
v -1.200457 5.494061 1.527893
v -1.211156 5.494061 1.532970
v -1.220659 5.494061 1.540037
v -1.092853 5.560714 1.646761
v -1.098044 5.560714 1.657405
v -1.101058 5.560714 1.668858
v -1.101781 5.560714 1.680678
v -1.100183 5.560714 1.692412
v -1.096327 5.560714 1.703609
v -1.090360 5.560714 1.713839
v -1.082512 5.560714 1.722708
v -1.073085 5.560714 1.729876
v -1.062441 5.560714 1.735067
v -1.050989 5.560714 1.738081
v -1.039168 5.560714 1.738803
v -1.027434 5.560714 1.737206
v -1.016237 5.560714 1.733350
v -1.006007 5.560714 1.727383
v -0.997138 5.560714 1.719535
v -0.989970 5.560714 1.710108
v -0.984779 5.560714 1.699464
v -0.981765 5.560714 1.688011
v -0.981043 5.560714 1.676191
v -0.982640 5.560714 1.664456
v -0.986497 5.560714 1.653260
v -0.992463 5.560714 1.643030
v -1.000311 5.560714 1.634161
v -1.009738 5.560714 1.626993
v -1.020382 5.560714 1.621802
v -1.031835 5.560714 1.618788
v -1.043655 5.560714 1.618065
v -1.055390 5.560714 1.619663
v -1.066587 5.560714 1.623519
v -1.076816 5.560714 1.629486
v -1.085685 5.560714 1.637334
v -0.949290 5.627367 1.732833
v -0.953560 5.627367 1.743879
v -0.955592 5.627367 1.755546
v -0.955309 5.627367 1.767386
v -0.952722 5.627367 1.778942
v -0.947930 5.627367 1.789772
v -0.941118 5.627367 1.799459
v -0.932546 5.627367 1.807630
v -0.922545 5.627367 1.813973
v -0.911499 5.627367 1.818242
v -0.899832 5.627367 1.820274
v -0.887993 5.627367 1.819992
v -0.876437 5.627367 1.817405
v -0.865607 5.627367 1.812613
v -0.855920 5.627367 1.805800
v -0.847748 5.627367 1.797228
v -0.841406 5.627367 1.787227
v -0.837136 5.627367 1.776181
v -0.835104 5.627367 1.764514
v -0.835387 5.627367 1.752675
v -0.837974 5.627367 1.741119
v -0.842766 5.627367 1.730289
v -0.849578 5.627367 1.720602
v -0.858150 5.627367 1.712431
v -0.868151 5.627367 1.706088
v -0.879197 5.627367 1.701819
v -0.890864 5.627367 1.699786
v -0.902703 5.627367 1.700069
v -0.914260 5.627367 1.702656
v -0.925089 5.627367 1.707448
v -0.934776 5.627367 1.714261
v -0.942948 5.627367 1.722832
v -0.798944 5.694019 1.806421
v -0.802262 5.694019 1.817790
v -0.803297 5.694019 1.829587
v -0.802011 5.694019 1.841359
v -0.798454 5.694019 1.852655
v -0.792761 5.694019 1.863039
v -0.785151 5.694019 1.872113
v -0.775917 5.694019 1.879529
v -0.765415 5.694019 1.885000
v -0.754046 5.694019 1.888317
v -0.742249 5.694019 1.889353
v -0.730476 5.694019 1.888067
v -0.719181 5.694019 1.884509
v -0.708797 5.694019 1.878816
v -0.699722 5.694019 1.871207
v -0.692307 5.694019 1.861973
v -0.686836 5.694019 1.851470
v -0.683518 5.694019 1.840102
v -0.682483 5.694019 1.828304
v -0.683769 5.694019 1.816532
v -0.687326 5.694019 1.805236
v -0.693020 5.694019 1.794852
v -0.700629 5.694019 1.785778
v -0.709863 5.694019 1.778363
v -0.720366 5.694019 1.772891
v -0.731734 5.694019 1.769574
v -0.743531 5.694019 1.768539
v -0.755304 5.694019 1.769824
v -0.766599 5.694019 1.773382
v -0.776984 5.694019 1.779075
v -0.786058 5.694019 1.786685
v -0.793473 5.694019 1.795918
v -0.642900 5.760672 1.866994
v -0.645241 5.760672 1.878603
v -0.645272 5.760672 1.890445
v -0.642992 5.760672 1.902066
v -0.638490 5.760672 1.913020
v -0.631936 5.760672 1.922884
v -0.623585 5.760672 1.931280
v -0.613756 5.760672 1.937885
v -0.602826 5.760672 1.942446
v -0.591218 5.760672 1.944787
v -0.579375 5.760672 1.944819
v -0.567754 5.760672 1.942539
v -0.556801 5.760672 1.938036
v -0.546937 5.760672 1.931483
v -0.538541 5.760672 1.923131
v -0.531935 5.760672 1.913302
v -0.527374 5.760672 1.902373
v -0.525033 5.760672 1.890764
v -0.525002 5.760672 1.878922
v -0.527281 5.760672 1.867301
v -0.531784 5.760672 1.856347
v -0.538337 5.760672 1.846483
v -0.546689 5.760672 1.838087
v -0.556518 5.760672 1.831482
v -0.567447 5.760672 1.826921
v -0.579056 5.760672 1.824580
v -0.590899 5.760672 1.824548
v -0.602520 5.760672 1.826828
v -0.613473 5.760672 1.831331
v -0.623337 5.760672 1.837884
v -0.631733 5.760672 1.846236
v -0.638339 5.760672 1.856065
v -0.482280 5.827324 1.914115
v -0.483628 5.827324 1.925880
v -0.482655 5.827324 1.937683
v -0.479398 5.827324 1.949069
v -0.473983 5.827324 1.959601
v -0.466616 5.827324 1.968874
v -0.457583 5.827324 1.976531
v -0.447229 5.827324 1.982279
v -0.435952 5.827324 1.985897
v -0.424187 5.827324 1.987245
v -0.412384 5.827324 1.986272
v -0.400998 5.827324 1.983015
v -0.390467 5.827324 1.977600
v -0.381194 5.827324 1.970234
v -0.373536 5.827324 1.961200
v -0.367788 5.827324 1.950846
v -0.364170 5.827324 1.939569
v -0.362822 5.827324 1.927804
v -0.363795 5.827324 1.916001
v -0.367052 5.827324 1.904615
v -0.372468 5.827324 1.894083
v -0.379834 5.827324 1.884811
v -0.388867 5.827324 1.877153
v -0.399221 5.827324 1.871405
v -0.410498 5.827324 1.867787
v -0.422263 5.827324 1.866439
v -0.434066 5.827324 1.867412
v -0.445452 5.827324 1.870669
v -0.455983 5.827324 1.876085
v -0.465256 5.827324 1.883451
v -0.472914 5.827324 1.892484
v -0.478662 5.827324 1.902838
v -0.318243 5.893978 1.947444
v -0.318588 5.893978 1.959282
v -0.316618 5.893978 1.970959
v -0.312407 5.893978 1.982028
v -0.306118 5.893978 1.992063
v -0.297992 5.893978 2.000677
v -0.288341 5.893978 2.007541
v -0.277537 5.893978 2.012391
v -0.265994 5.893978 2.015039
v -0.254157 5.893978 2.015385
v -0.242479 5.893978 2.013414
v -0.231411 5.893978 2.009203
v -0.221376 5.893978 2.002914
v -0.212761 5.893978 1.994788
v -0.205898 5.893978 1.985137
v -0.201048 5.893978 1.974333
v -0.198400 5.893978 1.962791
v -0.198054 5.893978 1.950953
v -0.200025 5.893978 1.939276
v -0.204235 5.893978 1.928207
v -0.210525 5.893978 1.918172
v -0.218651 5.893978 1.909558
v -0.228301 5.893978 1.902694
v -0.239105 5.893978 1.897845
v -0.250648 5.893978 1.895196
v -0.262486 5.893978 1.894850
v -0.274163 5.893978 1.896821
v -0.285232 5.893978 1.901032
v -0.295266 5.893978 1.907321
v -0.303881 5.893978 1.915447
v -0.310745 5.893978 1.925098
v -0.315594 5.893978 1.935902
v -0.151971 5.960630 1.966743
v -0.151311 5.960630 1.978567
v -0.148358 5.960630 1.990035
v -0.143223 5.960630 2.000707
v -0.136106 5.960630 2.010172
v -0.127278 5.960630 2.018066
v -0.117081 5.960630 2.024087
v -0.105904 5.960630 2.028003
v -0.094178 5.960630 2.029663
v -0.082354 5.960630 2.029003
v -0.070886 5.960630 2.026049
v -0.060214 5.960630 2.020915
v -0.050749 5.960630 2.013798
v -0.042855 5.960630 2.004970
v -0.036834 5.960630 1.994772
v -0.032918 5.960630 1.983596
v -0.031258 5.960630 1.971870
v -0.031918 5.960630 1.960046
v -0.034872 5.960630 1.948578
v -0.040006 5.960630 1.937906
v -0.047123 5.960630 1.928441
v -0.055951 5.960630 1.920546
v -0.066148 5.960630 1.914526
v -0.077325 5.960630 1.910610
v -0.089051 5.960630 1.908950
v -0.100875 5.960630 1.909610
v -0.112343 5.960630 1.912563
v -0.123015 5.960630 1.917698
v -0.132480 5.960630 1.924815
v -0.140374 5.960630 1.933642
v -0.146395 5.960630 1.943840
v -0.150311 5.960630 1.955017
v 0.015340 6.027282 1.971870
v 0.017000 6.027282 1.983596
v 0.020915 6.027282 1.994772
v 0.026936 6.027282 2.004970
v 0.034831 6.027282 2.013798
v 0.044296 6.027282 2.020915
v 0.054967 6.027282 2.026049
v 0.066436 6.027282 2.029003
v 0.078260 6.027282 2.029663
v 0.089985 6.027282 2.028003
v 0.101162 6.027282 2.024087
v 0.111360 6.027282 2.018066
v 0.120187 6.027282 2.010172
v 0.127305 6.027282 2.000707
v 0.132439 6.027282 1.990035
v 0.135393 6.027282 1.978567
v 0.136052 6.027282 1.966743
v 0.134392 6.027282 1.955017
v 0.130477 6.027282 1.943840
v 0.124456 6.027282 1.933642
v 0.116561 6.027282 1.924815
v 0.107096 6.027282 1.917698
v 0.096424 6.027282 1.912563
v 0.084956 6.027282 1.909610
v 0.073132 6.027282 1.908950
v 0.061406 6.027282 1.910610
v 0.050230 6.027282 1.914526
v 0.040032 6.027282 1.920546
v 0.031205 6.027282 1.928441
v 0.024087 6.027282 1.937906
v 0.018953 6.027282 1.948578
v 0.015999 6.027282 1.960046
v 0.182482 6.093935 1.962791
v 0.185131 6.093935 1.974333
v 0.189980 6.093935 1.985137
v 0.196844 6.093935 1.994788
v 0.205459 6.093935 2.002914
v 0.215493 6.093935 2.009203
v 0.226562 6.093935 2.013414
v 0.238239 6.093935 2.015384
v 0.250077 6.093935 2.015039
v 0.261619 6.093935 2.012390
v 0.272424 6.093935 2.007541
v 0.282074 6.093935 2.000677
v 0.290200 6.093935 1.992062
v 0.296489 6.093935 1.982028
v 0.300700 6.093935 1.970959
v 0.302670 6.093935 1.959282
v 0.302325 6.093935 1.947444
v 0.299677 6.093935 1.935901
v 0.294827 6.093935 1.925097
v 0.287963 6.093935 1.915447
v 0.279349 6.093935 1.907321
v 0.269314 6.093935 1.901031
v 0.258245 6.093935 1.896821
v 0.246568 6.093935 1.894850
v 0.234730 6.093935 1.895196
v 0.223188 6.093935 1.897844
v 0.212383 6.093935 1.902694
v 0.202733 6.093935 1.909558
v 0.194607 6.093935 1.918172
v 0.188318 6.093935 1.928207
v 0.184107 6.093935 1.939276
v 0.182137 6.093935 1.950953
v 0.348253 6.160588 1.939569
v 0.351870 6.160588 1.950846
v 0.357618 6.160588 1.961199
v 0.365276 6.160588 1.970233
v 0.374549 6.160588 1.977599
v 0.385081 6.160588 1.983015
v 0.396467 6.160588 1.986272
v 0.408269 6.160588 1.987245
v 0.420035 6.160588 1.985896
v 0.431311 6.160588 1.982279
v 0.441665 6.160588 1.976531
v 0.450699 6.160588 1.968873
v 0.458065 6.160588 1.959600
v 0.463481 6.160588 1.949068
v 0.466737 6.160588 1.937683
v 0.467710 6.160588 1.925880
v 0.466362 6.160588 1.914114
v 0.462744 6.160588 1.902838
v 0.456996 6.160588 1.892484
v 0.449339 6.160588 1.883450
v 0.440066 6.160588 1.876084
v 0.429534 6.160588 1.870669
v 0.418148 6.160588 1.867412
v 0.406346 6.160588 1.866439
v 0.394580 6.160588 1.867787
v 0.383304 6.160588 1.871405
v 0.372950 6.160588 1.877153
v 0.363916 6.160588 1.884810
v 0.356550 6.160588 1.894083
v 0.351134 6.160588 1.904615
v 0.347877 6.160588 1.916001
v 0.346904 6.160588 1.927803
v 0.511456 6.227240 1.902373
v 0.516017 6.227240 1.913302
v 0.522622 6.227240 1.923131
v 0.531018 6.227240 1.931483
v 0.540882 6.227240 1.938036
v 0.551835 6.227240 1.942539
v 0.563456 6.227240 1.944819
v 0.575299 6.227240 1.944787
v 0.586908 6.227240 1.942446
v 0.597837 6.227240 1.937885
v 0.607666 6.227240 1.931280
v 0.616018 6.227240 1.922884
v 0.622571 6.227240 1.913019
v 0.627074 6.227240 1.902066
v 0.629353 6.227240 1.890445
v 0.629322 6.227240 1.878603
v 0.626981 6.227240 1.866994
v 0.622420 6.227240 1.856065
v 0.615814 6.227240 1.846236
v 0.607418 6.227240 1.837884
v 0.597554 6.227240 1.831331
v 0.586601 6.227240 1.826828
v 0.574980 6.227240 1.824548
v 0.563137 6.227240 1.824579
v 0.551529 6.227240 1.826921
v 0.540600 6.227240 1.831482
v 0.530770 6.227240 1.838087
v 0.522419 6.227240 1.846483
v 0.515865 6.227240 1.856347
v 0.511362 6.227240 1.867301
v 0.509083 6.227240 1.878922
v 0.509114 6.227240 1.890764
v 0.670918 6.293893 1.851470
v 0.676389 6.293893 1.861973
v 0.683805 6.293893 1.871206
v 0.692879 6.293893 1.878816
v 0.703263 6.293893 1.884509
v 0.714559 6.293893 1.888067
v 0.726331 6.293893 1.889352
v 0.738128 6.293893 1.888317
v 0.749497 6.293893 1.885000
v 0.760000 6.293893 1.879528
v 0.769233 6.293893 1.872113
v 0.776843 6.293893 1.863039
v 0.782536 6.293893 1.852654
v 0.786094 6.293893 1.841359
v 0.787380 6.293893 1.829586
v 0.786344 6.293893 1.817789
v 0.783027 6.293893 1.806421
v 0.777555 6.293893 1.795918
v 0.770140 6.293893 1.786684
v 0.761066 6.293893 1.779075
v 0.750681 6.293893 1.773382
v 0.739386 6.293893 1.769824
v 0.727613 6.293893 1.768538
v 0.715816 6.293893 1.769574
v 0.704448 6.293893 1.772891
v 0.693945 6.293893 1.778362
v 0.684711 6.293893 1.785777
v 0.677102 6.293893 1.794852
v 0.671409 6.293893 1.805236
v 0.667851 6.293893 1.816532
v 0.666565 6.293893 1.828304
v 0.667601 6.293893 1.840101
v 0.825487 6.360546 1.787227
v 0.831830 6.360546 1.797228
v 0.840001 6.360546 1.805800
v 0.849688 6.360546 1.812613
v 0.860518 6.360546 1.817404
v 0.872074 6.360546 1.819991
v 0.883914 6.360546 1.820274
v 0.895580 6.360546 1.818242
v 0.906627 6.360546 1.813973
v 0.916628 6.360546 1.807630
v 0.925199 6.360546 1.799458
v 0.932012 6.360546 1.789772
v 0.936804 6.360546 1.778942
v 0.939391 6.360546 1.767385
v 0.939673 6.360546 1.755546
v 0.937641 6.360546 1.743879
v 0.933372 6.360546 1.732833
v 0.927029 6.360546 1.722832
v 0.918858 6.360546 1.714261
v 0.909171 6.360546 1.707448
v 0.898341 6.360546 1.702656
v 0.886785 6.360546 1.700069
v 0.874945 6.360546 1.699786
v 0.863278 6.360546 1.701819
v 0.852232 6.360546 1.706088
v 0.842231 6.360546 1.712430
v 0.833660 6.360546 1.720602
v 0.826847 6.360546 1.730289
v 0.822055 6.360546 1.741119
v 0.819468 6.360546 1.752675
v 0.819185 6.360546 1.764514
v 0.821218 6.360546 1.776181
v 0.974052 6.427198 1.710108
v 0.981219 6.427198 1.719535
v 0.990088 6.427198 1.727383
v 1.000318 6.427198 1.733349
v 1.011515 6.427198 1.737206
v 1.023249 6.427198 1.738803
v 1.035070 6.427198 1.738081
v 1.046522 6.427198 1.735067
v 1.057167 6.427198 1.729876
v 1.066594 6.427198 1.722708
v 1.074441 6.427198 1.713839
v 1.080408 6.427198 1.703609
v 1.084264 6.427198 1.692412
v 1.085862 6.427198 1.680678
v 1.085140 6.427198 1.668857
v 1.082125 6.427198 1.657405
v 1.076934 6.427198 1.646760
v 1.069767 6.427198 1.637333
v 1.060898 6.427198 1.629486
v 1.050668 6.427198 1.623519
v 1.039471 6.427198 1.619663
v 1.027737 6.427198 1.618065
v 1.015916 6.427198 1.618788
v 1.004464 6.427198 1.621802
v 0.993819 6.427198 1.626993
v 0.984392 6.427198 1.634160
v 0.976544 6.427198 1.643030
v 0.970578 6.427198 1.653259
v 0.966722 6.427198 1.664456
v 0.965124 6.427198 1.676191
v 0.965846 6.427198 1.688011
v 0.968861 6.427198 1.699463
v 1.115542 6.493851 1.620666
v 1.123483 6.493851 1.629452
v 1.132986 6.493851 1.636519
v 1.143685 6.493851 1.641596
v 1.155169 6.493851 1.644489
v 1.166996 6.493851 1.645086
v 1.178713 6.493851 1.643364
v 1.189868 6.493851 1.639389
v 1.200034 6.493851 1.633314
v 1.208820 6.493851 1.625373
v 1.215887 6.493851 1.615870
v 1.220964 6.493851 1.605171
v 1.223857 6.493851 1.593687
v 1.224454 6.493851 1.581860
v 1.222732 6.493851 1.570143
v 1.218757 6.493851 1.558988
v 1.212682 6.493851 1.548822
v 1.204741 6.493851 1.540037
v 1.195238 6.493851 1.532970
v 1.184539 6.493851 1.527892
v 1.173055 6.493851 1.524999
v 1.161228 6.493851 1.524402
v 1.149511 6.493851 1.526124
v 1.138356 6.493851 1.530099
v 1.128190 6.493851 1.536174
v 1.119404 6.493851 1.544115
v 1.112337 6.493851 1.553618
v 1.107260 6.493851 1.564317
v 1.104367 6.493851 1.575801
v 1.103770 6.493851 1.587628
v 1.105492 6.493851 1.599345
v 1.109467 6.493851 1.610500
v 1.248936 6.560503 1.519549
v 1.257594 6.560503 1.527629
v 1.267662 6.560503 1.533865
v 1.278753 6.560503 1.538017
v 1.290440 6.560503 1.539925
v 1.302276 6.560503 1.539517
v 1.313804 6.560503 1.536807
v 1.324582 6.560503 1.531901
v 1.334196 6.560503 1.524986
v 1.342277 6.560503 1.516328
v 1.348513 6.560503 1.506260
v 1.352664 6.560503 1.495169
v 1.354573 6.560503 1.483481
v 1.354164 6.560503 1.471646
v 1.351455 6.560503 1.460117
v 1.346548 6.560503 1.449339
v 1.339633 6.560503 1.439725
v 1.330975 6.560503 1.431645
v 1.320908 6.560503 1.425409
v 1.309817 6.560503 1.421257
v 1.298129 6.560503 1.419349
v 1.286294 6.560503 1.419757
v 1.274765 6.560503 1.422467
v 1.263987 6.560503 1.427373
v 1.254373 6.560503 1.434288
v 1.246293 6.560503 1.442946
v 1.240057 6.560503 1.453014
v 1.235905 6.560503 1.464105
v 1.233996 6.560503 1.475793
v 1.234405 6.560503 1.487628
v 1.237115 6.560503 1.499156
v 1.242021 6.560503 1.509935
v 1.373276 6.627157 1.407481
v 1.382588 6.627157 1.414798
v 1.393148 6.627157 1.420158
v 1.404551 6.627157 1.423354
v 1.416358 6.627157 1.424265
v 1.428117 6.627157 1.422854
v 1.439374 6.627157 1.419176
v 1.449697 6.627157 1.413374
v 1.458690 6.627157 1.405668
v 1.466007 6.627157 1.396356
v 1.471366 6.627157 1.385796
v 1.474563 6.627157 1.374393
v 1.475473 6.627157 1.362585
v 1.474062 6.627157 1.350827
v 1.470385 6.627157 1.339570
v 1.464582 6.627157 1.329247
v 1.456877 6.627157 1.320254
v 1.447565 6.627157 1.312937
v 1.437004 6.627157 1.307577
v 1.425601 6.627157 1.304381
v 1.413794 6.627157 1.303471
v 1.402036 6.627157 1.304881
v 1.390779 6.627157 1.308559
v 1.380455 6.627157 1.314362
v 1.371462 6.627157 1.322067
v 1.364145 6.627157 1.331379
v 1.358786 6.627157 1.341939
v 1.355589 6.627157 1.353342
v 1.354679 6.627157 1.365150
v 1.356090 6.627157 1.376908
v 1.359767 6.627157 1.388165
v 1.365570 6.627157 1.398489
v 1.487662 6.693809 1.285275
v 1.497561 6.693809 1.291775
v 1.508538 6.693809 1.296220
v 1.520171 6.693809 1.298438
v 1.532013 6.693809 1.298344
v 1.543609 6.693809 1.295941
v 1.554514 6.693809 1.291322
v 1.564308 6.693809 1.284665
v 1.572615 6.693809 1.276224
v 1.579116 6.693809 1.266325
v 1.583560 6.693809 1.255349
v 1.585778 6.693809 1.243716
v 1.585684 6.693809 1.231873
v 1.583281 6.693809 1.220277
v 1.578662 6.693809 1.209373
v 1.572005 6.693809 1.199579
v 1.563564 6.693809 1.191271
v 1.553666 6.693809 1.184771
v 1.542689 6.693809 1.180326
v 1.531056 6.693809 1.178108
v 1.519214 6.693809 1.178202
v 1.507617 6.693809 1.180605
v 1.496713 6.693809 1.185224
v 1.486919 6.693809 1.191881
v 1.478612 6.693809 1.200322
v 1.472111 6.693809 1.210221
v 1.467666 6.693809 1.221197
v 1.465448 6.693809 1.232831
v 1.465543 6.693809 1.244673
v 1.467945 6.693809 1.256269
v 1.472564 6.693809 1.267174
v 1.479222 6.693809 1.276968
v 1.591273 6.760461 1.153808
v 1.601687 6.760461 1.159445
v 1.613001 6.760461 1.162943
v 1.624780 6.760461 1.164167
v 1.636572 6.760461 1.163068
v 1.647923 6.760461 1.159691
v 1.658396 6.760461 1.154164
v 1.667590 6.760461 1.146700
v 1.675152 6.760461 1.137585
v 1.680790 6.760461 1.127171
v 1.684287 6.760461 1.115857
v 1.685511 6.760461 1.104077
v 1.684413 6.760461 1.092286
v 1.681035 6.760461 1.080935
v 1.675508 6.760461 1.070462
v 1.668044 6.760461 1.061267
v 1.658929 6.760461 1.053706
v 1.648515 6.760461 1.048068
v 1.637201 6.760461 1.044570
v 1.625421 6.760461 1.043347
v 1.613630 6.760461 1.044445
v 1.602279 6.760461 1.047823
v 1.591806 6.760461 1.053350
v 1.582611 6.760461 1.060814
v 1.575050 6.760461 1.069928
v 1.569412 6.760461 1.080343
v 1.565914 6.760461 1.091657
v 1.564691 6.760461 1.103436
v 1.565789 6.760461 1.115228
v 1.569167 6.760461 1.126578
v 1.574694 6.760461 1.137052
v 1.582158 6.760461 1.146246
v 1.683362 6.827115 1.014026
v 1.694216 6.827115 1.018760
v 1.705787 6.827115 1.021286
v 1.717627 6.827115 1.021506
v 1.729283 6.827115 1.019411
v 1.740306 6.827115 1.015083
v 1.750274 6.827115 1.008688
v 1.758802 6.827115 1.000471
v 1.765563 6.827115 0.990748
v 1.770297 6.827115 0.979893
v 1.772823 6.827115 0.968323
v 1.773043 6.827115 0.956483
v 1.770949 6.827115 0.944827
v 1.766621 6.827115 0.933803
v 1.760225 6.827115 0.923836
v 1.752008 6.827115 0.915308
v 1.742285 6.827115 0.908547
v 1.731430 6.827115 0.903812
v 1.719860 6.827115 0.901287
v 1.708020 6.827115 0.901067
v 1.696364 6.827115 0.903161
v 1.685341 6.827115 0.907489
v 1.675373 6.827115 0.913884
v 1.666845 6.827115 0.922101
v 1.660084 6.827115 0.931824
v 1.655350 6.827115 0.942679
v 1.652824 6.827115 0.954249
v 1.652604 6.827115 0.966090
v 1.654698 6.827115 0.977746
v 1.659026 6.827115 0.988769
v 1.665422 6.827115 0.998736
v 1.673639 6.827115 1.007264
v 1.763263 6.893767 0.866939
v 1.774481 6.893767 0.870736
v 1.786224 6.893767 0.872271
v 1.798040 6.893767 0.871486
v 1.809476 6.893767 0.868411
v 1.820093 6.893767 0.863164
v 1.829482 6.893767 0.855946
v 1.837283 6.893767 0.847036
v 1.843195 6.893767 0.836774
v 1.846991 6.893767 0.825557
v 1.848527 6.893767 0.813814
v 1.847742 6.893767 0.801998
v 1.844666 6.893767 0.790562
v 1.839419 6.893767 0.779945
v 1.832202 6.893767 0.770556
v 1.823291 6.893767 0.762756
v 1.813030 6.893767 0.756843
v 1.801813 6.893767 0.753047
v 1.790070 6.893767 0.751511
v 1.778253 6.893767 0.752296
v 1.766817 6.893767 0.755371
v 1.756200 6.893767 0.760619
v 1.746812 6.893767 0.767836
v 1.739011 6.893767 0.776747
v 1.733099 6.893767 0.787008
v 1.729302 6.893767 0.798225
v 1.727767 6.893767 0.809968
v 1.728552 6.893767 0.821785
v 1.731627 6.893767 0.833221
v 1.736874 6.893767 0.843837
v 1.744092 6.893767 0.853226
v 1.753002 6.893767 0.861027
v 1.830405 6.960420 0.713605
v 1.841904 6.960420 0.716436
v 1.853734 6.960420 0.716970
v 1.865442 6.960420 0.715186
v 1.876576 6.960420 0.711152
v 1.886709 6.960420 0.705023
v 1.895452 6.960420 0.697036
v 1.902469 6.960420 0.687496
v 1.907490 6.960420 0.676770
v 1.910321 6.960420 0.665271
v 1.910855 6.960420 0.653440
v 1.909071 6.960420 0.641733
v 1.905037 6.960420 0.630599
v 1.898909 6.960420 0.620465
v 1.890921 6.960420 0.611722
v 1.881381 6.960420 0.604706
v 1.870655 6.960420 0.599685
v 1.859156 6.960420 0.596853
v 1.847325 6.960420 0.596319
v 1.835618 6.960420 0.598104
v 1.824484 6.960420 0.602138
v 1.814350 6.960420 0.608266
v 1.805608 6.960420 0.616254
v 1.798591 6.960420 0.625794
v 1.793570 6.960420 0.636520
v 1.790738 6.960420 0.648019
v 1.790204 6.960420 0.659849
v 1.791988 6.960420 0.671557
v 1.796022 6.960420 0.682691
v 1.802151 6.960420 0.692824
v 1.810139 6.960420 0.701567
v 1.819679 6.960420 0.708584
v 1.884300 7.027072 0.555130
v 1.895998 7.027072 0.556977
v 1.907831 7.027072 0.556506
v 1.919344 7.027072 0.553735
v 1.930097 7.027072 0.548771
v 1.939674 7.027072 0.541805
v 1.947708 7.027072 0.533105
v 1.953890 7.027072 0.523004
v 1.957983 7.027072 0.511891
v 1.959830 7.027072 0.500194
v 1.959358 7.027072 0.488360
v 1.956588 7.027072 0.476846
v 1.951624 7.027072 0.466094
v 1.944658 7.027072 0.456517
v 1.935958 7.027072 0.448483
v 1.925857 7.027072 0.442301
v 1.914744 7.027072 0.438208
v 1.903046 7.027072 0.436361
v 1.891213 7.027072 0.436833
v 1.879699 7.027072 0.439603
v 1.868947 7.027072 0.444567
v 1.859370 7.027072 0.451533
v 1.851336 7.027072 0.460233
v 1.845153 7.027072 0.470334
v 1.841061 7.027072 0.481447
v 1.839214 7.027072 0.493145
v 1.839685 7.027072 0.504978
v 1.842456 7.027072 0.516492
v 1.847420 7.027072 0.527244
v 1.854386 7.027072 0.536821
v 1.863086 7.027072 0.544855
v 1.873187 7.027072 0.551037
v 1.924561 7.093725 0.392657
v 1.936373 7.093725 0.393504
v 1.948124 7.093725 0.392031
v 1.959361 7.093725 0.388294
v 1.969654 7.093725 0.382436
v 1.978606 7.093725 0.374683
v 1.985873 7.093725 0.365333
v 1.991176 7.093725 0.354744
v 1.994312 7.093725 0.343324
v 1.995160 7.093725 0.331512
v 1.993687 7.093725 0.319762
v 1.989950 7.093725 0.308524
v 1.984092 7.093725 0.298232
v 1.976339 7.093725 0.289280
v 1.966988 7.093725 0.282013
v 1.956400 7.093725 0.276709
v 1.944980 7.093725 0.273573
v 1.933168 7.093725 0.272726
v 1.921417 7.093725 0.274199
v 1.910180 7.093725 0.277936
v 1.899887 7.093725 0.283793
v 1.890935 7.093725 0.291546
v 1.883668 7.093725 0.300897
v 1.878365 7.093725 0.311486
v 1.875229 7.093725 0.322905
v 1.874381 7.093725 0.334718
v 1.875854 7.093725 0.346468
v 1.879591 7.093725 0.357706
v 1.885449 7.093725 0.367998
v 1.893202 7.093725 0.376950
v 1.902553 7.093725 0.384217
v 1.913141 7.093725 0.389521
v 1.950899 7.160377 0.227352
v 1.962740 7.160377 0.227195
v 1.974324 7.160377 0.224730
v 1.985204 7.160377 0.220054
v 1.994962 7.160377 0.213344
v 2.003224 7.160377 0.204860
v 2.009672 7.160377 0.194927
v 2.014059 7.160377 0.183926
v 2.016215 7.160377 0.172282
v 2.016058 7.160377 0.160440
v 2.013594 7.160377 0.148857
v 2.008917 7.160377 0.137977
v 2.002208 7.160377 0.128218
v 1.993723 7.160377 0.119956
v 1.983790 7.160377 0.113508
v 1.972790 7.160377 0.109122
v 1.961145 7.160377 0.106966
v 1.949304 7.160377 0.107123
v 1.937720 7.160377 0.109587
v 1.926840 7.160377 0.114264
v 1.917082 7.160377 0.120973
v 1.908819 7.160377 0.129457
v 1.902372 7.160377 0.139391
v 1.897985 7.160377 0.150391
v 1.895829 7.160377 0.162035
v 1.895986 7.160377 0.173877
v 1.898450 7.160377 0.185460
v 1.903127 7.160377 0.196340
v 1.909836 7.160377 0.206099
v 1.918321 7.160377 0.214361
v 1.928254 7.160377 0.220809
v 1.939254 7.160377 0.225196
v 1.963123 7.227030 0.060411
v 1.974908 7.227030 0.059250
v 1.986241 7.227030 0.055812
v 1.996685 7.227030 0.050230
v 2.005840 7.227030 0.042717
v 2.013352 7.227030 0.033562
v 2.018935 7.227030 0.023118
v 2.022373 7.227030 0.011785
v 2.023534 7.227030 -0.000000
v 2.022373 7.227030 -0.011786
v 2.018935 7.227030 -0.023118
v 2.013352 7.227030 -0.033562
v 2.005840 7.227030 -0.042717
v 1.996685 7.227030 -0.050230
v 1.986241 7.227030 -0.055812
v 1.974908 7.227030 -0.059250
v 1.963123 7.227030 -0.060411
v 1.951337 7.227030 -0.059250
v 1.940005 7.227030 -0.055812
v 1.929560 7.227030 -0.050230
v 1.920406 7.227030 -0.042717
v 1.912893 7.227030 -0.033562
v 1.907311 7.227030 -0.023118
v 1.903873 7.227030 -0.011786
v 1.902712 7.227030 -0.000000
v 1.903873 7.227030 0.011785
v 1.907311 7.227030 0.023118
v 1.912893 7.227030 0.033562
v 1.920406 7.227030 0.042717
v 1.929560 7.227030 0.050230
v 1.940005 7.227030 0.055812
v 1.951337 7.227030 0.059250
v 1.961145 7.293684 -0.106968
v 1.972790 7.293684 -0.109124
v 1.983790 7.293684 -0.113510
v 1.993723 7.293684 -0.119958
v 2.002208 7.293684 -0.128220
v 2.008917 7.293684 -0.137979
v 2.013593 7.293684 -0.148859
v 2.016058 7.293684 -0.160442
v 2.016215 7.293684 -0.172284
v 2.014059 7.293684 -0.183928
v 2.009672 7.293684 -0.194929
v 2.003224 7.293684 -0.204862
v 1.994962 7.293684 -0.213346
v 1.985204 7.293684 -0.220056
v 1.974323 7.293684 -0.224732
v 1.962740 7.293684 -0.227197
v 1.950899 7.293684 -0.227354
v 1.939254 7.293684 -0.225198
v 1.928254 7.293684 -0.220811
v 1.918321 7.293684 -0.214363
v 1.909836 7.293684 -0.206101
v 1.903127 7.293684 -0.196342
v 1.898450 7.293684 -0.185462
v 1.895986 7.293684 -0.173879
v 1.895829 7.293684 -0.162037
v 1.897985 7.293684 -0.150393
v 1.902371 7.293684 -0.139393
v 1.908819 7.293684 -0.129459
v 1.917082 7.293684 -0.120975
v 1.926840 7.293684 -0.114266
v 1.937720 7.293684 -0.109589
v 1.949303 7.293684 -0.107125
v 1.944980 7.360336 -0.273573
v 1.956400 7.360336 -0.276709
v 1.966988 7.360336 -0.282013
v 1.976339 7.360336 -0.289280
v 1.984092 7.360336 -0.298232
v 1.989950 7.360336 -0.308524
v 1.993687 7.360336 -0.319762
v 1.995160 7.360336 -0.331512
v 1.994312 7.360336 -0.343324
v 1.991176 7.360336 -0.354744
v 1.985873 7.360336 -0.365333
v 1.978605 7.360336 -0.374683
v 1.969654 7.360336 -0.382437
v 1.959361 7.360336 -0.388294
v 1.948124 7.360336 -0.392031
v 1.936373 7.360336 -0.393504
v 1.924561 7.360336 -0.392657
v 1.913141 7.360336 -0.389521
v 1.902552 7.360336 -0.384217
v 1.893202 7.360336 -0.376950
v 1.885449 7.360336 -0.367998
v 1.879591 7.360336 -0.357706
v 1.875854 7.360336 -0.346468
v 1.874381 7.360336 -0.334718
v 1.875229 7.360336 -0.322906
v 1.878364 7.360336 -0.311486
v 1.883668 7.360336 -0.300897
v 1.890935 7.360336 -0.291547
v 1.899887 7.360336 -0.283793
v 1.910180 7.360336 -0.277936
v 1.921417 7.360336 -0.274199
v 1.933168 7.360336 -0.272726
v 1.914744 7.426988 -0.438208
v 1.925857 7.426988 -0.442301
v 1.935957 7.426988 -0.448483
v 1.944658 7.426988 -0.456517
v 1.951624 7.426988 -0.466095
v 1.956588 7.426988 -0.476847
v 1.959358 7.426988 -0.488360
v 1.959829 7.426988 -0.500194
v 1.957983 7.426988 -0.511891
v 1.953890 7.426988 -0.523004
v 1.947708 7.426988 -0.533105
v 1.939674 7.426988 -0.541805
v 1.930097 7.426988 -0.548771
v 1.919344 7.426988 -0.553735
v 1.907830 7.426988 -0.556506
v 1.895997 7.426988 -0.556977
v 1.884300 7.426988 -0.555131
v 1.873187 7.426988 -0.551038
v 1.863086 7.426988 -0.544855
v 1.854385 7.426988 -0.536821
v 1.847420 7.426988 -0.527244
v 1.842456 7.426988 -0.516492
v 1.839685 7.426988 -0.504978
v 1.839214 7.426988 -0.493145
v 1.841060 7.426988 -0.481447
v 1.845153 7.426988 -0.470334
v 1.851336 7.426988 -0.460234
v 1.859370 7.426988 -0.451533
v 1.868947 7.426988 -0.444567
v 1.879699 7.426988 -0.439603
v 1.891213 7.426988 -0.436833
v 1.903046 7.426988 -0.436361
v 1.870654 7.493640 -0.599687
v 1.881380 7.493640 -0.604708
v 1.890920 7.493640 -0.611724
v 1.898908 7.493640 -0.620467
v 1.905037 7.493640 -0.630601
v 1.909070 7.493640 -0.641735
v 1.910855 7.493640 -0.653443
v 1.910321 7.493640 -0.665273
v 1.907489 7.493640 -0.676772
v 1.902468 7.493640 -0.687498
v 1.895452 7.493640 -0.697038
v 1.886709 7.493640 -0.705025
v 1.876575 7.493640 -0.711154
v 1.865441 7.493640 -0.715188
v 1.853734 7.493640 -0.716972
v 1.841903 7.493640 -0.716438
v 1.830404 7.493640 -0.713607
v 1.819678 7.493640 -0.708586
v 1.810138 7.493640 -0.701569
v 1.802150 7.493640 -0.692826
v 1.796022 7.493640 -0.682693
v 1.791988 7.493640 -0.671558
v 1.790204 7.493640 -0.659851
v 1.790738 7.493640 -0.648021
v 1.793569 7.493640 -0.636522
v 1.798590 7.493640 -0.625796
v 1.805607 7.493640 -0.616256
v 1.814350 7.493640 -0.608268
v 1.824483 7.493640 -0.602139
v 1.835618 7.493640 -0.598105
v 1.847325 7.493640 -0.596321
v 1.859155 7.493640 -0.596855
v 1.813030 7.560294 -0.756844
v 1.823291 7.560294 -0.762756
v 1.832202 7.560294 -0.770556
v 1.839419 7.560294 -0.779945
v 1.844666 7.560294 -0.790562
v 1.847742 7.560294 -0.801998
v 1.848527 7.560294 -0.813815
v 1.846991 7.560294 -0.825557
v 1.843195 7.560294 -0.836775
v 1.837283 7.560294 -0.847036
v 1.829482 7.560294 -0.855946
v 1.820093 7.560294 -0.863164
v 1.809476 7.560294 -0.868411
v 1.798040 7.560294 -0.871486
v 1.786224 7.560294 -0.872271
v 1.774481 7.560294 -0.870736
v 1.763263 7.560294 -0.866939
v 1.753002 7.560294 -0.861027
v 1.744092 7.560294 -0.853227
v 1.736874 7.560294 -0.843838
v 1.731627 7.560294 -0.833221
v 1.728552 7.560294 -0.821785
v 1.727767 7.560294 -0.809968
v 1.729302 7.560294 -0.798226
v 1.733099 7.560294 -0.787008
v 1.739011 7.560294 -0.776747
v 1.746812 7.560294 -0.767836
v 1.756200 7.560294 -0.760619
v 1.766817 7.560294 -0.755372
v 1.778253 7.560294 -0.752296
v 1.790070 7.560294 -0.751511
v 1.801813 7.560294 -0.753047
v 1.742285 7.626946 -0.908549
v 1.752007 7.626946 -0.915310
v 1.760224 7.626946 -0.923838
v 1.766620 7.626946 -0.933805
v 1.770948 7.626946 -0.944828
v 1.773042 7.626946 -0.956484
v 1.772822 7.626946 -0.968325
v 1.770296 7.626946 -0.979895
v 1.765562 7.626946 -0.990750
v 1.758801 7.626946 -1.000473
v 1.750273 7.626946 -1.008690
v 1.740305 7.626946 -1.015085
v 1.729282 7.626946 -1.019413
v 1.717626 7.626946 -1.021507
v 1.705786 7.626946 -1.021287
v 1.694215 7.626946 -1.018762
v 1.683360 7.626946 -1.014027
v 1.673638 7.626946 -1.007266
v 1.665421 7.626946 -0.998738
v 1.659025 7.626946 -0.988771
v 1.654697 7.626946 -0.977748
v 1.652603 7.626946 -0.966092
v 1.652823 7.626946 -0.954251
v 1.655349 7.626946 -0.942681
v 1.660083 7.626946 -0.931826
v 1.666844 7.626946 -0.922103
v 1.675372 7.626946 -0.913886
v 1.685340 7.626946 -0.907491
v 1.696363 7.626946 -0.903163
v 1.708019 7.626946 -0.901069
v 1.719859 7.626946 -0.901289
v 1.731429 7.626946 -0.903814
v 1.658929 7.693599 -1.053706
v 1.668044 7.693599 -1.061267
v 1.675508 7.693599 -1.070461
v 1.681035 7.693599 -1.080935
v 1.684412 7.693599 -1.092286
v 1.685511 7.693599 -1.104077
v 1.684287 7.693599 -1.115857
v 1.680790 7.693599 -1.127171
v 1.675152 7.693599 -1.137585
v 1.667590 7.693599 -1.146700
v 1.658396 7.693599 -1.154164
v 1.647922 7.693599 -1.159691
v 1.636572 7.693599 -1.163068
v 1.624780 7.693599 -1.164167
v 1.613001 7.693599 -1.162943
v 1.601687 7.693599 -1.159445
v 1.591272 7.693599 -1.153808
v 1.582158 7.693599 -1.146246
v 1.574694 7.693599 -1.137052
v 1.569167 7.693599 -1.126578
v 1.565789 7.693599 -1.115228
v 1.564691 7.693599 -1.103436
v 1.565914 7.693599 -1.091657
v 1.569412 7.693599 -1.080343
v 1.575050 7.693599 -1.069928
v 1.582611 7.693599 -1.060814
v 1.591806 7.693599 -1.053350
v 1.602279 7.693599 -1.047823
v 1.613630 7.693599 -1.044445
v 1.625421 7.693599 -1.043347
v 1.637201 7.693599 -1.044570
v 1.648515 7.693599 -1.048068
v 1.563564 7.760251 -1.191272
v 1.572005 7.760251 -1.199579
v 1.578662 7.760251 -1.209373
v 1.583281 7.760251 -1.220277
v 1.585684 7.760251 -1.231874
v 1.585778 7.760251 -1.243716
v 1.583560 7.760251 -1.255349
v 1.579116 7.760251 -1.266326
v 1.572615 7.760251 -1.276224
v 1.564308 7.760251 -1.284665
v 1.554514 7.760251 -1.291322
v 1.543609 7.760251 -1.295941
v 1.532013 7.760251 -1.298344
v 1.520171 7.760251 -1.298438
v 1.508538 7.760251 -1.296220
v 1.497561 7.760251 -1.291776
v 1.487662 7.760251 -1.285275
v 1.479222 7.760251 -1.276968
v 1.472564 7.760251 -1.267174
v 1.467945 7.760251 -1.256269
v 1.465542 7.760251 -1.244673
v 1.465448 7.760251 -1.232831
v 1.467666 7.760251 -1.221198
v 1.472111 7.760251 -1.210221
v 1.478611 7.760251 -1.200322
v 1.486918 7.760251 -1.191882
v 1.496713 7.760251 -1.185224
v 1.507617 7.760251 -1.180605
v 1.519213 7.760251 -1.178202
v 1.531056 7.760251 -1.178108
v 1.542688 7.760251 -1.180326
v 1.553666 7.760251 -1.184771
v 1.456875 7.826903 -1.320255
v 1.464581 7.826903 -1.329248
v 1.470384 7.826903 -1.339572
v 1.474061 7.826903 -1.350829
v 1.475472 7.826903 -1.362587
v 1.474561 7.826903 -1.374394
v 1.471365 7.826903 -1.385797
v 1.466005 7.826903 -1.396358
v 1.458688 7.826903 -1.405670
v 1.449696 7.826903 -1.413375
v 1.439372 7.826903 -1.419178
v 1.428115 7.826903 -1.422855
v 1.416357 7.826903 -1.424266
v 1.404550 7.826903 -1.423356
v 1.393146 7.826903 -1.420159
v 1.382586 7.826903 -1.414800
v 1.373274 7.826903 -1.407483
v 1.365569 7.826903 -1.398490
v 1.359766 7.826903 -1.388167
v 1.356088 7.826903 -1.376909
v 1.354678 7.826903 -1.365151
v 1.355588 7.826903 -1.353344
v 1.358785 7.826903 -1.341941
v 1.364144 7.826903 -1.331380
v 1.371461 7.826903 -1.322069
v 1.380454 7.826903 -1.314363
v 1.390777 7.826903 -1.308560
v 1.402034 7.826903 -1.304883
v 1.413792 7.826903 -1.303472
v 1.425600 7.826903 -1.304383
v 1.437003 7.826903 -1.307579
v 1.447563 7.826903 -1.312938
v 1.339633 7.893558 -1.439725
v 1.346548 7.893558 -1.449339
v 1.351455 7.893558 -1.460117
v 1.354164 7.893558 -1.471646
v 1.354573 7.893558 -1.483481
v 1.352664 7.893558 -1.495169
v 1.348513 7.893558 -1.506260
v 1.342277 7.893558 -1.516328
v 1.334196 7.893558 -1.524986
v 1.324582 7.893558 -1.531901
v 1.313804 7.893558 -1.536807
v 1.302276 7.893558 -1.539517
v 1.290440 7.893558 -1.539925
v 1.278753 7.893558 -1.538017
v 1.267662 7.893558 -1.533865
v 1.257594 7.893558 -1.527629
v 1.248936 7.893558 -1.519549
v 1.242021 7.893558 -1.509935
v 1.237115 7.893558 -1.499156
v 1.234405 7.893558 -1.487628
v 1.233996 7.893558 -1.475793
v 1.235905 7.893558 -1.464105
v 1.240057 7.893558 -1.453014
v 1.246293 7.893558 -1.442946
v 1.254373 7.893558 -1.434288
v 1.263987 7.893558 -1.427373
v 1.274765 7.893558 -1.422467
v 1.286294 7.893558 -1.419757
v 1.298129 7.893558 -1.419349
v 1.309817 7.893558 -1.421257
v 1.320908 7.893558 -1.425409
v 1.330975 7.893558 -1.431645
v 1.212681 7.960210 -1.548823
v 1.218755 7.960210 -1.558989
v 1.222730 7.960210 -1.570145
v 1.224452 7.960210 -1.581861
v 1.223855 7.960210 -1.593689
v 1.220963 7.960210 -1.605173
v 1.215885 7.960210 -1.615871
v 1.208818 7.960210 -1.625374
v 1.200033 7.960210 -1.633315
v 1.189867 7.960210 -1.639390
v 1.178711 7.960210 -1.643365
v 1.166995 7.960210 -1.645087
v 1.155167 7.960210 -1.644490
v 1.143683 7.960210 -1.641598
v 1.132985 7.960210 -1.636520
v 1.123482 7.960210 -1.629453
v 1.115541 7.960210 -1.620667
v 1.109466 7.960210 -1.610502
v 1.105491 7.960210 -1.599346
v 1.103769 7.960210 -1.587629
v 1.104365 7.960210 -1.575802
v 1.107258 7.960210 -1.564318
v 1.112336 7.960210 -1.553619
v 1.119403 7.960210 -1.544116
v 1.128188 7.960210 -1.536175
v 1.138354 7.960210 -1.530100
v 1.149510 7.960210 -1.526126
v 1.161226 7.960210 -1.524404
v 1.173054 7.960210 -1.525000
v 1.184538 7.960210 -1.527893
v 1.195236 7.960210 -1.532971
v 1.204739 7.960210 -1.540038
v 1.076934 8.026862 -1.646761
v 1.082125 8.026862 -1.657405
v 1.085140 8.026862 -1.668857
v 1.085862 8.026862 -1.680678
v 1.084264 8.026862 -1.692412
v 1.080408 8.026862 -1.703609
v 1.074441 8.026862 -1.713839
v 1.066594 8.026862 -1.722708
v 1.057167 8.026862 -1.729876
v 1.046522 8.026862 -1.735067
v 1.035070 8.026862 -1.738081
v 1.023249 8.026862 -1.738803
v 1.011515 8.026862 -1.737206
v 1.000318 8.026862 -1.733350
v 0.990088 8.026862 -1.727383
v 0.981219 8.026862 -1.719535
v 0.974051 8.026862 -1.710108
v 0.968861 8.026862 -1.699464
v 0.965846 8.026862 -1.688011
v 0.965124 8.026862 -1.676191
v 0.966722 8.026862 -1.664456
v 0.970578 8.026862 -1.653259
v 0.976544 8.026862 -1.643030
v 0.984392 8.026862 -1.634161
v 0.993819 8.026862 -1.626993
v 1.004463 8.026862 -1.621802
v 1.015916 8.026862 -1.618788
v 1.027737 8.026862 -1.618065
v 1.039471 8.026862 -1.619663
v 1.050668 8.026862 -1.623519
v 1.060898 8.026862 -1.629486
v 1.069767 8.026862 -1.637334
v 0.933372 8.093514 -1.732833
v 0.937641 8.093514 -1.743879
v 0.939673 8.093514 -1.755546
v 0.939391 8.093514 -1.767385
v 0.936804 8.093514 -1.778942
v 0.932012 8.093514 -1.789772
v 0.925199 8.093514 -1.799458
v 0.916628 8.093514 -1.807630
v 0.906626 8.093514 -1.813973
v 0.895580 8.093514 -1.818242
v 0.883913 8.093514 -1.820274
v 0.872074 8.093514 -1.819991
v 0.860518 8.093514 -1.817404
v 0.849688 8.093514 -1.812613
v 0.840001 8.093514 -1.805800
v 0.831829 8.093514 -1.797228
v 0.825487 8.093514 -1.787227
v 0.821218 8.093514 -1.776181
v 0.819185 8.093514 -1.764514
v 0.819468 8.093514 -1.752675
v 0.822055 8.093514 -1.741119
v 0.826847 8.093514 -1.730289
v 0.833660 8.093514 -1.720602
v 0.842231 8.093514 -1.712430
v 0.852232 8.093514 -1.706088
v 0.863278 8.093514 -1.701819
v 0.874945 8.093514 -1.699786
v 0.886784 8.093514 -1.700069
v 0.898341 8.093514 -1.702656
v 0.909171 8.093514 -1.707448
v 0.918858 8.093514 -1.714261
v 0.927029 8.093514 -1.722832
v 0.783025 8.160167 -1.806422
v 0.786342 8.160167 -1.817790
v 0.787378 8.160167 -1.829587
v 0.786092 8.160167 -1.841360
v 0.782534 8.160167 -1.852655
v 0.776841 8.160167 -1.863039
v 0.769231 8.160167 -1.872114
v 0.759998 8.160167 -1.879529
v 0.749495 8.160167 -1.885000
v 0.738126 8.160167 -1.888318
v 0.726329 8.160167 -1.889353
v 0.714557 8.160167 -1.888067
v 0.703261 8.160167 -1.884510
v 0.692877 8.160167 -1.878817
v 0.683803 8.160167 -1.871207
v 0.676388 8.160167 -1.861973
v 0.670916 8.160167 -1.851471
v 0.667599 8.160167 -1.840102
v 0.666563 8.160167 -1.828305
v 0.667849 8.160167 -1.816532
v 0.671407 8.160167 -1.805237
v 0.677100 8.160167 -1.794852
v 0.684710 8.160167 -1.785778
v 0.693943 8.160167 -1.778363
v 0.704446 8.160167 -1.772892
v 0.715814 8.160167 -1.769574
v 0.727612 8.160167 -1.768539
v 0.739384 8.160167 -1.769825
v 0.750680 8.160167 -1.773382
v 0.761064 8.160167 -1.779075
v 0.770138 8.160167 -1.786685
v 0.777553 8.160167 -1.795919
v 0.626981 8.226821 -1.866994
v 0.629322 8.226821 -1.878603
v 0.629353 8.226821 -1.890445
v 0.627074 8.226821 -1.902066
v 0.622571 8.226821 -1.913019
v 0.616018 8.226821 -1.922884
v 0.607666 8.226821 -1.931280
v 0.597837 8.226821 -1.937885
v 0.586908 8.226821 -1.942446
v 0.575299 8.226821 -1.944787
v 0.563456 8.226821 -1.944819
v 0.551835 8.226821 -1.942539
v 0.540882 8.226821 -1.938036
v 0.531018 8.226821 -1.931483
v 0.522622 8.226821 -1.923131
v 0.516016 8.226821 -1.913302
v 0.511455 8.226821 -1.902373
v 0.509114 8.226821 -1.890764
v 0.509083 8.226821 -1.878922
v 0.511362 8.226821 -1.867301
v 0.515865 8.226821 -1.856347
v 0.522418 8.226821 -1.846483
v 0.530770 8.226821 -1.838087
v 0.540599 8.226821 -1.831482
v 0.551529 8.226821 -1.826921
v 0.563137 8.226821 -1.824579
v 0.574980 8.226821 -1.824548
v 0.586601 8.226821 -1.826828
v 0.597554 8.226821 -1.831331
v 0.607418 8.226821 -1.837884
v 0.615814 8.226821 -1.846236
v 0.622420 8.226821 -1.856065
v 0.466360 8.293473 -1.914115
v 0.467708 8.293473 -1.925881
v 0.466735 8.293473 -1.937683
v 0.463479 8.293473 -1.949069
v 0.458063 8.293473 -1.959601
v 0.450697 8.293473 -1.968874
v 0.441663 8.293473 -1.976531
v 0.431309 8.293473 -1.982279
v 0.420033 8.293473 -1.985897
v 0.408267 8.293473 -1.987245
v 0.396465 8.293473 -1.986272
v 0.385079 8.293473 -1.983015
v 0.374547 8.293473 -1.977600
v 0.365274 8.293473 -1.970234
v 0.357617 8.293473 -1.961200
v 0.351868 8.293473 -1.950846
v 0.348251 8.293473 -1.939569
v 0.346902 8.293473 -1.927804
v 0.347876 8.293473 -1.916001
v 0.351132 8.293473 -1.904616
v 0.356548 8.293473 -1.894084
v 0.363914 8.293473 -1.884811
v 0.372948 8.293473 -1.877153
v 0.383302 8.293473 -1.871405
v 0.394578 8.293473 -1.867787
v 0.406344 8.293473 -1.866439
v 0.418146 8.293473 -1.867412
v 0.429532 8.293473 -1.870669
v 0.440064 8.293473 -1.876085
v 0.449337 8.293473 -1.883451
v 0.456994 8.293473 -1.892484
v 0.462743 8.293473 -1.902838
v 0.302324 8.360126 -1.947444
v 0.302669 8.360126 -1.959282
v 0.300699 8.360126 -1.970959
v 0.296488 8.360126 -1.982028
v 0.290199 8.360126 -1.992062
v 0.282073 8.360126 -2.000677
v 0.272423 8.360126 -2.007541
v 0.261618 8.360126 -2.012390
v 0.250076 8.360126 -2.015039
v 0.238238 8.360126 -2.015384
v 0.226561 8.360126 -2.013414
v 0.215492 8.360126 -2.009203
v 0.205458 8.360126 -2.002914
v 0.196843 8.360126 -1.994788
v 0.189979 8.360126 -1.985137
v 0.185130 8.360126 -1.974333
v 0.182481 8.360126 -1.962790
v 0.182136 8.360126 -1.950953
v 0.184106 8.360126 -1.939276
v 0.188317 8.360126 -1.928207
v 0.194606 8.360126 -1.918172
v 0.202732 8.360126 -1.909558
v 0.212383 8.360126 -1.902694
v 0.223187 8.360126 -1.897844
v 0.234729 8.360126 -1.895196
v 0.246567 8.360126 -1.894850
v 0.258244 8.360126 -1.896821
v 0.269313 8.360126 -1.901032
v 0.279348 8.360126 -1.907321
v 0.287962 8.360126 -1.915447
v 0.294826 8.360126 -1.925097
v 0.299676 8.360126 -1.935902
v 0.136052 8.426778 -1.966743
v 0.135392 8.426778 -1.978567
v 0.132439 8.426778 -1.990035
v 0.127305 8.426778 -2.000707
v 0.120187 8.426778 -2.010172
v 0.111360 8.426778 -2.018066
v 0.101162 8.426778 -2.024087
v 0.089985 8.426778 -2.028003
v 0.078260 8.426778 -2.029663
v 0.066436 8.426778 -2.029003
v 0.054967 8.426778 -2.026049
v 0.044296 8.426778 -2.020915
v 0.034830 8.426778 -2.013798
v 0.026936 8.426778 -2.004970
v 0.020915 8.426778 -1.994772
v 0.017000 8.426778 -1.983596
v 0.015340 8.426778 -1.971870
v 0.015999 8.426778 -1.960046
v 0.018953 8.426778 -1.948578
v 0.024087 8.426778 -1.937906
v 0.031205 8.426778 -1.928441
v 0.040032 8.426778 -1.920546
v 0.050230 8.426778 -1.914526
v 0.061406 8.426778 -1.910610
v 0.073132 8.426778 -1.908950
v 0.084956 8.426778 -1.909610
v 0.096424 8.426778 -1.912563
v 0.107096 8.426778 -1.917698
v 0.116561 8.426778 -1.924815
v 0.124456 8.426778 -1.933642
v 0.130477 8.426778 -1.943840
v 0.134392 8.426778 -1.955017
v -0.031259 8.493430 -1.971870
v -0.032919 8.493430 -1.983596
v -0.036835 8.493430 -1.994772
v -0.042856 8.493430 -2.004970
v -0.050750 8.493430 -2.013798
v -0.060215 8.493430 -2.020915
v -0.070887 8.493430 -2.026049
v -0.082355 8.493430 -2.029003
v -0.094179 8.493430 -2.029663
v -0.105905 8.493430 -2.028003
v -0.117082 8.493430 -2.024087
v -0.127279 8.493430 -2.018066
v -0.136107 8.493430 -2.010172
v -0.143224 8.493430 -2.000707
v -0.148359 8.493430 -1.990035
v -0.151312 8.493430 -1.978567
v -0.151972 8.493430 -1.966743
v -0.150312 8.493430 -1.955017
v -0.146396 8.493430 -1.943840
v -0.140375 8.493430 -1.933642
v -0.132481 8.493430 -1.924815
v -0.123016 8.493430 -1.917698
v -0.112344 8.493430 -1.912563
v -0.100876 8.493430 -1.909610
v -0.089052 8.493430 -1.908950
v -0.077326 8.493430 -1.910610
v -0.066149 8.493430 -1.914526
v -0.055952 8.493430 -1.920546
v -0.047124 8.493430 -1.928441
v -0.040007 8.493430 -1.937906
v -0.034872 8.493430 -1.948578
v -0.031919 8.493430 -1.960046
v -0.198401 8.560082 -1.962791
v -0.201049 8.560082 -1.974333
v -0.205899 8.560082 -1.985137
v -0.212763 8.560082 -1.994788
v -0.221377 8.560082 -2.002914
v -0.231412 8.560082 -2.009203
v -0.242480 8.560082 -2.013414
v -0.254158 8.560082 -2.015384
v -0.265996 8.560082 -2.015039
v -0.277538 8.560082 -2.012390
v -0.288342 8.560082 -2.007541
v -0.297993 8.560082 -2.000677
v -0.306119 8.560082 -1.992062
v -0.312408 8.560082 -1.982028
v -0.316619 8.560082 -1.970959
v -0.318589 8.560082 -1.959282
v -0.318244 8.560082 -1.947444
v -0.315595 8.560082 -1.935902
v -0.310746 8.560082 -1.925097
v -0.303882 8.560082 -1.915447
v -0.295267 8.560082 -1.907321
v -0.285233 8.560082 -1.901032
v -0.274164 8.560082 -1.896821
v -0.262487 8.560082 -1.894850
v -0.250649 8.560082 -1.895196
v -0.239106 8.560082 -1.897844
v -0.228302 8.560082 -1.902694
v -0.218652 8.560082 -1.909558
v -0.210526 8.560082 -1.918172
v -0.204236 8.560082 -1.928207
v -0.200026 8.560082 -1.939276
v -0.198055 8.560082 -1.950953
v -0.364172 8.626735 -1.939569
v -0.367790 8.626735 -1.950845
v -0.373538 8.626735 -1.961199
v -0.381196 8.626735 -1.970233
v -0.390469 8.626735 -1.977599
v -0.401000 8.626735 -1.983015
v -0.412386 8.626735 -1.986272
v -0.424189 8.626735 -1.987245
v -0.435954 8.626735 -1.985896
v -0.447231 8.626735 -1.982279
v -0.457585 8.626735 -1.976531
v -0.466618 8.626735 -1.968873
v -0.473985 8.626735 -1.959600
v -0.479400 8.626735 -1.949068
v -0.482657 8.626735 -1.937682
v -0.483630 8.626735 -1.925880
v -0.482282 8.626735 -1.914114
v -0.478664 8.626735 -1.902838
v -0.472916 8.626735 -1.892484
v -0.465258 8.626735 -1.883450
v -0.455985 8.626735 -1.876084
v -0.445454 8.626735 -1.870668
v -0.434068 8.626735 -1.867412
v -0.422265 8.626735 -1.866439
v -0.410500 8.626735 -1.867787
v -0.399223 8.626735 -1.871405
v -0.388869 8.626735 -1.877153
v -0.379836 8.626735 -1.884810
v -0.372469 8.626735 -1.894083
v -0.367054 8.626735 -1.904615
v -0.363797 8.626735 -1.916001
v -0.362824 8.626735 -1.927803
v -0.527375 8.693389 -1.902373
v -0.531936 8.693389 -1.913302
v -0.538542 8.693389 -1.923131
v -0.546938 8.693389 -1.931483
v -0.556802 8.693389 -1.938036
v -0.567755 8.693389 -1.942539
v -0.579376 8.693389 -1.944818
v -0.591219 8.693389 -1.944787
v -0.602827 8.693389 -1.942446
v -0.613757 8.693389 -1.937885
v -0.623586 8.693389 -1.931279
v -0.631937 8.693389 -1.922883
v -0.638491 8.693389 -1.913019
v -0.642994 8.693389 -1.902066
v -0.645273 8.693389 -1.890445
v -0.645242 8.693389 -1.878602
v -0.642900 8.693389 -1.866994
v -0.638339 8.693389 -1.856064
v -0.631734 8.693389 -1.846235
v -0.623338 8.693389 -1.837883
v -0.613474 8.693389 -1.831330
v -0.602521 8.693389 -1.826827
v -0.590900 8.693389 -1.824548
v -0.579057 8.693389 -1.824579
v -0.567448 8.693389 -1.826920
v -0.556519 8.693389 -1.831481
v -0.546690 8.693389 -1.838087
v -0.538338 8.693389 -1.846483
v -0.531785 8.693389 -1.856347
v -0.527282 8.693389 -1.867300
v -0.525003 8.693389 -1.878921
v -0.525034 8.693389 -1.890764
v -0.686836 8.760041 -1.851470
v -0.692307 8.760041 -1.861973
v -0.699722 8.760041 -1.871207
v -0.708797 8.760041 -1.878816
v -0.719181 8.760041 -1.884509
v -0.730476 8.760041 -1.888067
v -0.742249 8.760041 -1.889353
v -0.754046 8.760041 -1.888317
v -0.765415 8.760041 -1.885000
v -0.775918 8.760041 -1.879529
v -0.785151 8.760041 -1.872113
v -0.792761 8.760041 -1.863039
v -0.798454 8.760041 -1.852655
v -0.802012 8.760041 -1.841359
v -0.803297 8.760041 -1.829587
v -0.802262 8.760041 -1.817790
v -0.798945 8.760041 -1.806421
v -0.793473 8.760041 -1.795918
v -0.786058 8.760041 -1.786685
v -0.776984 8.760041 -1.779075
v -0.766599 8.760041 -1.773382
v -0.755304 8.760041 -1.769824
v -0.743531 8.760041 -1.768539
v -0.731734 8.760041 -1.769574
v -0.720366 8.760041 -1.772891
v -0.709863 8.760041 -1.778363
v -0.700629 8.760041 -1.785778
v -0.693020 8.760041 -1.794852
v -0.687327 8.760041 -1.805237
v -0.683769 8.760041 -1.816532
v -0.682483 8.760041 -1.828304
v -0.683519 8.760041 -1.840102
v -0.841407 8.826694 -1.787227
v -0.847749 8.826694 -1.797228
v -0.855921 8.826694 -1.805800
v -0.865608 8.826694 -1.812612
v -0.876437 8.826694 -1.817404
v -0.887994 8.826694 -1.819991
v -0.899833 8.826694 -1.820274
v -0.911500 8.826694 -1.818242
v -0.922546 8.826694 -1.813972
v -0.932547 8.826694 -1.807630
v -0.941119 8.826694 -1.799458
v -0.947931 8.826694 -1.789771
v -0.952723 8.826694 -1.778942
v -0.955310 8.826694 -1.767385
v -0.955593 8.826694 -1.755546
v -0.953561 8.826694 -1.743879
v -0.949291 8.826694 -1.732833
v -0.942949 8.826694 -1.722832
v -0.934777 8.826694 -1.714260
v -0.925090 8.826694 -1.707448
v -0.914261 8.826694 -1.702656
v -0.902704 8.826694 -1.700069
v -0.890865 8.826694 -1.699786
v -0.879198 8.826694 -1.701818
v -0.868152 8.826694 -1.706088
v -0.858151 8.826694 -1.712430
v -0.849579 8.826694 -1.720602
v -0.842767 8.826694 -1.730289
v -0.837975 8.826694 -1.741118
v -0.835388 8.826694 -1.752675
v -0.835105 8.826694 -1.764514
v -0.837137 8.826694 -1.776181
v -0.989971 8.893346 -1.710108
v -0.997139 8.893346 -1.719535
v -1.006008 8.893346 -1.727382
v -1.016237 8.893346 -1.733349
v -1.027435 8.893346 -1.737205
v -1.039169 8.893346 -1.738803
v -1.050989 8.893346 -1.738081
v -1.062442 8.893346 -1.735066
v -1.073086 8.893346 -1.729875
v -1.082513 8.893346 -1.722708
v -1.090361 8.893346 -1.713838
v -1.096328 8.893346 -1.703609
v -1.100184 8.893346 -1.692412
v -1.101781 8.893346 -1.680678
v -1.101059 8.893346 -1.668857
v -1.098045 8.893346 -1.657404
v -1.092854 8.893346 -1.646760
v -1.085686 8.893346 -1.637333
v -1.076817 8.893346 -1.629485
v -1.066587 8.893346 -1.623519
v -1.055390 8.893346 -1.619663
v -1.043656 8.893346 -1.618065
v -1.031836 8.893346 -1.618787
v -1.020383 8.893346 -1.621802
v -1.009739 8.893346 -1.626992
v -1.000312 8.893346 -1.634160
v -0.992464 8.893346 -1.643029
v -0.986497 8.893346 -1.653259
v -0.982641 8.893346 -1.664456
v -0.981044 8.893346 -1.676190
v -0.981766 8.893346 -1.688011
v -0.984780 8.893346 -1.699463
v -1.131462 8.959998 -1.620666
v -1.139403 8.959998 -1.629451
v -1.148906 8.959998 -1.636519
v -1.159604 8.959998 -1.641596
v -1.171088 8.959998 -1.644489
v -1.182916 8.959998 -1.645086
v -1.194632 8.959998 -1.643363
v -1.205788 8.959998 -1.639389
v -1.215954 8.959998 -1.633314
v -1.224739 8.959998 -1.625373
v -1.231806 8.959998 -1.615870
v -1.236884 8.959998 -1.605171
v -1.239777 8.959998 -1.593687
v -1.240373 8.959998 -1.581859
v -1.238651 8.959998 -1.570143
v -1.234676 8.959998 -1.558987
v -1.228601 8.959998 -1.548822
v -1.220660 8.959998 -1.540036
v -1.211158 8.959998 -1.532969
v -1.200459 8.959998 -1.527892
v -1.188975 8.959998 -1.524999
v -1.177147 8.959998 -1.524402
v -1.165431 8.959998 -1.526124
v -1.154275 8.959998 -1.530099
v -1.144109 8.959998 -1.536174
v -1.135324 8.959998 -1.544115
v -1.128257 8.959998 -1.553618
v -1.123179 8.959998 -1.564317
v -1.120287 8.959998 -1.575801
v -1.119690 8.959998 -1.587628
v -1.121412 8.959998 -1.599345
v -1.125387 8.959998 -1.610500
v -1.264856 9.026650 -1.519548
v -1.273514 9.026650 -1.527629
v -1.283581 9.026650 -1.533864
v -1.294672 9.026650 -1.538016
v -1.306360 9.026650 -1.539925
v -1.318195 9.026650 -1.539516
v -1.329724 9.026650 -1.536807
v -1.340502 9.026650 -1.531900
v -1.350116 9.026650 -1.524985
v -1.358196 9.026650 -1.516327
v -1.364432 9.026650 -1.506260
v -1.368584 9.026650 -1.495169
v -1.370492 9.026650 -1.483481
v -1.370084 9.026650 -1.471645
v -1.367375 9.026650 -1.460117
v -1.362468 9.026650 -1.449339
v -1.355553 9.026650 -1.439725
v -1.346895 9.026650 -1.431645
v -1.336827 9.026650 -1.425409
v -1.325736 9.026650 -1.421257
v -1.314049 9.026650 -1.419348
v -1.302213 9.026650 -1.419757
v -1.290685 9.026650 -1.422466
v -1.279906 9.026650 -1.427373
v -1.270293 9.026650 -1.434288
v -1.262212 9.026650 -1.442946
v -1.255976 9.026650 -1.453013
v -1.251824 9.026650 -1.464104
v -1.249916 9.026650 -1.475792
v -1.250324 9.026650 -1.487628
v -1.253034 9.026650 -1.499156
v -1.257941 9.026650 -1.509934
v -1.389194 9.093305 -1.407483
v -1.398506 9.093305 -1.414799
v -1.409066 9.093305 -1.420159
v -1.420469 9.093305 -1.423355
v -1.432277 9.093305 -1.424266
v -1.444035 9.093305 -1.422855
v -1.455292 9.093305 -1.419178
v -1.465615 9.093305 -1.413375
v -1.474608 9.093305 -1.405669
v -1.481925 9.093305 -1.396357
v -1.487285 9.093305 -1.385797
v -1.490481 9.093305 -1.374394
v -1.491392 9.093305 -1.362586
v -1.489981 9.093305 -1.350828
v -1.486303 9.093305 -1.339571
v -1.480500 9.093305 -1.329248
v -1.472795 9.093305 -1.320255
v -1.463483 9.093305 -1.312938
v -1.452923 9.093305 -1.307578
v -1.441520 9.093305 -1.304382
v -1.429712 9.093305 -1.303472
v -1.417954 9.093305 -1.304882
v -1.406697 9.093305 -1.308560
v -1.396374 9.093305 -1.314363
v -1.387381 9.093305 -1.322068
v -1.380064 9.093305 -1.331380
v -1.374704 9.093305 -1.341940
v -1.371508 9.093305 -1.353343
v -1.370597 9.093305 -1.365151
v -1.372008 9.093305 -1.376909
v -1.375686 9.093305 -1.388166
v -1.381489 9.093305 -1.398489
v -1.503582 9.159957 -1.285274
v -1.513480 9.159957 -1.291775
v -1.524457 9.159957 -1.296220
v -1.536090 9.159957 -1.298438
v -1.547932 9.159957 -1.298343
v -1.559529 9.159957 -1.295941
v -1.570433 9.159957 -1.291322
v -1.580227 9.159957 -1.284664
v -1.588534 9.159957 -1.276224
v -1.595035 9.159957 -1.266325
v -1.599480 9.159957 -1.255348
v -1.601698 9.159957 -1.243715
v -1.601603 9.159957 -1.231873
v -1.599201 9.159957 -1.220277
v -1.594582 9.159957 -1.209372
v -1.587924 9.159957 -1.199578
v -1.579484 9.159957 -1.191271
v -1.569585 9.159957 -1.184770
v -1.558608 9.159957 -1.180325
v -1.546975 9.159957 -1.178108
v -1.535133 9.159957 -1.178202
v -1.523537 9.159957 -1.180605
v -1.512632 9.159957 -1.185224
v -1.502838 9.159957 -1.191881
v -1.494531 9.159957 -1.200321
v -1.488030 9.159957 -1.210220
v -1.483586 9.159957 -1.221197
v -1.481368 9.159957 -1.232830
v -1.481462 9.159957 -1.244672
v -1.483865 9.159957 -1.256268
v -1.488484 9.159957 -1.267173
v -1.495141 9.159957 -1.276967
v -1.607192 9.226609 -1.153807
v -1.617607 9.226609 -1.159445
v -1.628921 9.226609 -1.162943
v -1.640700 9.226609 -1.164166
v -1.652491 9.226609 -1.163068
v -1.663842 9.226609 -1.159690
v -1.674316 9.226609 -1.154163
v -1.683510 9.226609 -1.146699
v -1.691071 9.226609 -1.137585
v -1.696709 9.226609 -1.127170
v -1.700207 9.226609 -1.115856
v -1.701430 9.226609 -1.104077
v -1.700332 9.226609 -1.092285
v -1.696954 9.226609 -1.080935
v -1.691427 9.226609 -1.070461
v -1.683963 9.226609 -1.061267
v -1.674849 9.226609 -1.053705
v -1.664434 9.226609 -1.048067
v -1.653120 9.226609 -1.044570
v -1.641341 9.226609 -1.043346
v -1.629550 9.226609 -1.044445
v -1.618199 9.226609 -1.047822
v -1.607725 9.226609 -1.053349
v -1.598531 9.226609 -1.060813
v -1.590970 9.226609 -1.069928
v -1.585332 9.226609 -1.080342
v -1.581834 9.226609 -1.091656
v -1.580611 9.226609 -1.103436
v -1.581709 9.226609 -1.115227
v -1.585087 9.226609 -1.126578
v -1.590613 9.226609 -1.137051
v -1.598078 9.226609 -1.146246
v -1.699281 9.293262 -1.014025
v -1.710136 9.293262 -1.018759
v -1.721706 9.293262 -1.021285
v -1.733547 9.293262 -1.021505
v -1.745203 9.293262 -1.019411
v -1.756226 9.293262 -1.015083
v -1.766193 9.293262 -1.008687
v -1.774721 9.293262 -1.000470
v -1.781482 9.293262 -0.990748
v -1.786217 9.293262 -0.979893
v -1.788742 9.293262 -0.968323
v -1.788962 9.293262 -0.956482
v -1.786868 9.293262 -0.944826
v -1.782540 9.293262 -0.933803
v -1.776145 9.293262 -0.923836
v -1.767928 9.293262 -0.915307
v -1.758205 9.293262 -0.908546
v -1.747350 9.293262 -0.903812
v -1.735780 9.293262 -0.901286
v -1.723939 9.293262 -0.901066
v -1.712283 9.293262 -0.903161
v -1.701260 9.293262 -0.907489
v -1.691293 9.293262 -0.913884
v -1.682765 9.293262 -0.922101
v -1.676003 9.293262 -0.931824
v -1.671269 9.293262 -0.942679
v -1.668743 9.293262 -0.954249
v -1.668524 9.293262 -0.966089
v -1.670618 9.293262 -0.977745
v -1.674946 9.293262 -0.988769
v -1.681341 9.293262 -0.998736
v -1.689558 9.293262 -1.007264
v -1.779183 9.359914 -0.866939
v -1.790400 9.359914 -0.870735
v -1.802143 9.359914 -0.872271
v -1.813959 9.359914 -0.871486
v -1.825396 9.359914 -0.868411
v -1.836012 9.359914 -0.863163
v -1.845401 9.359914 -0.855946
v -1.853202 9.359914 -0.847035
v -1.859114 9.359914 -0.836774
v -1.862911 9.359914 -0.825557
v -1.864446 9.359914 -0.813814
v -1.863661 9.359914 -0.801997
v -1.860586 9.359914 -0.790561
v -1.855339 9.359914 -0.779944
v -1.848121 9.359914 -0.770556
v -1.839211 9.359914 -0.762755
v -1.828949 9.359914 -0.756843
v -1.817732 9.359914 -0.753046
v -1.805989 9.359914 -0.751511
v -1.794173 9.359914 -0.752296
v -1.782737 9.359914 -0.755371
v -1.772120 9.359914 -0.760618
v -1.762731 9.359914 -0.767836
v -1.754930 9.359914 -0.776746
v -1.749018 9.359914 -0.787008
v -1.745221 9.359914 -0.798225
v -1.743686 9.359914 -0.809968
v -1.744471 9.359914 -0.821784
v -1.747546 9.359914 -0.833220
v -1.752794 9.359914 -0.843837
v -1.760011 9.359914 -0.853226
v -1.768922 9.359914 -0.861026
v -1.846323 9.426568 -0.713606
v -1.857823 9.426568 -0.716438
v -1.869653 9.426568 -0.716972
v -1.881360 9.426568 -0.715187
v -1.892495 9.426568 -0.711154
v -1.902628 9.426568 -0.705025
v -1.911371 9.426568 -0.697037
v -1.918388 9.426568 -0.687497
v -1.923408 9.426568 -0.676771
v -1.926240 9.426568 -0.665272
v -1.926774 9.426568 -0.653442
v -1.924990 9.426568 -0.641734
v -1.920956 9.426568 -0.630600
v -1.914827 9.426568 -0.620467
v -1.906839 9.426568 -0.611724
v -1.897299 9.426568 -0.604707
v -1.886574 9.426568 -0.599686
v -1.875075 9.426568 -0.596855
v -1.863244 9.426568 -0.596320
v -1.851537 9.426568 -0.598105
v -1.840402 9.426568 -0.602139
v -1.830269 9.426568 -0.608267
v -1.821526 9.426568 -0.616255
v -1.814509 9.426568 -0.625795
v -1.809489 9.426568 -0.636521
v -1.806657 9.426568 -0.648020
v -1.806123 9.426568 -0.659850
v -1.807907 9.426568 -0.671558
v -1.811941 9.426568 -0.682692
v -1.818070 9.426568 -0.692825
v -1.826058 9.426568 -0.701569
v -1.835598 9.426568 -0.708585
v -1.900219 9.493220 -0.555130
v -1.911917 9.493220 -0.556976
v -1.923750 9.493220 -0.556505
v -1.935264 9.493220 -0.553734
v -1.946016 9.493220 -0.548771
v -1.955593 9.493220 -0.541805
v -1.963627 9.493220 -0.533104
v -1.969810 9.493220 -0.523003
v -1.973903 9.493220 -0.511891
v -1.975749 9.493220 -0.500193
v -1.975278 9.493220 -0.488360
v -1.972507 9.493220 -0.476846
v -1.967543 9.493220 -0.466094
v -1.960577 9.493220 -0.456517
v -1.951877 9.493220 -0.448483
v -1.941776 9.493220 -0.442300
v -1.930663 9.493220 -0.438207
v -1.918966 9.493220 -0.436361
v -1.907132 9.493220 -0.436832
v -1.895619 9.493220 -0.439603
v -1.884866 9.493220 -0.444566
v -1.875289 9.493220 -0.451532
v -1.867255 9.493220 -0.460233
v -1.861073 9.493220 -0.470334
v -1.856980 9.493220 -0.481446
v -1.855133 9.493220 -0.493144
v -1.855605 9.493220 -0.504977
v -1.858375 9.493220 -0.516491
v -1.863339 9.493220 -0.527243
v -1.870305 9.493220 -0.536820
v -1.879006 9.493220 -0.544855
v -1.889106 9.493220 -0.551037
v -1.940480 9.559873 -0.392656
v -1.952292 9.559873 -0.393504
v -1.964043 9.559873 -0.392031
v -1.975280 9.559873 -0.388293
v -1.985573 9.559873 -0.382436
v -1.994525 9.559873 -0.374683
v -2.001792 9.559873 -0.365332
v -2.007095 9.559873 -0.354744
v -2.010231 9.559873 -0.343324
v -2.011079 9.559873 -0.331511
v -2.009606 9.559873 -0.319761
v -2.005869 9.559873 -0.308524
v -2.000011 9.559873 -0.298231
v -1.992258 9.559873 -0.289279
v -1.982908 9.559873 -0.282012
v -1.972319 9.559873 -0.276708
v -1.960899 9.559873 -0.273573
v -1.949087 9.559873 -0.272725
v -1.937336 9.559873 -0.274198
v -1.926099 9.559873 -0.277935
v -1.915806 9.559873 -0.283793
v -1.906855 9.559873 -0.291546
v -1.899587 9.559873 -0.300896
v -1.894284 9.559873 -0.311485
v -1.891148 9.559873 -0.322905
v -1.890300 9.559873 -0.334717
v -1.891773 9.559873 -0.346468
v -1.895510 9.559873 -0.357705
v -1.901368 9.559873 -0.367997
v -1.909121 9.559873 -0.376949
v -1.918472 9.559873 -0.384217
v -1.929060 9.559873 -0.389520
v -1.966818 9.626525 -0.227351
v -1.978660 9.626525 -0.227194
v -1.990243 9.626525 -0.224730
v -2.001123 9.626525 -0.220053
v -2.010881 9.626525 -0.213344
v -2.019144 9.626525 -0.204859
v -2.025592 9.626525 -0.194926
v -2.029978 9.626525 -0.183926
v -2.032134 9.626525 -0.172281
v -2.031977 9.626525 -0.160440
v -2.029513 9.626525 -0.148856
v -2.024836 9.626525 -0.137976
v -2.018127 9.626525 -0.128218
v -2.009642 9.626525 -0.119956
v -1.999709 9.626525 -0.113508
v -1.988709 9.626525 -0.109121
v -1.977064 9.626525 -0.106965
v -1.965223 9.626525 -0.107122
v -1.953639 9.626525 -0.109586
v -1.942760 9.626525 -0.114263
v -1.933001 9.626525 -0.120973
v -1.924739 9.626525 -0.129457
v -1.918291 9.626525 -0.139390
v -1.913904 9.626525 -0.150390
v -1.911748 9.626525 -0.162035
v -1.911905 9.626525 -0.173876
v -1.914369 9.626525 -0.185460
v -1.919046 9.626525 -0.196340
v -1.925756 9.626525 -0.206098
v -1.934240 9.626525 -0.214360
v -1.944173 9.626525 -0.220809
v -1.955173 9.626525 -0.225195
v -1.979042 9.693177 -0.060410
v -1.990827 9.693177 -0.059249
v -2.002160 9.693177 -0.055811
v -2.012604 9.693177 -0.050229
v -2.021759 9.693177 -0.042716
v -2.029271 9.693177 -0.033562
v -2.034854 9.693177 -0.023117
v -2.038292 9.693177 -0.011785
v -2.039453 9.693177 0.000001
v -2.038292 9.693177 0.011786
v -2.034854 9.693177 0.023119
v -2.029271 9.693177 0.033563
v -2.021759 9.693177 0.042717
v -2.012604 9.693177 0.050230
v -2.002160 9.693177 0.055813
v -1.990827 9.693177 0.059251
v -1.979042 9.693177 0.060411
v -1.967256 9.693177 0.059251
v -1.955924 9.693177 0.055813
v -1.945480 9.693177 0.050230
v -1.936325 9.693177 0.042717
v -1.928812 9.693177 0.033563
v -1.923230 9.693177 0.023119
v -1.919792 9.693177 0.011786
v -1.918631 9.693177 0.000001
v -1.919792 9.693177 -0.011785
v -1.923230 9.693177 -0.023118
v -1.928812 9.693177 -0.033562
v -1.936325 9.693177 -0.042716
v -1.945480 9.693177 -0.050229
v -1.955924 9.693177 -0.055812
v -1.967256 9.693177 -0.059249
vn -0.0006 -0.1778 -0.9841
vn -0.1840 -0.1800 -0.9663
vn -0.3589 -0.1873 -0.9144
vn -0.5202 -0.2018 -0.8299
vn -0.6612 -0.2257 -0.7155
vn -0.7745 -0.2638 -0.5749
vn -0.8509 -0.3250 -0.4128
vn -0.8739 -0.4250 -0.2360
vn -0.8133 -0.5787 -0.0596
vn -0.6505 -0.7553 0.0799
vn -0.4591 -0.8750 0.1538
vn -0.3144 -0.9314 0.1834
vn -0.2156 -0.9569 0.1948
vn -0.1448 -0.9692 0.1993
vn -0.0897 -0.9755 0.2008
vn -0.0431 -0.9787 0.2007
vn -0.0002 -0.9798 0.2001
vn 0.0415 -0.9792 0.1986
vn 0.0861 -0.9769 0.1954
vn 0.1369 -0.9721 0.1904
vn 0.1999 -0.9627 0.1823
vn 0.2846 -0.9439 0.1675
vn 0.4066 -0.9032 0.1376
vn 0.5783 -0.8127 0.0718
vn 0.7564 -0.6517 -0.0563
vn 0.8463 -0.4800 -0.2311
vn 0.8382 -0.3591 -0.4105
vn 0.7674 -0.2846 -0.5745
vn 0.6560 -0.2384 -0.7161
vn 0.5157 -0.2095 -0.8308
vn 0.3545 -0.1915 -0.9152
vn 0.1796 -0.1816 -0.9668
vn -0.0317 0.9289 -0.3690
vn -0.1062 0.9261 -0.3619
vn -0.1850 0.9174 -0.3522
vn -0.2748 0.9000 -0.3382
vn -0.3841 0.8673 -0.3167
vn -0.5253 0.8034 -0.2805
vn -0.7097 0.6714 -0.2135
vn -0.9092 0.4065 -0.0904
vn -0.9964 -0.0000 0.0848
vn -0.8808 -0.4065 0.2428
vn -0.6634 -0.6714 0.3304
vn -0.4703 -0.8034 0.3652
vn -0.3251 -0.8673 0.3771
vn -0.2137 -0.9000 0.3798
vn -0.1229 -0.9174 0.3784
vn -0.0435 -0.9261 0.3747
vn 0.0312 -0.9289 0.3691
vn 0.1042 -0.9265 0.3616
vn 0.1822 -0.9183 0.3514
vn 0.2704 -0.9019 0.3369
vn 0.3767 -0.8711 0.3151
vn 0.5128 -0.8118 0.2792
vn 0.6912 -0.6901 0.2147
vn 0.8956 -0.4346 0.0952
vn 0.9964 -0.0000 -0.0848
vn 0.8666 0.4346 -0.2451
vn 0.6449 0.6901 -0.3284
vn 0.4582 0.8118 -0.3619
vn 0.3180 0.8711 -0.3742
vn 0.2096 0.9019 -0.3778
vn 0.1202 0.9183 -0.3771
vn 0.0415 0.9265 -0.3740
vn -0.0628 0.9289 -0.3650
vn -0.1365 0.9261 -0.3516
vn -0.2142 0.9174 -0.3353
vn -0.3025 0.9000 -0.3137
vn -0.4096 0.8673 -0.2830
vn -0.5472 0.8034 -0.2349
vn -0.7252 0.6714 -0.1526
vn -0.9136 0.4064 -0.0130
vn -0.9856 -0.0000 0.1690
vn -0.8571 -0.4065 0.3166
vn -0.6330 -0.6714 0.3854
vn -0.4377 -0.8034 0.4038
vn -0.2919 -0.8673 0.4033
vn -0.1807 -0.9000 0.3966
vn -0.0903 -0.9174 0.3875
vn -0.0116 -0.9261 0.3770
vn 0.0623 -0.9289 0.3651
vn 0.1344 -0.9265 0.3515
vn 0.2113 -0.9183 0.3347
vn 0.2980 -0.9019 0.3128
vn 0.4021 -0.8711 0.2820
vn 0.5346 -0.8118 0.2347
vn 0.7069 -0.6901 0.1553
vn 0.9004 -0.4346 0.0189
vn 0.9856 -0.0000 -0.1690
vn 0.8427 0.4346 -0.3178
vn 0.6148 0.6901 -0.3819
vn 0.4259 0.8118 -0.3994
vn 0.2852 0.8711 -0.3998
vn 0.1768 0.9019 -0.3942
vn 0.0878 0.9183 -0.3859
vn 0.0097 0.9265 -0.3762
vn -0.0936 0.9289 -0.3584
vn -0.1659 0.9261 -0.3388
vn -0.2419 0.9174 -0.3159
vn -0.3280 0.9000 -0.2869
vn -0.4321 0.8673 -0.2473
vn -0.5651 0.8034 -0.1876
vn -0.7356 0.6714 -0.0905
vn -0.9114 0.4065 0.0645
vn -0.9677 -0.0000 0.2520
vn -0.8271 -0.4065 0.3881
vn -0.5980 -0.6714 0.4378
vn -0.4019 -0.8034 0.4395
vn -0.2567 -0.8673 0.4266
vn -0.1464 -0.9000 0.4105
vn -0.0571 -0.9174 0.3937
vn 0.0204 -0.9261 0.3766
vn 0.0931 -0.9289 0.3585
vn 0.1638 -0.9265 0.3388
vn 0.2390 -0.9183 0.3155
vn 0.3234 -0.9019 0.2864
vn 0.4245 -0.8711 0.2469
vn 0.5526 -0.8118 0.1886
vn 0.7175 -0.6901 0.0948
vn 0.8988 -0.4346 -0.0576
vn 0.9677 -0.0000 -0.2520
vn 0.8127 0.4346 -0.3881
vn 0.5802 0.6901 -0.4327
vn 0.3905 0.8118 -0.4341
vn 0.2502 0.8711 -0.4226
vn 0.1427 0.9019 -0.4077
vn 0.0547 0.9183 -0.3920
vn -0.0223 0.9265 -0.3757
vn -0.1236 0.9289 -0.3491
vn -0.1940 0.9261 -0.3235
vn -0.2678 0.9174 -0.2942
vn -0.3512 0.9000 -0.2581
vn -0.4515 0.8673 -0.2097
vn -0.5790 0.8034 -0.1391
vn -0.7406 0.6714 -0.0278
vn -0.9026 0.4064 0.1416
vn -0.9429 -0.0000 0.3331
vn -0.7912 -0.4064 0.4569
vn -0.5587 -0.6714 0.4869
vn -0.3631 -0.8034 0.4719
vn -0.2196 -0.8673 0.4468
vn -0.1111 -0.9000 0.4214
vn -0.0235 -0.9174 0.3972
vn 0.0523 -0.9261 0.3736
vn 0.1231 -0.9289 0.3493
vn 0.1919 -0.9265 0.3237
vn 0.2649 -0.9183 0.2941
vn 0.3466 -0.9019 0.2579
vn 0.4439 -0.8711 0.2100
vn 0.5666 -0.8118 0.1410
vn 0.7230 -0.6901 0.0336
vn 0.8907 -0.4346 -0.1336
vn 0.9429 -0.0000 -0.3331
vn 0.7769 0.4346 -0.4556
vn 0.5414 0.6901 -0.4803
vn 0.3522 0.8118 -0.4657
vn 0.2135 0.8711 -0.4423
vn 0.1076 0.9019 -0.4184
vn 0.0213 0.9183 -0.3952
vn -0.0540 0.9265 -0.3724
vn -0.1528 0.9289 -0.3374
vn -0.2207 0.9261 -0.3059
vn -0.2918 0.9174 -0.2705
vn -0.3718 0.9000 -0.2274
vn -0.4677 0.8673 -0.1707
vn -0.5887 0.8034 -0.0895
vn -0.7403 0.6714 0.0351
vn -0.8874 0.4065 0.2176
vn -0.9112 -0.0000 0.4119
vn -0.7496 -0.4064 0.5224
vn -0.5154 -0.6714 0.5325
vn -0.3218 -0.8034 0.5010
vn -0.1809 -0.8673 0.4638
vn -0.0750 -0.9000 0.4293
vn 0.0102 -0.9174 0.3977
vn 0.0838 -0.9261 0.3678
vn 0.1523 -0.9289 0.3376
vn 0.2187 -0.9265 0.3063
vn 0.2889 -0.9183 0.2706
vn 0.3672 -0.9019 0.2276
vn 0.4602 -0.8711 0.1716
vn 0.5765 -0.8118 0.0924
vn 0.7232 -0.6901 -0.0278
vn 0.8761 -0.4346 -0.2086
vn 0.9112 -0.0000 -0.4119
vn 0.7354 0.4346 -0.5198
vn 0.4987 0.6901 -0.5245
vn 0.3115 0.8118 -0.4939
vn 0.1752 0.8711 -0.4588
vn 0.0717 0.9019 -0.4260
vn -0.0123 0.9183 -0.3956
vn -0.0854 0.9265 -0.3665
vn -0.1809 0.9289 -0.3232
vn -0.2459 0.9261 -0.2861
vn -0.3137 0.9174 -0.2447
vn -0.3897 0.9000 -0.1950
vn -0.4805 0.8673 -0.1304
vn -0.5942 0.8034 -0.0392
vn -0.7346 0.6714 0.0978
vn -0.8657 0.4065 0.2921
vn -0.8730 -0.0000 0.4877
vn -0.7026 -0.4064 0.5840
vn -0.4684 -0.6714 0.5743
vn -0.2782 -0.8034 0.5265
vn -0.1409 -0.8673 0.4775
vn -0.0383 -0.9000 0.4341
vn 0.0439 -0.9174 0.3954
vn 0.1147 -0.9261 0.3593
vn 0.1804 -0.9289 0.3235
vn 0.2439 -0.9265 0.2866
vn 0.3108 -0.9183 0.2451
vn 0.3851 -0.9019 0.1956
vn 0.4730 -0.8711 0.1320
vn 0.5823 -0.8118 0.0432
vn 0.7182 -0.6901 -0.0891
vn 0.8553 -0.4346 -0.2822
vn 0.8730 -0.0000 -0.4877
vn 0.6887 0.4346 -0.5803
vn 0.4524 0.6901 -0.5649
vn 0.2685 0.8118 -0.5185
vn 0.1357 0.8711 -0.4720
vn 0.0353 0.9019 -0.4305
vn -0.0458 0.9183 -0.3931
vn -0.1162 0.9265 -0.3579
vn -0.2076 0.9289 -0.3067
vn -0.2692 0.9261 -0.2642
vn -0.3333 0.9174 -0.2172
vn -0.4049 0.9000 -0.1613
vn -0.4898 0.8673 -0.0892
vn -0.5954 0.8034 0.0113
vn -0.7237 0.6714 0.1597
vn -0.8378 0.4064 0.3645
vn -0.8285 -0.0000 0.5600
vn -0.6506 -0.4064 0.6415
vn -0.4180 -0.6714 0.6120
vn -0.2325 -0.8034 0.5482
vn -0.0999 -0.8673 0.4877
vn -0.0013 -0.9000 0.4358
vn 0.0773 -0.9174 0.3903
vn 0.1447 -0.9261 0.3483
vn 0.2072 -0.9289 0.3070
vn 0.2673 -0.9265 0.2649
vn 0.3304 -0.9183 0.2179
vn 0.4004 -0.9019 0.1623
vn 0.4825 -0.8711 0.0914
vn 0.5838 -0.8118 -0.0063
vn 0.7081 -0.6901 -0.1497
vn 0.8283 -0.4346 -0.3537
vn 0.8285 -0.0000 -0.5600
vn 0.6370 0.4346 -0.6367
vn 0.4029 0.6901 -0.6012
vn 0.2235 0.8118 -0.5394
vn 0.0951 0.8711 -0.4818
vn -0.0013 0.9019 -0.4320
vn -0.0790 0.9183 -0.3878
vn -0.1461 0.9265 -0.3468
vn -0.2329 0.9289 -0.2880
vn -0.2907 0.9261 -0.2404
vn -0.3505 0.9174 -0.1882
vn -0.4171 0.9000 -0.1263
vn -0.4956 0.8673 -0.0473
vn -0.5923 0.8034 0.0618
vn -0.7075 0.6714 0.2205
vn -0.8039 0.4064 0.4342
vn -0.7780 -0.0000 0.6282
vn -0.5938 -0.4065 0.6944
vn -0.3646 -0.6714 0.6452
vn -0.1852 -0.8034 0.5660
vn -0.0582 -0.8673 0.4945
vn 0.0356 -0.9000 0.4344
vn 0.1101 -0.9174 0.3823
vn 0.1738 -0.9261 0.3348
vn 0.2325 -0.9289 0.2883
vn 0.2888 -0.9265 0.2413
vn 0.3477 -0.9183 0.1891
vn 0.4127 -0.9019 0.1277
vn 0.4886 -0.8711 0.0501
vn 0.5812 -0.8118 -0.0558
vn 0.6929 -0.6901 -0.2092
vn 0.7953 -0.4346 -0.4227
vn 0.7780 -0.0000 -0.6282
vn 0.5807 0.4346 -0.6884
vn 0.3504 0.6901 -0.6332
vn 0.1770 0.8118 -0.5564
vn 0.0539 0.8711 -0.4881
vn -0.0379 0.9019 -0.4303
vn -0.1116 0.9183 -0.3797
vn -0.1750 0.9265 -0.3332
vn -0.2565 0.9289 -0.2672
vn -0.3100 0.9261 -0.2149
vn -0.3652 0.9174 -0.1578
vn -0.4263 0.9000 -0.0905
vn -0.4978 0.8673 -0.0051
vn -0.5849 0.8034 0.1118
vn -0.6863 0.6714 0.2797
vn -0.7642 0.4065 0.5008
vn -0.7220 -0.0000 0.6919
vn -0.5328 -0.4064 0.7422
vn -0.3086 -0.6714 0.6738
vn -0.1365 -0.8034 0.5796
vn -0.0160 -0.8673 0.4976
vn 0.0723 -0.9000 0.4298
vn 0.1422 -0.9174 0.3716
vn 0.2015 -0.9261 0.3189
vn 0.2561 -0.9289 0.2676
vn 0.3082 -0.9265 0.2159
vn 0.3625 -0.9183 0.1589
vn 0.4220 -0.9019 0.0923
vn 0.4910 -0.8711 0.0085
vn 0.5744 -0.8118 -0.1049
vn 0.6726 -0.6901 -0.2672
vn 0.7566 -0.4346 -0.4886
vn 0.7220 -0.0000 -0.6919
vn 0.5202 0.4346 -0.7351
vn 0.2955 0.6901 -0.6607
vn 0.1292 0.8118 -0.5694
vn 0.0123 0.8711 -0.4910
vn -0.0743 0.9019 -0.4256
vn -0.1434 0.9183 -0.3689
vn -0.2027 0.9265 -0.3171
vn -0.2782 0.9289 -0.2445
vn -0.3271 0.9261 -0.1878
vn -0.3773 0.9174 -0.1263
vn -0.4324 0.9000 -0.0540
vn -0.4965 0.8673 0.0371
vn -0.5733 0.8034 0.1610
vn -0.6601 0.6714 0.3369
vn -0.7190 0.4064 0.5638
vn -0.6607 -0.0000 0.7507
vn -0.4679 -0.4064 0.7848
vn -0.2503 -0.6714 0.6975
vn -0.0869 -0.8034 0.5891
vn 0.0262 -0.8673 0.4972
vn 0.1085 -0.9000 0.4221
vn 0.1732 -0.9174 0.3582
vn 0.2278 -0.9261 0.3006
vn 0.2779 -0.9289 0.2449
vn 0.3254 -0.9265 0.1890
vn 0.3747 -0.9183 0.1276
vn 0.4283 -0.9019 0.0562
vn 0.4900 -0.8711 -0.0332
vn 0.5634 -0.8118 -0.1532
vn 0.6475 -0.6901 -0.3233
vn 0.7124 -0.4346 -0.5510
vn 0.6607 -0.0000 -0.7507
vn 0.4560 0.4346 -0.7766
vn 0.2384 0.6901 -0.6834
vn 0.0804 0.8118 -0.5783
vn -0.0293 0.8711 -0.4902
vn -0.1101 0.9019 -0.4177
vn -0.1742 0.9183 -0.3554
vn -0.2288 0.9265 -0.2988
vn -0.2979 0.9289 -0.2200
vn -0.3419 0.9261 -0.1594
vn -0.3866 0.9174 -0.0938
vn -0.4355 0.9000 -0.0172
vn -0.4915 0.8673 0.0791
vn -0.5576 0.8034 0.2090
vn -0.6292 0.6714 0.3917
vn -0.6686 0.4065 0.6228
vn -0.5946 -0.0000 0.8040
vn -0.3997 -0.4065 0.8216
vn -0.1903 -0.6714 0.7163
vn -0.0366 -0.8034 0.5944
vn 0.0683 -0.8673 0.4932
vn 0.1439 -0.9000 0.4114
vn 0.2029 -0.9174 0.3422
vn 0.2525 -0.9261 0.2802
vn 0.2976 -0.9289 0.2204
vn 0.3403 -0.9265 0.1607
vn 0.3841 -0.9183 0.0954
vn 0.4315 -0.9019 0.0196
vn 0.4854 -0.8711 -0.0746
vn 0.5484 -0.8118 -0.2004
vn 0.6178 -0.6901 -0.3770
vn 0.6631 -0.4346 -0.6094
vn 0.5946 -0.0000 -0.8040
vn 0.3885 0.4346 -0.8125
vn 0.1796 0.6901 -0.7011
vn 0.0311 0.8118 -0.5831
vn -0.0708 0.8711 -0.4860
vn -0.1451 0.9019 -0.4069
vn -0.2037 0.9183 -0.3394
vn -0.2533 0.9265 -0.2783
vn -0.3155 0.9289 -0.1940
vn -0.3541 0.9261 -0.1298
vn -0.3932 0.9174 -0.0607
vn -0.4354 0.9000 0.0198
vn -0.4831 0.8673 0.1205
vn -0.5378 0.8034 0.2556
vn -0.5937 0.6714 0.4436
vn -0.6133 0.4065 0.6772
vn -0.5243 -0.0000 0.8515
vn -0.3286 -0.4065 0.8525
vn -0.1288 -0.6714 0.7298
vn 0.0139 -0.8034 0.5953
vn 0.1099 -0.8673 0.4856
vn 0.1783 -0.9000 0.3977
vn 0.2312 -0.9174 0.3238
vn 0.2754 -0.9261 0.2578
vn 0.3152 -0.9289 0.1944
vn 0.3527 -0.9265 0.1313
vn 0.3908 -0.9183 0.0625
vn 0.4317 -0.9019 -0.0170
vn 0.4773 -0.8711 -0.1155
vn 0.5294 -0.8118 -0.2462
vn 0.5836 -0.6901 -0.4280
vn 0.6090 -0.4346 -0.6634
vn 0.5243 -0.0000 -0.8515
vn 0.3182 0.4346 -0.8425
vn 0.1195 0.6901 -0.7138
vn -0.0185 0.8119 -0.5836
vn -0.1118 0.8711 -0.4782
vn -0.1791 0.9019 -0.3931
vn -0.2317 0.9183 -0.3209
vn -0.2760 0.9265 -0.2558
vn -0.3308 0.9289 -0.1665
vn -0.3639 0.9261 -0.0993
vn -0.3969 0.9174 -0.0271
vn -0.4321 0.9000 0.0567
vn -0.4711 0.8673 0.1610
vn -0.5142 0.8034 0.3003
vn -0.5539 0.6714 0.4924
vn -0.5537 0.4065 0.7268
vn -0.4502 -0.0000 0.8929
vn -0.2551 -0.4065 0.8773
vn -0.0665 -0.6714 0.7381
vn 0.0644 -0.8034 0.5920
vn 0.1507 -0.8673 0.4745
vn 0.2114 -0.9000 0.3811
vn 0.2578 -0.9174 0.3030
vn 0.2962 -0.9261 0.2335
vn 0.3306 -0.9289 0.1670
vn 0.3626 -0.9265 0.1009
vn 0.3947 -0.9183 0.0291
vn 0.4287 -0.9019 -0.0536
vn 0.4658 -0.8711 -0.1556
vn 0.5066 -0.8118 -0.2902
vn 0.5452 -0.6901 -0.4760
vn 0.5506 -0.4346 -0.7127
vn 0.4502 -0.0000 -0.8929
vn 0.2456 0.4346 -0.8665
vn 0.0585 0.6901 -0.7214
vn -0.0679 0.8118 -0.5799
vn -0.1519 0.8711 -0.4670
vn -0.2118 0.9019 -0.3765
vn -0.2581 0.9183 -0.3001
vn -0.2967 0.9265 -0.2315
vn -0.3438 0.9289 -0.1379
vn -0.3710 0.9261 -0.0681
vn -0.3978 0.9174 0.0067
vn -0.4257 0.9000 0.0931
vn -0.4558 0.8673 0.2004
vn -0.4869 0.8034 0.3428
vn -0.5102 0.6714 0.5376
vn -0.4901 0.4065 0.7711
vn -0.3729 -0.0000 0.9279
vn -0.1798 -0.4065 0.8958
vn -0.0036 -0.6714 0.7411
vn 0.1143 -0.8034 0.5844
vn 0.1904 -0.8673 0.4600
vn 0.2429 -0.9000 0.3618
vn 0.2826 -0.9174 0.2801
vn 0.3150 -0.9261 0.2075
vn 0.3436 -0.9289 0.1383
vn 0.3698 -0.9265 0.0698
vn 0.3958 -0.9183 -0.0045
vn 0.4226 -0.9019 -0.0897
vn 0.4510 -0.8711 -0.1945
vn 0.4802 -0.8118 -0.3322
vn 0.5029 -0.6901 -0.5205
vn 0.4882 -0.4346 -0.7568
vn 0.3729 -0.0000 -0.9279
vn 0.1712 0.4346 -0.8842
vn -0.0029 0.6901 -0.7237
vn -0.1168 0.8118 -0.5721
vn -0.1910 0.8711 -0.4525
vn -0.2430 0.9019 -0.3572
vn -0.2826 0.9183 -0.2771
vn -0.3153 0.9265 -0.2055
vn -0.3542 0.9289 -0.1082
vn -0.3754 0.9261 -0.0364
vn -0.3958 0.9174 0.0404
vn -0.4163 0.9000 0.1289
vn -0.4371 0.8673 0.2383
vn -0.4561 0.8034 0.3828
vn -0.4627 0.6714 0.5789
vn -0.4229 0.4064 0.8099
vn -0.2928 -0.0000 0.9562
vn -0.1031 -0.4064 0.9078
vn 0.0592 -0.6714 0.7387
vn 0.1635 -0.8034 0.5726
vn 0.2287 -0.8673 0.4422
vn 0.2728 -0.9000 0.3399
vn 0.3053 -0.9174 0.2551
vn 0.3314 -0.9261 0.1801
vn 0.3541 -0.9289 0.1087
vn 0.3744 -0.9265 0.0382
vn 0.3940 -0.9183 -0.0380
vn 0.4134 -0.9019 -0.1253
vn 0.4328 -0.8711 -0.2321
vn 0.4503 -0.8118 -0.3717
vn 0.4569 -0.6901 -0.5613
vn 0.4222 -0.4346 -0.7955
vn 0.2928 -0.0000 -0.9562
vn 0.0956 0.4346 -0.8955
vn -0.0643 0.6901 -0.7209
vn -0.1649 0.8118 -0.5601
vn -0.2287 0.8711 -0.4346
vn -0.2724 0.9019 -0.3353
vn -0.3051 0.9183 -0.2521
vn -0.3316 0.9265 -0.1780
vn -0.3621 0.9289 -0.0778
vn -0.3772 0.9261 -0.0044
vn -0.3910 0.9174 0.0738
vn -0.4039 0.9000 0.1637
vn -0.4153 0.8673 0.2745
vn -0.4220 0.8034 0.4202
vn -0.4120 0.6714 0.6160
vn -0.3527 0.4065 0.8428
vn -0.2107 -0.0000 0.9776
vn -0.0258 -0.4065 0.9133
vn 0.1217 -0.6714 0.7311
vn 0.2115 -0.8034 0.5567
vn 0.2654 -0.8673 0.4212
vn 0.3006 -0.9000 0.3156
vn 0.3259 -0.9174 0.2283
vn 0.3455 -0.9261 0.1513
vn 0.3620 -0.9289 0.0783
vn 0.3763 -0.9265 0.0063
vn 0.3893 -0.9183 -0.0713
vn 0.4013 -0.9019 -0.1599
vn 0.4116 -0.8711 -0.2679
vn 0.4171 -0.8118 -0.4085
vn 0.4077 -0.6901 -0.5980
vn 0.3532 -0.4346 -0.8284
vn 0.2107 -0.0000 -0.9776
vn 0.0194 0.4346 -0.9004
vn -0.1252 0.6901 -0.7128
vn -0.2118 0.8118 -0.5441
vn -0.2647 0.8711 -0.4137
vn -0.2998 0.9019 -0.3110
vn -0.3254 0.9183 -0.2254
vn -0.3455 0.9265 -0.1492
vn -0.3674 0.9289 -0.0468
vn -0.3762 0.9261 0.0276
vn -0.3833 0.9174 0.1067
vn -0.3885 0.9000 0.1974
vn -0.3905 0.8673 0.3088
vn -0.3848 0.8034 0.4544
vn -0.3582 0.6714 0.6488
vn -0.2799 0.4064 0.8697
vn -0.1270 -0.0000 0.9919
vn 0.0517 -0.4065 0.9122
vn 0.1832 -0.6714 0.7181
vn 0.2579 -0.8034 0.5367
vn 0.3001 -0.8673 0.3972
vn 0.3263 -0.9000 0.2889
vn 0.3440 -0.9174 0.1998
vn 0.3571 -0.9261 0.1215
vn 0.3673 -0.9289 0.0473
vn 0.3755 -0.9265 -0.0256
vn 0.3819 -0.9183 -0.1041
vn 0.3863 -0.9019 -0.1933
vn 0.3874 -0.8711 -0.3019
vn 0.3810 -0.8119 -0.4424
vn 0.3555 -0.6901 -0.6304
vn 0.2817 -0.4346 -0.8554
vn 0.1270 -0.0000 -0.9919
vn -0.0571 0.4347 -0.8988
vn -0.1852 0.6901 -0.6996
vn -0.2572 0.8118 -0.5242
vn -0.2988 0.8711 -0.3897
vn -0.3251 0.9019 -0.2844
vn -0.3433 0.9183 -0.1969
vn -0.3569 0.9265 -0.1194
vn -0.3700 0.9289 -0.0155
vn -0.3725 0.9261 0.0594
vn -0.3729 0.9174 0.1388
vn -0.3704 0.9000 0.2296
vn -0.3630 0.8673 0.3408
vn -0.3449 0.8034 0.4854
vn -0.3019 0.6714 0.6768
vn -0.2052 0.4065 0.8903
vn -0.0424 -0.0000 0.9991
vn 0.1289 -0.4065 0.9045
vn 0.2434 -0.6714 0.7000
vn 0.3025 -0.8034 0.5129
vn 0.3328 -0.8673 0.3703
vn 0.3496 -0.9000 0.2602
vn 0.3598 -0.9174 0.1699
vn 0.3661 -0.9261 0.0908
vn 0.3700 -0.9289 0.0160
vn 0.3719 -0.9265 -0.0574
vn 0.3717 -0.9183 -0.1361
vn 0.3685 -0.9019 -0.2254
vn 0.3604 -0.8711 -0.3336
vn 0.3421 -0.8118 -0.4732
vn 0.3007 -0.6901 -0.6583
vn 0.2082 -0.4346 -0.8762
vn 0.0424 -0.0000 -0.9991
vn -0.1331 0.4346 -0.8907
vn -0.2438 0.6901 -0.6814
vn -0.3007 0.8118 -0.5005
vn -0.3308 0.8711 -0.3630
vn -0.3481 0.9019 -0.2558
vn -0.3588 0.9183 -0.1671
vn -0.3657 0.9265 -0.0887
vn -0.3700 0.9289 0.0160
vn -0.3661 0.9261 0.0908
vn -0.3597 0.9174 0.1699
vn -0.3496 0.9000 0.2602
vn -0.3328 0.8672 0.3703
vn -0.3025 0.8034 0.5129
vn -0.2434 0.6714 0.7000
vn -0.1289 0.4065 0.9045
vn 0.0424 -0.0000 0.9991
vn 0.2052 -0.4065 0.8903
vn 0.3019 -0.6714 0.6768
vn 0.3449 -0.8034 0.4854
vn 0.3630 -0.8673 0.3408
vn 0.3704 -0.9000 0.2296
vn 0.3729 -0.9174 0.1388
vn 0.3725 -0.9261 0.0594
vn 0.3700 -0.9289 -0.0155
vn 0.3657 -0.9265 -0.0887
vn 0.3588 -0.9183 -0.1671
vn 0.3481 -0.9019 -0.2558
vn 0.3308 -0.8711 -0.3630
vn 0.3008 -0.8118 -0.5005
vn 0.2438 -0.6901 -0.6814
vn 0.1331 -0.4346 -0.8907
vn -0.0424 -0.0000 -0.9991
vn -0.2082 0.4346 -0.8762
vn -0.3007 0.6901 -0.6583
vn -0.3421 0.8118 -0.4732
vn -0.3604 0.8711 -0.3336
vn -0.3685 0.9019 -0.2254
vn -0.3717 0.9183 -0.1361
vn -0.3719 0.9265 -0.0574
vn -0.3673 0.9289 0.0473
vn -0.3571 0.9261 0.1215
vn -0.3440 0.9174 0.1998
vn -0.3263 0.9000 0.2889
vn -0.3001 0.8673 0.3972
vn -0.2579 0.8034 0.5367
vn -0.1832 0.6714 0.7181
vn -0.0517 0.4065 0.9122
vn 0.1270 -0.0000 0.9919
vn 0.2799 -0.4065 0.8697
vn 0.3582 -0.6714 0.6488
vn 0.3848 -0.8034 0.4544
vn 0.3905 -0.8673 0.3088
vn 0.3886 -0.9000 0.1974
vn 0.3833 -0.9174 0.1067
vn 0.3762 -0.9261 0.0276
vn 0.3674 -0.9289 -0.0468
vn 0.3569 -0.9265 -0.1194
vn 0.3433 -0.9183 -0.1969
vn 0.3251 -0.9019 -0.2844
vn 0.2988 -0.8711 -0.3897
vn 0.2572 -0.8118 -0.5242
vn 0.1852 -0.6901 -0.6996
vn 0.0571 -0.4346 -0.8988
vn -0.1270 -0.0000 -0.9919
vn -0.2817 0.4346 -0.8554
vn -0.3555 0.6901 -0.6304
vn -0.3810 0.8118 -0.4424
vn -0.3874 0.8711 -0.3019
vn -0.3863 0.9019 -0.1933
vn -0.3819 0.9183 -0.1041
vn -0.3755 0.9265 -0.0256
vn -0.3620 0.9289 0.0783
vn -0.3455 0.9261 0.1513
vn -0.3259 0.9174 0.2283
vn -0.3006 0.9000 0.3155
vn -0.2654 0.8673 0.4212
vn -0.2115 0.8034 0.5567
vn -0.1217 0.6714 0.7310
vn 0.0258 0.4065 0.9133
vn 0.2107 -0.0000 0.9776
vn 0.3527 -0.4065 0.8428
vn 0.4120 -0.6714 0.6160
vn 0.4220 -0.8034 0.4201
vn 0.4153 -0.8673 0.2745
vn 0.4039 -0.9000 0.1637
vn 0.3910 -0.9174 0.0738
vn 0.3772 -0.9261 -0.0044
vn 0.3621 -0.9289 -0.0778
vn 0.3455 -0.9265 -0.1492
vn 0.3254 -0.9183 -0.2254
vn 0.2998 -0.9019 -0.3110
vn 0.2647 -0.8711 -0.4137
vn 0.2118 -0.8118 -0.5441
vn 0.1252 -0.6901 -0.7128
vn -0.0194 -0.4346 -0.9004
vn -0.2107 0.0001 -0.9776
vn -0.3532 0.4346 -0.8285
vn -0.4077 0.6900 -0.5980
vn -0.4171 0.8118 -0.4085
vn -0.4116 0.8711 -0.2679
vn -0.4013 0.9019 -0.1599
vn -0.3893 0.9183 -0.0713
vn -0.3763 0.9265 0.0063
vn -0.3541 0.9289 0.1087
vn -0.3314 0.9261 0.1801
vn -0.3053 0.9174 0.2551
vn -0.2728 0.9000 0.3399
vn -0.2287 0.8673 0.4422
vn -0.1635 0.8034 0.5726
vn -0.0592 0.6714 0.7387
vn 0.1031 0.4065 0.9078
vn 0.2928 -0.0000 0.9562
vn 0.4229 -0.4065 0.8099
vn 0.4627 -0.6714 0.5789
vn 0.4561 -0.8034 0.3828
vn 0.4371 -0.8673 0.2383
vn 0.4163 -0.9000 0.1289
vn 0.3958 -0.9174 0.0404
vn 0.3754 -0.9261 -0.0364
vn 0.3542 -0.9289 -0.1082
vn 0.3316 -0.9265 -0.1780
vn 0.3051 -0.9183 -0.2521
vn 0.2724 -0.9019 -0.3353
vn 0.2287 -0.8711 -0.4346
vn 0.1649 -0.8118 -0.5601
vn 0.0643 -0.6901 -0.7209
vn -0.0957 -0.4346 -0.8955
vn -0.2928 -0.0000 -0.9562
vn -0.4222 0.4346 -0.7955
vn -0.4569 0.6901 -0.5613
vn -0.4503 0.8119 -0.3717
vn -0.4328 0.8711 -0.2320
vn -0.4134 0.9019 -0.1253
vn -0.3940 0.9183 -0.0380
vn -0.3744 0.9265 0.0382
vn -0.3436 0.9289 0.1383
vn -0.3150 0.9261 0.2075
vn -0.2826 0.9174 0.2801
vn -0.2429 0.9000 0.3618
vn -0.1904 0.8673 0.4600
vn -0.1143 0.8034 0.5844
vn 0.0036 0.6714 0.7411
vn 0.1798 0.4065 0.8958
vn 0.3729 -0.0000 0.9279
vn 0.4901 -0.4064 0.7711
vn 0.5102 -0.6714 0.5376
vn 0.4869 -0.8034 0.3428
vn 0.4558 -0.8673 0.2004
vn 0.4258 -0.9000 0.0931
vn 0.3978 -0.9174 0.0067
vn 0.3710 -0.9261 -0.0681
vn 0.3438 -0.9289 -0.1379
vn 0.3153 -0.9265 -0.2055
vn 0.2826 -0.9183 -0.2771
vn 0.2430 -0.9019 -0.3572
vn 0.1910 -0.8711 -0.4525
vn 0.1168 -0.8118 -0.5721
vn 0.0029 -0.6901 -0.7237
vn -0.1712 -0.4346 -0.8842
vn -0.3729 -0.0000 -0.9279
vn -0.4882 0.4346 -0.7568
vn -0.5029 0.6900 -0.5205
vn -0.4802 0.8118 -0.3322
vn -0.4510 0.8711 -0.1945
vn -0.4226 0.9019 -0.0898
vn -0.3958 0.9183 -0.0045
vn -0.3698 0.9265 0.0698
vn -0.3306 0.9289 0.1670
vn -0.2962 0.9261 0.2335
vn -0.2578 0.9174 0.3030
vn -0.2114 0.9000 0.3811
vn -0.1507 0.8673 0.4745
vn -0.0644 0.8034 0.5920
vn 0.0665 0.6714 0.7381
vn 0.2551 0.4064 0.8773
vn 0.4502 -0.0000 0.8929
vn 0.5537 -0.4065 0.7268
vn 0.5539 -0.6714 0.4924
vn 0.5142 -0.8034 0.3003
vn 0.4711 -0.8673 0.1610
vn 0.4321 -0.9000 0.0567
vn 0.3969 -0.9174 -0.0271
vn 0.3639 -0.9261 -0.0993
vn 0.3308 -0.9289 -0.1665
vn 0.2967 -0.9265 -0.2315
vn 0.2581 -0.9183 -0.3001
vn 0.2118 -0.9019 -0.3765
vn 0.1519 -0.8711 -0.4670
vn 0.0679 -0.8118 -0.5799
vn -0.0585 -0.6901 -0.7214
vn -0.2456 -0.4346 -0.8665
vn -0.4502 -0.0000 -0.8929
vn -0.5506 0.4346 -0.7127
vn -0.5452 0.6901 -0.4760
vn -0.5066 0.8118 -0.2902
vn -0.4658 0.8711 -0.1556
vn -0.4286 0.9019 -0.0536
vn -0.3947 0.9183 0.0291
vn -0.3626 0.9265 0.1009
vn -0.3152 0.9289 0.1944
vn -0.2754 0.9261 0.2578
vn -0.2312 0.9174 0.3238
vn -0.1783 0.9000 0.3977
vn -0.1099 0.8673 0.4856
vn -0.0140 0.8034 0.5953
vn 0.1288 0.6714 0.7298
vn 0.3286 0.4065 0.8525
vn 0.5243 -0.0000 0.8515
vn 0.6133 -0.4065 0.6772
vn 0.5937 -0.6714 0.4436
vn 0.5378 -0.8034 0.2556
vn 0.4831 -0.8673 0.1205
vn 0.4354 -0.9000 0.0198
vn 0.3932 -0.9174 -0.0607
vn 0.3541 -0.9261 -0.1298
vn 0.3155 -0.9289 -0.1940
vn 0.2760 -0.9265 -0.2558
vn 0.2317 -0.9183 -0.3209
vn 0.1791 -0.9019 -0.3931
vn 0.1118 -0.8711 -0.4782
vn 0.0185 -0.8118 -0.5836
vn -0.1195 -0.6901 -0.7138
vn -0.3182 -0.4346 -0.8425
vn -0.5243 -0.0000 -0.8515
vn -0.6091 0.4346 -0.6634
vn -0.5836 0.6901 -0.4280
vn -0.5294 0.8118 -0.2462
vn -0.4773 0.8711 -0.1155
vn -0.4317 0.9019 -0.0170
vn -0.3908 0.9183 0.0625
vn -0.3527 0.9265 0.1313
vn -0.2976 0.9289 0.2204
vn -0.2525 0.9261 0.2802
vn -0.2029 0.9174 0.3422
vn -0.1439 0.9000 0.4114
vn -0.0683 0.8673 0.4932
vn 0.0366 0.8034 0.5944
vn 0.1903 0.6714 0.7163
vn 0.3997 0.4064 0.8216
vn 0.5946 -0.0000 0.8040
vn 0.6686 -0.4064 0.6228
vn 0.6292 -0.6714 0.3917
vn 0.5576 -0.8034 0.2090
vn 0.4915 -0.8673 0.0791
vn 0.4355 -0.9000 -0.0172
vn 0.3867 -0.9174 -0.0938
vn 0.3419 -0.9261 -0.1594
vn 0.2979 -0.9289 -0.2200
vn 0.2533 -0.9265 -0.2783
vn 0.2037 -0.9183 -0.3394
vn 0.1451 -0.9019 -0.4069
vn 0.0708 -0.8711 -0.4860
vn -0.0311 -0.8118 -0.5831
vn -0.1796 -0.6901 -0.7011
vn -0.3885 -0.4346 -0.8125
vn -0.5946 -0.0000 -0.8040
vn -0.6631 0.4346 -0.6094
vn -0.6178 0.6901 -0.3770
vn -0.5484 0.8118 -0.2004
vn -0.4854 0.8711 -0.0746
vn -0.4315 0.9019 0.0196
vn -0.3841 0.9183 0.0954
vn -0.3403 0.9265 0.1607
vn -0.2779 0.9289 0.2449
vn -0.2278 0.9261 0.3006
vn -0.1732 0.9174 0.3582
vn -0.1085 0.9000 0.4221
vn -0.0262 0.8673 0.4972
vn 0.0869 0.8034 0.5891
vn 0.2503 0.6714 0.6976
vn 0.4679 0.4064 0.7848
vn 0.6607 -0.0000 0.7507
vn 0.7190 -0.4064 0.5638
vn 0.6601 -0.6714 0.3369
vn 0.5733 -0.8034 0.1610
vn 0.4965 -0.8673 0.0371
vn 0.4324 -0.9000 -0.0540
vn 0.3773 -0.9174 -0.1262
vn 0.3271 -0.9261 -0.1878
vn 0.2782 -0.9289 -0.2445
vn 0.2288 -0.9265 -0.2988
vn 0.1742 -0.9183 -0.3554
vn 0.1101 -0.9019 -0.4177
vn 0.0293 -0.8711 -0.4902
vn -0.0804 -0.8118 -0.5783
vn -0.2384 -0.6901 -0.6834
vn -0.4560 -0.4346 -0.7766
vn -0.6607 -0.0000 -0.7507
vn -0.7124 0.4346 -0.5510
vn -0.6475 0.6901 -0.3232
vn -0.5634 0.8119 -0.1532
vn -0.4900 0.8711 -0.0332
vn -0.4283 0.9019 0.0561
vn -0.3747 0.9183 0.1276
vn -0.3254 0.9265 0.1890
vn -0.2561 0.9289 0.2676
vn -0.2015 0.9261 0.3189
vn -0.1422 0.9174 0.3716
vn -0.0723 0.9000 0.4298
vn 0.0160 0.8673 0.4976
vn 0.1365 0.8034 0.5796
vn 0.3086 0.6714 0.6738
vn 0.5328 0.4065 0.7422
vn 0.7220 -0.0000 0.6919
vn 0.7642 -0.4065 0.5008
vn 0.6863 -0.6714 0.2797
vn 0.5849 -0.8034 0.1118
vn 0.4978 -0.8673 -0.0051
vn 0.4263 -0.9000 -0.0905
vn 0.3652 -0.9174 -0.1578
vn 0.3100 -0.9261 -0.2149
vn 0.2565 -0.9289 -0.2672
vn 0.2027 -0.9265 -0.3171
vn 0.1434 -0.9183 -0.3689
vn 0.0743 -0.9019 -0.4256
vn -0.0123 -0.8711 -0.4910
vn -0.1292 -0.8118 -0.5694
vn -0.2955 -0.6901 -0.6607
vn -0.5202 -0.4346 -0.7352
vn -0.7220 -0.0000 -0.6919
vn -0.7566 0.4346 -0.4886
vn -0.6726 0.6901 -0.2672
vn -0.5744 0.8118 -0.1049
vn -0.4910 0.8711 0.0085
vn -0.4220 0.9019 0.0923
vn -0.3625 0.9183 0.1589
vn -0.3082 0.9265 0.2159
vn -0.2325 0.9289 0.2883
vn -0.1738 0.9261 0.3348
vn -0.1101 0.9174 0.3823
vn -0.0356 0.9000 0.4344
vn 0.0582 0.8673 0.4945
vn 0.1852 0.8034 0.5660
vn 0.3646 0.6714 0.6452
vn 0.5938 0.4065 0.6944
vn 0.7780 -0.0000 0.6282
vn 0.8039 -0.4065 0.4342
vn 0.7075 -0.6714 0.2205
vn 0.5923 -0.8034 0.0618
vn 0.4956 -0.8673 -0.0473
vn 0.4171 -0.9000 -0.1264
vn 0.3505 -0.9174 -0.1882
vn 0.2907 -0.9261 -0.2404
vn 0.2329 -0.9289 -0.2880
vn 0.1750 -0.9265 -0.3332
vn 0.1116 -0.9183 -0.3798
vn 0.0379 -0.9019 -0.4303
vn -0.0539 -0.8711 -0.4881
vn -0.1770 -0.8118 -0.5564
vn -0.3504 -0.6901 -0.6332
vn -0.5807 -0.4346 -0.6884
vn -0.7780 -0.0000 -0.6282
vn -0.7953 0.4346 -0.4227
vn -0.6928 0.6901 -0.2092
vn -0.5812 0.8118 -0.0558
vn -0.4885 0.8711 0.0501
vn -0.4127 0.9019 0.1277
vn -0.3477 0.9183 0.1891
vn -0.2888 0.9265 0.2413
vn -0.2072 0.9289 0.3070
vn -0.1447 0.9261 0.3483
vn -0.0773 0.9174 0.3903
vn 0.0013 0.9000 0.4358
vn 0.0999 0.8673 0.4877
vn 0.2325 0.8034 0.5482
vn 0.4180 0.6714 0.6120
vn 0.6506 0.4065 0.6415
vn 0.8285 -0.0000 0.5600
vn 0.8378 -0.4065 0.3645
vn 0.7237 -0.6714 0.1597
vn 0.5954 -0.8034 0.0113
vn 0.4898 -0.8673 -0.0892
vn 0.4049 -0.9000 -0.1613
vn 0.3333 -0.9174 -0.2173
vn 0.2692 -0.9261 -0.2642
vn 0.2076 -0.9289 -0.3067
vn 0.1461 -0.9265 -0.3468
vn 0.0790 -0.9183 -0.3878
vn 0.0013 -0.9019 -0.4320
vn -0.0952 -0.8711 -0.4818
vn -0.2236 -0.8118 -0.5394
vn -0.4029 -0.6901 -0.6012
vn -0.6370 -0.4346 -0.6367
vn -0.8285 -0.0000 -0.5600
vn -0.8283 0.4346 -0.3537
vn -0.7081 0.6901 -0.1496
vn -0.5838 0.8118 -0.0063
vn -0.4825 0.8711 0.0914
vn -0.4004 0.9019 0.1623
vn -0.3304 0.9183 0.2179
vn -0.2673 0.9265 0.2649
vn -0.1804 0.9289 0.3235
vn -0.1147 0.9261 0.3593
vn -0.0439 0.9174 0.3954
vn 0.0383 0.9000 0.4341
vn 0.1409 0.8673 0.4775
vn 0.2782 0.8034 0.5265
vn 0.4684 0.6714 0.5743
vn 0.7026 0.4064 0.5840
vn 0.8730 -0.0000 0.4877
vn 0.8657 -0.4065 0.2921
vn 0.7346 -0.6714 0.0977
vn 0.5942 -0.8034 -0.0392
vn 0.4805 -0.8672 -0.1304
vn 0.3897 -0.9000 -0.1950
vn 0.3137 -0.9174 -0.2447
vn 0.2459 -0.9261 -0.2861
vn 0.1809 -0.9289 -0.3232
vn 0.1162 -0.9265 -0.3579
vn 0.0458 -0.9183 -0.3931
vn -0.0353 -0.9019 -0.4305
vn -0.1357 -0.8711 -0.4720
vn -0.2685 -0.8118 -0.5185
vn -0.4524 -0.6901 -0.5649
vn -0.6887 -0.4346 -0.5803
vn -0.8730 -0.0000 -0.4877
vn -0.8553 0.4346 -0.2822
vn -0.7183 0.6901 -0.0891
vn -0.5823 0.8118 0.0432
vn -0.4731 0.8711 0.1320
vn -0.3851 0.9019 0.1956
vn -0.3108 0.9183 0.2451
vn -0.2439 0.9265 0.2866
vn -0.1523 0.9289 0.3376
vn -0.0838 0.9261 0.3678
vn -0.0102 0.9174 0.3977
vn 0.0750 0.9000 0.4293
vn 0.1809 0.8673 0.4638
vn 0.3218 0.8034 0.5010
vn 0.5154 0.6714 0.5325
vn 0.7496 0.4064 0.5223
vn 0.9112 -0.0000 0.4119
vn 0.8874 -0.4064 0.2176
vn 0.7403 -0.6714 0.0351
vn 0.5887 -0.8034 -0.0894
vn 0.4677 -0.8673 -0.1707
vn 0.3718 -0.9000 -0.2274
vn 0.2918 -0.9174 -0.2705
vn 0.2207 -0.9261 -0.3059
vn 0.1528 -0.9289 -0.3374
vn 0.0854 -0.9265 -0.3665
vn 0.0123 -0.9183 -0.3956
vn -0.0717 -0.9019 -0.4260
vn -0.1752 -0.8711 -0.4588
vn -0.3115 -0.8118 -0.4938
vn -0.4987 -0.6901 -0.5245
vn -0.7354 -0.4346 -0.5198
vn -0.9112 -0.0000 -0.4119
vn -0.8761 0.4346 -0.2086
vn -0.7232 0.6901 -0.0278
vn -0.5765 0.8118 0.0925
vn -0.4601 0.8711 0.1716
vn -0.3672 0.9019 0.2276
vn -0.2889 0.9183 0.2706
vn -0.2187 0.9265 0.3063
vn -0.1231 0.9289 0.3493
vn -0.0523 0.9261 0.3736
vn 0.0235 0.9174 0.3972
vn 0.1111 0.9000 0.4214
vn 0.2196 0.8673 0.4468
vn 0.3632 0.8034 0.4719
vn 0.5587 0.6714 0.4869
vn 0.7912 0.4065 0.4569
vn 0.9429 -0.0000 0.3331
vn 0.9026 -0.4065 0.1416
vn 0.7406 -0.6714 -0.0278
vn 0.5790 -0.8034 -0.1391
vn 0.4515 -0.8673 -0.2097
vn 0.3512 -0.9000 -0.2581
vn 0.2678 -0.9174 -0.2942
vn 0.1940 -0.9261 -0.3235
vn 0.1236 -0.9289 -0.3491
vn 0.0540 -0.9265 -0.3724
vn -0.0213 -0.9183 -0.3952
vn -0.1076 -0.9019 -0.4184
vn -0.2135 -0.8711 -0.4423
vn -0.3522 -0.8118 -0.4657
vn -0.5414 -0.6901 -0.4803
vn -0.7769 -0.4346 -0.4556
vn -0.9429 -0.0000 -0.3331
vn -0.8907 0.4346 -0.1336
vn -0.7230 0.6901 0.0336
vn -0.5666 0.8118 0.1410
vn -0.4439 0.8711 0.2100
vn -0.3465 0.9019 0.2579
vn -0.2649 0.9183 0.2941
vn -0.1919 0.9265 0.3237
vn -0.0931 0.9289 0.3585
vn -0.0204 0.9261 0.3766
vn 0.0571 0.9174 0.3937
vn 0.1464 0.9000 0.4105
vn 0.2567 0.8673 0.4266
vn 0.4019 0.8034 0.4394
vn 0.5980 0.6714 0.4378
vn 0.8271 0.4065 0.3881
vn 0.9677 -0.0000 0.2520
vn 0.9114 -0.4065 0.0645
vn 0.7356 -0.6714 -0.0905
vn 0.5652 -0.8034 -0.1876
vn 0.4321 -0.8673 -0.2473
vn 0.3280 -0.9000 -0.2869
vn 0.2419 -0.9174 -0.3159
vn 0.1658 -0.9261 -0.3388
vn 0.0936 -0.9289 -0.3584
vn 0.0223 -0.9265 -0.3757
vn -0.0547 -0.9183 -0.3920
vn -0.1427 -0.9019 -0.4077
vn -0.2502 -0.8711 -0.4226
vn -0.3904 -0.8118 -0.4341
vn -0.5802 -0.6901 -0.4327
vn -0.8127 -0.4346 -0.3881
vn -0.9677 -0.0000 -0.2520
vn -0.8988 0.4346 -0.0576
vn -0.7175 0.6901 0.0948
vn -0.5526 0.8118 0.1886
vn -0.4245 0.8711 0.2469
vn -0.3234 0.9019 0.2864
vn -0.2390 0.9183 0.3155
vn -0.1638 0.9265 0.3388
vn -0.0623 0.9289 0.3651
vn 0.0116 0.9261 0.3770
vn 0.0903 0.9174 0.3875
vn 0.1807 0.9000 0.3966
vn 0.2919 0.8673 0.4033
vn 0.4377 0.8034 0.4038
vn 0.6330 0.6714 0.3855
vn 0.8571 0.4065 0.3166
vn 0.9856 -0.0000 0.1690
vn 0.9136 -0.4065 -0.0130
vn 0.7252 -0.6714 -0.1526
vn 0.5472 -0.8034 -0.2349
vn 0.4096 -0.8673 -0.2830
vn 0.3025 -0.9000 -0.3137
vn 0.2142 -0.9174 -0.3352
vn 0.1365 -0.9261 -0.3516
vn 0.0628 -0.9289 -0.3650
vn -0.0097 -0.9265 -0.3762
vn -0.0878 -0.9183 -0.3860
vn -0.1768 -0.9019 -0.3942
vn -0.2851 -0.8711 -0.3998
vn -0.4259 -0.8118 -0.3994
vn -0.6148 -0.6901 -0.3819
vn -0.8427 -0.4346 -0.3178
vn -0.9856 -0.0000 -0.1690
vn -0.9004 0.4346 0.0189
vn -0.7069 0.6901 0.1553
vn -0.5346 0.8118 0.2347
vn -0.4021 0.8711 0.2820
vn -0.2980 0.9019 0.3128
vn -0.2113 0.9183 0.3347
vn -0.1344 0.9265 0.3515
vn -0.0311 0.9289 0.3691
vn 0.0435 0.9261 0.3747
vn 0.1228 0.9174 0.3784
vn 0.2137 0.9000 0.3798
vn 0.3251 0.8673 0.3771
vn 0.4703 0.8034 0.3652
vn 0.6634 0.6714 0.3304
vn 0.8808 0.4064 0.2428
vn 0.9964 -0.0000 0.0848
vn 0.9092 -0.4065 -0.0904
vn 0.7097 -0.6714 -0.2135
vn 0.5253 -0.8034 -0.2805
vn 0.3841 -0.8673 -0.3167
vn 0.2748 -0.9000 -0.3382
vn 0.1850 -0.9174 -0.3522
vn 0.1062 -0.9261 -0.3619
vn 0.0317 -0.9289 -0.3690
vn -0.0416 -0.9265 -0.3740
vn -0.1202 -0.9183 -0.3771
vn -0.2096 -0.9019 -0.3778
vn -0.3180 -0.8711 -0.3742
vn -0.4582 -0.8118 -0.3619
vn -0.6449 -0.6901 -0.3284
vn -0.8666 -0.4346 -0.2452
vn -0.9964 -0.0000 -0.0848
vn -0.8956 0.4346 0.0952
vn -0.6912 0.6901 0.2147
vn -0.5128 0.8118 0.2792
vn -0.3767 0.8711 0.3151
vn -0.2704 0.9019 0.3369
vn -0.1822 0.9183 0.3514
vn -0.1041 0.9265 0.3616
vn 0.0003 0.9289 0.3704
vn 0.0751 0.9261 0.3696
vn 0.1545 0.9174 0.3666
vn 0.2451 0.9000 0.3603
vn 0.3559 0.8673 0.3482
vn 0.4996 0.8034 0.3240
vn 0.6890 0.6714 0.2729
vn 0.8982 0.4065 0.1672
vn 1.0000 -0.0000 -0.0000
vn 0.8982 -0.4065 -0.1672
vn 0.6890 -0.6714 -0.2729
vn 0.4996 -0.8034 -0.3240
vn 0.3559 -0.8673 -0.3482
vn 0.2451 -0.9000 -0.3603
vn 0.1545 -0.9174 -0.3666
vn 0.0752 -0.9261 -0.3696
vn 0.0003 -0.9289 -0.3704
vn -0.0731 -0.9265 -0.3692
vn -0.1517 -0.9183 -0.3656
vn -0.2408 -0.9019 -0.3586
vn -0.3486 -0.8711 -0.3459
vn -0.4873 -0.8118 -0.3217
vn -0.6705 -0.6901 -0.2725
vn -0.8843 -0.4346 -0.1708
vn -1.0000 -0.0000 -0.0000
vn -0.8843 0.4346 0.1708
vn -0.6705 0.6901 0.2725
vn -0.4873 0.8118 0.3217
vn -0.3486 0.8711 0.3459
vn -0.2409 0.9019 0.3586
vn -0.1518 0.9183 0.3656
vn -0.0731 0.9265 0.3692
vn 0.0317 0.9289 0.3690
vn 0.1062 0.9261 0.3619
vn 0.1850 0.9174 0.3522
vn 0.2748 0.9000 0.3382
vn 0.3841 0.8673 0.3167
vn 0.5253 0.8034 0.2805
vn 0.7097 0.6714 0.2135
vn 0.9092 0.4065 0.0904
vn 0.8808 -0.4064 -0.2428
vn 0.6634 -0.6714 -0.3304
vn 0.4703 -0.8034 -0.3652
vn 0.3251 -0.8673 -0.3771
vn 0.2137 -0.9000 -0.3798
vn 0.1228 -0.9174 -0.3784
vn 0.0435 -0.9261 -0.3747
vn -0.0311 -0.9289 -0.3691
vn -0.1041 -0.9265 -0.3616
vn -0.1822 -0.9183 -0.3514
vn -0.2704 -0.9019 -0.3369
vn -0.3767 -0.8711 -0.3151
vn -0.5128 -0.8118 -0.2792
vn -0.6912 -0.6901 -0.2147
vn -0.8956 -0.4346 -0.0952
vn -0.8666 0.4346 0.2451
vn -0.6449 0.6901 0.3284
vn -0.4582 0.8118 0.3619
vn -0.3180 0.8711 0.3742
vn -0.2095 0.9019 0.3778
vn -0.1202 0.9183 0.3771
vn -0.0415 0.9265 0.3740
vn 0.0628 0.9289 0.3650
vn 0.1365 0.9261 0.3516
vn 0.2142 0.9174 0.3353
vn 0.3025 0.9000 0.3137
vn 0.4096 0.8673 0.2830
vn 0.5472 0.8034 0.2349
vn 0.7252 0.6714 0.1526
vn 0.9136 0.4064 0.0130
vn 0.8571 -0.4065 -0.3166
vn 0.6330 -0.6714 -0.3855
vn 0.4377 -0.8034 -0.4038
vn 0.2919 -0.8673 -0.4033
vn 0.1807 -0.9000 -0.3966
vn 0.0903 -0.9174 -0.3875
vn 0.0116 -0.9261 -0.3770
vn -0.0623 -0.9289 -0.3651
vn -0.1344 -0.9265 -0.3515
vn -0.2113 -0.9183 -0.3347
vn -0.2980 -0.9019 -0.3128
vn -0.4021 -0.8711 -0.2820
vn -0.5346 -0.8118 -0.2347
vn -0.7069 -0.6901 -0.1553
vn -0.9004 -0.4346 -0.0189
vn -0.8427 0.4346 0.3178
vn -0.6148 0.6901 0.3819
vn -0.4259 0.8118 0.3994
vn -0.2851 0.8711 0.3998
vn -0.1768 0.9019 0.3942
vn -0.0878 0.9183 0.3860
vn -0.0097 0.9265 0.3762
vn 0.0936 0.9289 0.3584
vn 0.1659 0.9261 0.3388
vn 0.2419 0.9174 0.3159
vn 0.3280 0.9000 0.2869
vn 0.4321 0.8673 0.2473
vn 0.5651 0.8034 0.1876
vn 0.7356 0.6714 0.0905
vn 0.9114 0.4064 -0.0645
vn 0.8271 -0.4065 -0.3881
vn 0.5980 -0.6714 -0.4377
vn 0.4019 -0.8034 -0.4394
vn 0.2567 -0.8673 -0.4266
vn 0.1464 -0.9000 -0.4105
vn 0.0571 -0.9174 -0.3937
vn -0.0204 -0.9261 -0.3766
vn -0.0931 -0.9289 -0.3585
vn -0.1638 -0.9265 -0.3388
vn -0.2390 -0.9183 -0.3155
vn -0.3234 -0.9019 -0.2864
vn -0.4245 -0.8711 -0.2469
vn -0.5526 -0.8118 -0.1886
vn -0.7175 -0.6901 -0.0948
vn -0.8988 -0.4346 0.0576
vn -0.8127 0.4346 0.3881
vn -0.5802 0.6901 0.4327
vn -0.3905 0.8118 0.4341
vn -0.2502 0.8711 0.4226
vn -0.1427 0.9019 0.4077
vn -0.0547 0.9183 0.3920
vn 0.0223 0.9265 0.3757
vn 0.1236 0.9289 0.3491
vn 0.1940 0.9261 0.3235
vn 0.2678 0.9174 0.2942
vn 0.3512 0.9000 0.2581
vn 0.4515 0.8673 0.2097
vn 0.5790 0.8034 0.1391
vn 0.7406 0.6714 0.0278
vn 0.9026 0.4065 -0.1416
vn 0.9429 -0.0000 -0.3332
vn 0.7912 -0.4065 -0.4569
vn 0.5587 -0.6714 -0.4869
vn 0.3631 -0.8034 -0.4719
vn 0.2196 -0.8673 -0.4468
vn 0.1111 -0.9000 -0.4214
vn 0.0235 -0.9174 -0.3972
vn -0.0523 -0.9261 -0.3736
vn -0.1231 -0.9289 -0.3493
vn -0.1919 -0.9265 -0.3237
vn -0.2649 -0.9183 -0.2941
vn -0.3466 -0.9019 -0.2579
vn -0.4439 -0.8711 -0.2100
vn -0.5666 -0.8119 -0.1410
vn -0.7230 -0.6901 -0.0336
vn -0.8907 -0.4346 0.1336
vn -0.7769 0.4346 0.4556
vn -0.5414 0.6901 0.4803
vn -0.3522 0.8118 0.4657
vn -0.2135 0.8711 0.4423
vn -0.1076 0.9019 0.4184
vn -0.0213 0.9183 0.3952
vn 0.0540 0.9265 0.3724
vn 0.1528 0.9289 0.3374
vn 0.2207 0.9261 0.3059
vn 0.2918 0.9174 0.2705
vn 0.3718 0.9000 0.2274
vn 0.4677 0.8673 0.1707
vn 0.5887 0.8034 0.0894
vn 0.7403 0.6714 -0.0351
vn 0.8874 0.4064 -0.2176
vn 0.7496 -0.4064 -0.5223
vn 0.5154 -0.6714 -0.5325
vn 0.3218 -0.8034 -0.5010
vn 0.1809 -0.8673 -0.4638
vn 0.0749 -0.9000 -0.4293
vn -0.0102 -0.9174 -0.3977
vn -0.0838 -0.9261 -0.3678
vn -0.1523 -0.9289 -0.3376
vn -0.2187 -0.9265 -0.3063
vn -0.2889 -0.9183 -0.2706
vn -0.3672 -0.9019 -0.2276
vn -0.4601 -0.8711 -0.1716
vn -0.5765 -0.8118 -0.0925
vn -0.7232 -0.6901 0.0278
vn -0.8761 -0.4346 0.2086
vn -0.7354 0.4346 0.5198
vn -0.4987 0.6901 0.5245
vn -0.3115 0.8118 0.4939
vn -0.1752 0.8711 0.4588
vn -0.0717 0.9019 0.4260
vn 0.0123 0.9183 0.3956
vn 0.0854 0.9265 0.3665
vn 0.1808 0.9289 0.3232
vn 0.2459 0.9261 0.2861
vn 0.3137 0.9174 0.2447
vn 0.3897 0.9000 0.1950
vn 0.4805 0.8673 0.1304
vn 0.5942 0.8034 0.0392
vn 0.7346 0.6714 -0.0978
vn 0.8657 0.4065 -0.2921
vn 0.7027 -0.4064 -0.5840
vn 0.4684 -0.6714 -0.5743
vn 0.2782 -0.8034 -0.5265
vn 0.1409 -0.8673 -0.4775
vn 0.0383 -0.9000 -0.4341
vn -0.0439 -0.9174 -0.3954
vn -0.1147 -0.9261 -0.3593
vn -0.1804 -0.9289 -0.3235
vn -0.2439 -0.9265 -0.2866
vn -0.3108 -0.9183 -0.2451
vn -0.3852 -0.9019 -0.1956
vn -0.4730 -0.8711 -0.1320
vn -0.5823 -0.8118 -0.0432
vn -0.7182 -0.6901 0.0891
vn -0.8553 -0.4346 0.2821
vn -0.6887 0.4346 0.5803
vn -0.4524 0.6901 0.5649
vn -0.2685 0.8118 0.5185
vn -0.1357 0.8711 0.4720
vn -0.0354 0.9019 0.4305
vn 0.0458 0.9183 0.3931
vn 0.1162 0.9265 0.3579
vn 0.2076 0.9289 0.3067
vn 0.2692 0.9261 0.2642
vn 0.3333 0.9174 0.2172
vn 0.4049 0.9000 0.1613
vn 0.4898 0.8673 0.0892
vn 0.5954 0.8034 -0.0113
vn 0.7237 0.6714 -0.1597
vn 0.8378 0.4065 -0.3645
vn 0.6506 -0.4065 -0.6415
vn 0.4180 -0.6714 -0.6120
vn 0.2325 -0.8034 -0.5482
vn 0.0999 -0.8673 -0.4877
vn 0.0013 -0.9000 -0.4358
vn -0.0773 -0.9174 -0.3903
vn -0.1447 -0.9261 -0.3483
vn -0.2072 -0.9289 -0.3070
vn -0.2673 -0.9265 -0.2649
vn -0.3304 -0.9183 -0.2179
vn -0.4004 -0.9019 -0.1623
vn -0.4825 -0.8711 -0.0914
vn -0.5839 -0.8118 0.0063
vn -0.7081 -0.6901 0.1496
vn -0.8282 -0.4346 0.3537
vn -0.6370 0.4346 0.6367
vn -0.4029 0.6901 0.6012
vn -0.2235 0.8118 0.5394
vn -0.0951 0.8711 0.4818
vn 0.0013 0.9019 0.4320
vn 0.0790 0.9183 0.3878
vn 0.1461 0.9265 0.3468
vn 0.2329 0.9289 0.2880
vn 0.2907 0.9261 0.2404
vn 0.3505 0.9174 0.1882
vn 0.4171 0.9000 0.1263
vn 0.4956 0.8673 0.0473
vn 0.5923 0.8034 -0.0618
vn 0.7075 0.6714 -0.2205
vn 0.8039 0.4065 -0.4342
vn 0.5938 -0.4065 -0.6944
vn 0.3646 -0.6714 -0.6452
vn 0.1852 -0.8034 -0.5660
vn 0.0582 -0.8673 -0.4945
vn -0.0356 -0.9000 -0.4343
vn -0.1101 -0.9174 -0.3823
vn -0.1738 -0.9261 -0.3348
vn -0.2325 -0.9289 -0.2883
vn -0.2888 -0.9265 -0.2413
vn -0.3477 -0.9183 -0.1891
vn -0.4127 -0.9019 -0.1277
vn -0.4886 -0.8711 -0.0501
vn -0.5812 -0.8118 0.0558
vn -0.6928 -0.6901 0.2092
vn -0.7953 -0.4346 0.4227
vn -0.5807 0.4346 0.6884
vn -0.3505 0.6901 0.6332
vn -0.1770 0.8118 0.5564
vn -0.0540 0.8711 0.4881
vn 0.0379 0.9019 0.4303
vn 0.1116 0.9183 0.3797
vn 0.1750 0.9265 0.3332
vn 0.2565 0.9289 0.2672
vn 0.3100 0.9261 0.2149
vn 0.3652 0.9174 0.1578
vn 0.4263 0.9000 0.0905
vn 0.4978 0.8673 0.0051
vn 0.5849 0.8034 -0.1118
vn 0.6863 0.6714 -0.2797
vn 0.7642 0.4065 -0.5008
vn 0.7219 -0.0000 -0.6920
vn 0.5328 -0.4064 -0.7423
vn 0.3086 -0.6714 -0.6738
vn 0.1365 -0.8034 -0.5796
vn 0.0160 -0.8673 -0.4976
vn -0.0723 -0.9000 -0.4298
vn -0.1422 -0.9174 -0.3716
vn -0.2015 -0.9261 -0.3188
vn -0.2561 -0.9289 -0.2676
vn -0.3082 -0.9265 -0.2159
vn -0.3625 -0.9183 -0.1589
vn -0.4220 -0.9019 -0.0923
vn -0.4910 -0.8711 -0.0085
vn -0.5744 -0.8118 0.1049
vn -0.6726 -0.6901 0.2672
vn -0.7566 -0.4346 0.4886
vn -0.5202 0.4346 0.7352
vn -0.2955 0.6901 0.6607
vn -0.1291 0.8118 0.5694
vn -0.0123 0.8711 0.4909
vn 0.0743 0.9019 0.4255
vn 0.1434 0.9183 0.3689
vn 0.2027 0.9265 0.3171
vn 0.2782 0.9289 0.2445
vn 0.3271 0.9261 0.1878
vn 0.3773 0.9174 0.1262
vn 0.4325 0.9000 0.0540
vn 0.4965 0.8672 -0.0371
vn 0.5733 0.8034 -0.1610
vn 0.6601 0.6714 -0.3369
vn 0.7190 0.4064 -0.5638
vn 0.4680 -0.4064 -0.7847
vn 0.2503 -0.6714 -0.6975
vn 0.0869 -0.8034 -0.5891
vn -0.0263 -0.8673 -0.4972
vn -0.1085 -0.9000 -0.4221
vn -0.1732 -0.9174 -0.3582
vn -0.2278 -0.9261 -0.3006
vn -0.2779 -0.9289 -0.2449
vn -0.3254 -0.9265 -0.1890
vn -0.3747 -0.9183 -0.1276
vn -0.4283 -0.9019 -0.0562
vn -0.4900 -0.8711 0.0332
vn -0.5634 -0.8119 0.1532
vn -0.6475 -0.6901 0.3233
vn -0.7124 -0.4346 0.5510
vn -0.4560 0.4346 0.7766
vn -0.2384 0.6901 0.6834
vn -0.0804 0.8118 0.5783
vn 0.0293 0.8711 0.4902
vn 0.1101 0.9019 0.4177
vn 0.1742 0.9183 0.3554
vn 0.2288 0.9265 0.2988
vn 0.2979 0.9289 0.2200
vn 0.3419 0.9261 0.1594
vn 0.3866 0.9174 0.0938
vn 0.4355 0.9000 0.0172
vn 0.4915 0.8673 -0.0791
vn 0.5576 0.8034 -0.2090
vn 0.6292 0.6714 -0.3917
vn 0.6686 0.4064 -0.6227
vn 0.3997 -0.4065 -0.8216
vn 0.1903 -0.6714 -0.7163
vn 0.0366 -0.8034 -0.5944
vn -0.0683 -0.8673 -0.4932
vn -0.1439 -0.9000 -0.4114
vn -0.2029 -0.9174 -0.3422
vn -0.2525 -0.9261 -0.2802
vn -0.2976 -0.9289 -0.2204
vn -0.3403 -0.9265 -0.1607
vn -0.3841 -0.9183 -0.0954
vn -0.4315 -0.9019 -0.0196
vn -0.4854 -0.8711 0.0746
vn -0.5484 -0.8118 0.2004
vn -0.6178 -0.6901 0.3770
vn -0.6631 -0.4346 0.6094
vn -0.3885 0.4346 0.8125
vn -0.1796 0.6901 0.7011
vn -0.0311 0.8118 0.5830
vn 0.0708 0.8711 0.4860
vn 0.1451 0.9019 0.4069
vn 0.2037 0.9183 0.3394
vn 0.2533 0.9265 0.2783
vn 0.3155 0.9289 0.1940
vn 0.3541 0.9261 0.1298
vn 0.3932 0.9174 0.0607
vn 0.4354 0.9000 -0.0198
vn 0.4831 0.8673 -0.1205
vn 0.5379 0.8034 -0.2556
vn 0.5937 0.6714 -0.4436
vn 0.6133 0.4065 -0.6772
vn 0.3286 -0.4064 -0.8525
vn 0.1289 -0.6714 -0.7298
vn -0.0139 -0.8034 -0.5953
vn -0.1099 -0.8673 -0.4856
vn -0.1783 -0.9000 -0.3977
vn -0.2312 -0.9174 -0.3238
vn -0.2754 -0.9261 -0.2578
vn -0.3152 -0.9289 -0.1944
vn -0.3527 -0.9265 -0.1313
vn -0.3909 -0.9183 -0.0625
vn -0.4317 -0.9019 0.0170
vn -0.4773 -0.8711 0.1155
vn -0.5294 -0.8118 0.2462
vn -0.5836 -0.6901 0.4280
vn -0.6090 -0.4347 0.6634
vn -0.3182 0.4346 0.8425
vn -0.1194 0.6901 0.7138
vn 0.0185 0.8118 0.5836
vn 0.1118 0.8711 0.4782
vn 0.1791 0.9019 0.3931
vn 0.2317 0.9183 0.3209
vn 0.2760 0.9265 0.2558
vn 0.3308 0.9289 0.1665
vn 0.3639 0.9261 0.0993
vn 0.3969 0.9174 0.0271
vn 0.4321 0.9000 -0.0567
vn 0.4711 0.8673 -0.1610
vn 0.5143 0.8034 -0.3003
vn 0.5539 0.6714 -0.4924
vn 0.5537 0.4064 -0.7268
vn 0.2551 -0.4065 -0.8773
vn 0.0665 -0.6714 -0.7381
vn -0.0644 -0.8034 -0.5920
vn -0.1507 -0.8673 -0.4745
vn -0.2114 -0.9000 -0.3811
vn -0.2578 -0.9174 -0.3030
vn -0.2962 -0.9261 -0.2335
vn -0.3306 -0.9289 -0.1670
vn -0.3625 -0.9265 -0.1009
vn -0.3947 -0.9183 -0.0291
vn -0.4286 -0.9019 0.0536
vn -0.4658 -0.8711 0.1556
vn -0.5066 -0.8118 0.2902
vn -0.5452 -0.6901 0.4760
vn -0.5506 -0.4346 0.7127
vn -0.2456 0.4346 0.8665
vn -0.0585 0.6901 0.7214
vn 0.0679 0.8118 0.5799
vn 0.1519 0.8711 0.4670
vn 0.2118 0.9019 0.3765
vn 0.2581 0.9183 0.3001
vn 0.2967 0.9265 0.2315
vn 0.3438 0.9289 0.1379
vn 0.3710 0.9261 0.0681
vn 0.3978 0.9174 -0.0067
vn 0.4257 0.9000 -0.0931
vn 0.4557 0.8673 -0.2004
vn 0.4869 0.8034 -0.3428
vn 0.5102 0.6714 -0.5376
vn 0.4901 0.4065 -0.7711
vn 0.1798 -0.4064 -0.8958
vn 0.0036 -0.6714 -0.7411
vn -0.1144 -0.8034 -0.5844
vn -0.1904 -0.8673 -0.4600
vn -0.2429 -0.9000 -0.3618
vn -0.2826 -0.9174 -0.2801
vn -0.3150 -0.9261 -0.2075
vn -0.3436 -0.9289 -0.1383
vn -0.3698 -0.9265 -0.0698
vn -0.3958 -0.9183 0.0045
vn -0.4226 -0.9019 0.0897
vn -0.4510 -0.8711 0.1945
vn -0.4802 -0.8118 0.3322
vn -0.5029 -0.6901 0.5205
vn -0.4881 -0.4346 0.7569
vn -0.1712 0.4346 0.8842
vn 0.0029 0.6901 0.7237
vn 0.1168 0.8118 0.5721
vn 0.1910 0.8711 0.4525
vn 0.2430 0.9019 0.3572
vn 0.2826 0.9183 0.2771
vn 0.3153 0.9265 0.2055
vn 0.3542 0.9289 0.1082
vn 0.3754 0.9261 0.0364
vn 0.3958 0.9174 -0.0404
vn 0.4163 0.9000 -0.1289
vn 0.4371 0.8673 -0.2383
vn 0.4561 0.8034 -0.3828
vn 0.4627 0.6714 -0.5789
vn 0.4229 0.4065 -0.8099
vn 0.1032 -0.4065 -0.9078
vn -0.0592 -0.6714 -0.7387
vn -0.1635 -0.8034 -0.5726
vn -0.2287 -0.8673 -0.4422
vn -0.2728 -0.9000 -0.3399
vn -0.3053 -0.9174 -0.2551
vn -0.3314 -0.9261 -0.1801
vn -0.3541 -0.9289 -0.1087
vn -0.3744 -0.9265 -0.0382
vn -0.3940 -0.9183 0.0380
vn -0.4134 -0.9019 0.1253
vn -0.4328 -0.8711 0.2321
vn -0.4503 -0.8118 0.3717
vn -0.4569 -0.6901 0.5613
vn -0.4222 -0.4346 0.7955
vn -0.0957 0.4346 0.8955
vn 0.0643 0.6901 0.7209
vn 0.1649 0.8118 0.5601
vn 0.2287 0.8711 0.4346
vn 0.2724 0.9019 0.3353
vn 0.3051 0.9183 0.2521
vn 0.3316 0.9265 0.1780
vn 0.3621 0.9289 0.0778
vn 0.3772 0.9261 0.0044
vn 0.3910 0.9174 -0.0738
vn 0.4039 0.9000 -0.1637
vn 0.4153 0.8673 -0.2745
vn 0.4220 0.8034 -0.4201
vn 0.4120 0.6714 -0.6160
vn 0.3527 0.4065 -0.8428
vn 0.2107 0.0001 -0.9776
vn 0.0258 -0.4065 -0.9133
vn -0.1216 -0.6714 -0.7310
vn -0.2115 -0.8034 -0.5567
vn -0.2654 -0.8673 -0.4212
vn -0.3006 -0.9000 -0.3155
vn -0.3259 -0.9174 -0.2283
vn -0.3455 -0.9261 -0.1513
vn -0.3620 -0.9289 -0.0783
vn -0.3763 -0.9265 -0.0063
vn -0.3893 -0.9183 0.0713
vn -0.4013 -0.9019 0.1599
vn -0.4116 -0.8711 0.2679
vn -0.4172 -0.8118 0.4085
vn -0.4077 -0.6901 0.5980
vn -0.3532 -0.4346 0.8285
vn -0.0194 0.4346 0.9004
vn 0.1252 0.6901 0.7128
vn 0.2118 0.8118 0.5441
vn 0.2647 0.8711 0.4137
vn 0.2998 0.9019 0.3110
vn 0.3254 0.9183 0.2254
vn 0.3455 0.9265 0.1492
vn 0.3674 0.9289 0.0468
vn 0.3762 0.9261 -0.0276
vn 0.3833 0.9174 -0.1067
vn 0.3885 0.9000 -0.1974
vn 0.3905 0.8673 -0.3088
vn 0.3848 0.8034 -0.4544
vn 0.3583 0.6714 -0.6488
vn 0.2799 0.4065 -0.8697
vn -0.0518 -0.4065 -0.9122
vn -0.1832 -0.6714 -0.7181
vn -0.2579 -0.8034 -0.5367
vn -0.3001 -0.8673 -0.3972
vn -0.3263 -0.9000 -0.2889
vn -0.3440 -0.9174 -0.1998
vn -0.3571 -0.9261 -0.1215
vn -0.3673 -0.9289 -0.0473
vn -0.3755 -0.9265 0.0256
vn -0.3819 -0.9183 0.1041
vn -0.3863 -0.9019 0.1933
vn -0.3874 -0.8711 0.3019
vn -0.3810 -0.8118 0.4424
vn -0.3555 -0.6901 0.6304
vn -0.2817 -0.4346 0.8554
vn 0.0571 0.4346 0.8988
vn 0.1852 0.6901 0.6996
vn 0.2572 0.8118 0.5242
vn 0.2988 0.8711 0.3897
vn 0.3251 0.9019 0.2844
vn 0.3433 0.9183 0.1969
vn 0.3569 0.9265 0.1194
vn 0.3701 0.9289 0.0155
vn 0.3725 0.9261 -0.0594
vn 0.3729 0.9174 -0.1388
vn 0.3704 0.9000 -0.2296
vn 0.3630 0.8673 -0.3408
vn 0.3449 0.8034 -0.4854
vn 0.3019 0.6714 -0.6768
vn 0.2052 0.4065 -0.8903
vn -0.1289 -0.4065 -0.9045
vn -0.2434 -0.6714 -0.6999
vn -0.3025 -0.8034 -0.5129
vn -0.3328 -0.8673 -0.3703
vn -0.3496 -0.9000 -0.2602
vn -0.3598 -0.9174 -0.1699
vn -0.3661 -0.9261 -0.0908
vn -0.3700 -0.9289 -0.0160
vn -0.3719 -0.9265 0.0574
vn -0.3717 -0.9183 0.1361
vn -0.3685 -0.9019 0.2254
vn -0.3604 -0.8711 0.3336
vn -0.3421 -0.8118 0.4732
vn -0.3007 -0.6901 0.6583
vn -0.2082 -0.4346 0.8762
vn 0.1331 0.4346 0.8907
vn 0.2438 0.6901 0.6814
vn 0.3007 0.8118 0.5005
vn 0.3308 0.8711 0.3630
vn 0.3481 0.9019 0.2558
vn 0.3588 0.9183 0.1671
vn 0.3657 0.9265 0.0887
vn 0.3700 0.9289 -0.0160
vn 0.3661 0.9261 -0.0908
vn 0.3597 0.9174 -0.1699
vn 0.3496 0.9000 -0.2602
vn 0.3328 0.8673 -0.3703
vn 0.3025 0.8034 -0.5129
vn 0.2434 0.6714 -0.7000
vn 0.1289 0.4065 -0.9045
vn -0.2052 -0.4065 -0.8903
vn -0.3019 -0.6714 -0.6768
vn -0.3449 -0.8034 -0.4854
vn -0.3630 -0.8673 -0.3408
vn -0.3704 -0.9000 -0.2296
vn -0.3729 -0.9174 -0.1388
vn -0.3725 -0.9261 -0.0594
vn -0.3701 -0.9289 0.0155
vn -0.3657 -0.9265 0.0887
vn -0.3588 -0.9183 0.1671
vn -0.3481 -0.9019 0.2558
vn -0.3308 -0.8711 0.3630
vn -0.3007 -0.8118 0.5005
vn -0.2438 -0.6901 0.6814
vn -0.1331 -0.4346 0.8907
vn 0.2081 0.4346 0.8762
vn 0.3007 0.6901 0.6583
vn 0.3421 0.8118 0.4732
vn 0.3604 0.8711 0.3336
vn 0.3685 0.9019 0.2254
vn 0.3717 0.9183 0.1361
vn 0.3719 0.9265 0.0574
vn 0.3673 0.9289 -0.0473
vn 0.3571 0.9261 -0.1215
vn 0.3440 0.9174 -0.1998
vn 0.3263 0.9000 -0.2889
vn 0.3001 0.8673 -0.3972
vn 0.2579 0.8034 -0.5367
vn 0.1832 0.6714 -0.7181
vn 0.0517 0.4065 -0.9122
vn -0.2799 -0.4065 -0.8697
vn -0.3583 -0.6714 -0.6488
vn -0.3848 -0.8034 -0.4544
vn -0.3905 -0.8673 -0.3088
vn -0.3886 -0.9000 -0.1974
vn -0.3833 -0.9174 -0.1067
vn -0.3762 -0.9261 -0.0276
vn -0.3674 -0.9289 0.0468
vn -0.3569 -0.9265 0.1194
vn -0.3433 -0.9183 0.1969
vn -0.3251 -0.9019 0.2844
vn -0.2988 -0.8711 0.3897
vn -0.2572 -0.8118 0.5242
vn -0.1852 -0.6901 0.6996
vn -0.0571 -0.4346 0.8988
vn 0.2817 0.4346 0.8554
vn 0.3555 0.6901 0.6304
vn 0.3810 0.8118 0.4424
vn 0.3874 0.8711 0.3019
vn 0.3863 0.9019 0.1933
vn 0.3819 0.9183 0.1041
vn 0.3755 0.9265 0.0256
vn 0.3620 0.9289 -0.0783
vn 0.3455 0.9261 -0.1513
vn 0.3259 0.9174 -0.2283
vn 0.3006 0.9000 -0.3155
vn 0.2654 0.8673 -0.4212
vn 0.2115 0.8034 -0.5567
vn 0.1217 0.6714 -0.7310
vn -0.0258 0.4065 -0.9133
vn -0.2107 -0.0000 -0.9776
vn -0.3527 -0.4065 -0.8429
vn -0.4120 -0.6714 -0.6160
vn -0.4220 -0.8034 -0.4201
vn -0.4153 -0.8673 -0.2745
vn -0.4039 -0.9000 -0.1637
vn -0.3910 -0.9174 -0.0738
vn -0.3772 -0.9261 0.0044
vn -0.3621 -0.9289 0.0778
vn -0.3455 -0.9265 0.1492
vn -0.3254 -0.9183 0.2254
vn -0.2998 -0.9019 0.3110
vn -0.2647 -0.8711 0.4137
vn -0.2118 -0.8119 0.5441
vn -0.1251 -0.6901 0.7128
vn 0.0194 -0.4346 0.9004
vn 0.2107 0.0001 0.9776
vn 0.3532 0.4346 0.8284
vn 0.4077 0.6901 0.5980
vn 0.4171 0.8118 0.4085
vn 0.4116 0.8711 0.2679
vn 0.4013 0.9019 0.1599
vn 0.3893 0.9183 0.0713
vn 0.3763 0.9265 -0.0063
vn 0.3541 0.9289 -0.1087
vn 0.3314 0.9261 -0.1801
vn 0.3053 0.9174 -0.2551
vn 0.2728 0.9000 -0.3399
vn 0.2287 0.8673 -0.4422
vn 0.1635 0.8034 -0.5726
vn 0.0592 0.6714 -0.7387
vn -0.1032 0.4065 -0.9078
vn -0.4229 -0.4064 -0.8099
vn -0.4627 -0.6714 -0.5789
vn -0.4561 -0.8034 -0.3828
vn -0.4371 -0.8673 -0.2383
vn -0.4163 -0.9000 -0.1289
vn -0.3958 -0.9174 -0.0404
vn -0.3754 -0.9261 0.0364
vn -0.3542 -0.9289 0.1082
vn -0.3316 -0.9265 0.1780
vn -0.3051 -0.9183 0.2521
vn -0.2724 -0.9019 0.3353
vn -0.2287 -0.8711 0.4346
vn -0.1649 -0.8118 0.5601
vn -0.0643 -0.6901 0.7209
vn 0.0956 -0.4346 0.8955
vn 0.4222 0.4346 0.7955
vn 0.4569 0.6901 0.5613
vn 0.4503 0.8118 0.3717
vn 0.4328 0.8711 0.2320
vn 0.4134 0.9019 0.1253
vn 0.3940 0.9183 0.0380
vn 0.3744 0.9265 -0.0382
vn 0.3436 0.9289 -0.1383
vn 0.3150 0.9261 -0.2075
vn 0.2826 0.9174 -0.2801
vn 0.2429 0.9000 -0.3618
vn 0.1904 0.8673 -0.4600
vn 0.1144 0.8034 -0.5844
vn -0.0036 0.6714 -0.7411
vn -0.1798 0.4065 -0.8958
vn -0.3728 -0.0000 -0.9279
vn -0.4901 -0.4064 -0.7711
vn -0.5102 -0.6714 -0.5376
vn -0.4869 -0.8034 -0.3428
vn -0.4557 -0.8673 -0.2004
vn -0.4258 -0.9000 -0.0931
vn -0.3978 -0.9174 -0.0067
vn -0.3710 -0.9261 0.0681
vn -0.3438 -0.9289 0.1379
vn -0.3153 -0.9265 0.2055
vn -0.2826 -0.9183 0.2771
vn -0.2430 -0.9019 0.3572
vn -0.1910 -0.8711 0.4525
vn -0.1168 -0.8119 0.5721
vn -0.0029 -0.6901 0.7237
vn 0.1712 -0.4346 0.8842
vn 0.4882 0.4346 0.7568
vn 0.5029 0.6901 0.5205
vn 0.4802 0.8118 0.3322
vn 0.4510 0.8711 0.1945
vn 0.4226 0.9019 0.0898
vn 0.3958 0.9183 0.0045
vn 0.3698 0.9265 -0.0698
vn 0.3306 0.9289 -0.1670
vn 0.2962 0.9261 -0.2335
vn 0.2578 0.9174 -0.3030
vn 0.2114 0.9000 -0.3811
vn 0.1507 0.8673 -0.4745
vn 0.0644 0.8034 -0.5920
vn -0.0665 0.6714 -0.7381
vn -0.2551 0.4064 -0.8774
vn -0.5537 -0.4065 -0.7268
vn -0.5539 -0.6714 -0.4923
vn -0.5143 -0.8034 -0.3002
vn -0.4711 -0.8672 -0.1610
vn -0.4321 -0.9000 -0.0567
vn -0.3969 -0.9174 0.0271
vn -0.3639 -0.9261 0.0993
vn -0.3308 -0.9289 0.1665
vn -0.2967 -0.9265 0.2315
vn -0.2581 -0.9183 0.3001
vn -0.2118 -0.9019 0.3765
vn -0.1519 -0.8711 0.4670
vn -0.0679 -0.8118 0.5799
vn 0.0585 -0.6901 0.7214
vn 0.2456 -0.4346 0.8665
vn 0.5506 0.4346 0.7127
vn 0.5452 0.6901 0.4760
vn 0.5066 0.8118 0.2902
vn 0.4658 0.8711 0.1556
vn 0.4287 0.9019 0.0536
vn 0.3947 0.9183 -0.0291
vn 0.3626 0.9265 -0.1009
vn 0.3152 0.9289 -0.1944
vn 0.2754 0.9261 -0.2578
vn 0.2312 0.9174 -0.3238
vn 0.1783 0.9000 -0.3977
vn 0.1099 0.8673 -0.4856
vn 0.0139 0.8034 -0.5953
vn -0.1289 0.6714 -0.7298
vn -0.3286 0.4065 -0.8525
vn -0.6133 -0.4065 -0.6772
vn -0.5937 -0.6714 -0.4436
vn -0.5379 -0.8034 -0.2556
vn -0.4831 -0.8673 -0.1205
vn -0.4354 -0.9000 -0.0198
vn -0.3932 -0.9174 0.0607
vn -0.3541 -0.9261 0.1298
vn -0.3155 -0.9289 0.1940
vn -0.2760 -0.9265 0.2558
vn -0.2317 -0.9183 0.3209
vn -0.1791 -0.9019 0.3931
vn -0.1118 -0.8711 0.4782
vn -0.0185 -0.8118 0.5836
vn 0.1195 -0.6901 0.7138
vn 0.3182 -0.4346 0.8425
vn 0.6091 0.4346 0.6634
vn 0.5836 0.6901 0.4280
vn 0.5294 0.8118 0.2462
vn 0.4773 0.8711 0.1155
vn 0.4317 0.9019 0.0170
vn 0.3908 0.9183 -0.0625
vn 0.3527 0.9265 -0.1313
vn 0.2976 0.9289 -0.2204
vn 0.2525 0.9261 -0.2802
vn 0.2029 0.9174 -0.3422
vn 0.1439 0.9000 -0.4114
vn 0.0683 0.8673 -0.4932
vn -0.0366 0.8034 -0.5944
vn -0.1902 0.6714 -0.7163
vn -0.3997 0.4065 -0.8216
vn -0.6686 -0.4065 -0.6228
vn -0.6292 -0.6714 -0.3916
vn -0.5576 -0.8034 -0.2090
vn -0.4915 -0.8673 -0.0791
vn -0.4355 -0.9000 0.0172
vn -0.3867 -0.9174 0.0938
vn -0.3419 -0.9261 0.1594
vn -0.2979 -0.9289 0.2200
vn -0.2533 -0.9265 0.2783
vn -0.2037 -0.9183 0.3394
vn -0.1451 -0.9019 0.4069
vn -0.0708 -0.8711 0.4860
vn 0.0311 -0.8118 0.5830
vn 0.1796 -0.6901 0.7011
vn 0.3885 -0.4346 0.8125
vn 0.6631 0.4346 0.6094
vn 0.6178 0.6901 0.3770
vn 0.5484 0.8118 0.2005
vn 0.4854 0.8711 0.0746
vn 0.4315 0.9019 -0.0196
vn 0.3841 0.9183 -0.0954
vn 0.3403 0.9265 -0.1607
vn 0.2779 0.9289 -0.2449
vn 0.2278 0.9261 -0.3006
vn 0.1732 0.9174 -0.3582
vn 0.1085 0.9000 -0.4221
vn 0.0262 0.8673 -0.4972
vn -0.0869 0.8034 -0.5891
vn -0.2503 0.6714 -0.6975
vn -0.4679 0.4065 -0.7847
vn -0.7190 -0.4065 -0.5638
vn -0.6601 -0.6714 -0.3369
vn -0.5733 -0.8034 -0.1610
vn -0.4965 -0.8673 -0.0371
vn -0.4324 -0.9000 0.0540
vn -0.3773 -0.9175 0.1263
vn -0.3271 -0.9261 0.1878
vn -0.2782 -0.9289 0.2445
vn -0.2288 -0.9265 0.2988
vn -0.1742 -0.9183 0.3554
vn -0.1101 -0.9019 0.4177
vn -0.0293 -0.8711 0.4902
vn 0.0804 -0.8118 0.5783
vn 0.2384 -0.6901 0.6834
vn 0.4560 -0.4346 0.7766
vn 0.7124 0.4346 0.5510
vn 0.6475 0.6901 0.3232
vn 0.5634 0.8118 0.1532
vn 0.4900 0.8711 0.0332
vn 0.4283 0.9019 -0.0562
vn 0.3747 0.9183 -0.1276
vn 0.3254 0.9265 -0.1890
vn 0.2561 0.9289 -0.2676
vn 0.2015 0.9261 -0.3188
vn 0.1422 0.9174 -0.3716
vn 0.0723 0.9000 -0.4298
vn -0.0160 0.8673 -0.4976
vn -0.1365 0.8034 -0.5796
vn -0.3086 0.6714 -0.6738
vn -0.5328 0.4064 -0.7422
vn -0.7219 -0.0000 -0.6919
vn -0.7642 -0.4065 -0.5008
vn -0.6863 -0.6714 -0.2797
vn -0.5849 -0.8034 -0.1118
vn -0.4978 -0.8672 0.0051
vn -0.4263 -0.9000 0.0905
vn -0.3652 -0.9174 0.1578
vn -0.3100 -0.9261 0.2149
vn -0.2564 -0.9289 0.2672
vn -0.2026 -0.9265 0.3171
vn -0.1434 -0.9183 0.3689
vn -0.0743 -0.9019 0.4256
vn 0.0124 -0.8711 0.4910
vn 0.1292 -0.8118 0.5694
vn 0.2955 -0.6901 0.6607
vn 0.5203 -0.4346 0.7351
vn 0.7566 0.4346 0.4886
vn 0.6726 0.6901 0.2672
vn 0.5744 0.8118 0.1049
vn 0.4910 0.8711 -0.0085
vn 0.4220 0.9019 -0.0923
vn 0.3625 0.9183 -0.1589
vn 0.3082 0.9265 -0.2159
vn 0.2325 0.9289 -0.2883
vn 0.1737 0.9261 -0.3348
vn 0.1101 0.9174 -0.3823
vn 0.0356 0.9000 -0.4344
vn -0.0582 0.8673 -0.4945
vn -0.1852 0.8034 -0.5660
vn -0.3646 0.6714 -0.6452
vn -0.5938 0.4065 -0.6944
vn -0.8039 -0.4065 -0.4342
vn -0.7076 -0.6714 -0.2205
vn -0.5922 -0.8034 -0.0618
vn -0.4956 -0.8673 0.0473
vn -0.4171 -0.9000 0.1263
vn -0.3505 -0.9174 0.1882
vn -0.2907 -0.9261 0.2404
vn -0.2329 -0.9289 0.2880
vn -0.1750 -0.9265 0.3332
vn -0.1116 -0.9183 0.3797
vn -0.0379 -0.9019 0.4303
vn 0.0539 -0.8711 0.4881
vn 0.1770 -0.8118 0.5564
vn 0.3504 -0.6901 0.6333
vn 0.5807 -0.4346 0.6884
vn 0.7953 0.4346 0.4227
vn 0.6929 0.6900 0.2092
vn 0.5812 0.8118 0.0558
vn 0.4886 0.8711 -0.0501
vn 0.4127 0.9019 -0.1277
vn 0.3477 0.9183 -0.1891
vn 0.2888 0.9265 -0.2413
vn 0.2072 0.9289 -0.3070
vn 0.1447 0.9261 -0.3483
vn 0.0773 0.9174 -0.3903
vn -0.0013 0.9000 -0.4358
vn -0.0999 0.8673 -0.4877
vn -0.2325 0.8034 -0.5482
vn -0.4180 0.6714 -0.6120
vn -0.6506 0.4065 -0.6415
vn -0.8378 -0.4064 -0.3645
vn -0.7237 -0.6714 -0.1597
vn -0.5954 -0.8034 -0.0113
vn -0.4898 -0.8673 0.0892
vn -0.4049 -0.9000 0.1613
vn -0.3333 -0.9174 0.2172
vn -0.2692 -0.9261 0.2642
vn -0.2076 -0.9289 0.3067
vn -0.1462 -0.9265 0.3468
vn -0.0790 -0.9183 0.3878
vn -0.0013 -0.9019 0.4320
vn 0.0951 -0.8711 0.4818
vn 0.2235 -0.8118 0.5394
vn 0.4029 -0.6901 0.6012
vn 0.6370 -0.4346 0.6367
vn 0.8283 0.4346 0.3537
vn 0.7081 0.6901 0.1497
vn 0.5838 0.8118 0.0063
vn 0.4825 0.8711 -0.0914
vn 0.4003 0.9019 -0.1623
vn 0.3304 0.9183 -0.2179
vn 0.2673 0.9265 -0.2649
vn 0.1804 0.9289 -0.3235
vn 0.1146 0.9261 -0.3593
vn 0.0439 0.9174 -0.3954
vn -0.0383 0.9000 -0.4341
vn -0.1409 0.8673 -0.4775
vn -0.2781 0.8034 -0.5265
vn -0.4684 0.6714 -0.5743
vn -0.7026 0.4064 -0.5841
vn -0.8657 -0.4065 -0.2921
vn -0.7346 -0.6714 -0.0977
vn -0.5942 -0.8034 0.0392
vn -0.4805 -0.8673 0.1304
vn -0.3898 -0.9000 0.1950
vn -0.3137 -0.9174 0.2447
vn -0.2459 -0.9261 0.2860
vn -0.1809 -0.9289 0.3232
vn -0.1162 -0.9265 0.3579
vn -0.0458 -0.9183 0.3931
vn 0.0354 -0.9019 0.4305
vn 0.1357 -0.8711 0.4720
vn 0.2685 -0.8118 0.5185
vn 0.4524 -0.6901 0.5649
vn 0.6887 -0.4346 0.5803
vn 0.8553 0.4346 0.2821
vn 0.7182 0.6901 0.0891
vn 0.5823 0.8118 -0.0432
vn 0.4731 0.8711 -0.1320
vn 0.3851 0.9019 -0.1956
vn 0.3108 0.9183 -0.2451
vn 0.2439 0.9265 -0.2866
vn 0.1523 0.9289 -0.3376
vn 0.0838 0.9261 -0.3678
vn 0.0102 0.9174 -0.3977
vn -0.0750 0.9000 -0.4293
vn -0.1809 0.8673 -0.4638
vn -0.3218 0.8034 -0.5010
vn -0.5154 0.6714 -0.5325
vn -0.7496 0.4065 -0.5223
vn -0.8874 -0.4064 -0.2176
vn -0.7403 -0.6714 -0.0351
vn -0.5887 -0.8034 0.0895
vn -0.4677 -0.8673 0.1707
vn -0.3718 -0.9000 0.2274
vn -0.2918 -0.9174 0.2705
vn -0.2207 -0.9261 0.3059
vn -0.1528 -0.9289 0.3374
vn -0.0854 -0.9265 0.3665
vn -0.0123 -0.9183 0.3956
vn 0.0717 -0.9019 0.4260
vn 0.1752 -0.8711 0.4588
vn 0.3115 -0.8118 0.4938
vn 0.4987 -0.6901 0.5245
vn 0.7355 -0.4346 0.5198
vn 0.8761 0.4347 0.2086
vn 0.7232 0.6901 0.0278
vn 0.5765 0.8118 -0.0925
vn 0.4601 0.8711 -0.1716
vn 0.3672 0.9019 -0.2276
vn 0.2889 0.9183 -0.2706
vn 0.2187 0.9265 -0.3063
vn 0.1231 0.9289 -0.3493
vn 0.0523 0.9261 -0.3736
vn -0.0235 0.9174 -0.3972
vn -0.1111 0.9000 -0.4214
vn -0.2196 0.8673 -0.4468
vn -0.3631 0.8034 -0.4719
vn -0.5587 0.6714 -0.4869
vn -0.7912 0.4065 -0.4569
vn -0.9026 -0.4064 -0.1416
vn -0.7406 -0.6714 0.0278
vn -0.5790 -0.8034 0.1391
vn -0.4516 -0.8672 0.2097
vn -0.3512 -0.9000 0.2581
vn -0.2678 -0.9174 0.2942
vn -0.1940 -0.9261 0.3235
vn -0.1236 -0.9289 0.3491
vn -0.0541 -0.9265 0.3724
vn 0.0213 -0.9183 0.3952
vn 0.1076 -0.9019 0.4184
vn 0.2135 -0.8711 0.4423
vn 0.3522 -0.8118 0.4657
vn 0.5414 -0.6901 0.4803
vn 0.7769 -0.4346 0.4556
vn 0.8907 0.4346 0.1336
vn 0.7230 0.6901 -0.0336
vn 0.5666 0.8118 -0.1410
vn 0.4439 0.8711 -0.2100
vn 0.3465 0.9019 -0.2579
vn 0.2648 0.9183 -0.2941
vn 0.1919 0.9265 -0.3237
vn 0.0931 0.9289 -0.3585
vn 0.0204 0.9261 -0.3766
vn -0.0571 0.9174 -0.3937
vn -0.1464 0.9000 -0.4105
vn -0.2567 0.8672 -0.4266
vn -0.4019 0.8034 -0.4394
vn -0.5980 0.6714 -0.4377
vn -0.8271 0.4064 -0.3882
vn -0.9114 -0.4064 -0.0645
vn -0.7356 -0.6714 0.0905
vn -0.5651 -0.8034 0.1877
vn -0.4321 -0.8673 0.2473
vn -0.3280 -0.9000 0.2869
vn -0.2419 -0.9174 0.3159
vn -0.1659 -0.9261 0.3388
vn -0.0936 -0.9289 0.3584
vn -0.0223 -0.9265 0.3757
vn 0.0547 -0.9183 0.3920
vn 0.1427 -0.9019 0.4077
vn 0.2502 -0.8711 0.4226
vn 0.3905 -0.8118 0.4341
vn 0.5802 -0.6901 0.4327
vn 0.8127 -0.4346 0.3881
vn 0.8988 0.4346 0.0576
vn 0.7175 0.6901 -0.0948
vn 0.5526 0.8118 -0.1885
vn 0.4245 0.8711 -0.2469
vn 0.3234 0.9019 -0.2864
vn 0.2390 0.9183 -0.3155
vn 0.1638 0.9265 -0.3388
vn 0.0623 0.9289 -0.3651
vn -0.0116 0.9261 -0.3770
vn -0.0903 0.9174 -0.3875
vn -0.1807 0.9000 -0.3966
vn -0.2919 0.8673 -0.4033
vn -0.4377 0.8034 -0.4038
vn -0.6330 0.6714 -0.3854
vn -0.8571 0.4065 -0.3166
vn -0.9136 -0.4065 0.0130
vn -0.7252 -0.6714 0.1526
vn -0.5472 -0.8034 0.2349
vn -0.4096 -0.8673 0.2830
vn -0.3025 -0.9000 0.3137
vn -0.2142 -0.9174 0.3353
vn -0.1365 -0.9261 0.3516
vn -0.0628 -0.9289 0.3650
vn 0.0097 -0.9265 0.3762
vn 0.0878 -0.9183 0.3859
vn 0.1768 -0.9019 0.3942
vn 0.2852 -0.8711 0.3998
vn 0.4259 -0.8118 0.3994
vn 0.6148 -0.6900 0.3819
vn 0.8427 -0.4346 0.3178
vn 0.9004 0.4346 -0.0189
vn 0.7069 0.6901 -0.1553
vn 0.5346 0.8118 -0.2347
vn 0.4021 0.8711 -0.2820
vn 0.2980 0.9019 -0.3128
vn 0.2113 0.9183 -0.3347
vn 0.1344 0.9265 -0.3515
vn 0.0312 0.9289 -0.3691
vn -0.0435 0.9261 -0.3747
vn -0.1228 0.9174 -0.3784
vn -0.2137 0.9000 -0.3798
vn -0.3251 0.8673 -0.3771
vn -0.4703 0.8034 -0.3652
vn -0.6634 0.6714 -0.3304
vn -0.8808 0.4064 -0.2427
vn -0.9092 -0.4064 0.0904
vn -0.7097 -0.6714 0.2135
vn -0.5253 -0.8034 0.2805
vn -0.3841 -0.8673 0.3167
vn -0.2748 -0.9000 0.3382
vn -0.1850 -0.9174 0.3522
vn -0.1062 -0.9261 0.3619
vn -0.0317 -0.9289 0.3690
vn 0.0415 -0.9265 0.3740
vn 0.1202 -0.9183 0.3771
vn 0.2096 -0.9019 0.3778
vn 0.3180 -0.8711 0.3742
vn 0.4582 -0.8118 0.3619
vn 0.6449 -0.6901 0.3284
vn 0.8666 -0.4346 0.2451
vn 0.8956 0.4346 -0.0952
vn 0.6912 0.6900 -0.2147
vn 0.5128 0.8118 -0.2792
vn 0.3767 0.8711 -0.3151
vn 0.2704 0.9019 -0.3369
vn 0.1822 0.9183 -0.3514
vn 0.1041 0.9265 -0.3616
vn -0.0003 0.9289 -0.3704
vn -0.0752 0.9261 -0.3696
vn -0.1545 0.9174 -0.3666
vn -0.2452 0.9000 -0.3603
vn -0.3559 0.8673 -0.3482
vn -0.4996 0.8034 -0.3240
vn -0.6890 0.6714 -0.2730
vn -0.8982 0.4064 -0.1672
vn -0.8983 -0.4064 0.1672
vn -0.6890 -0.6714 0.2729
vn -0.4996 -0.8034 0.3240
vn -0.3559 -0.8672 0.3482
vn -0.2452 -0.9000 0.3603
vn -0.1545 -0.9174 0.3666
vn -0.0751 -0.9261 0.3696
vn -0.0003 -0.9289 0.3704
vn 0.0731 -0.9265 0.3692
vn 0.1517 -0.9183 0.3656
vn 0.2408 -0.9019 0.3586
vn 0.3486 -0.8711 0.3459
vn 0.4873 -0.8118 0.3217
vn 0.6705 -0.6901 0.2725
vn 0.8843 -0.4346 0.1708
vn 0.8843 0.4346 -0.1708
vn 0.6705 0.6901 -0.2725
vn 0.4872 0.8119 -0.3217
vn 0.3486 0.8711 -0.3459
vn 0.2408 0.9019 -0.3586
vn 0.1517 0.9183 -0.3656
vn 0.0731 0.9265 -0.3692
vn -0.1850 0.9175 -0.3522
vn -0.3841 0.8672 -0.3167
vn -0.7096 0.6714 -0.2135
vn -0.9092 0.4064 -0.0905
vn -0.8808 -0.4064 0.2428
vn -0.1228 -0.9174 0.3784
vn 0.0311 -0.9289 0.3691
vn 0.1041 -0.9265 0.3616
vn 0.8666 0.4346 -0.2452
vn 0.6450 0.6901 -0.3284
vn 0.2095 0.9019 -0.3778
vn 0.0416 0.9265 -0.3740
vn -0.0629 0.9289 -0.3650
vn -0.9136 0.4065 -0.0130
vn -0.8571 -0.4064 0.3166
vn -0.6330 -0.6714 0.3855
vn -0.4376 -0.8034 0.4038
vn 0.2114 -0.9183 0.3347
vn 0.8427 0.4346 -0.3177
vn 0.6147 0.6901 -0.3819
vn 0.2852 0.8711 -0.3999
vn 0.1767 0.9019 -0.3942
vn 0.0878 0.9183 -0.3860
vn -0.8271 -0.4064 0.3881
vn -0.4018 -0.8034 0.4394
vn 0.5801 0.6901 -0.4327
vn -0.5588 -0.6714 0.4869
vn -0.2195 -0.8673 0.4468
vn 0.1232 -0.9289 0.3493
vn 0.4440 -0.8711 0.2100
vn 0.5413 0.6901 -0.4803
vn 0.3523 0.8118 -0.4657
vn -0.5887 0.8034 -0.0894
vn -0.7496 -0.4065 0.5224
vn -0.1808 -0.8673 0.4638
vn -0.0749 -0.9000 0.4293
vn 0.3114 0.8119 -0.4939
vn -0.3898 0.9000 -0.1950
vn -0.4805 0.8672 -0.1304
vn -0.7026 -0.4064 0.5841
vn 0.0440 -0.9174 0.3954
vn 0.6887 0.4346 -0.5804
vn 0.4525 0.6901 -0.5649
vn -0.4898 0.8672 -0.0892
vn 0.4003 -0.9019 0.1623
vn 0.6370 0.4346 -0.6366
vn -0.1462 0.9265 -0.3468
vn -0.7076 0.6714 0.2205
vn -0.0581 -0.8673 0.4945
vn 0.1737 -0.9261 0.3348
vn 0.6928 -0.6901 -0.2092
vn 0.3504 0.6901 -0.6333
vn -0.1750 0.9265 -0.3331
vn -0.5328 -0.4065 0.7423
vn 0.2015 -0.9261 0.3188
vn 0.5203 0.4346 -0.7351
vn 0.2954 0.6901 -0.6607
vn 0.0124 0.8711 -0.4910
vn -0.3773 0.9174 -0.1262
vn -0.4325 0.9000 -0.0540
vn -0.7190 0.4065 0.5638
vn -0.4680 -0.4064 0.7847
vn -0.0868 -0.8034 0.5891
vn 0.0263 -0.8673 0.4972
vn 0.6475 -0.6901 -0.3232
vn 0.6607 -0.0000 -0.7506
vn 0.4561 0.4346 -0.7766
vn 0.2384 0.6901 -0.6833
vn -0.0294 0.8711 -0.4902
vn -0.3418 0.9261 -0.1594
vn -0.6291 0.6714 0.3917
vn -0.6686 0.4065 0.6227
vn -0.3997 -0.4064 0.8216
vn -0.1902 -0.6714 0.7163
vn 0.5484 -0.8118 -0.2005
vn 0.5947 -0.0000 -0.8040
vn 0.0311 0.8118 -0.5830
vn -0.3542 0.9261 -0.1298
vn -0.5379 0.8034 0.2556
vn -0.6133 0.4064 0.6772
vn 0.4316 -0.9019 -0.0170
vn 0.6091 -0.4346 -0.6634
vn -0.5143 0.8034 0.3003
vn -0.0037 -0.6714 0.7411
vn 0.1144 -0.8034 0.5844
vn 0.4509 -0.8711 -0.1945
vn 0.4882 -0.4347 -0.7568
vn 0.3728 -0.0000 -0.9279
vn 0.1713 0.4346 -0.8842
vn -0.4229 0.4065 0.8099
vn -0.1032 -0.4064 0.9078
vn 0.2727 -0.9000 0.3399
vn 0.0957 0.4346 -0.8955
vn -0.4220 0.8034 0.4201
vn -0.3527 0.4064 0.8429
vn -0.0258 -0.4064 0.9133
vn 0.1217 -0.6714 0.7310
vn 0.2106 -0.0000 -0.9776
vn -0.3886 0.9000 0.1974
vn -0.3583 0.6714 0.6488
vn -0.2799 0.4065 0.8697
vn 0.0518 -0.4064 0.9122
vn 0.3810 -0.8118 -0.4424
vn 0.2817 -0.4347 -0.8554
vn -0.0571 0.4346 -0.8988
vn -0.1852 0.6901 -0.6997
vn 0.2435 -0.6714 0.7000
vn 0.3327 -0.8673 0.3703
vn 0.3597 -0.9174 0.1699
vn 0.2081 -0.4346 -0.8762
vn -0.3327 0.8673 0.3703
vn 0.3007 -0.8118 -0.5005
vn -0.0518 0.4065 0.9122
vn 0.2799 -0.4064 0.8697
vn 0.3583 -0.6714 0.6488
vn 0.1852 -0.6900 -0.6997
vn -0.3006 0.9000 0.3156
vn 0.0258 0.4064 0.9133
vn 0.3527 -0.4064 0.8429
vn 0.4120 -0.6714 0.6161
vn -0.2107 -0.0000 -0.9775
vn -0.3532 0.4346 -0.8284
vn -0.4077 0.6901 -0.5980
vn 0.1032 0.4064 0.9078
vn -0.0956 -0.4346 -0.8955
vn -0.4503 0.8118 -0.3717
vn -0.4328 0.8711 -0.2321
vn -0.2430 0.9000 0.3618
vn 0.1798 0.4064 0.8958
vn 0.3728 -0.0000 0.9279
vn 0.2429 -0.9019 -0.3572
vn -0.5029 0.6901 -0.5205
vn -0.4509 0.8711 -0.1945
vn -0.4226 0.9019 -0.0897
vn 0.5539 -0.6714 0.4923
vn 0.5143 -0.8034 0.3003
vn -0.4287 0.9019 -0.0536
vn -0.2753 0.9261 0.2578
vn -0.2312 0.9175 0.3238
vn 0.3286 0.4064 0.8525
vn 0.6134 -0.4064 0.6772
vn 0.5379 -0.8033 0.2556
vn -0.1194 -0.6901 -0.7138
vn -0.5294 0.8119 -0.2462
vn -0.0683 0.8673 0.4931
vn 0.1902 0.6714 0.7163
vn 0.3998 0.4064 0.8216
vn 0.6685 -0.4065 0.6228
vn 0.6291 -0.6714 0.3917
vn 0.4916 -0.8672 0.0791
vn -0.0311 -0.8118 -0.5830
vn -0.6178 0.6900 -0.3770
vn -0.5484 0.8118 -0.2005
vn -0.2778 0.9289 0.2449
vn -0.1731 0.9174 0.3582
vn -0.0263 0.8673 0.4972
vn 0.0868 0.8034 0.5891
vn 0.2503 0.6714 0.6975
vn 0.6607 -0.0000 0.7506
vn 0.3773 -0.9174 -0.1263
vn -0.0805 -0.8118 -0.5783
vn -0.6476 0.6901 -0.3233
vn -0.5634 0.8118 -0.1532
vn -0.4283 0.9019 0.0562
vn -0.1421 0.9174 0.3716
vn 0.5328 0.4064 0.7422
vn -0.5203 -0.4346 -0.7351
vn -0.7565 0.4347 -0.4886
vn -0.5744 0.8119 -0.1049
vn -0.0357 0.9000 0.4344
vn 0.0581 0.8673 0.4945
vn 0.8039 -0.4064 0.4342
vn 0.7076 -0.6714 0.2205
vn 0.4171 -0.9000 -0.1263
vn -0.7780 -0.0000 -0.6283
vn -0.7953 0.4346 -0.4226
vn -0.6929 0.6901 -0.2092
vn -0.4886 0.8711 0.0501
vn 0.4179 0.6714 0.6120
vn 0.8378 -0.4065 0.3644
vn 0.4898 -0.8672 -0.0892
vn -0.0951 -0.8711 -0.4818
vn -0.2235 -0.8118 -0.5394
vn -0.4029 -0.6901 -0.6013
vn -0.7081 0.6901 -0.1497
vn -0.5839 0.8118 -0.0063
vn -0.0440 0.9174 0.3954
vn 0.7026 0.4065 0.5840
vn 0.7346 -0.6714 0.0978
vn 0.3898 -0.9000 -0.1950
vn 0.2458 -0.9261 -0.2860
vn -0.7182 0.6901 -0.0891
vn -0.3852 0.9019 0.1956
vn -0.0837 0.9261 0.3678
vn 0.3217 0.8034 0.5010
vn 0.7497 0.4064 0.5223
vn 0.8874 -0.4065 0.2176
vn 0.5887 -0.8034 -0.0895
vn -0.3115 -0.8118 -0.4939
vn -0.8761 0.4347 -0.2086
vn -0.5765 0.8119 0.0925
vn -0.4602 0.8711 0.1716
vn -0.2888 0.9183 0.2706
vn -0.0523 0.9261 0.3735
vn 0.5588 0.6714 0.4869
vn 0.7912 0.4064 0.4569
vn 0.5790 -0.8034 -0.1390
vn -0.3523 -0.8118 -0.4657
vn -0.5413 -0.6901 -0.4803
vn -0.9429 -0.0000 -0.3332
vn -0.7230 0.6900 0.0336
vn -0.4440 0.8711 0.2100
vn -0.3466 0.9019 0.2579
vn 0.4019 0.8034 0.4395
vn 0.5980 0.6714 0.4377
vn 0.8271 0.4064 0.3881
vn 0.9114 -0.4064 0.0645
vn 0.7356 -0.6713 -0.0905
vn 0.5651 -0.8034 -0.1877
vn 0.4320 -0.8673 -0.2473
vn -0.5801 -0.6901 -0.4327
vn -0.7175 0.6900 0.0948
vn -0.4246 0.8711 0.2469
vn -0.3235 0.9019 0.2864
vn -0.2389 0.9183 0.3155
vn -0.0624 0.9289 0.3651
vn 0.0903 0.9175 0.3875
vn 0.4377 0.8033 0.4038
vn 0.6330 0.6714 0.3854
vn 0.8571 0.4064 0.3165
vn 0.3025 -0.9001 -0.3137
vn 0.0629 -0.9289 -0.3650
vn -0.6147 -0.6901 -0.3819
vn -0.8427 -0.4347 -0.3178
vn -0.9004 0.4347 0.0189
vn -0.7068 0.6901 0.1553
vn -0.5346 0.8119 0.2347
vn -0.4020 0.8711 0.2820
vn -0.2979 0.9019 0.3128
vn -0.1345 0.9265 0.3515
vn 0.3250 0.8673 0.3771
vn 0.8808 0.4065 0.2428
vn 0.7097 -0.6713 -0.2135
vn 0.2749 -0.9000 -0.3382
vn 0.1851 -0.9174 -0.3522
vn -0.3181 -0.8711 -0.3742
vn -0.1042 0.9265 0.3616
vn 0.0002 0.9289 0.3704
vn 0.6891 0.6714 0.2729
vn 0.8983 -0.4064 -0.1672
vn 0.3557 -0.8673 -0.3482
vn 0.0751 -0.9261 -0.3696
vn -0.3487 -0.8711 -0.3459
vn -0.4872 0.8119 0.3217
vn -0.3487 0.8711 0.3459
vn -0.0732 0.9265 0.3692
vn 0.1851 0.9174 0.3522
vn 0.3842 0.8672 0.3167
vn 0.5254 0.8033 0.2804
vn 0.4704 -0.8034 -0.3652
vn 0.3251 -0.8672 -0.3771
vn 0.1229 -0.9174 -0.3784
vn -0.1042 -0.9265 -0.3616
vn -0.5127 -0.8119 -0.2792
vn -0.8666 0.4346 0.2452
vn -0.2096 0.9019 0.3778
vn 0.2142 0.9175 0.3353
vn 0.5472 0.8033 0.2349
vn 0.9136 0.4065 0.0130
vn 0.8571 -0.4064 -0.3166
vn 0.6329 -0.6714 -0.3855
vn 0.4376 -0.8034 -0.4038
vn -0.7068 -0.6901 -0.1553
vn -0.8427 0.4347 0.3178
vn -0.6147 0.6901 0.3819
vn -0.1767 0.9019 0.3942
vn 0.0936 0.9289 0.3583
vn 0.3280 0.9001 0.2869
vn 0.9114 0.4065 -0.0645
vn 0.9677 -0.0000 -0.2519
vn 0.8271 -0.4064 -0.3882
vn 0.4018 -0.8034 -0.4394
vn 0.2566 -0.8673 -0.4266
vn 0.1465 -0.9000 -0.4105
vn -0.5525 -0.8119 -0.1886
vn -0.5801 0.6901 0.4327
vn -0.0548 0.9183 0.3920
vn 0.2195 -0.8673 -0.4468
vn -0.2648 -0.9183 -0.2941
vn -0.3465 -0.9019 -0.2579
vn -0.4440 -0.8711 -0.2100
vn -0.5666 -0.8118 -0.1410
vn -0.7229 -0.6901 -0.0336
vn -0.9429 -0.0000 0.3332
vn -0.5413 0.6901 0.4803
vn 0.0541 0.9265 0.3724
vn 0.2208 0.9261 0.3059
vn 0.2918 0.9174 0.2704
vn 0.5888 0.8033 0.0894
vn 0.7403 0.6713 -0.0351
vn 0.9113 -0.0000 -0.4119
vn 0.7497 -0.4064 -0.5223
vn 0.3217 -0.8034 -0.5010
vn 0.1810 -0.8672 -0.4638
vn 0.0750 -0.9000 -0.4293
vn -0.0837 -0.9261 -0.3678
vn -0.3671 -0.9019 -0.2276
vn -0.7233 -0.6900 0.0278
vn -0.7354 0.4346 0.5199
vn -0.0718 0.9019 0.4260
vn 0.0855 0.9265 0.3665
vn 0.4804 0.8673 0.1304
vn 0.7346 0.6714 -0.0977
vn 0.8730 0.0001 -0.4877
vn 0.2781 -0.8034 -0.5265
vn -0.1146 -0.9261 -0.3593
vn -0.4731 -0.8711 -0.1320
vn -0.8553 -0.4346 0.2822
vn -0.6887 0.4346 0.5804
vn -0.1356 0.8711 0.4720
vn 0.5954 0.8033 -0.0113
vn 0.8378 0.4065 -0.3644
vn 0.6507 -0.4064 -0.6414
vn -0.4003 -0.9019 -0.1623
vn -0.5838 -0.8118 0.0063
vn -0.7081 -0.6901 0.1497
vn -0.8283 -0.4345 0.3536
vn -0.4029 0.6900 0.6012
vn 0.2906 0.9261 0.2404
vn 0.3505 0.9175 0.1882
vn 0.4171 0.9001 0.1263
vn 0.5923 0.8033 -0.0618
vn 0.7076 0.6714 -0.2205
vn 0.8039 0.4064 -0.4342
vn 0.7780 -0.0000 -0.6283
vn -0.0357 -0.9000 -0.4343
vn -0.1102 -0.9174 -0.3823
vn -0.4885 -0.8711 -0.0501
vn -0.5812 -0.8119 0.0558
vn -0.6929 -0.6901 0.2092
vn -0.7952 -0.4347 0.4227
vn -0.7781 -0.0000 0.6282
vn -0.3504 0.6901 0.6332
vn -0.0539 0.8711 0.4881
vn 0.1115 0.9183 0.3797
vn 0.1750 0.9265 0.3331
vn 0.3653 0.9174 0.1578
vn 0.7642 0.4064 -0.5008
vn 0.5329 -0.4064 -0.7422
vn -0.1421 -0.9174 -0.3716
vn -0.2015 -0.9261 -0.3189
vn -0.3083 -0.9265 -0.2159
vn -0.4911 -0.8711 -0.0085
vn -0.7566 -0.4346 0.4885
vn -0.5202 0.4346 0.7351
vn -0.1292 0.8118 0.5694
vn -0.0124 0.8711 0.4910
vn 0.0743 0.9019 0.4256
vn 0.3773 0.9175 0.1263
vn 0.4324 0.9000 0.0540
vn 0.4965 0.8673 -0.0371
vn 0.4679 -0.4065 -0.7848
vn -0.0262 -0.8673 -0.4972
vn -0.2279 -0.9261 -0.3006
vn -0.4284 -0.9019 -0.0562
vn -0.5634 -0.8118 0.1532
vn 0.3867 0.9174 0.0938
vn 0.3997 -0.4064 -0.8216
vn -0.0683 -0.8673 -0.4931
vn -0.5484 -0.8118 0.2005
vn -0.6632 -0.4346 0.6094
vn 0.5378 0.8034 -0.2556
vn 0.6134 0.4064 -0.6772
vn 0.3286 -0.4065 -0.8525
vn 0.1288 -0.6714 -0.7298
vn -0.0140 -0.8034 -0.5953
vn -0.2753 -0.9261 -0.2578
vn -0.3908 -0.9183 -0.0625
vn -0.6090 -0.4346 0.6635
vn -0.1195 0.6901 0.7138
vn 0.3969 0.9175 0.0271
vn 0.5142 0.8034 -0.3003
vn 0.5537 0.4065 -0.7268
vn -0.1506 -0.8673 -0.4745
vn -0.2579 -0.9174 -0.3030
vn -0.4287 -0.9019 0.0536
vn 0.1520 0.8711 0.4670
vn 0.4901 0.4064 -0.7711
vn -0.4509 -0.8711 0.1945
vn -0.4882 -0.4346 0.7568
vn -0.1713 0.4346 0.8842
vn 0.1169 0.8118 0.5721
vn 0.4229 0.4064 -0.8099
vn 0.1031 -0.4064 -0.9078
vn -0.0956 0.4346 0.8955
vn 0.2286 0.8711 0.4346
vn 0.3527 0.4064 -0.8429
vn 0.0258 -0.4064 -0.9133
vn -0.1217 -0.6714 -0.7311
vn -0.3006 -0.9000 -0.3156
vn -0.4076 -0.6901 0.5980
vn -0.3532 -0.4347 0.8284
vn 0.1251 0.6901 0.7128
vn 0.2999 0.9019 0.3110
vn 0.2799 0.4064 -0.8697
vn -0.0517 -0.4065 -0.9122
vn -0.3555 -0.6900 0.6305
vn 0.1852 0.6901 0.6997
vn 0.3700 0.9289 0.0155
vn -0.3597 -0.9174 -0.1699
vn 0.1331 0.4347 0.8907
vn 0.3008 0.8118 0.5005
vn 0.3598 0.9174 -0.1699
vn 0.2434 0.6714 -0.6999
vn -0.1331 -0.4347 0.8907
vn 0.2082 0.4346 0.8762
vn 0.3421 0.8119 0.4731
vn -0.2799 -0.4064 -0.8697
vn 0.2817 0.4347 0.8554
vn 0.3006 0.9000 -0.3156
vn -0.3527 -0.4064 -0.8429
vn -0.2119 -0.8118 0.5441
vn -0.1252 -0.6901 0.7128
vn 0.4172 0.8118 0.4085
vn 0.2727 0.9000 -0.3399
vn -0.1031 0.4065 -0.9078
vn -0.4561 -0.8034 -0.3829
vn -0.4371 -0.8672 -0.2383
vn -0.0642 -0.6901 0.7209
vn 0.4223 0.4346 0.7955
vn 0.4328 0.8711 0.2321
vn 0.1143 0.8034 -0.5844
vn -0.1798 0.4064 -0.8958
vn -0.5101 -0.6714 -0.5376
vn -0.1169 -0.8118 0.5721
vn 0.1712 -0.4347 0.8842
vn 0.5028 0.6901 0.5205
vn -0.2551 0.4065 -0.8773
vn -0.5142 -0.8034 -0.3003
vn -0.4711 -0.8673 -0.1610
vn 0.4286 0.9019 0.0536
vn 0.3625 0.9265 -0.1009
vn 0.3153 0.9289 -0.1944
vn 0.2312 0.9175 -0.3238
vn -0.1288 0.6714 -0.7298
vn -0.3285 0.4065 -0.8526
vn -0.5936 -0.6714 -0.4436
vn -0.4831 -0.8672 -0.1205
vn -0.3542 -0.9261 0.1298
vn 0.4316 0.9019 0.0170
vn 0.0683 0.8673 -0.4931
vn -0.0366 0.8034 -0.5943
vn -0.1903 0.6714 -0.7163
vn -0.6685 -0.4064 -0.6228
vn -0.3866 -0.9174 0.0938
vn -0.3418 -0.9261 0.1594
vn 0.0311 -0.8119 0.5830
vn 0.5484 0.8119 0.2004
vn 0.3842 0.9183 -0.0954
vn 0.2279 0.9261 -0.3006
vn -0.2504 0.6714 -0.6975
vn -0.4679 0.4065 -0.7848
vn -0.6607 -0.0001 -0.7506
vn -0.7189 -0.4065 -0.5639
vn -0.4325 -0.9000 0.0540
vn -0.3773 -0.9174 0.1262
vn -0.1741 -0.9183 0.3554
vn 0.0805 -0.8118 0.5783
vn 0.6475 0.6901 0.3233
vn 0.2015 0.9261 -0.3189
vn 0.0724 0.9000 -0.4298
vn -0.1366 0.8034 -0.5796
vn -0.5328 0.4065 -0.7423
vn -0.7642 -0.4064 -0.5008
vn -0.4978 -0.8673 0.0051
vn -0.2565 -0.9289 0.2672
vn -0.2027 -0.9265 0.3171
vn 0.0123 -0.8711 0.4910
vn 0.1291 -0.8119 0.5694
vn 0.2954 -0.6901 0.6607
vn 0.5202 -0.4346 0.7352
vn 0.2324 0.9289 -0.2883
vn 0.1101 0.9175 -0.3823
vn 0.0356 0.9000 -0.4343
vn -0.0581 0.8673 -0.4944
vn -0.1851 0.8034 -0.5660
vn -0.7781 -0.0000 -0.6282
vn -0.8039 -0.4064 -0.4342
vn -0.7075 -0.6714 -0.2205
vn -0.5923 -0.8034 -0.0618
vn -0.4956 -0.8672 0.0473
vn -0.1750 -0.9265 0.3331
vn 0.0540 -0.8711 0.4881
vn 0.1769 -0.8119 0.5564
vn 0.3504 -0.6901 0.6332
vn 0.5808 -0.4346 0.6884
vn 0.6928 0.6901 0.2092
vn 0.5812 0.8119 0.0558
vn -0.6505 0.4065 -0.6416
vn -0.8379 -0.4064 -0.3644
vn -0.3333 -0.9175 0.2172
vn -0.1461 -0.9265 0.3468
vn 0.2235 -0.8119 0.5394
vn 0.6370 -0.4346 0.6366
vn 0.5838 0.8119 0.0063
vn 0.4004 0.9019 -0.1623
vn 0.1147 0.9261 -0.3593
vn 0.0440 0.9174 -0.3954
vn -0.2782 0.8034 -0.5265
vn -0.7027 0.4064 -0.5840
vn -0.8730 -0.0000 -0.4876
vn -0.3897 -0.9001 0.1950
vn -0.3137 -0.9175 0.2447
vn 0.0353 -0.9019 0.4305
vn 0.1356 -0.8711 0.4720
vn 0.2685 -0.8119 0.5185
vn 0.4525 -0.6901 0.5649
vn 0.6888 -0.4346 0.5803
vn 0.8730 -0.0000 0.4876
vn 0.8553 0.4346 0.2822
vn 0.5822 0.8119 -0.0432
vn 0.3852 0.9019 -0.1956
vn 0.0837 0.9261 -0.3678
vn -0.0749 0.9000 -0.4293
vn -0.1808 0.8673 -0.4639
vn -0.3217 0.8034 -0.5011
vn -0.7495 0.4065 -0.5224
vn -0.9112 -0.0000 -0.4120
vn -0.8874 -0.4065 -0.2176
vn 0.3115 -0.8118 0.4939
vn 0.8761 0.4346 0.2086
vn 0.7232 0.6900 0.0278
vn 0.4602 0.8711 -0.1716
vn 0.2888 0.9183 -0.2706
vn 0.1232 0.9289 -0.3493
vn 0.0523 0.9261 -0.3735
vn -0.1112 0.9000 -0.4214
vn -0.2196 0.8672 -0.4468
vn -0.3632 0.8034 -0.4719
vn -0.5588 0.6713 -0.4868
vn -0.7913 0.4064 -0.4568
vn -0.4515 -0.8673 0.2097
vn -0.2678 -0.9175 0.2942
vn -0.0540 -0.9265 0.3724
vn 0.3523 -0.8118 0.4657
vn 0.5413 -0.6901 0.4803
vn 0.7229 0.6901 -0.0336
vn 0.5666 0.8119 -0.1410
vn 0.2649 0.9183 -0.2941
vn 0.1920 0.9265 -0.3237
vn -0.2567 0.8673 -0.4266
vn -0.4018 0.8034 -0.4395
vn -0.5980 0.6714 -0.4378
vn -0.8271 0.4065 -0.3881
vn -0.9114 -0.4065 -0.0645
vn -0.5652 -0.8033 0.1876
vn 0.3904 -0.8119 0.4341
vn 0.5801 -0.6901 0.4327
vn 0.9677 -0.0000 0.2519
vn 0.5525 0.8119 -0.1886
vn -0.5472 -0.8033 0.2349
vn -0.2142 -0.9175 0.3353
vn -0.0629 -0.9289 0.3650
vn 0.0878 -0.9183 0.3860
vn 0.6148 -0.6901 0.3819
vn 0.8427 -0.4347 0.3178
vn 0.9004 0.4347 -0.0189
vn 0.7068 0.6902 -0.1553
vn 0.5345 0.8119 -0.2348
vn 0.2114 0.9183 -0.3347
vn 0.1345 0.9265 -0.3515
vn 0.0311 0.9289 -0.3691
vn -0.8808 0.4065 -0.2428
vn -0.9092 -0.4065 0.0904
vn -0.7098 -0.6713 0.2135
vn -0.2749 -0.9000 0.3382
vn -0.1851 -0.9174 0.3522
vn -0.1063 -0.9261 0.3619
vn 0.0416 -0.9265 0.3740
vn 0.2095 -0.9019 0.3778
vn 0.3181 -0.8711 0.3742
vn 0.4583 -0.8118 0.3619
vn 0.6450 -0.6901 0.3284
vn 0.6913 0.6900 -0.2147
vn 0.1042 0.9265 -0.3616
vn -0.0002 0.9798 -0.2001
vn -0.0430 0.9787 -0.2007
vn -0.0897 0.9755 -0.2008
vn -0.1451 0.9691 -0.1993
vn -0.2156 0.9569 -0.1948
vn -0.3141 0.9315 -0.1834
vn -0.4591 0.8750 -0.1538
vn -0.6507 0.7551 -0.0799
vn -0.8134 0.5787 0.0596
vn -0.8738 0.4251 0.2361
vn -0.8509 0.3249 0.4127
vn -0.7741 0.2640 0.5754
vn -0.6612 0.2255 0.7156
vn -0.5214 0.2016 0.8291
vn -0.3587 0.1874 0.9144
vn -0.1840 0.1800 0.9663
vn -0.0007 0.1778 0.9841
vn 0.1795 0.1815 0.9669
vn 0.3541 0.1916 0.9154
vn 0.5166 0.2094 0.8302
vn 0.6560 0.2383 0.7161
vn 0.7678 0.2844 0.5741
vn 0.8382 0.3592 0.4104
vn 0.8464 0.4798 0.2310
vn 0.7564 0.6516 0.0564
vn 0.5782 0.8127 -0.0718
vn 0.4067 0.9032 -0.1376
vn 0.2846 0.9439 -0.1676
vn 0.1999 0.9627 -0.1823
vn 0.1369 0.9721 -0.1904
vn 0.0861 0.9769 -0.1954
vn 0.0415 0.9792 -0.1986
vt 0.000000 0.000000
vt 0.013514 0.000000
vt 0.027027 0.000000
vt 0.040541 0.000000
vt 0.054054 0.000000
vt 0.067568 0.000000
vt 0.081081 0.000000
vt 0.094595 0.000000
vt 0.108108 0.000000
vt 0.121622 0.000000
vt 0.135135 0.000000
vt 0.148649 0.000000
vt 0.162162 0.000000
vt 0.175676 0.000000
vt 0.189189 0.000000
vt 0.202703 0.000000
vt 0.216216 0.000000
vt 0.229730 0.000000
vt 0.243243 0.000000
vt 0.256757 0.000000
vt 0.270270 0.000000
vt 0.283784 0.000000
vt 0.297297 0.000000
vt 0.310811 0.000000
vt 0.324324 0.000000
vt 0.337838 0.000000
vt 0.351351 0.000000
vt 0.364865 0.000000
vt 0.378378 0.000000
vt 0.391892 0.000000
vt 0.405405 0.000000
vt 0.418919 0.000000
vt 0.432432 0.000000
vt 0.445946 0.000000
vt 0.459459 0.000000
vt 0.472973 0.000000
vt 0.486486 0.000000
vt 0.500000 0.000000
vt 0.513514 0.000000
vt 0.527027 0.000000
vt 0.540541 0.000000
vt 0.554054 0.000000
vt 0.567568 0.000000
vt 0.581081 0.000000
vt 0.594595 0.000000
vt 0.608108 0.000000
vt 0.621622 0.000000
vt 0.635135 0.000000
vt 0.648649 0.000000
vt 0.662162 0.000000
vt 0.675676 0.000000
vt 0.689189 0.000000
vt 0.702703 0.000000
vt 0.716216 0.000000
vt 0.729730 0.000000
vt 0.743243 0.000000
vt 0.756757 0.000000
vt 0.770270 0.000000
vt 0.783784 0.000000
vt 0.797297 0.000000
vt 0.810811 0.000000
vt 0.824324 0.000000
vt 0.837838 0.000000
vt 0.851351 0.000000
vt 0.864865 0.000000
vt 0.878378 0.000000
vt 0.891892 0.000000
vt 0.905405 0.000000
vt 0.918919 0.000000
vt 0.932432 0.000000
vt 0.945946 0.000000
vt 0.959459 0.000000
vt 0.972973 0.000000
vt 0.986486 0.000000
vt 1.000000 0.000000
vt 1.013514 0.000000
vt 1.027027 0.000000
vt 1.040541 0.000000
vt 1.054054 0.000000
vt 1.067568 0.000000
vt 1.081081 0.000000
vt 1.094595 0.000000
vt 1.108108 0.000000
vt 1.121622 0.000000
vt 1.135135 0.000000
vt 1.148649 0.000000
vt 1.162162 0.000000
vt 1.175676 0.000000
vt 1.189189 0.000000
vt 1.202703 0.000000
vt 1.216216 0.000000
vt 1.229730 0.000000
vt 1.243243 0.000000
vt 1.256757 0.000000
vt 1.270270 0.000000
vt 1.283784 0.000000
vt 1.297297 0.000000
vt 1.310811 0.000000
vt 1.324324 0.000000
vt 1.337838 0.000000
vt 1.351351 0.000000
vt 1.364865 0.000000
vt 1.378378 0.000000
vt 1.391892 0.000000
vt 1.405405 0.000000
vt 1.418919 0.000000
vt 1.432432 0.000000
vt 1.445946 0.000000
vt 1.459460 0.000000
vt 1.472973 0.000000
vt 1.486487 0.000000
vt 1.500000 0.000000
vt 1.513514 0.000000
vt 1.527027 0.000000
vt 1.540541 0.000000
vt 1.554054 0.000000
vt 1.567568 0.000000
vt 1.581081 0.000000
vt 1.594595 0.000000
vt 1.608108 0.000000
vt 1.621622 0.000000
vt 1.635135 0.000000
vt 1.648649 0.000000
vt 1.662162 0.000000
vt 1.675676 0.000000
vt 1.689189 0.000000
vt 1.702703 0.000000
vt 1.716216 0.000000
vt 1.729730 0.000000
vt 1.743243 0.000000
vt 1.756757 0.000000
vt 1.770270 0.000000
vt 1.783784 0.000000
vt 1.797297 0.000000
vt 1.810811 0.000000
vt 1.824324 0.000000
vt 1.837838 0.000000
vt 1.851351 0.000000
vt 1.864865 0.000000
vt 1.878378 0.000000
vt 1.891892 0.000000
vt 1.905405 0.000000
vt 1.918919 0.000000
vt 1.932433 0.000000
vt 1.945946 0.000000
vt 1.959460 0.000000
vt 1.972973 0.000000
vt 1.986487 0.000000
vt 2.000000 0.000000
s 1
usemtl emissive
f 2/1/2 33/2/33 1/1/1
f 34/2/34 65/3/65 33/2/33
f 66/3/66 97/4/97 65/3/65
f 98/4/98 129/5/129 97/4/97
f 130/5/130 161/6/161 129/5/129
f 162/6/162 193/7/193 161/6/161
f 194/7/194 225/8/225 193/7/193
f 226/8/226 257/9/257 225/8/225
f 258/9/258 289/10/289 257/9/257
f 290/10/290 321/11/321 289/10/289
f 322/11/322 353/12/353 321/11/321
f 354/12/354 385/13/385 353/12/353
f 386/13/386 417/14/417 385/13/385
f 418/14/418 449/15/449 417/14/417
f 450/15/450 481/16/481 449/15/449
f 482/16/482 513/17/513 481/16/481
f 514/17/514 545/18/545 513/17/513
f 546/18/546 577/19/577 545/18/545
f 578/19/578 609/20/609 577/19/577
f 610/20/610 641/21/641 609/20/609
f 642/21/642 673/22/673 641/21/641
f 674/22/674 705/23/705 673/22/673
f 706/23/706 737/24/737 705/23/705
f 738/24/738 769/25/769 737/24/737
f 770/25/770 801/26/801 769/25/769
f 802/26/802 833/27/833 801/26/801
f 834/27/834 865/28/865 833/27/833
f 866/28/866 897/29/897 865/28/865
f 898/29/898 929/30/929 897/29/897
f 930/30/930 961/31/961 929/30/929
f 962/31/962 993/32/993 961/31/961
f 994/32/994 1025/33/1025 993/32/993
f 1026/33/1026 1057/34/1057 1025/33/1025
f 1058/34/1058 1089/35/1089 1057/34/1057
f 1090/35/1090 1121/36/1121 1089/35/1089
f 1122/36/1122 1153/37/1153 1121/36/1121
f 1154/37/1154 1185/38/1185 1153/37/1153
f 1186/38/1186 1217/39/1217 1185/38/1185
f 1218/39/1218 1249/40/1247 1217/39/1217
f 1250/40/1248 1281/41/1277 1249/40/1247
f 1282/41/1278 1313/42/1307 1281/41/1277
f 1314/42/1308 1345/43/1338 1313/42/1307
f 1346/43/1339 1377/44/1368 1345/43/1338
f 1378/44/1369 1409/45/1398 1377/44/1368
f 1410/45/1399 1441/46/1428 1409/45/1398
f 1442/46/1429 1473/47/1458 1441/46/1428
f 1474/47/1459 1505/48/1489 1473/47/1458
f 1506/48/1490 1537/49/1519 1505/48/1489
f 1538/49/1520 1569/50/1549 1537/49/1519
f 1570/50/1550 1601/51/1579 1569/50/1549
f 1602/51/1580 1633/52/1609 1601/51/1579
f 1634/52/1610 1665/53/1639 1633/52/1609
f 1666/53/1640 1697/54/1669 1665/53/1639
f 1698/54/1670 1729/55/1700 1697/54/1669
f 1730/55/1701 1761/56/1730 1729/55/1700
f 1762/56/1731 1793/57/1760 1761/56/1730
f 1794/57/1761 1825/58/1790 1793/57/1760
f 1826/58/1791 1857/59/1820 1825/58/1790
f 1858/59/1821 1889/60/1852 1857/59/1820
f 1890/60/1853 1921/61/1882 1889/60/1852
f 1922/61/1883 1953/62/1913 1921/61/1882
f 1954/62/1914 1985/63/1943 1953/62/1913
f 3/1/3 34/2/34 2/1/2
f 35/2/35 66/3/66 34/2/34
f 67/3/67 98/4/98 66/3/66
f 99/4/99 130/5/130 98/4/98
f 131/5/131 162/6/162 130/5/130
f 163/6/163 194/7/194 162/6/162
f 195/7/195 226/8/226 194/7/194
f 227/8/227 258/9/258 226/8/226
f 259/9/259 290/10/290 258/9/258
f 291/10/291 322/11/322 290/10/290
f 323/11/323 354/12/354 322/11/322
f 355/12/355 386/13/386 354/12/354
f 387/13/387 418/14/418 386/13/386
f 419/14/419 450/15/450 418/14/418
f 451/15/451 482/16/482 450/15/450
f 483/16/483 514/17/514 482/16/482
f 515/17/515 546/18/546 514/17/514
f 547/18/547 578/19/578 546/18/546
f 579/19/579 610/20/610 578/19/578
f 611/20/611 642/21/642 610/20/610
f 643/21/643 674/22/674 642/21/642
f 675/22/675 706/23/706 674/22/674
f 707/23/707 738/24/738 706/23/706
f 739/24/739 770/25/770 738/24/738
f 771/25/771 802/26/802 770/25/770
f 803/26/803 834/27/834 802/26/802
f 835/27/835 866/28/866 834/27/834
f 867/28/867 898/29/898 866/28/866
f 899/29/899 930/30/930 898/29/898
f 931/30/931 962/31/962 930/30/930
f 963/31/963 994/32/994 962/31/962
f 995/32/995 1026/33/1026 994/32/994
f 1027/33/1027 1058/34/1058 1026/33/1026
f 1059/34/1059 1090/35/1090 1058/34/1058
f 1091/35/1091 1122/36/1122 1090/35/1090
f 1123/36/1123 1154/37/1154 1122/36/1122
f 1155/37/1155 1186/38/1186 1154/37/1154
f 1187/38/1187 1218/39/1218 1186/38/1186
f 1219/39/1219 1250/40/1248 1218/39/1218
f 1251/40/1249 1282/41/1278 1250/40/1248
f 1283/41/1279 1314/42/1308 1282/41/1278
f 1315/42/1309 1346/43/1339 1314/42/1308
f 1347/43/1340 1378/44/1369 1346/43/1339
f 1379/44/1370 1410/45/1399 1378/44/1369
f 1411/45/1400 1442/46/1429 1410/45/1399
f 1443/46/1430 1474/47/1459 1442/46/1429
f 1475/47/1460 1506/48/1490 1474/47/1459
f 1507/48/1491 1538/49/1520 1506/48/1490
f 1539/49/1521 1570/50/1550 1538/49/1520
f 1571/50/1551 1602/51/1580 1570/50/1550
f 1603/51/1581 1634/52/1610 1602/51/1580
f 1635/52/1611 1666/53/1640 1634/52/1610
f 1667/53/1641 1698/54/1670 1666/53/1640
f 1699/54/1671 1730/55/1701 1698/54/1670
f 1731/55/1702 1762/56/1731 1730/55/1701
f 1763/56/1732 1794/57/1761 1762/56/1731
f 1795/57/1762 1826/58/1791 1794/57/1761
f 1827/58/1792 1858/59/1821 1826/58/1791
f 1859/59/1822 1890/60/1853 1858/59/1821
f 1891/60/1854 1922/61/1883 1890/60/1853
f 1923/61/1884 1954/62/1914 1922/61/1883
f 1955/62/1915 1986/63/1944 1954/62/1914
f 4/1/4 35/2/35 3/1/3
f 36/2/36 67/3/67 35/2/35
f 68/3/68 99/4/99 67/3/67
f 100/4/100 131/5/131 99/4/99
f 132/5/132 163/6/163 131/5/131
f 164/6/164 195/7/195 163/6/163
f 196/7/196 227/8/227 195/7/195
f 228/8/228 259/9/259 227/8/227
f 260/9/260 291/10/291 259/9/259
f 292/10/292 323/11/323 291/10/291
f 324/11/324 355/12/355 323/11/323
f 356/12/356 387/13/387 355/12/355
f 388/13/388 419/14/419 387/13/387
f 420/14/420 451/15/451 419/14/419
f 452/15/452 483/16/483 451/15/451
f 484/16/484 515/17/515 483/16/483
f 516/17/516 547/18/547 515/17/515
f 548/18/548 579/19/579 547/18/547
f 580/19/580 611/20/611 579/19/579
f 612/20/612 643/21/643 611/20/611
f 644/21/644 675/22/675 643/21/643
f 676/22/676 707/23/707 675/22/675
f 708/23/708 739/24/739 707/23/707
f 740/24/740 771/25/771 739/24/739
f 772/25/772 803/26/803 771/25/771
f 804/26/804 835/27/835 803/26/803
f 836/27/836 867/28/867 835/27/835
f 868/28/868 899/29/899 867/28/867
f 900/29/900 931/30/931 899/29/899
f 932/30/932 963/31/963 931/30/931
f 964/31/964 995/32/995 963/31/963
f 996/32/996 1027/33/1027 995/32/995
f 1028/33/1028 1059/34/1059 1027/33/1027
f 1060/34/1060 1091/35/1091 1059/34/1059
f 1092/35/1092 1123/36/1123 1091/35/1091
f 1124/36/1124 1155/37/1155 1123/36/1123
f 1156/37/1156 1187/38/1187 1155/37/1155
f 1188/38/1188 1219/39/1219 1187/38/1187
f 1220/39/1220 1251/40/1249 1219/39/1219
f 1252/40/1250 1283/41/1279 1251/40/1249
f 1284/41/1280 1315/42/1309 1283/41/1279
f 1316/42/1310 1347/43/1340 1315/42/1309
f 1348/43/1341 1379/44/1370 1347/43/1340
f 1380/44/1371 1411/45/1400 1379/44/1370
f 1412/45/1401 1443/46/1430 1411/45/1400
f 1444/46/1431 1475/47/1460 1443/46/1430
f 1476/47/1461 1507/48/1491 1475/47/1460
f 1508/48/1492 1539/49/1521 1507/48/1491
f 1540/49/1522 1571/50/1551 1539/49/1521
f 1572/50/1552 1603/51/1581 1571/50/1551
f 1604/51/1582 1635/52/1611 1603/51/1581
f 1636/52/1612 1667/53/1641 1635/52/1611
f 1668/53/1642 1699/54/1671 1667/53/1641
f 1700/54/1672 1731/55/1702 1699/54/1671
f 1732/55/1703 1763/56/1732 1731/55/1702
f 1764/56/1733 1795/57/1762 1763/56/1732
f 1796/57/1763 1827/58/1792 1795/57/1762
f 1828/58/1793 1859/59/1822 1827/58/1792
f 1860/59/1823 1891/60/1854 1859/59/1822
f 1892/60/1855 1923/61/1884 1891/60/1854
f 1924/61/1885 1955/62/1915 1923/61/1884
f 1956/62/1916 1987/63/1945 1955/62/1915
f 5/1/5 36/2/36 4/1/4
f 37/2/37 68/3/68 36/2/36
f 69/3/69 100/4/100 68/3/68
f 101/4/101 132/5/132 100/4/100
f 133/5/133 164/6/164 132/5/132
f 165/6/165 196/7/196 164/6/164
f 197/7/197 228/8/228 196/7/196
f 229/8/229 260/9/260 228/8/228
f 261/9/261 292/10/292 260/9/260
f 293/10/293 324/11/324 292/10/292
f 325/11/325 356/12/356 324/11/324
f 357/12/357 388/13/388 356/12/356
f 389/13/389 420/14/420 388/13/388
f 421/14/421 452/15/452 420/14/420
f 453/15/453 484/16/484 452/15/452
f 485/16/485 516/17/516 484/16/484
f 517/17/517 548/18/548 516/17/516
f 549/18/549 580/19/580 548/18/548
f 581/19/581 612/20/612 580/19/580
f 613/20/613 644/21/644 612/20/612
f 645/21/645 676/22/676 644/21/644
f 677/22/677 708/23/708 676/22/676
f 709/23/709 740/24/740 708/23/708
f 741/24/741 772/25/772 740/24/740
f 773/25/773 804/26/804 772/25/772
f 805/26/805 836/27/836 804/26/804
f 837/27/837 868/28/868 836/27/836
f 869/28/869 900/29/900 868/28/868
f 901/29/901 932/30/932 900/29/900
f 933/30/933 964/31/964 932/30/932
f 965/31/965 996/32/996 964/31/964
f 997/32/997 1028/33/1028 996/32/996
f 1029/33/1029 1060/34/1060 1028/33/1028
f 1061/34/1061 1092/35/1092 1060/34/1060
f 1093/35/1093 1124/36/1124 1092/35/1092
f 1125/36/1125 1156/37/1156 1124/36/1124
f 1157/37/1157 1188/38/1188 1156/37/1156
f 1189/38/1189 1220/39/1220 1188/38/1188
f 1221/39/1221 1252/40/1250 1220/39/1220
f 1253/40/1251 1284/41/1280 1252/40/1250
f 1285/41/1281 1316/42/1310 1284/41/1280
f 1317/42/1311 1348/43/1341 1316/42/1310
f 1349/43/1342 1380/44/1371 1348/43/1341
f 1381/44/1372 1412/45/1401 1380/44/1371
f 1413/45/1402 1444/46/1431 1412/45/1401
f 1445/46/1432 1476/47/1461 1444/46/1431
f 1477/47/1462 1508/48/1492 1476/47/1461
f 1509/48/1493 1540/49/1522 1508/48/1492
f 1541/49/1523 1572/50/1552 1540/49/1522
f 1573/50/1553 1604/51/1582 1572/50/1552
f 1605/51/1583 1636/52/1612 1604/51/1582
f 1637/52/1613 1668/53/1642 1636/52/1612
f 1669/53/1643 1700/54/1672 1668/53/1642
f 1701/54/1673 1732/55/1703 1700/54/1672
f 1733/55/1704 1764/56/1733 1732/55/1703
f 1765/56/1734 1796/57/1763 1764/56/1733
f 1797/57/1764 1828/58/1793 1796/57/1763
f 1829/58/1794 1860/59/1823 1828/58/1793
f 1861/59/1824 1892/60/1855 1860/59/1823
f 1893/60/1856 1924/61/1885 1892/60/1855
f 1925/61/1886 1956/62/1916 1924/61/1885
f 1957/62/1917 1988/63/1946 1956/62/1916
f 6/1/6 37/2/37 5/1/5
f 38/2/38 69/3/69 37/2/37
f 70/3/70 101/4/101 69/3/69
f 102/4/102 133/5/133 101/4/101
f 134/5/134 165/6/165 133/5/133
f 166/6/166 197/7/197 165/6/165
f 198/7/198 229/8/229 197/7/197
f 230/8/230 261/9/261 229/8/229
f 262/9/262 293/10/293 261/9/261
f 294/10/294 325/11/325 293/10/293
f 326/11/326 357/12/357 325/11/325
f 358/12/358 389/13/389 357/12/357
f 390/13/390 421/14/421 389/13/389
f 422/14/422 453/15/453 421/14/421
f 454/15/454 485/16/485 453/15/453
f 486/16/486 517/17/517 485/16/485
f 518/17/518 549/18/549 517/17/517
f 550/18/550 581/19/581 549/18/549
f 582/19/582 613/20/613 581/19/581
f 614/20/614 645/21/645 613/20/613
f 646/21/646 677/22/677 645/21/645
f 678/22/678 709/23/709 677/22/677
f 710/23/710 741/24/741 709/23/709
f 742/24/742 773/25/773 741/24/741
f 774/25/774 805/26/805 773/25/773
f 806/26/806 837/27/837 805/26/805
f 838/27/838 869/28/869 837/27/837
f 870/28/870 901/29/901 869/28/869
f 902/29/902 933/30/933 901/29/901
f 934/30/934 965/31/965 933/30/933
f 966/31/966 997/32/997 965/31/965
f 998/32/998 1029/33/1029 997/32/997
f 1030/33/1030 1061/34/1061 1029/33/1029
f 1062/34/1062 1093/35/1093 1061/34/1061
f 1094/35/1094 1125/36/1125 1093/35/1093
f 1126/36/1126 1157/37/1157 1125/36/1125
f 1158/37/1158 1189/38/1189 1157/37/1157
f 1190/38/1190 1221/39/1221 1189/38/1189
f 1222/39/1222 1253/40/1251 1221/39/1221
f 1254/40/1252 1285/41/1281 1253/40/1251
f 1286/41/1282 1317/42/1311 1285/41/1281
f 1318/42/1312 1349/43/1342 1317/42/1311
f 1350/43/1343 1381/44/1372 1349/43/1342
f 1382/44/1373 1413/45/1402 1381/44/1372
f 1414/45/1403 1445/46/1432 1413/45/1402
f 1446/46/1433 1477/47/1462 1445/46/1432
f 1478/47/1463 1509/48/1493 1477/47/1462
f 1510/48/1494 1541/49/1523 1509/48/1493
f 1542/49/1524 1573/50/1553 1541/49/1523
f 1574/50/1554 1605/51/1583 1573/50/1553
f 1606/51/1584 1637/52/1613 1605/51/1583
f 1638/52/1614 1669/53/1643 1637/52/1613
f 1670/53/1644 1701/54/1673 1669/53/1643
f 1702/54/1674 1733/55/1704 1701/54/1673
f 1734/55/1705 1765/56/1734 1733/55/1704
f 1766/56/1735 1797/57/1764 1765/56/1734
f 1798/57/1765 1829/58/1794 1797/57/1764
f 1830/58/1795 1861/59/1824 1829/58/1794
f 1862/59/1825 1893/60/1856 1861/59/1824
f 1894/60/1857 1925/61/1886 1893/60/1856
f 1926/61/1887 1957/62/1917 1925/61/1886
f 1958/62/1918 1989/63/1947 1957/62/1917
f 7/1/7 38/2/38 6/1/6
f 39/2/39 70/3/70 38/2/38
f 71/3/71 102/4/102 70/3/70
f 103/4/103 134/5/134 102/4/102
f 135/5/135 166/6/166 134/5/134
f 167/6/167 198/7/198 166/6/166
f 199/7/199 230/8/230 198/7/198
f 231/8/231 262/9/262 230/8/230
f 263/9/263 294/10/294 262/9/262
f 295/10/295 326/11/326 294/10/294
f 327/11/327 358/12/358 326/11/326
f 359/12/359 390/13/390 358/12/358
f 391/13/391 422/14/422 390/13/390
f 423/14/423 454/15/454 422/14/422
f 455/15/455 486/16/486 454/15/454
f 487/16/487 518/17/518 486/16/486
f 519/17/519 550/18/550 518/17/518
f 551/18/551 582/19/582 550/18/550
f 583/19/583 614/20/614 582/19/582
f 615/20/615 646/21/646 614/20/614
f 647/21/647 678/22/678 646/21/646
f 679/22/679 710/23/710 678/22/678
f 711/23/711 742/24/742 710/23/710
f 743/24/743 774/25/774 742/24/742
f 775/25/775 806/26/806 774/25/774
f 807/26/807 838/27/838 806/26/806
f 839/27/839 870/28/870 838/27/838
f 871/28/871 902/29/902 870/28/870
f 903/29/903 934/30/934 902/29/902
f 935/30/935 966/31/966 934/30/934
f 967/31/967 998/32/998 966/31/966
f 999/32/999 1030/33/1030 998/32/998
f 1031/33/1031 1062/34/1062 1030/33/1030
f 1063/34/1063 1094/35/1094 1062/34/1062
f 1095/35/1095 1126/36/1126 1094/35/1094
f 1127/36/1127 1158/37/1158 1126/36/1126
f 1159/37/1159 1190/38/1190 1158/37/1158
f 1191/38/1191 1222/39/1222 1190/38/1190
f 1223/39/1223 1254/40/1252 1222/39/1222
f 1255/40/1253 1286/41/1282 1254/40/1252
f 1287/41/1283 1318/42/1312 1286/41/1282
f 1319/42/1313 1350/43/1343 1318/42/1312
f 1351/43/1344 1382/44/1373 1350/43/1343
f 1383/44/1374 1414/45/1403 1382/44/1373
f 1415/45/1404 1446/46/1433 1414/45/1403
f 1447/46/1434 1478/47/1463 1446/46/1433
f 1479/47/1464 1510/48/1494 1478/47/1463
f 1511/48/1495 1542/49/1524 1510/48/1494
f 1543/49/1525 1574/50/1554 1542/49/1524
f 1575/50/1555 1606/51/1584 1574/50/1554
f 1607/51/1585 1638/52/1614 1606/51/1584
f 1639/52/1615 1670/53/1644 1638/52/1614
f 1671/53/1645 1702/54/1674 1670/53/1644
f 1703/54/1675 1734/55/1705 1702/54/1674
f 1735/55/1706 1766/56/1735 1734/55/1705
f 1767/56/1736 1798/57/1765 1766/56/1735
f 1799/57/1766 1830/58/1795 1798/57/1765
f 1831/58/1796 1862/59/1825 1830/58/1795
f 1863/59/1826 1894/60/1857 1862/59/1825
f 1895/60/1858 1926/61/1887 1894/60/1857
f 1927/61/1888 1958/62/1918 1926/61/1887
f 1959/62/1919 1990/63/1948 1958/62/1918
f 8/1/8 39/2/39 7/1/7
f 40/2/40 71/3/71 39/2/39
f 72/3/72 103/4/103 71/3/71
f 104/4/104 135/5/135 103/4/103
f 136/5/136 167/6/167 135/5/135
f 168/6/168 199/7/199 167/6/167
f 200/7/200 231/8/231 199/7/199
f 232/8/232 263/9/263 231/8/231
f 264/9/264 295/10/295 263/9/263
f 296/10/296 327/11/327 295/10/295
f 328/11/328 359/12/359 327/11/327
f 360/12/360 391/13/391 359/12/359
f 392/13/392 423/14/423 391/13/391
f 424/14/424 455/15/455 423/14/423
f 456/15/456 487/16/487 455/15/455
f 488/16/488 519/17/519 487/16/487
f 520/17/520 551/18/551 519/17/519
f 552/18/552 583/19/583 551/18/551
f 584/19/584 615/20/615 583/19/583
f 616/20/616 647/21/647 615/20/615
f 648/21/648 679/22/679 647/21/647
f 680/22/680 711/23/711 679/22/679
f 712/23/712 743/24/743 711/23/711
f 744/24/744 775/25/775 743/24/743
f 776/25/776 807/26/807 775/25/775
f 808/26/808 839/27/839 807/26/807
f 840/27/840 871/28/871 839/27/839
f 872/28/872 903/29/903 871/28/871
f 904/29/904 935/30/935 903/29/903
f 936/30/936 967/31/967 935/30/935
f 968/31/968 999/32/999 967/31/967
f 1000/32/1000 1031/33/1031 999/32/999
f 1032/33/1032 1063/34/1063 1031/33/1031
f 1064/34/1064 1095/35/1095 1063/34/1063
f 1096/35/1096 1127/36/1127 1095/35/1095
f 1128/36/1128 1159/37/1159 1127/36/1127
f 1160/37/1160 1191/38/1191 1159/37/1159
f 1192/38/1192 1223/39/1223 1191/38/1191
f 1224/39/1224 1255/40/1253 1223/39/1223
f 1256/40/1254 1287/41/1283 1255/40/1253
f 1288/41/1284 1319/42/1313 1287/41/1283
f 1320/42/1314 1351/43/1344 1319/42/1313
f 1352/43/1345 1383/44/1374 1351/43/1344
f 1384/44/1375 1415/45/1404 1383/44/1374
f 1416/45/1405 1447/46/1434 1415/45/1404
f 1448/46/1435 1479/47/1464 1447/46/1434
f 1480/47/1465 1511/48/1495 1479/47/1464
f 1512/48/1496 1543/49/1525 1511/48/1495
f 1544/49/1526 1575/50/1555 1543/49/1525
f 1576/50/1556 1607/51/1585 1575/50/1555
f 1608/51/1586 1639/52/1615 1607/51/1585
f 1640/52/1616 1671/53/1645 1639/52/1615
f 1672/53/1646 1703/54/1675 1671/53/1645
f 1704/54/1676 1735/55/1706 1703/54/1675
f 1736/55/1707 1767/56/1736 1735/55/1706
f 1768/56/1737 1799/57/1766 1767/56/1736
f 1800/57/1767 1831/58/1796 1799/57/1766
f 1832/58/1797 1863/59/1826 1831/58/1796
f 1864/59/1827 1895/60/1858 1863/59/1826
f 1896/60/1859 1927/61/1888 1895/60/1858
f 1928/61/1889 1959/62/1919 1927/61/1888
f 1960/62/1920 1991/63/1949 1959/62/1919
f 9/1/9 40/2/40 8/1/8
f 41/2/41 72/3/72 40/2/40
f 73/3/73 104/4/104 72/3/72
f 105/4/105 136/5/136 104/4/104
f 137/5/137 168/6/168 136/5/136
f 169/6/169 200/7/200 168/6/168
f 201/7/201 232/8/232 200/7/200
f 233/8/233 264/9/264 232/8/232
f 265/9/265 296/10/296 264/9/264
f 297/10/297 328/11/328 296/10/296
f 329/11/329 360/12/360 328/11/328
f 361/12/361 392/13/392 360/12/360
f 393/13/393 424/14/424 392/13/392
f 425/14/425 456/15/456 424/14/424
f 457/15/457 488/16/488 456/15/456
f 489/16/489 520/17/520 488/16/488
f 521/17/521 552/18/552 520/17/520
f 553/18/553 584/19/584 552/18/552
f 585/19/585 616/20/616 584/19/584
f 617/20/617 648/21/648 616/20/616
f 649/21/649 680/22/680 648/21/648
f 681/22/681 712/23/712 680/22/680
f 713/23/713 744/24/744 712/23/712
f 745/24/745 776/25/776 744/24/744
f 777/25/777 808/26/808 776/25/776
f 809/26/809 840/27/840 808/26/808
f 841/27/841 872/28/872 840/27/840
f 873/28/873 904/29/904 872/28/872
f 905/29/905 936/30/936 904/29/904
f 937/30/937 968/31/968 936/30/936
f 969/31/969 1000/32/1000 968/31/968
f 1001/32/1001 1032/33/1032 1000/32/1000
f 1033/33/1033 1064/34/1064 1032/33/1032
f 1065/34/1065 1096/35/1096 1064/34/1064
f 1097/35/1097 1128/36/1128 1096/35/1096
f 1129/36/1129 1160/37/1160 1128/36/1128
f 1161/37/1161 1192/38/1192 1160/37/1160
f 1193/38/1193 1224/39/1224 1192/38/1192
f 1225/39/57 1256/40/1254 1224/39/1224
f 1257/40/89 1288/41/1284 1256/40/1254
f 1289/41/121 1320/42/1314 1288/41/1284
f 1321/42/1315 1352/43/1345 1320/42/1314
f 1353/43/185 1384/44/1375 1352/43/1345
f 1385/44/217 1416/45/1405 1384/44/1375
f 1417/45/249 1448/46/1435 1416/45/1405
f 1449/46/281 1480/47/1465 1448/46/1435
f 1481/47/1466 1512/48/1496 1480/47/1465
f 1513/48/345 1544/49/1526 1512/48/1496
f 1545/49/377 1576/50/1556 1544/49/1526
f 1577/50/409 1608/51/1586 1576/50/1556
f 1609/51/441 1640/52/1616 1608/51/1586
f 1641/52/473 1672/53/1646 1640/52/1616
f 1673/53/505 1704/54/1676 1672/53/1646
f 1705/54/1677 1736/55/1707 1704/54/1676
f 1737/55/569 1768/56/1737 1736/55/1707
f 1769/56/601 1800/57/1767 1768/56/1737
f 1801/57/633 1832/58/1797 1800/57/1767
f 1833/58/665 1864/59/1827 1832/58/1797
f 1865/59/1828 1896/60/1859 1864/59/1827
f 1897/60/729 1928/61/1889 1896/60/1859
f 1929/61/1890 1960/62/1920 1928/61/1889
f 1961/62/793 1992/63/1950 1960/62/1920
f 10/1/10 41/2/41 9/1/9
f 42/2/42 73/3/73 41/2/41
f 74/3/74 105/4/105 73/3/73
f 106/4/106 137/5/137 105/4/105
f 138/5/138 169/6/169 137/5/137
f 170/6/170 201/7/201 169/6/169
f 202/7/202 233/8/233 201/7/201
f 234/8/234 265/9/265 233/8/233
f 266/9/266 297/10/297 265/9/265
f 298/10/298 329/11/329 297/10/297
f 330/11/330 361/12/361 329/11/329
f 362/12/362 393/13/393 361/12/361
f 394/13/394 425/14/425 393/13/393
f 426/14/426 457/15/457 425/14/425
f 458/15/458 489/16/489 457/15/457
f 490/16/490 521/17/521 489/16/489
f 522/17/522 553/18/553 521/17/521
f 554/18/554 585/19/585 553/18/553
f 586/19/586 617/20/617 585/19/585
f 618/20/618 649/21/649 617/20/617
f 650/21/650 681/22/681 649/21/649
f 682/22/682 713/23/713 681/22/681
f 714/23/714 745/24/745 713/23/713
f 746/24/746 777/25/777 745/24/745
f 778/25/778 809/26/809 777/25/777
f 810/26/810 841/27/841 809/26/809
f 842/27/842 873/28/873 841/27/841
f 874/28/874 905/29/905 873/28/873
f 906/29/906 937/30/937 905/29/905
f 938/30/938 969/31/969 937/30/937
f 970/31/970 1001/32/1001 969/31/969
f 1002/32/1002 1033/33/1033 1001/32/1001
f 1034/33/1034 1065/34/1065 1033/33/1033
f 1066/34/1066 1097/35/1097 1065/34/1065
f 1098/35/1098 1129/36/1129 1097/35/1097
f 1130/36/1130 1161/37/1161 1129/36/1129
f 1162/37/1162 1193/38/1193 1161/37/1161
f 1194/38/1194 1225/39/57 1193/38/1193
f 1226/39/1225 1257/40/89 1225/39/57
f 1258/40/1255 1289/41/121 1257/40/89
f 1290/41/1285 1321/42/1315 1289/41/121
f 1322/42/1316 1353/43/185 1321/42/1315
f 1354/43/1346 1385/44/217 1353/43/185
f 1386/44/1376 1417/45/249 1385/44/217
f 1418/45/1406 1449/46/281 1417/45/249
f 1450/46/1436 1481/47/1466 1449/46/281
f 1482/47/1467 1513/48/345 1481/47/1466
f 1514/48/1497 1545/49/377 1513/48/345
f 1546/49/1527 1577/50/409 1545/49/377
f 1578/50/1557 1609/51/441 1577/50/409
f 1610/51/1587 1641/52/473 1609/51/441
f 1642/52/1617 1673/53/505 1641/52/473
f 1674/53/1647 1705/54/1677 1673/53/505
f 1706/54/1678 1737/55/569 1705/54/1677
f 1738/55/1708 1769/56/601 1737/55/569
f 1770/56/1738 1801/57/633 1769/56/601
f 1802/57/1768 1833/58/665 1801/57/633
f 1834/58/1798 1865/59/1828 1833/58/665
f 1866/59/1829 1897/60/729 1865/59/1828
f 1898/60/1860 1929/61/1890 1897/60/729
f 1930/61/1891 1961/62/793 1929/61/1890
f 1962/62/1921 1993/63/825 1961/62/793
f 11/1/11 42/2/42 10/1/10
f 43/2/43 74/3/74 42/2/42
f 75/3/75 106/4/106 74/3/74
f 107/4/107 138/5/138 106/4/106
f 139/5/139 170/6/170 138/5/138
f 171/6/171 202/7/202 170/6/170
f 203/7/203 234/8/234 202/7/202
f 235/8/235 266/9/266 234/8/234
f 267/9/267 298/10/298 266/9/266
f 299/10/299 330/11/330 298/10/298
f 331/11/331 362/12/362 330/11/330
f 363/12/363 394/13/394 362/12/362
f 395/13/395 426/14/426 394/13/394
f 427/14/427 458/15/458 426/14/426
f 459/15/459 490/16/490 458/15/458
f 491/16/491 522/17/522 490/16/490
f 523/17/523 554/18/554 522/17/522
f 555/18/555 586/19/586 554/18/554
f 587/19/587 618/20/618 586/19/586
f 619/20/619 650/21/650 618/20/618
f 651/21/651 682/22/682 650/21/650
f 683/22/683 714/23/714 682/22/682
f 715/23/715 746/24/746 714/23/714
f 747/24/747 778/25/778 746/24/746
f 779/25/779 810/26/810 778/25/778
f 811/26/811 842/27/842 810/26/810
f 843/27/843 874/28/874 842/27/842
f 875/28/875 906/29/906 874/28/874
f 907/29/907 938/30/938 906/29/906
f 939/30/939 970/31/970 938/30/938
f 971/31/971 1002/32/1002 970/31/970
f 1003/32/1003 1034/33/1034 1002/32/1002
f 1035/33/1035 1066/34/1066 1034/33/1034
f 1067/34/1067 1098/35/1098 1066/34/1066
f 1099/35/1099 1130/36/1130 1098/35/1098
f 1131/36/1131 1162/37/1162 1130/36/1130
f 1163/37/1163 1194/38/1194 1162/37/1162
f 1195/38/1195 1226/39/1225 1194/38/1194
f 1227/39/1226 1258/40/1255 1226/39/1225
f 1259/40/1256 1290/41/1285 1258/40/1255
f 1291/41/1286 1322/42/1316 1290/41/1285
f 1323/42/1317 1354/43/1346 1322/42/1316
f 1355/43/1347 1386/44/1376 1354/43/1346
f 1387/44/1377 1418/45/1406 1386/44/1376
f 1419/45/1407 1450/46/1436 1418/45/1406
f 1451/46/1437 1482/47/1467 1450/46/1436
f 1483/47/1468 1514/48/1497 1482/47/1467
f 1515/48/1498 1546/49/1527 1514/48/1497
f 1547/49/1528 1578/50/1557 1546/49/1527
f 1579/50/1558 1610/51/1587 1578/50/1557
f 1611/51/1588 1642/52/1617 1610/51/1587
f 1643/52/1618 1674/53/1647 1642/52/1617
f 1675/53/1648 1706/54/1678 1674/53/1647
f 1707/54/1679 1738/55/1708 1706/54/1678
f 1739/55/1709 1770/56/1738 1738/55/1708
f 1771/56/1739 1802/57/1768 1770/56/1738
f 1803/57/1769 1834/58/1798 1802/57/1768
f 1835/58/1799 1866/59/1829 1834/58/1798
f 1867/59/1830 1898/60/1860 1866/59/1829
f 1899/60/1861 1930/61/1891 1898/60/1860
f 1931/61/1892 1962/62/1921 1930/61/1891
f 1963/62/1922 1994/63/1951 1962/62/1921
f 12/1/12 43/2/43 11/1/11
f 44/2/44 75/3/75 43/2/43
f 76/3/76 107/4/107 75/3/75
f 108/4/108 139/5/139 107/4/107
f 140/5/140 171/6/171 139/5/139
f 172/6/172 203/7/203 171/6/171
f 204/7/204 235/8/235 203/7/203
f 236/8/236 267/9/267 235/8/235
f 268/9/268 299/10/299 267/9/267
f 300/10/300 331/11/331 299/10/299
f 332/11/332 363/12/363 331/11/331
f 364/12/364 395/13/395 363/12/363
f 396/13/396 427/14/427 395/13/395
f 428/14/428 459/15/459 427/14/427
f 460/15/460 491/16/491 459/15/459
f 492/16/492 523/17/523 491/16/491
f 524/17/524 555/18/555 523/17/523
f 556/18/556 587/19/587 555/18/555
f 588/19/588 619/20/619 587/19/587
f 620/20/620 651/21/651 619/20/619
f 652/21/652 683/22/683 651/21/651
f 684/22/684 715/23/715 683/22/683
f 716/23/716 747/24/747 715/23/715
f 748/24/748 779/25/779 747/24/747
f 780/25/780 811/26/811 779/25/779
f 812/26/812 843/27/843 811/26/811
f 844/27/844 875/28/875 843/27/843
f 876/28/876 907/29/907 875/28/875
f 908/29/908 939/30/939 907/29/907
f 940/30/940 971/31/971 939/30/939
f 972/31/972 1003/32/1003 971/31/971
f 1004/32/1004 1035/33/1035 1003/32/1003
f 1036/33/1036 1067/34/1067 1035/33/1035
f 1068/34/1068 1099/35/1099 1067/34/1067
f 1100/35/1100 1131/36/1131 1099/35/1099
f 1132/36/1132 1163/37/1163 1131/36/1131
f 1164/37/1164 1195/38/1195 1163/37/1163
f 1196/38/1196 1227/39/1226 1195/38/1195
f 1228/39/1227 1259/40/1256 1227/39/1226
f 1260/40/1257 1291/41/1286 1259/40/1256
f 1292/41/1287 1323/42/1317 1291/41/1286
f 1324/42/1318 1355/43/1347 1323/42/1317
f 1356/43/1348 1387/44/1377 1355/43/1347
f 1388/44/1378 1419/45/1407 1387/44/1377
f 1420/45/1408 1451/46/1437 1419/45/1407
f 1452/46/1438 1483/47/1468 1451/46/1437
f 1484/47/1469 1515/48/1498 1483/47/1468
f 1516/48/1499 1547/49/1528 1515/48/1498
f 1548/49/1529 1579/50/1558 1547/49/1528
f 1580/50/1559 1611/51/1588 1579/50/1558
f 1612/51/1589 1643/52/1618 1611/51/1588
f 1644/52/1619 1675/53/1648 1643/52/1618
f 1676/53/1649 1707/54/1679 1675/53/1648
f 1708/54/1680 1739/55/1709 1707/54/1679
f 1740/55/1710 1771/56/1739 1739/55/1709
f 1772/56/1740 1803/57/1769 1771/56/1739
f 1804/57/1770 1835/58/1799 1803/57/1769
f 1836/58/1800 1867/59/1830 1835/58/1799
f 1868/59/1831 1899/60/1861 1867/59/1830
f 1900/60/1862 1931/61/1892 1899/60/1861
f 1932/61/1893 1963/62/1922 1931/61/1892
f 1964/62/1923 1995/63/1952 1963/62/1922
f 13/1/13 44/2/44 12/1/12
f 45/2/45 76/3/76 44/2/44
f 77/3/77 108/4/108 76/3/76
f 109/4/109 140/5/140 108/4/108
f 141/5/141 172/6/172 140/5/140
f 173/6/173 204/7/204 172/6/172
f 205/7/205 236/8/236 204/7/204
f 237/8/237 268/9/268 236/8/236
f 269/9/269 300/10/300 268/9/268
f 301/10/301 332/11/332 300/10/300
f 333/11/333 364/12/364 332/11/332
f 365/12/365 396/13/396 364/12/364
f 397/13/397 428/14/428 396/13/396
f 429/14/429 460/15/460 428/14/428
f 461/15/461 492/16/492 460/15/460
f 493/16/493 524/17/524 492/16/492
f 525/17/525 556/18/556 524/17/524
f 557/18/557 588/19/588 556/18/556
f 589/19/589 620/20/620 588/19/588
f 621/20/621 652/21/652 620/20/620
f 653/21/653 684/22/684 652/21/652
f 685/22/685 716/23/716 684/22/684
f 717/23/717 748/24/748 716/23/716
f 749/24/749 780/25/780 748/24/748
f 781/25/781 812/26/812 780/25/780
f 813/26/813 844/27/844 812/26/812
f 845/27/845 876/28/876 844/27/844
f 877/28/877 908/29/908 876/28/876
f 909/29/909 940/30/940 908/29/908
f 941/30/941 972/31/972 940/30/940
f 973/31/973 1004/32/1004 972/31/972
f 1005/32/1005 1036/33/1036 1004/32/1004
f 1037/33/1037 1068/34/1068 1036/33/1036
f 1069/34/1069 1100/35/1100 1068/34/1068
f 1101/35/1101 1132/36/1132 1100/35/1100
f 1133/36/1133 1164/37/1164 1132/36/1132
f 1165/37/1165 1196/38/1196 1164/37/1164
f 1197/38/1197 1228/39/1227 1196/38/1196
f 1229/39/1228 1260/40/1257 1228/39/1227
f 1261/40/1258 1292/41/1287 1260/40/1257
f 1293/41/1288 1324/42/1318 1292/41/1287
f 1325/42/1319 1356/43/1348 1324/42/1318
f 1357/43/1349 1388/44/1378 1356/43/1348
f 1389/44/1379 1420/45/1408 1388/44/1378
f 1421/45/1409 1452/46/1438 1420/45/1408
f 1453/46/1439 1484/47/1469 1452/46/1438
f 1485/47/1470 1516/48/1499 1484/47/1469
f 1517/48/1500 1548/49/1529 1516/48/1499
f 1549/49/1530 1580/50/1559 1548/49/1529
f 1581/50/1560 1612/51/1589 1580/50/1559
f 1613/51/1590 1644/52/1619 1612/51/1589
f 1645/52/1620 1676/53/1649 1644/52/1619
f 1677/53/1650 1708/54/1680 1676/53/1649
f 1709/54/1681 1740/55/1710 1708/54/1680
f 1741/55/1711 1772/56/1740 1740/55/1710
f 1773/56/1741 1804/57/1770 1772/56/1740
f 1805/57/1771 1836/58/1800 1804/57/1770
f 1837/58/1801 1868/59/1831 1836/58/1800
f 1869/59/1832 1900/60/1862 1868/59/1831
f 1901/60/1863 1932/61/1893 1900/60/1862
f 1933/61/1894 1964/62/1923 1932/61/1893
f 1965/62/1924 1996/63/1953 1964/62/1923
f 14/1/14 45/2/45 13/1/13
f 46/2/46 77/3/77 45/2/45
f 78/3/78 109/4/109 77/3/77
f 110/4/110 141/5/141 109/4/109
f 142/5/142 173/6/173 141/5/141
f 174/6/174 205/7/205 173/6/173
f 206/7/206 237/8/237 205/7/205
f 238/8/238 269/9/269 237/8/237
f 270/9/270 301/10/301 269/9/269
f 302/10/302 333/11/333 301/10/301
f 334/11/334 365/12/365 333/11/333
f 366/12/366 397/13/397 365/12/365
f 398/13/398 429/14/429 397/13/397
f 430/14/430 461/15/461 429/14/429
f 462/15/462 493/16/493 461/15/461
f 494/16/494 525/17/525 493/16/493
f 526/17/526 557/18/557 525/17/525
f 558/18/558 589/19/589 557/18/557
f 590/19/590 621/20/621 589/19/589
f 622/20/622 653/21/653 621/20/621
f 654/21/654 685/22/685 653/21/653
f 686/22/686 717/23/717 685/22/685
f 718/23/718 749/24/749 717/23/717
f 750/24/750 781/25/781 749/24/749
f 782/25/782 813/26/813 781/25/781
f 814/26/814 845/27/845 813/26/813
f 846/27/846 877/28/877 845/27/845
f 878/28/878 909/29/909 877/28/877
f 910/29/910 941/30/941 909/29/909
f 942/30/942 973/31/973 941/30/941
f 974/31/974 1005/32/1005 973/31/973
f 1006/32/1006 1037/33/1037 1005/32/1005
f 1038/33/1038 1069/34/1069 1037/33/1037
f 1070/34/1070 1101/35/1101 1069/34/1069
f 1102/35/1102 1133/36/1133 1101/35/1101
f 1134/36/1134 1165/37/1165 1133/36/1133
f 1166/37/1166 1197/38/1197 1165/37/1165
f 1198/38/1198 1229/39/1228 1197/38/1197
f 1230/39/1229 1261/40/1258 1229/39/1228
f 1262/40/1259 1293/41/1288 1261/40/1258
f 1294/41/1289 1325/42/1319 1293/41/1288
f 1326/42/1320 1357/43/1349 1325/42/1319
f 1358/43/1350 1389/44/1379 1357/43/1349
f 1390/44/1380 1421/45/1409 1389/44/1379
f 1422/45/1410 1453/46/1439 1421/45/1409
f 1454/46/1440 1485/47/1470 1453/46/1439
f 1486/47/1471 1517/48/1500 1485/47/1470
f 1518/48/1501 1549/49/1530 1517/48/1500
f 1550/49/1531 1581/50/1560 1549/49/1530
f 1582/50/1561 1613/51/1590 1581/50/1560
f 1614/51/1591 1645/52/1620 1613/51/1590
f 1646/52/1621 1677/53/1650 1645/52/1620
f 1678/53/1651 1709/54/1681 1677/53/1650
f 1710/54/1682 1741/55/1711 1709/54/1681
f 1742/55/1712 1773/56/1741 1741/55/1711
f 1774/56/1742 1805/57/1771 1773/56/1741
f 1806/57/1772 1837/58/1801 1805/57/1771
f 1838/58/1802 1869/59/1832 1837/58/1801
f 1870/59/1833 1901/60/1863 1869/59/1832
f 1902/60/1864 1933/61/1894 1901/60/1863
f 1934/61/1895 1965/62/1924 1933/61/1894
f 1966/62/1925 1997/63/1954 1965/62/1924
f 15/1/15 46/2/46 14/1/14
f 47/2/47 78/3/78 46/2/46
f 79/3/79 110/4/110 78/3/78
f 111/4/111 142/5/142 110/4/110
f 143/5/143 174/6/174 142/5/142
f 175/6/175 206/7/206 174/6/174
f 207/7/207 238/8/238 206/7/206
f 239/8/239 270/9/270 238/8/238
f 271/9/271 302/10/302 270/9/270
f 303/10/303 334/11/334 302/10/302
f 335/11/335 366/12/366 334/11/334
f 367/12/367 398/13/398 366/12/366
f 399/13/399 430/14/430 398/13/398
f 431/14/431 462/15/462 430/14/430
f 463/15/463 494/16/494 462/15/462
f 495/16/495 526/17/526 494/16/494
f 527/17/527 558/18/558 526/17/526
f 559/18/559 590/19/590 558/18/558
f 591/19/591 622/20/622 590/19/590
f 623/20/623 654/21/654 622/20/622
f 655/21/655 686/22/686 654/21/654
f 687/22/687 718/23/718 686/22/686
f 719/23/719 750/24/750 718/23/718
f 751/24/751 782/25/782 750/24/750
f 783/25/783 814/26/814 782/25/782
f 815/26/815 846/27/846 814/26/814
f 847/27/847 878/28/878 846/27/846
f 879/28/879 910/29/910 878/28/878
f 911/29/911 942/30/942 910/29/910
f 943/30/943 974/31/974 942/30/942
f 975/31/975 1006/32/1006 974/31/974
f 1007/32/1007 1038/33/1038 1006/32/1006
f 1039/33/1039 1070/34/1070 1038/33/1038
f 1071/34/1071 1102/35/1102 1070/34/1070
f 1103/35/1103 1134/36/1134 1102/35/1102
f 1135/36/1135 1166/37/1166 1134/36/1134
f 1167/37/1167 1198/38/1198 1166/37/1166
f 1199/38/1199 1230/39/1229 1198/38/1198
f 1231/39/1230 1262/40/1259 1230/39/1229
f 1263/40/1260 1294/41/1289 1262/40/1259
f 1295/41/1290 1326/42/1320 1294/41/1289
f 1327/42/1321 1358/43/1350 1326/42/1320
f 1359/43/1351 1390/44/1380 1358/43/1350
f 1391/44/1381 1422/45/1410 1390/44/1380
f 1423/45/1411 1454/46/1440 1422/45/1410
f 1455/46/1441 1486/47/1471 1454/46/1440
f 1487/47/1472 1518/48/1501 1486/47/1471
f 1519/48/1502 1550/49/1531 1518/48/1501
f 1551/49/1532 1582/50/1561 1550/49/1531
f 1583/50/1562 1614/51/1591 1582/50/1561
f 1615/51/1592 1646/52/1621 1614/51/1591
f 1647/52/1622 1678/53/1651 1646/52/1621
f 1679/53/1652 1710/54/1682 1678/53/1651
f 1711/54/1683 1742/55/1712 1710/54/1682
f 1743/55/1713 1774/56/1742 1742/55/1712
f 1775/56/1743 1806/57/1772 1774/56/1742
f 1807/57/1773 1838/58/1802 1806/57/1772
f 1839/58/1803 1870/59/1833 1838/58/1802
f 1871/59/1834 1902/60/1864 1870/59/1833
f 1903/60/1865 1934/61/1895 1902/60/1864
f 1935/61/1896 1966/62/1925 1934/61/1895
f 1967/62/1926 1998/63/1955 1966/62/1925
f 16/1/16 47/2/47 15/1/15
f 48/2/48 79/3/79 47/2/47
f 80/3/80 111/4/111 79/3/79
f 112/4/112 143/5/143 111/4/111
f 144/5/144 175/6/175 143/5/143
f 176/6/176 207/7/207 175/6/175
f 208/7/208 239/8/239 207/7/207
f 240/8/240 271/9/271 239/8/239
f 272/9/272 303/10/303 271/9/271
f 304/10/304 335/11/335 303/10/303
f 336/11/336 367/12/367 335/11/335
f 368/12/368 399/13/399 367/12/367
f 400/13/400 431/14/431 399/13/399
f 432/14/432 463/15/463 431/14/431
f 464/15/464 495/16/495 463/15/463
f 496/16/496 527/17/527 495/16/495
f 528/17/528 559/18/559 527/17/527
f 560/18/560 591/19/591 559/18/559
f 592/19/592 623/20/623 591/19/591
f 624/20/624 655/21/655 623/20/623
f 656/21/656 687/22/687 655/21/655
f 688/22/688 719/23/719 687/22/687
f 720/23/720 751/24/751 719/23/719
f 752/24/752 783/25/783 751/24/751
f 784/25/784 815/26/815 783/25/783
f 816/26/816 847/27/847 815/26/815
f 848/27/848 879/28/879 847/27/847
f 880/28/880 911/29/911 879/28/879
f 912/29/912 943/30/943 911/29/911
f 944/30/944 975/31/975 943/30/943
f 976/31/976 1007/32/1007 975/31/975
f 1008/32/1008 1039/33/1039 1007/32/1007
f 1040/33/1040 1071/34/1071 1039/33/1039
f 1072/34/1072 1103/35/1103 1071/34/1071
f 1104/35/1104 1135/36/1135 1103/35/1103
f 1136/36/1136 1167/37/1167 1135/36/1135
f 1168/37/1168 1199/38/1199 1167/37/1167
f 1200/38/1200 1231/39/1230 1199/38/1199
f 1232/39/1231 1263/40/1260 1231/39/1230
f 1264/40/1261 1295/41/1290 1263/40/1260
f 1296/41/1291 1327/42/1321 1295/41/1290
f 1328/42/1322 1359/43/1351 1327/42/1321
f 1360/43/1352 1391/44/1381 1359/43/1351
f 1392/44/1382 1423/45/1411 1391/44/1381
f 1424/45/1412 1455/46/1441 1423/45/1411
f 1456/46/1442 1487/47/1472 1455/46/1441
f 1488/47/1473 1519/48/1502 1487/47/1472
f 1520/48/1503 1551/49/1532 1519/48/1502
f 1552/49/1533 1583/50/1562 1551/49/1532
f 1584/50/1563 1615/51/1592 1583/50/1562
f 1616/51/1593 1647/52/1622 1615/51/1592
f 1648/52/1623 1679/53/1652 1647/52/1622
f 1680/53/1653 1711/54/1683 1679/53/1652
f 1712/54/1684 1743/55/1713 1711/54/1683
f 1744/55/1714 1775/56/1743 1743/55/1713
f 1776/56/1744 1807/57/1773 1775/56/1743
f 1808/57/1774 1839/58/1803 1807/57/1773
f 1840/58/1804 1871/59/1834 1839/58/1803
f 1872/59/1835 1903/60/1865 1871/59/1834
f 1904/60/1866 1935/61/1896 1903/60/1865
f 1936/61/1897 1967/62/1926 1935/61/1896
f 1968/62/1927 1999/63/1956 1967/62/1926
f 17/1/17 48/2/48 16/1/16
f 49/2/49 80/3/80 48/2/48
f 81/3/81 112/4/112 80/3/80
f 113/4/113 144/5/144 112/4/112
f 145/5/145 176/6/176 144/5/144
f 177/6/177 208/7/208 176/6/176
f 209/7/209 240/8/240 208/7/208
f 241/8/241 272/9/272 240/8/240
f 273/9/273 304/10/304 272/9/272
f 305/10/305 336/11/336 304/10/304
f 337/11/337 368/12/368 336/11/336
f 369/12/369 400/13/400 368/12/368
f 401/13/401 432/14/432 400/13/400
f 433/14/433 464/15/464 432/14/432
f 465/15/465 496/16/496 464/15/464
f 497/16/497 528/17/528 496/16/496
f 529/17/529 560/18/560 528/17/528
f 561/18/561 592/19/592 560/18/560
f 593/19/593 624/20/624 592/19/592
f 625/20/625 656/21/656 624/20/624
f 657/21/657 688/22/688 656/21/656
f 689/22/689 720/23/720 688/22/688
f 721/23/721 752/24/752 720/23/720
f 753/24/753 784/25/784 752/24/752
f 785/25/785 816/26/816 784/25/784
f 817/26/817 848/27/848 816/26/816
f 849/27/849 880/28/880 848/27/848
f 881/28/881 912/29/912 880/28/880
f 913/29/913 944/30/944 912/29/912
f 945/30/945 976/31/976 944/30/944
f 977/31/977 1008/32/1008 976/31/976
f 1009/32/1009 1040/33/1040 1008/32/1008
f 1041/33/1041 1072/34/1072 1040/33/1040
f 1073/34/1073 1104/35/1104 1072/34/1072
f 1105/35/1105 1136/36/1136 1104/35/1104
f 1137/36/1137 1168/37/1168 1136/36/1136
f 1169/37/1169 1200/38/1200 1168/37/1168
f 1201/38/1201 1232/39/1231 1200/38/1200
f 1233/39/1232 1264/40/1261 1232/39/1231
f 1265/40/1262 1296/41/1291 1264/40/1261
f 1297/41/1292 1328/42/1322 1296/41/1291
f 1329/42/1323 1360/43/1352 1328/42/1322
f 1361/43/1353 1392/44/1382 1360/43/1352
f 1393/44/1383 1424/45/1412 1392/44/1382
f 1425/45/1413 1456/46/1442 1424/45/1412
f 1457/46/1443 1488/47/1473 1456/46/1442
f 1489/47/1474 1520/48/1503 1488/47/1473
f 1521/48/1504 1552/49/1533 1520/48/1503
f 1553/49/1534 1584/50/1563 1552/49/1533
f 1585/50/1564 1616/51/1593 1584/50/1563
f 1617/51/1594 1648/52/1623 1616/51/1593
f 1649/52/1624 1680/53/1653 1648/52/1623
f 1681/53/1654 1712/54/1684 1680/53/1653
f 1713/54/1685 1744/55/1714 1712/54/1684
f 1745/55/1715 1776/56/1744 1744/55/1714
f 1777/56/1745 1808/57/1774 1776/56/1744
f 1809/57/1775 1840/58/1804 1808/57/1774
f 1841/58/1805 1872/59/1835 1840/58/1804
f 1873/59/1836 1904/60/1866 1872/59/1835
f 1905/60/1867 1936/61/1897 1904/60/1866
f 1937/61/1898 1968/62/1927 1936/61/1897
f 1969/62/1928 2000/63/1957 1968/62/1927
f 50/2/50 17/1/17 18/1/18
f 82/3/82 49/2/49 50/2/50
f 114/4/114 81/3/81 82/3/82
f 146/5/146 113/4/113 114/4/114
f 178/6/178 145/5/145 146/5/146
f 210/7/210 177/6/177 178/6/178
f 242/8/242 209/7/209 210/7/210
f 274/9/274 241/8/241 242/8/242
f 306/10/306 273/9/273 274/9/274
f 338/11/338 305/10/305 306/10/306
f 370/12/370 337/11/337 338/11/338
f 402/13/402 369/12/369 370/12/370
f 434/14/434 401/13/401 402/13/402
f 466/15/466 433/14/433 434/14/434
f 498/16/498 465/15/465 466/15/466
f 530/17/530 497/16/497 498/16/498
f 562/18/562 529/17/529 530/17/530
f 594/19/594 561/18/561 562/18/562
f 626/20/626 593/19/593 594/19/594
f 658/21/658 625/20/625 626/20/626
f 690/22/690 657/21/657 658/21/658
f 722/23/722 689/22/689 690/22/690
f 754/24/754 721/23/721 722/23/722
f 786/25/786 753/24/753 754/24/754
f 818/26/818 785/25/785 786/25/786
f 850/27/850 817/26/817 818/26/818
f 882/28/882 849/27/849 850/27/850
f 914/29/914 881/28/881 882/28/882
f 946/30/946 913/29/913 914/29/914
f 978/31/978 945/30/945 946/30/946
f 1010/32/1010 977/31/977 978/31/978
f 1042/33/1042 1009/32/1009 1010/32/1010
f 1074/34/1074 1041/33/1041 1042/33/1042
f 1106/35/1106 1073/34/1073 1074/34/1074
f 1138/36/1138 1105/35/1105 1106/35/1106
f 1170/37/1170 1137/36/1137 1138/36/1138
f 1202/38/1202 1169/37/1169 1170/37/1170
f 1234/39/1233 1201/38/1201 1202/38/1202
f 1266/40/1263 1233/39/1232 1234/39/1233
f 1298/41/1293 1265/40/1262 1266/40/1263
f 1330/42/1324 1297/41/1292 1298/41/1293
f 1362/43/1354 1329/42/1323 1330/42/1324
f 1394/44/1384 1361/43/1353 1362/43/1354
f 1426/45/1414 1393/44/1383 1394/44/1384
f 1458/46/1444 1425/45/1413 1426/45/1414
f 1490/47/1475 1457/46/1443 1458/46/1444
f 1522/48/1505 1489/47/1474 1490/47/1475
f 1554/49/1535 1521/48/1504 1522/48/1505
f 1586/50/1565 1553/49/1534 1554/49/1535
f 1618/51/1595 1585/50/1564 1586/50/1565
f 1650/52/1625 1617/51/1594 1618/51/1595
f 1682/53/1655 1649/52/1624 1650/52/1625
f 1714/54/1686 1681/53/1654 1682/53/1655
f 1746/55/1716 1713/54/1685 1714/54/1686
f 1778/56/1746 1745/55/1715 1746/55/1716
f 1810/57/1776 1777/56/1745 1778/56/1746
f 1842/58/1806 1809/57/1775 1810/57/1776
f 1874/59/1837 1841/58/1805 1842/58/1806
f 1906/60/1868 1873/59/1836 1874/59/1837
f 1938/61/1899 1905/60/1867 1906/60/1868
f 1970/62/1929 1937/61/1898 1938/61/1899
f 2002/63/1959 1969/62/1928 1970/62/1929
f 51/2/51 18/1/18 19/1/19
f 83/3/83 50/2/50 51/2/51
f 115/4/115 82/3/82 83/3/83
f 147/5/147 114/4/114 115/4/115
f 179/6/179 146/5/146 147/5/147
f 211/7/211 178/6/178 179/6/179
f 243/8/243 210/7/210 211/7/211
f 275/9/275 242/8/242 243/8/243
f 307/10/307 274/9/274 275/9/275
f 339/11/339 306/10/306 307/10/307
f 371/12/371 338/11/338 339/11/339
f 403/13/403 370/12/370 371/12/371
f 435/14/435 402/13/402 403/13/403
f 467/15/467 434/14/434 435/14/435
f 499/16/499 466/15/466 467/15/467
f 531/17/531 498/16/498 499/16/499
f 563/18/563 530/17/530 531/17/531
f 595/19/595 562/18/562 563/18/563
f 627/20/627 594/19/594 595/19/595
f 659/21/659 626/20/626 627/20/627
f 691/22/691 658/21/658 659/21/659
f 723/23/723 690/22/690 691/22/691
f 755/24/755 722/23/722 723/23/723
f 787/25/787 754/24/754 755/24/755
f 819/26/819 786/25/786 787/25/787
f 851/27/851 818/26/818 819/26/819
f 883/28/883 850/27/850 851/27/851
f 915/29/915 882/28/882 883/28/883
f 947/30/947 914/29/914 915/29/915
f 979/31/979 946/30/946 947/30/947
f 1011/32/1011 978/31/978 979/31/979
f 1043/33/1043 1010/32/1010 1011/32/1011
f 1075/34/1075 1042/33/1042 1043/33/1043
f 1107/35/1107 1074/34/1074 1075/34/1075
f 1139/36/1139 1106/35/1106 1107/35/1107
f 1171/37/1171 1138/36/1138 1139/36/1139
f 1203/38/1203 1170/37/1170 1171/37/1171
f 1235/39/1234 1202/38/1202 1203/38/1203
f 1267/40/1264 1234/39/1233 1235/39/1234
f 1299/41/1294 1266/40/1263 1267/40/1264
f 1331/42/1325 1298/41/1293 1299/41/1294
f 1363/43/1355 1330/42/1324 1331/42/1325
f 1395/44/1385 1362/43/1354 1363/43/1355
f 1427/45/1415 1394/44/1384 1395/44/1385
f 1459/46/1445 1426/45/1414 1427/45/1415
f 1491/47/1476 1458/46/1444 1459/46/1445
f 1523/48/1506 1490/47/1475 1491/47/1476
f 1555/49/1536 1522/48/1505 1523/48/1506
f 1587/50/1566 1554/49/1535 1555/49/1536
f 1619/51/1596 1586/50/1565 1587/50/1566
f 1651/52/1626 1618/51/1595 1619/51/1596
f 1683/53/1656 1650/52/1625 1651/52/1626
f 1715/54/1687 1682/53/1655 1683/53/1656
f 1747/55/1717 1714/54/1686 1715/54/1687
f 1779/56/1747 1746/55/1716 1747/55/1717
f 1811/57/1777 1778/56/1746 1779/56/1747
f 1843/58/1807 1810/57/1776 1811/57/1777
f 1875/59/1838 1842/58/1806 1843/58/1807
f 1907/60/1869 1874/59/1837 1875/59/1838
f 1939/61/1900 1906/60/1868 1907/60/1869
f 1971/62/1930 1938/61/1899 1939/61/1900
f 2003/63/1960 1970/62/1929 1971/62/1930
f 52/2/52 19/1/19 20/1/20
f 84/3/84 51/2/51 52/2/52
f 116/4/116 83/3/83 84/3/84
f 148/5/148 115/4/115 116/4/116
f 180/6/180 147/5/147 148/5/148
f 212/7/212 179/6/179 180/6/180
f 244/8/244 211/7/211 212/7/212
f 276/9/276 243/8/243 244/8/244
f 308/10/308 275/9/275 276/9/276
f 340/11/340 307/10/307 308/10/308
f 372/12/372 339/11/339 340/11/340
f 404/13/404 371/12/371 372/12/372
f 436/14/436 403/13/403 404/13/404
f 468/15/468 435/14/435 436/14/436
f 500/16/500 467/15/467 468/15/468
f 532/17/532 499/16/499 500/16/500
f 564/18/564 531/17/531 532/17/532
f 596/19/596 563/18/563 564/18/564
f 628/20/628 595/19/595 596/19/596
f 660/21/660 627/20/627 628/20/628
f 692/22/692 659/21/659 660/21/660
f 724/23/724 691/22/691 692/22/692
f 756/24/756 723/23/723 724/23/724
f 788/25/788 755/24/755 756/24/756
f 820/26/820 787/25/787 788/25/788
f 852/27/852 819/26/819 820/26/820
f 884/28/884 851/27/851 852/27/852
f 916/29/916 883/28/883 884/28/884
f 948/30/948 915/29/915 916/29/916
f 980/31/980 947/30/947 948/30/948
f 1012/32/1012 979/31/979 980/31/980
f 1044/33/1044 1011/32/1011 1012/32/1012
f 1076/34/1076 1043/33/1043 1044/33/1044
f 1108/35/1108 1075/34/1075 1076/34/1076
f 1140/36/1140 1107/35/1107 1108/35/1108
f 1172/37/1172 1139/36/1139 1140/36/1140
f 1204/38/1204 1171/37/1171 1172/37/1172
f 1236/39/1235 1203/38/1203 1204/38/1204
f 1268/40/1265 1235/39/1234 1236/39/1235
f 1300/41/1295 1267/40/1264 1268/40/1265
f 1332/42/1326 1299/41/1294 1300/41/1295
f 1364/43/1356 1331/42/1325 1332/42/1326
f 1396/44/1386 1363/43/1355 1364/43/1356
f 1428/45/1416 1395/44/1385 1396/44/1386
f 1460/46/1446 1427/45/1415 1428/45/1416
f 1492/47/1477 1459/46/1445 1460/46/1446
f 1524/48/1507 1491/47/1476 1492/47/1477
f 1556/49/1537 1523/48/1506 1524/48/1507
f 1588/50/1567 1555/49/1536 1556/49/1537
f 1620/51/1597 1587/50/1566 1588/50/1567
f 1652/52/1627 1619/51/1596 1620/51/1597
f 1684/53/1657 1651/52/1626 1652/52/1627
f 1716/54/1688 1683/53/1656 1684/53/1657
f 1748/55/1718 1715/54/1687 1716/54/1688
f 1780/56/1748 1747/55/1717 1748/55/1718
f 1812/57/1778 1779/56/1747 1780/56/1748
f 1844/58/1808 1811/57/1777 1812/57/1778
f 1876/59/1839 1843/58/1807 1844/58/1808
f 1908/60/1870 1875/59/1838 1876/59/1839
f 1940/61/1901 1907/60/1869 1908/60/1870
f 1972/62/1931 1939/61/1900 1940/61/1901
f 2004/63/1961 1971/62/1930 1972/62/1931
f 53/2/53 20/1/20 21/1/21
f 85/3/85 52/2/52 53/2/53
f 117/4/117 84/3/84 85/3/85
f 149/5/149 116/4/116 117/4/117
f 181/6/181 148/5/148 149/5/149
f 213/7/213 180/6/180 181/6/181
f 245/8/245 212/7/212 213/7/213
f 277/9/277 244/8/244 245/8/245
f 309/10/309 276/9/276 277/9/277
f 341/11/341 308/10/308 309/10/309
f 373/12/373 340/11/340 341/11/341
f 405/13/405 372/12/372 373/12/373
f 437/14/437 404/13/404 405/13/405
f 469/15/469 436/14/436 437/14/437
f 501/16/501 468/15/468 469/15/469
f 533/17/533 500/16/500 501/16/501
f 565/18/565 532/17/532 533/17/533
f 597/19/597 564/18/564 565/18/565
f 629/20/629 596/19/596 597/19/597
f 661/21/661 628/20/628 629/20/629
f 693/22/693 660/21/660 661/21/661
f 725/23/725 692/22/692 693/22/693
f 757/24/757 724/23/724 725/23/725
f 789/25/789 756/24/756 757/24/757
f 821/26/821 788/25/788 789/25/789
f 853/27/853 820/26/820 821/26/821
f 885/28/885 852/27/852 853/27/853
f 917/29/917 884/28/884 885/28/885
f 949/30/949 916/29/916 917/29/917
f 981/31/981 948/30/948 949/30/949
f 1013/32/1013 980/31/980 981/31/981
f 1045/33/1045 1012/32/1012 1013/32/1013
f 1077/34/1077 1044/33/1044 1045/33/1045
f 1109/35/1109 1076/34/1076 1077/34/1077
f 1141/36/1141 1108/35/1108 1109/35/1109
f 1173/37/1173 1140/36/1140 1141/36/1141
f 1205/38/1205 1172/37/1172 1173/37/1173
f 1237/39/1236 1204/38/1204 1205/38/1205
f 1269/40/1266 1236/39/1235 1237/39/1236
f 1301/41/1296 1268/40/1265 1269/40/1266
f 1333/42/1327 1300/41/1295 1301/41/1296
f 1365/43/1357 1332/42/1326 1333/42/1327
f 1397/44/1387 1364/43/1356 1365/43/1357
f 1429/45/1417 1396/44/1386 1397/44/1387
f 1461/46/1447 1428/45/1416 1429/45/1417
f 1493/47/1478 1460/46/1446 1461/46/1447
f 1525/48/1508 1492/47/1477 1493/47/1478
f 1557/49/1538 1524/48/1507 1525/48/1508
f 1589/50/1568 1556/49/1537 1557/49/1538
f 1621/51/1598 1588/50/1567 1589/50/1568
f 1653/52/1628 1620/51/1597 1621/51/1598
f 1685/53/1658 1652/52/1627 1653/52/1628
f 1717/54/1689 1684/53/1657 1685/53/1658
f 1749/55/1719 1716/54/1688 1717/54/1689
f 1781/56/1749 1748/55/1718 1749/55/1719
f 1813/57/1779 1780/56/1748 1781/56/1749
f 1845/58/1809 1812/57/1778 1813/57/1779
f 1877/59/1840 1844/58/1808 1845/58/1809
f 1909/60/1871 1876/59/1839 1877/59/1840
f 1941/61/1902 1908/60/1870 1909/60/1871
f 1973/62/1932 1940/61/1901 1941/61/1902
f 2005/63/1962 1972/62/1931 1973/62/1932
f 54/2/54 21/1/21 22/1/22
f 86/3/86 53/2/53 54/2/54
f 118/4/118 85/3/85 86/3/86
f 150/5/150 117/4/117 118/4/118
f 182/6/182 149/5/149 150/5/150
f 214/7/214 181/6/181 182/6/182
f 246/8/246 213/7/213 214/7/214
f 278/9/278 245/8/245 246/8/246
f 310/10/310 277/9/277 278/9/278
f 342/11/342 309/10/309 310/10/310
f 374/12/374 341/11/341 342/11/342
f 406/13/406 373/12/373 374/12/374
f 438/14/438 405/13/405 406/13/406
f 470/15/470 437/14/437 438/14/438
f 502/16/502 469/15/469 470/15/470
f 534/17/534 501/16/501 502/16/502
f 566/18/566 533/17/533 534/17/534
f 598/19/598 565/18/565 566/18/566
f 630/20/630 597/19/597 598/19/598
f 662/21/662 629/20/629 630/20/630
f 694/22/694 661/21/661 662/21/662
f 726/23/726 693/22/693 694/22/694
f 758/24/758 725/23/725 726/23/726
f 790/25/790 757/24/757 758/24/758
f 822/26/822 789/25/789 790/25/790
f 854/27/854 821/26/821 822/26/822
f 886/28/886 853/27/853 854/27/854
f 918/29/918 885/28/885 886/28/886
f 950/30/950 917/29/917 918/29/918
f 982/31/982 949/30/949 950/30/950
f 1014/32/1014 981/31/981 982/31/982
f 1046/33/1046 1013/32/1013 1014/32/1014
f 1078/34/1078 1045/33/1045 1046/33/1046
f 1110/35/1110 1077/34/1077 1078/34/1078
f 1142/36/1142 1109/35/1109 1110/35/1110
f 1174/37/1174 1141/36/1141 1142/36/1142
f 1206/38/1206 1173/37/1173 1174/37/1174
f 1238/39/1237 1205/38/1205 1206/38/1206
f 1270/40/1267 1237/39/1236 1238/39/1237
f 1302/41/1297 1269/40/1266 1270/40/1267
f 1334/42/1328 1301/41/1296 1302/41/1297
f 1366/43/1358 1333/42/1327 1334/42/1328
f 1398/44/1388 1365/43/1357 1366/43/1358
f 1430/45/1418 1397/44/1387 1398/44/1388
f 1462/46/1448 1429/45/1417 1430/45/1418
f 1494/47/1479 1461/46/1447 1462/46/1448
f 1526/48/1509 1493/47/1478 1494/47/1479
f 1558/49/1539 1525/48/1508 1526/48/1509
f 1590/50/1569 1557/49/1538 1558/49/1539
f 1622/51/1599 1589/50/1568 1590/50/1569
f 1654/52/1629 1621/51/1598 1622/51/1599
f 1686/53/1659 1653/52/1628 1654/52/1629
f 1718/54/1690 1685/53/1658 1686/53/1659
f 1750/55/1720 1717/54/1689 1718/54/1690
f 1782/56/1750 1749/55/1719 1750/55/1720
f 1814/57/1780 1781/56/1749 1782/56/1750
f 1846/58/1810 1813/57/1779 1814/57/1780
f 1878/59/1841 1845/58/1809 1846/58/1810
f 1910/60/1872 1877/59/1840 1878/59/1841
f 1942/61/1903 1909/60/1871 1910/60/1872
f 1974/62/1933 1941/61/1902 1942/61/1903
f 2006/63/1963 1973/62/1932 1974/62/1933
f 55/2/55 22/1/22 23/1/23
f 87/3/87 54/2/54 55/2/55
f 119/4/119 86/3/86 87/3/87
f 151/5/151 118/4/118 119/4/119
f 183/6/183 150/5/150 151/5/151
f 215/7/215 182/6/182 183/6/183
f 247/8/247 214/7/214 215/7/215
f 279/9/279 246/8/246 247/8/247
f 311/10/311 278/9/278 279/9/279
f 343/11/343 310/10/310 311/10/311
f 375/12/375 342/11/342 343/11/343
f 407/13/407 374/12/374 375/12/375
f 439/14/439 406/13/406 407/13/407
f 471/15/471 438/14/438 439/14/439
f 503/16/503 470/15/470 471/15/471
f 535/17/535 502/16/502 503/16/503
f 567/18/567 534/17/534 535/17/535
f 599/19/599 566/18/566 567/18/567
f 631/20/631 598/19/598 599/19/599
f 663/21/663 630/20/630 631/20/631
f 695/22/695 662/21/662 663/21/663
f 727/23/727 694/22/694 695/22/695
f 759/24/759 726/23/726 727/23/727
f 791/25/791 758/24/758 759/24/759
f 823/26/823 790/25/790 791/25/791
f 855/27/855 822/26/822 823/26/823
f 887/28/887 854/27/854 855/27/855
f 919/29/919 886/28/886 887/28/887
f 951/30/951 918/29/918 919/29/919
f 983/31/983 950/30/950 951/30/951
f 1015/32/1015 982/31/982 983/31/983
f 1047/33/1047 1014/32/1014 1015/32/1015
f 1079/34/1079 1046/33/1046 1047/33/1047
f 1111/35/1111 1078/34/1078 1079/34/1079
f 1143/36/1143 1110/35/1110 1111/35/1111
f 1175/37/1175 1142/36/1142 1143/36/1143
f 1207/38/1207 1174/37/1174 1175/37/1175
f 1239/39/1238 1206/38/1206 1207/38/1207
f 1271/40/1268 1238/39/1237 1239/39/1238
f 1303/41/1298 1270/40/1267 1271/40/1268
f 1335/42/1329 1302/41/1297 1303/41/1298
f 1367/43/1359 1334/42/1328 1335/42/1329
f 1399/44/1389 1366/43/1358 1367/43/1359
f 1431/45/1419 1398/44/1388 1399/44/1389
f 1463/46/1449 1430/45/1418 1431/45/1419
f 1495/47/1480 1462/46/1448 1463/46/1449
f 1527/48/1510 1494/47/1479 1495/47/1480
f 1559/49/1540 1526/48/1509 1527/48/1510
f 1591/50/1570 1558/49/1539 1559/49/1540
f 1623/51/1600 1590/50/1569 1591/50/1570
f 1655/52/1630 1622/51/1599 1623/51/1600
f 1687/53/1660 1654/52/1629 1655/52/1630
f 1719/54/1691 1686/53/1659 1687/53/1660
f 1751/55/1721 1718/54/1690 1719/54/1691
f 1783/56/1751 1750/55/1720 1751/55/1721
f 1815/57/1781 1782/56/1750 1783/56/1751
f 1847/58/1811 1814/57/1780 1815/57/1781
f 1879/59/1842 1846/58/1810 1847/58/1811
f 1911/60/1873 1878/59/1841 1879/59/1842
f 1943/61/1904 1910/60/1872 1911/60/1873
f 1975/62/1934 1942/61/1903 1943/61/1904
f 2007/63/1964 1974/62/1933 1975/62/1934
f 56/2/56 23/1/23 24/1/24
f 88/3/88 55/2/55 56/2/56
f 120/4/120 87/3/87 88/3/88
f 152/5/152 119/4/119 120/4/120
f 184/6/184 151/5/151 152/5/152
f 216/7/216 183/6/183 184/6/184
f 248/8/248 215/7/215 216/7/216
f 280/9/280 247/8/247 248/8/248
f 312/10/312 279/9/279 280/9/280
f 344/11/344 311/10/311 312/10/312
f 376/12/376 343/11/343 344/11/344
f 408/13/408 375/12/375 376/12/376
f 440/14/440 407/13/407 408/13/408
f 472/15/472 439/14/439 440/14/440
f 504/16/504 471/15/471 472/15/472
f 536/17/536 503/16/503 504/16/504
f 568/18/568 535/17/535 536/17/536
f 600/19/600 567/18/567 568/18/568
f 632/20/632 599/19/599 600/19/600
f 664/21/664 631/20/631 632/20/632
f 696/22/696 663/21/663 664/21/664
f 728/23/728 695/22/695 696/22/696
f 760/24/760 727/23/727 728/23/728
f 792/25/792 759/24/759 760/24/760
f 824/26/824 791/25/791 792/25/792
f 856/27/856 823/26/823 824/26/824
f 888/28/888 855/27/855 856/27/856
f 920/29/920 887/28/887 888/28/888
f 952/30/952 919/29/919 920/29/920
f 984/31/984 951/30/951 952/30/952
f 1016/32/1016 983/31/983 984/31/984
f 1048/33/1048 1015/32/1015 1016/32/1016
f 1080/34/1080 1047/33/1047 1048/33/1048
f 1112/35/1112 1079/34/1079 1080/34/1080
f 1144/36/1144 1111/35/1111 1112/35/1112
f 1176/37/1176 1143/36/1143 1144/36/1144
f 1208/38/1208 1175/37/1175 1176/37/1176
f 1240/39/1239 1207/38/1207 1208/38/1208
f 1272/40/1269 1239/39/1238 1240/39/1239
f 1304/41/1299 1271/40/1268 1272/40/1269
f 1336/42/1330 1303/41/1298 1304/41/1299
f 1368/43/1360 1335/42/1329 1336/42/1330
f 1400/44/1390 1367/43/1359 1368/43/1360
f 1432/45/1420 1399/44/1389 1400/44/1390
f 1464/46/1450 1431/45/1419 1432/45/1420
f 1496/47/1481 1463/46/1449 1464/46/1450
f 1528/48/1511 1495/47/1480 1496/47/1481
f 1560/49/1541 1527/48/1510 1528/48/1511
f 1592/50/1571 1559/49/1540 1560/49/1541
f 1624/51/1601 1591/50/1570 1592/50/1571
f 1656/52/1631 1623/51/1600 1624/51/1601
f 1688/53/1661 1655/52/1630 1656/52/1631
f 1720/54/1692 1687/53/1660 1688/53/1661
f 1752/55/1722 1719/54/1691 1720/54/1692
f 1784/56/1752 1751/55/1721 1752/55/1722
f 1816/57/1782 1783/56/1751 1784/56/1752
f 1848/58/1812 1815/57/1781 1816/57/1782
f 1880/59/1843 1847/58/1811 1848/58/1812
f 1912/60/1874 1879/59/1842 1880/59/1843
f 1944/61/1905 1911/60/1873 1912/60/1874
f 1976/62/1935 1943/61/1904 1944/61/1905
f 2008/63/1965 1975/62/1934 1976/62/1935
f 57/2/57 24/1/24 25/1/25
f 89/3/89 56/2/56 57/2/57
f 121/4/121 88/3/88 89/3/89
f 153/5/153 120/4/120 121/4/121
f 185/6/185 152/5/152 153/5/153
f 217/7/217 184/6/184 185/6/185
f 249/8/249 216/7/216 217/7/217
f 281/9/281 248/8/248 249/8/249
f 313/10/313 280/9/280 281/9/281
f 345/11/345 312/10/312 313/10/313
f 377/12/377 344/11/344 345/11/345
f 409/13/409 376/12/376 377/12/377
f 441/14/441 408/13/408 409/13/409
f 473/15/473 440/14/440 441/14/441
f 505/16/505 472/15/472 473/15/473
f 537/17/537 504/16/504 505/16/505
f 569/18/569 536/17/536 537/17/537
f 601/19/601 568/18/568 569/18/569
f 633/20/633 600/19/600 601/19/601
f 665/21/665 632/20/632 633/20/633
f 697/22/697 664/21/664 665/21/665
f 729/23/729 696/22/696 697/22/697
f 761/24/761 728/23/728 729/23/729
f 793/25/793 760/24/760 761/24/761
f 825/26/825 792/25/792 793/25/793
f 857/27/857 824/26/824 825/26/825
f 889/28/889 856/27/856 857/27/857
f 921/29/921 888/28/888 889/28/889
f 953/30/953 920/29/920 921/29/921
f 985/31/985 952/30/952 953/30/953
f 1017/32/1017 984/31/984 985/31/985
f 1049/33/1049 1016/32/1016 1017/32/1017
f 1081/34/1081 1048/33/1048 1049/33/1049
f 1113/35/1113 1080/34/1080 1081/34/1081
f 1145/36/1145 1112/35/1112 1113/35/1113
f 1177/37/1177 1144/36/1144 1145/36/1145
f 1209/38/1209 1176/37/1176 1177/37/1177
f 1241/39/41 1208/38/1208 1209/38/1209
f 1273/40/73 1240/39/1239 1241/39/41
f 1305/41/105 1272/40/1269 1273/40/73
f 1337/42/137 1304/41/1299 1305/41/105
f 1369/43/169 1336/42/1330 1337/42/137
f 1401/44/201 1368/43/1360 1369/43/169
f 1433/45/233 1400/44/1390 1401/44/201
f 1465/46/265 1432/45/1420 1433/45/233
f 1497/47/297 1464/46/1450 1465/46/265
f 1529/48/329 1496/47/1481 1497/47/297
f 1561/49/361 1528/48/1511 1529/48/329
f 1593/50/393 1560/49/1541 1561/49/361
f 1625/51/425 1592/50/1571 1593/50/393
f 1657/52/457 1624/51/1601 1625/51/425
f 1689/53/489 1656/52/1631 1657/52/457
f 1721/54/521 1688/53/1661 1689/53/489
f 1753/55/553 1720/54/1692 1721/54/521
f 1785/56/585 1752/55/1722 1753/55/553
f 1817/57/617 1784/56/1752 1785/56/585
f 1849/58/649 1816/57/1782 1817/57/617
f 1881/59/1844 1848/58/1812 1849/58/649
f 1913/60/713 1880/59/1843 1881/59/1844
f 1945/61/745 1912/60/1874 1913/60/713
f 1977/62/777 1944/61/1905 1945/61/745
f 2009/63/809 1976/62/1935 1977/62/777
f 58/2/58 25/1/25 26/1/26
f 90/3/90 57/2/57 58/2/58
f 122/4/122 89/3/89 90/3/90
f 154/5/154 121/4/121 122/4/122
f 186/6/186 153/5/153 154/5/154
f 218/7/218 185/6/185 186/6/186
f 250/8/250 217/7/217 218/7/218
f 282/9/282 249/8/249 250/8/250
f 314/10/314 281/9/281 282/9/282
f 346/11/346 313/10/313 314/10/314
f 378/12/378 345/11/345 346/11/346
f 410/13/410 377/12/377 378/12/378
f 442/14/442 409/13/409 410/13/410
f 474/15/474 441/14/441 442/14/442
f 506/16/506 473/15/473 474/15/474
f 538/17/538 505/16/505 506/16/506
f 570/18/570 537/17/537 538/17/538
f 602/19/602 569/18/569 570/18/570
f 634/20/634 601/19/601 602/19/602
f 666/21/666 633/20/633 634/20/634
f 698/22/698 665/21/665 666/21/666
f 730/23/730 697/22/697 698/22/698
f 762/24/762 729/23/729 730/23/730
f 794/25/794 761/24/761 762/24/762
f 826/26/826 793/25/793 794/25/794
f 858/27/858 825/26/825 826/26/826
f 890/28/890 857/27/857 858/27/858
f 922/29/922 889/28/889 890/28/890
f 954/30/954 921/29/921 922/29/922
f 986/31/986 953/30/953 954/30/954
f 1018/32/1018 985/31/985 986/31/986
f 1050/33/1050 1017/32/1017 1018/32/1018
f 1082/34/1082 1049/33/1049 1050/33/1050
f 1114/35/1114 1081/34/1081 1082/34/1082
f 1146/36/1146 1113/35/1113 1114/35/1114
f 1178/37/1178 1145/36/1145 1146/36/1146
f 1210/38/1210 1177/37/1177 1178/37/1178
f 1242/39/1240 1209/38/1209 1210/38/1210
f 1274/40/1270 1241/39/41 1242/39/1240
f 1306/41/1300 1273/40/73 1274/40/1270
f 1338/42/1331 1305/41/105 1306/41/1300
f 1370/43/1361 1337/42/137 1338/42/1331
f 1402/44/1391 1369/43/169 1370/43/1361
f 1434/45/1421 1401/44/201 1402/44/1391
f 1466/46/1451 1433/45/233 1434/45/1421
f 1498/47/1482 1465/46/265 1466/46/1451
f 1530/48/1512 1497/47/297 1498/47/1482
f 1562/49/1542 1529/48/329 1530/48/1512
f 1594/50/1572 1561/49/361 1562/49/1542
f 1626/51/1602 1593/50/393 1594/50/1572
f 1658/52/1632 1625/51/425 1626/51/1602
f 1690/53/1662 1657/52/457 1658/52/1632
f 1722/54/1693 1689/53/489 1690/53/1662
f 1754/55/1723 1721/54/521 1722/54/1693
f 1786/56/1753 1753/55/553 1754/55/1723
f 1818/57/1783 1785/56/585 1786/56/1753
f 1850/58/1813 1817/57/617 1818/57/1783
f 1882/59/1845 1849/58/649 1850/58/1813
f 1914/60/1875 1881/59/1844 1882/59/1845
f 1946/61/1906 1913/60/713 1914/60/1875
f 1978/62/1936 1945/61/745 1946/61/1906
f 2010/63/1966 1977/62/777 1978/62/1936
f 59/2/59 26/1/26 27/1/27
f 91/3/91 58/2/58 59/2/59
f 123/4/123 90/3/90 91/3/91
f 155/5/155 122/4/122 123/4/123
f 187/6/187 154/5/154 155/5/155
f 219/7/219 186/6/186 187/6/187
f 251/8/251 218/7/218 219/7/219
f 283/9/283 250/8/250 251/8/251
f 315/10/315 282/9/282 283/9/283
f 347/11/347 314/10/314 315/10/315
f 379/12/379 346/11/346 347/11/347
f 411/13/411 378/12/378 379/12/379
f 443/14/443 410/13/410 411/13/411
f 475/15/475 442/14/442 443/14/443
f 507/16/507 474/15/474 475/15/475
f 539/17/539 506/16/506 507/16/507
f 571/18/571 538/17/538 539/17/539
f 603/19/603 570/18/570 571/18/571
f 635/20/635 602/19/602 603/19/603
f 667/21/667 634/20/634 635/20/635
f 699/22/699 666/21/666 667/21/667
f 731/23/731 698/22/698 699/22/699
f 763/24/763 730/23/730 731/23/731
f 795/25/795 762/24/762 763/24/763
f 827/26/827 794/25/794 795/25/795
f 859/27/859 826/26/826 827/26/827
f 891/28/891 858/27/858 859/27/859
f 923/29/923 890/28/890 891/28/891
f 955/30/955 922/29/922 923/29/923
f 987/31/987 954/30/954 955/30/955
f 1019/32/1019 986/31/986 987/31/987
f 1051/33/1051 1018/32/1018 1019/32/1019
f 1083/34/1083 1050/33/1050 1051/33/1051
f 1115/35/1115 1082/34/1082 1083/34/1083
f 1147/36/1147 1114/35/1114 1115/35/1115
f 1179/37/1179 1146/36/1146 1147/36/1147
f 1211/38/1211 1178/37/1178 1179/37/1179
f 1243/39/1241 1210/38/1210 1211/38/1211
f 1275/40/1271 1242/39/1240 1243/39/1241
f 1307/41/1301 1274/40/1270 1275/40/1271
f 1339/42/1332 1306/41/1300 1307/41/1301
f 1371/43/1362 1338/42/1331 1339/42/1332
f 1403/44/1392 1370/43/1361 1371/43/1362
f 1435/45/1422 1402/44/1391 1403/44/1392
f 1467/46/1452 1434/45/1421 1435/45/1422
f 1499/47/1483 1466/46/1451 1467/46/1452
f 1531/48/1513 1498/47/1482 1499/47/1483
f 1563/49/1543 1530/48/1512 1531/48/1513
f 1595/50/1573 1562/49/1542 1563/49/1543
f 1627/51/1603 1594/50/1572 1595/50/1573
f 1659/52/1633 1626/51/1602 1627/51/1603
f 1691/53/1663 1658/52/1632 1659/52/1633
f 1723/54/1694 1690/53/1662 1691/53/1663
f 1755/55/1724 1722/54/1693 1723/54/1694
f 1787/56/1754 1754/55/1723 1755/55/1724
f 1819/57/1784 1786/56/1753 1787/56/1754
f 1851/58/1814 1818/57/1783 1819/57/1784
f 1883/59/1846 1850/58/1813 1851/58/1814
f 1915/60/1876 1882/59/1845 1883/59/1846
f 1947/61/1907 1914/60/1875 1915/60/1876
f 1979/62/1937 1946/61/1906 1947/61/1907
f 2011/63/1967 1978/62/1936 1979/62/1937
f 60/2/60 27/1/27 28/1/28
f 92/3/92 59/2/59 60/2/60
f 124/4/124 91/3/91 92/3/92
f 156/5/156 123/4/123 124/4/124
f 188/6/188 155/5/155 156/5/156
f 220/7/220 187/6/187 188/6/188
f 252/8/252 219/7/219 220/7/220
f 284/9/284 251/8/251 252/8/252
f 316/10/316 283/9/283 284/9/284
f 348/11/348 315/10/315 316/10/316
f 380/12/380 347/11/347 348/11/348
f 412/13/412 379/12/379 380/12/380
f 444/14/444 411/13/411 412/13/412
f 476/15/476 443/14/443 444/14/444
f 508/16/508 475/15/475 476/15/476
f 540/17/540 507/16/507 508/16/508
f 572/18/572 539/17/539 540/17/540
f 604/19/604 571/18/571 572/18/572
f 636/20/636 603/19/603 604/19/604
f 668/21/668 635/20/635 636/20/636
f 700/22/700 667/21/667 668/21/668
f 732/23/732 699/22/699 700/22/700
f 764/24/764 731/23/731 732/23/732
f 796/25/796 763/24/763 764/24/764
f 828/26/828 795/25/795 796/25/796
f 860/27/860 827/26/827 828/26/828
f 892/28/892 859/27/859 860/27/860
f 924/29/924 891/28/891 892/28/892
f 956/30/956 923/29/923 924/29/924
f 988/31/988 955/30/955 956/30/956
f 1020/32/1020 987/31/987 988/31/988
f 1052/33/1052 1019/32/1019 1020/32/1020
f 1084/34/1084 1051/33/1051 1052/33/1052
f 1116/35/1116 1083/34/1083 1084/34/1084
f 1148/36/1148 1115/35/1115 1116/35/1116
f 1180/37/1180 1147/36/1147 1148/36/1148
f 1212/38/1212 1179/37/1179 1180/37/1180
f 1244/39/1242 1211/38/1211 1212/38/1212
f 1276/40/1272 1243/39/1241 1244/39/1242
f 1308/41/1302 1275/40/1271 1276/40/1272
f 1340/42/1333 1307/41/1301 1308/41/1302
f 1372/43/1363 1339/42/1332 1340/42/1333
f 1404/44/1393 1371/43/1362 1372/43/1363
f 1436/45/1423 1403/44/1392 1404/44/1393
f 1468/46/1453 1435/45/1422 1436/45/1423
f 1500/47/1484 1467/46/1452 1468/46/1453
f 1532/48/1514 1499/47/1483 1500/47/1484
f 1564/49/1544 1531/48/1513 1532/48/1514
f 1596/50/1574 1563/49/1543 1564/49/1544
f 1628/51/1604 1595/50/1573 1596/50/1574
f 1660/52/1634 1627/51/1603 1628/51/1604
f 1692/53/1664 1659/52/1633 1660/52/1634
f 1724/54/1695 1691/53/1663 1692/53/1664
f 1756/55/1725 1723/54/1694 1724/54/1695
f 1788/56/1755 1755/55/1724 1756/55/1725
f 1820/57/1785 1787/56/1754 1788/56/1755
f 1852/58/1815 1819/57/1784 1820/57/1785
f 1884/59/1847 1851/58/1814 1852/58/1815
f 1916/60/1877 1883/59/1846 1884/59/1847
f 1948/61/1908 1915/60/1876 1916/60/1877
f 1980/62/1938 1947/61/1907 1948/61/1908
f 2012/63/1968 1979/62/1937 1980/62/1938
f 61/2/61 28/1/28 29/1/29
f 93/3/93 60/2/60 61/2/61
f 125/4/125 92/3/92 93/3/93
f 157/5/157 124/4/124 125/4/125
f 189/6/189 156/5/156 157/5/157
f 221/7/221 188/6/188 189/6/189
f 253/8/253 220/7/220 221/7/221
f 285/9/285 252/8/252 253/8/253
f 317/10/317 284/9/284 285/9/285
f 349/11/349 316/10/316 317/10/317
f 381/12/381 348/11/348 349/11/349
f 413/13/413 380/12/380 381/12/381
f 445/14/445 412/13/412 413/13/413
f 477/15/477 444/14/444 445/14/445
f 509/16/509 476/15/476 477/15/477
f 541/17/541 508/16/508 509/16/509
f 573/18/573 540/17/540 541/17/541
f 605/19/605 572/18/572 573/18/573
f 637/20/637 604/19/604 605/19/605
f 669/21/669 636/20/636 637/20/637
f 701/22/701 668/21/668 669/21/669
f 733/23/733 700/22/700 701/22/701
f 765/24/765 732/23/732 733/23/733
f 797/25/797 764/24/764 765/24/765
f 829/26/829 796/25/796 797/25/797
f 861/27/861 828/26/828 829/26/829
f 893/28/893 860/27/860 861/27/861
f 925/29/925 892/28/892 893/28/893
f 957/30/957 924/29/924 925/29/925
f 989/31/989 956/30/956 957/30/957
f 1021/32/1021 988/31/988 989/31/989
f 1053/33/1053 1020/32/1020 1021/32/1021
f 1085/34/1085 1052/33/1052 1053/33/1053
f 1117/35/1117 1084/34/1084 1085/34/1085
f 1149/36/1149 1116/35/1116 1117/35/1117
f 1181/37/1181 1148/36/1148 1149/36/1149
f 1213/38/1213 1180/37/1180 1181/37/1181
f 1245/39/1243 1212/38/1212 1213/38/1213
f 1277/40/1273 1244/39/1242 1245/39/1243
f 1309/41/1303 1276/40/1272 1277/40/1273
f 1341/42/1334 1308/41/1302 1309/41/1303
f 1373/43/1364 1340/42/1333 1341/42/1334
f 1405/44/1394 1372/43/1363 1373/43/1364
f 1437/45/1424 1404/44/1393 1405/44/1394
f 1469/46/1454 1436/45/1423 1437/45/1424
f 1501/47/1485 1468/46/1453 1469/46/1454
f 1533/48/1515 1500/47/1484 1501/47/1485
f 1565/49/1545 1532/48/1514 1533/48/1515
f 1597/50/1575 1564/49/1544 1565/49/1545
f 1629/51/1605 1596/50/1574 1597/50/1575
f 1661/52/1635 1628/51/1604 1629/51/1605
f 1693/53/1665 1660/52/1634 1661/52/1635
f 1725/54/1696 1692/53/1664 1693/53/1665
f 1757/55/1726 1724/54/1695 1725/54/1696
f 1789/56/1756 1756/55/1725 1757/55/1726
f 1821/57/1786 1788/56/1755 1789/56/1756
f 1853/58/1816 1820/57/1785 1821/57/1786
f 1885/59/1848 1852/58/1815 1853/58/1816
f 1917/60/1878 1884/59/1847 1885/59/1848
f 1949/61/1909 1916/60/1877 1917/60/1878
f 1981/62/1939 1948/61/1908 1949/61/1909
f 2013/63/1969 1980/62/1938 1981/62/1939
f 62/2/62 29/1/29 30/1/30
f 94/3/94 61/2/61 62/2/62
f 126/4/126 93/3/93 94/3/94
f 158/5/158 125/4/125 126/4/126
f 190/6/190 157/5/157 158/5/158
f 222/7/222 189/6/189 190/6/190
f 254/8/254 221/7/221 222/7/222
f 286/9/286 253/8/253 254/8/254
f 318/10/318 285/9/285 286/9/286
f 350/11/350 317/10/317 318/10/318
f 382/12/382 349/11/349 350/11/350
f 414/13/414 381/12/381 382/12/382
f 446/14/446 413/13/413 414/13/414
f 478/15/478 445/14/445 446/14/446
f 510/16/510 477/15/477 478/15/478
f 542/17/542 509/16/509 510/16/510
f 574/18/574 541/17/541 542/17/542
f 606/19/606 573/18/573 574/18/574
f 638/20/638 605/19/605 606/19/606
f 670/21/670 637/20/637 638/20/638
f 702/22/702 669/21/669 670/21/670
f 734/23/734 701/22/701 702/22/702
f 766/24/766 733/23/733 734/23/734
f 798/25/798 765/24/765 766/24/766
f 830/26/830 797/25/797 798/25/798
f 862/27/862 829/26/829 830/26/830
f 894/28/894 861/27/861 862/27/862
f 926/29/926 893/28/893 894/28/894
f 958/30/958 925/29/925 926/29/926
f 990/31/990 957/30/957 958/30/958
f 1022/32/1022 989/31/989 990/31/990
f 1054/33/1054 1021/32/1021 1022/32/1022
f 1086/34/1086 1053/33/1053 1054/33/1054
f 1118/35/1118 1085/34/1085 1086/34/1086
f 1150/36/1150 1117/35/1117 1118/35/1118
f 1182/37/1182 1149/36/1149 1150/36/1150
f 1214/38/1214 1181/37/1181 1182/37/1182
f 1246/39/1244 1213/38/1213 1214/38/1214
f 1278/40/1274 1245/39/1243 1246/39/1244
f 1310/41/1304 1277/40/1273 1278/40/1274
f 1342/42/1335 1309/41/1303 1310/41/1304
f 1374/43/1365 1341/42/1334 1342/42/1335
f 1406/44/1395 1373/43/1364 1374/43/1365
f 1438/45/1425 1405/44/1394 1406/44/1395
f 1470/46/1455 1437/45/1424 1438/45/1425
f 1502/47/1486 1469/46/1454 1470/46/1455
f 1534/48/1516 1501/47/1485 1502/47/1486
f 1566/49/1546 1533/48/1515 1534/48/1516
f 1598/50/1576 1565/49/1545 1566/49/1546
f 1630/51/1606 1597/50/1575 1598/50/1576
f 1662/52/1636 1629/51/1605 1630/51/1606
f 1694/53/1666 1661/52/1635 1662/52/1636
f 1726/54/1697 1693/53/1665 1694/53/1666
f 1758/55/1727 1725/54/1696 1726/54/1697
f 1790/56/1757 1757/55/1726 1758/55/1727
f 1822/57/1787 1789/56/1756 1790/56/1757
f 1854/58/1817 1821/57/1786 1822/57/1787
f 1886/59/1849 1853/58/1816 1854/58/1817
f 1918/60/1879 1885/59/1848 1886/59/1849
f 1950/61/1910 1917/60/1878 1918/60/1879
f 1982/62/1940 1949/61/1909 1950/61/1910
f 2014/63/1970 1981/62/1939 1982/62/1940
f 63/2/63 30/1/30 31/1/31
f 95/3/95 62/2/62 63/2/63
f 127/4/127 94/3/94 95/3/95
f 159/5/159 126/4/126 127/4/127
f 191/6/191 158/5/158 159/5/159
f 223/7/223 190/6/190 191/6/191
f 255/8/255 222/7/222 223/7/223
f 287/9/287 254/8/254 255/8/255
f 319/10/319 286/9/286 287/9/287
f 351/11/351 318/10/318 319/10/319
f 383/12/383 350/11/350 351/11/351
f 415/13/415 382/12/382 383/12/383
f 447/14/447 414/13/414 415/13/415
f 479/15/479 446/14/446 447/14/447
f 511/16/511 478/15/478 479/15/479
f 543/17/543 510/16/510 511/16/511
f 575/18/575 542/17/542 543/17/543
f 607/19/607 574/18/574 575/18/575
f 639/20/639 606/19/606 607/19/607
f 671/21/671 638/20/638 639/20/639
f 703/22/703 670/21/670 671/21/671
f 735/23/735 702/22/702 703/22/703
f 767/24/767 734/23/734 735/23/735
f 799/25/799 766/24/766 767/24/767
f 831/26/831 798/25/798 799/25/799
f 863/27/863 830/26/830 831/26/831
f 895/28/895 862/27/862 863/27/863
f 927/29/927 894/28/894 895/28/895
f 959/30/959 926/29/926 927/29/927
f 991/31/991 958/30/958 959/30/959
f 1023/32/1023 990/31/990 991/31/991
f 1055/33/1055 1022/32/1022 1023/32/1023
f 1087/34/1087 1054/33/1054 1055/33/1055
f 1119/35/1119 1086/34/1086 1087/34/1087
f 1151/36/1151 1118/35/1118 1119/35/1119
f 1183/37/1183 1150/36/1150 1151/36/1151
f 1215/38/1215 1182/37/1182 1183/37/1183
f 1247/39/1245 1214/38/1214 1215/38/1215
f 1279/40/1275 1246/39/1244 1247/39/1245
f 1311/41/1305 1278/40/1274 1279/40/1275
f 1343/42/1336 1310/41/1304 1311/41/1305
f 1375/43/1366 1342/42/1335 1343/42/1336
f 1407/44/1396 1374/43/1365 1375/43/1366
f 1439/45/1426 1406/44/1395 1407/44/1396
f 1471/46/1456 1438/45/1425 1439/45/1426
f 1503/47/1487 1470/46/1455 1471/46/1456
f 1535/48/1517 1502/47/1486 1503/47/1487
f 1567/49/1547 1534/48/1516 1535/48/1517
f 1599/50/1577 1566/49/1546 1567/49/1547
f 1631/51/1607 1598/50/1576 1599/50/1577
f 1663/52/1637 1630/51/1606 1631/51/1607
f 1695/53/1667 1662/52/1636 1663/52/1637
f 1727/54/1698 1694/53/1666 1695/53/1667
f 1759/55/1728 1726/54/1697 1727/54/1698
f 1791/56/1758 1758/55/1727 1759/55/1728
f 1823/57/1788 1790/56/1757 1791/56/1758
f 1855/58/1818 1822/57/1787 1823/57/1788
f 1887/59/1850 1854/58/1817 1855/58/1818
f 1919/60/1880 1886/59/1849 1887/59/1850
f 1951/61/1911 1918/60/1879 1919/60/1880
f 1983/62/1941 1950/61/1910 1951/61/1911
f 2015/63/1971 1982/62/1940 1983/62/1941
f 64/2/64 31/1/31 32/1/32
f 96/3/96 63/2/63 64/2/64
f 128/4/128 95/3/95 96/3/96
f 160/5/160 127/4/127 128/4/128
f 192/6/192 159/5/159 160/5/160
f 224/7/224 191/6/191 192/6/192
f 256/8/256 223/7/223 224/7/224
f 288/9/288 255/8/255 256/8/256
f 320/10/320 287/9/287 288/9/288
f 352/11/352 319/10/319 320/10/320
f 384/12/384 351/11/351 352/11/352
f 416/13/416 383/12/383 384/12/384
f 448/14/448 415/13/415 416/13/416
f 480/15/480 447/14/447 448/14/448
f 512/16/512 479/15/479 480/15/480
f 544/17/544 511/16/511 512/16/512
f 576/18/576 543/17/543 544/17/544
f 608/19/608 575/18/575 576/18/576
f 640/20/640 607/19/607 608/19/608
f 672/21/672 639/20/639 640/20/640
f 704/22/704 671/21/671 672/21/672
f 736/23/736 703/22/703 704/22/704
f 768/24/768 735/23/735 736/23/736
f 800/25/800 767/24/767 768/24/768
f 832/26/832 799/25/799 800/25/800
f 864/27/864 831/26/831 832/26/832
f 896/28/896 863/27/863 864/27/864
f 928/29/928 895/28/895 896/28/896
f 960/30/960 927/29/927 928/29/928
f 992/31/992 959/30/959 960/30/960
f 1024/32/1024 991/31/991 992/31/992
f 1056/33/1056 1023/32/1023 1024/32/1024
f 1088/34/1088 1055/33/1055 1056/33/1056
f 1120/35/1120 1087/34/1087 1088/34/1088
f 1152/36/1152 1119/35/1119 1120/35/1120
f 1184/37/1184 1151/36/1151 1152/36/1152
f 1216/38/1216 1183/37/1183 1184/37/1184
f 1248/39/1246 1215/38/1215 1216/38/1216
f 1280/40/1276 1247/39/1245 1248/39/1246
f 1312/41/1306 1279/40/1275 1280/40/1276
f 1344/42/1337 1311/41/1305 1312/41/1306
f 1376/43/1367 1343/42/1336 1344/42/1337
f 1408/44/1397 1375/43/1366 1376/43/1367
f 1440/45/1427 1407/44/1396 1408/44/1397
f 1472/46/1457 1439/45/1426 1440/45/1427
f 1504/47/1488 1471/46/1456 1472/46/1457
f 1536/48/1518 1503/47/1487 1504/47/1488
f 1568/49/1548 1535/48/1517 1536/48/1518
f 1600/50/1578 1567/49/1547 1568/49/1548
f 1632/51/1608 1599/50/1577 1600/50/1578
f 1664/52/1638 1631/51/1607 1632/51/1608
f 1696/53/1668 1663/52/1637 1664/52/1638
f 1728/54/1699 1695/53/1667 1696/53/1668
f 1760/55/1729 1727/54/1698 1728/54/1699
f 1792/56/1759 1759/55/1728 1760/55/1729
f 1824/57/1789 1791/56/1758 1792/56/1759
f 1856/58/1819 1823/57/1788 1824/57/1789
f 1888/59/1851 1855/58/1818 1856/58/1819
f 1920/60/1881 1887/59/1850 1888/59/1851
f 1952/61/1912 1919/60/1880 1920/60/1881
f 1984/62/1942 1951/61/1911 1952/61/1912
f 2016/63/1972 1983/62/1941 1984/62/1942
f 33/2/33 32/1/32 1/1/1
f 65/3/65 64/2/64 33/2/33
f 97/4/97 96/3/96 65/3/65
f 129/5/129 128/4/128 97/4/97
f 161/6/161 160/5/160 129/5/129
f 193/7/193 192/6/192 161/6/161
f 225/8/225 224/7/224 193/7/193
f 257/9/257 256/8/256 225/8/225
f 289/10/289 288/9/288 257/9/257
f 321/11/321 320/10/320 289/10/289
f 353/12/353 352/11/352 321/11/321
f 385/13/385 384/12/384 353/12/353
f 417/14/417 416/13/416 385/13/385
f 449/15/449 448/14/448 417/14/417
f 481/16/481 480/15/480 449/15/449
f 513/17/513 512/16/512 481/16/481
f 545/18/545 544/17/544 513/17/513
f 577/19/577 576/18/576 545/18/545
f 609/20/609 608/19/608 577/19/577
f 641/21/641 640/20/640 609/20/609
f 673/22/673 672/21/672 641/21/641
f 705/23/705 704/22/704 673/22/673
f 737/24/737 736/23/736 705/23/705
f 769/25/769 768/24/768 737/24/737
f 801/26/801 800/25/800 769/25/769
f 833/27/833 832/26/832 801/26/801
f 865/28/865 864/27/864 833/27/833
f 897/29/897 896/28/896 865/28/865
f 929/30/929 928/29/928 897/29/897
f 961/31/961 960/30/960 929/30/929
f 993/32/993 992/31/992 961/31/961
f 1025/33/1025 1024/32/1024 993/32/993
f 1057/34/1057 1056/33/1056 1025/33/1025
f 1089/35/1089 1088/34/1088 1057/34/1057
f 1121/36/1121 1120/35/1120 1089/35/1089
f 1153/37/1153 1152/36/1152 1121/36/1121
f 1185/38/1185 1184/37/1184 1153/37/1153
f 1217/39/1217 1216/38/1216 1185/38/1185
f 1249/40/1247 1248/39/1246 1217/39/1217
f 1281/41/1277 1280/40/1276 1249/40/1247
f 1313/42/1307 1312/41/1306 1281/41/1277
f 1345/43/1338 1344/42/1337 1313/42/1307
f 1377/44/1368 1376/43/1367 1345/43/1338
f 1409/45/1398 1408/44/1397 1377/44/1368
f 1441/46/1428 1440/45/1427 1409/45/1398
f 1473/47/1458 1472/46/1457 1441/46/1428
f 1505/48/1489 1504/47/1488 1473/47/1458
f 1537/49/1519 1536/48/1518 1505/48/1489
f 1569/50/1549 1568/49/1548 1537/49/1519
f 1601/51/1579 1600/50/1578 1569/50/1549
f 1633/52/1609 1632/51/1608 1601/51/1579
f 1665/53/1639 1664/52/1638 1633/52/1609
f 1697/54/1669 1696/53/1668 1665/53/1639
f 1729/55/1700 1728/54/1699 1697/54/1669
f 1761/56/1730 1760/55/1729 1729/55/1700
f 1793/57/1760 1792/56/1759 1761/56/1730
f 1825/58/1790 1824/57/1789 1793/57/1760
f 1857/59/1820 1856/58/1819 1825/58/1790
f 1889/60/1852 1888/59/1851 1857/59/1820
f 1921/61/1882 1920/60/1881 1889/60/1852
f 1953/62/1913 1952/61/1912 1921/61/1882
f 1985/63/1943 1984/62/1942 1953/62/1913
f 19/1/19 11/1/11 3/1/3
f 2/1/2 34/2/34 33/2/33
f 34/2/34 66/3/66 65/3/65
f 66/3/66 98/4/98 97/4/97
f 98/4/98 130/5/130 129/5/129
f 130/5/130 162/6/162 161/6/161
f 162/6/162 194/7/194 193/7/193
f 194/7/194 226/8/226 225/8/225
f 226/8/226 258/9/258 257/9/257
f 258/9/258 290/10/290 289/10/289
f 290/10/290 322/11/322 321/11/321
f 322/11/322 354/12/354 353/12/353
f 354/12/354 386/13/386 385/13/385
f 386/13/386 418/14/418 417/14/417
f 418/14/418 450/15/450 449/15/449
f 450/15/450 482/16/482 481/16/481
f 482/16/482 514/17/514 513/17/513
f 514/17/514 546/18/546 545/18/545
f 546/18/546 578/19/578 577/19/577
f 578/19/578 610/20/610 609/20/609
f 610/20/610 642/21/642 641/21/641
f 642/21/642 674/22/674 673/22/673
f 674/22/674 706/23/706 705/23/705
f 706/23/706 738/24/738 737/24/737
f 738/24/738 770/25/770 769/25/769
f 770/25/770 802/26/802 801/26/801
f 802/26/802 834/27/834 833/27/833
f 834/27/834 866/28/866 865/28/865
f 866/28/866 898/29/898 897/29/897
f 898/29/898 930/30/930 929/30/929
f 930/30/930 962/31/962 961/31/961
f 962/31/962 994/32/994 993/32/993
f 994/32/994 1026/33/1026 1025/33/1025
f 1026/33/1026 1058/34/1058 1057/34/1057
f 1058/34/1058 1090/35/1090 1089/35/1089
f 1090/35/1090 1122/36/1122 1121/36/1121
f 1122/36/1122 1154/37/1154 1153/37/1153
f 1154/37/1154 1186/38/1186 1185/38/1185
f 1186/38/1186 1218/39/1218 1217/39/1217
f 1218/39/1218 1250/40/1248 1249/40/1247
f 1250/40/1248 1282/41/1278 1281/41/1277
f 1282/41/1278 1314/42/1308 1313/42/1307
f 1314/42/1308 1346/43/1339 1345/43/1338
f 1346/43/1339 1378/44/1369 1377/44/1368
f 1378/44/1369 1410/45/1399 1409/45/1398
f 1410/45/1399 1442/46/1429 1441/46/1428
f 1442/46/1429 1474/47/1459 1473/47/1458
f 1474/47/1459 1506/48/1490 1505/48/1489
f 1506/48/1490 1538/49/1520 1537/49/1519
f 1538/49/1520 1570/50/1550 1569/50/1549
f 1570/50/1550 1602/51/1580 1601/51/1579
f 1602/51/1580 1634/52/1610 1633/52/1609
f 1634/52/1610 1666/53/1640 1665/53/1639
f 1666/53/1640 1698/54/1670 1697/54/1669
f 1698/54/1670 1730/55/1701 1729/55/1700
f 1730/55/1701 1762/56/1731 1761/56/1730
f 1762/56/1731 1794/57/1761 1793/57/1760
f 1794/57/1761 1826/58/1791 1825/58/1790
f 1826/58/1791 1858/59/1821 1857/59/1820
f 1858/59/1821 1890/60/1853 1889/60/1852
f 1890/60/1853 1922/61/1883 1921/61/1882
f 1922/61/1883 1954/62/1914 1953/62/1913
f 1954/62/1914 1986/63/1944 1985/63/1943
f 3/1/3 35/2/35 34/2/34
f 35/2/35 67/3/67 66/3/66
f 67/3/67 99/4/99 98/4/98
f 99/4/99 131/5/131 130/5/130
f 131/5/131 163/6/163 162/6/162
f 163/6/163 195/7/195 194/7/194
f 195/7/195 227/8/227 226/8/226
f 227/8/227 259/9/259 258/9/258
f 259/9/259 291/10/291 290/10/290
f 291/10/291 323/11/323 322/11/322
f 323/11/323 355/12/355 354/12/354
f 355/12/355 387/13/387 386/13/386
f 387/13/387 419/14/419 418/14/418
f 419/14/419 451/15/451 450/15/450
f 451/15/451 483/16/483 482/16/482
f 483/16/483 515/17/515 514/17/514
f 515/17/515 547/18/547 546/18/546
f 547/18/547 579/19/579 578/19/578
f 579/19/579 611/20/611 610/20/610
f 611/20/611 643/21/643 642/21/642
f 643/21/643 675/22/675 674/22/674
f 675/22/675 707/23/707 706/23/706
f 707/23/707 739/24/739 738/24/738
f 739/24/739 771/25/771 770/25/770
f 771/25/771 803/26/803 802/26/802
f 803/26/803 835/27/835 834/27/834
f 835/27/835 867/28/867 866/28/866
f 867/28/867 899/29/899 898/29/898
f 899/29/899 931/30/931 930/30/930
f 931/30/931 963/31/963 962/31/962
f 963/31/963 995/32/995 994/32/994
f 995/32/995 1027/33/1027 1026/33/1026
f 1027/33/1027 1059/34/1059 1058/34/1058
f 1059/34/1059 1091/35/1091 1090/35/1090
f 1091/35/1091 1123/36/1123 1122/36/1122
f 1123/36/1123 1155/37/1155 1154/37/1154
f 1155/37/1155 1187/38/1187 1186/38/1186
f 1187/38/1187 1219/39/1219 1218/39/1218
f 1219/39/1219 1251/40/1249 1250/40/1248
f 1251/40/1249 1283/41/1279 1282/41/1278
f 1283/41/1279 1315/42/1309 1314/42/1308
f 1315/42/1309 1347/43/1340 1346/43/1339
f 1347/43/1340 1379/44/1370 1378/44/1369
f 1379/44/1370 1411/45/1400 1410/45/1399
f 1411/45/1400 1443/46/1430 1442/46/1429
f 1443/46/1430 1475/47/1460 1474/47/1459
f 1475/47/1460 1507/48/1491 1506/48/1490
f 1507/48/1491 1539/49/1521 1538/49/1520
f 1539/49/1521 1571/50/1551 1570/50/1550
f 1571/50/1551 1603/51/1581 1602/51/1580
f 1603/51/1581 1635/52/1611 1634/52/1610
f 1635/52/1611 1667/53/1641 1666/53/1640
f 1667/53/1641 1699/54/1671 1698/54/1670
f 1699/54/1671 1731/55/1702 1730/55/1701
f 1731/55/1702 1763/56/1732 1762/56/1731
f 1763/56/1732 1795/57/1762 1794/57/1761
f 1795/57/1762 1827/58/1792 1826/58/1791
f 1827/58/1792 1859/59/1822 1858/59/1821
f 1859/59/1822 1891/60/1854 1890/60/1853
f 1891/60/1854 1923/61/1884 1922/61/1883
f 1923/61/1884 1955/62/1915 1954/62/1914
f 1955/62/1915 1987/63/1945 1986/63/1944
f 4/1/4 36/2/36 35/2/35
f 36/2/36 68/3/68 67/3/67
f 68/3/68 100/4/100 99/4/99
f 100/4/100 132/5/132 131/5/131
f 132/5/132 164/6/164 163/6/163
f 164/6/164 196/7/196 195/7/195
f 196/7/196 228/8/228 227/8/227
f 228/8/228 260/9/260 259/9/259
f 260/9/260 292/10/292 291/10/291
f 292/10/292 324/11/324 323/11/323
f 324/11/324 356/12/356 355/12/355
f 356/12/356 388/13/388 387/13/387
f 388/13/388 420/14/420 419/14/419
f 420/14/420 452/15/452 451/15/451
f 452/15/452 484/16/484 483/16/483
f 484/16/484 516/17/516 515/17/515
f 516/17/516 548/18/548 547/18/547
f 548/18/548 580/19/580 579/19/579
f 580/19/580 612/20/612 611/20/611
f 612/20/612 644/21/644 643/21/643
f 644/21/644 676/22/676 675/22/675
f 676/22/676 708/23/708 707/23/707
f 708/23/708 740/24/740 739/24/739
f 740/24/740 772/25/772 771/25/771
f 772/25/772 804/26/804 803/26/803
f 804/26/804 836/27/836 835/27/835
f 836/27/836 868/28/868 867/28/867
f 868/28/868 900/29/900 899/29/899
f 900/29/900 932/30/932 931/30/931
f 932/30/932 964/31/964 963/31/963
f 964/31/964 996/32/996 995/32/995
f 996/32/996 1028/33/1028 1027/33/1027
f 1028/33/1028 1060/34/1060 1059/34/1059
f 1060/34/1060 1092/35/1092 1091/35/1091
f 1092/35/1092 1124/36/1124 1123/36/1123
f 1124/36/1124 1156/37/1156 1155/37/1155
f 1156/37/1156 1188/38/1188 1187/38/1187
f 1188/38/1188 1220/39/1220 1219/39/1219
f 1220/39/1220 1252/40/1250 1251/40/1249
f 1252/40/1250 1284/41/1280 1283/41/1279
f 1284/41/1280 1316/42/1310 1315/42/1309
f 1316/42/1310 1348/43/1341 1347/43/1340
f 1348/43/1341 1380/44/1371 1379/44/1370
f 1380/44/1371 1412/45/1401 1411/45/1400
f 1412/45/1401 1444/46/1431 1443/46/1430
f 1444/46/1431 1476/47/1461 1475/47/1460
f 1476/47/1461 1508/48/1492 1507/48/1491
f 1508/48/1492 1540/49/1522 1539/49/1521
f 1540/49/1522 1572/50/1552 1571/50/1551
f 1572/50/1552 1604/51/1582 1603/51/1581
f 1604/51/1582 1636/52/1612 1635/52/1611
f 1636/52/1612 1668/53/1642 1667/53/1641
f 1668/53/1642 1700/54/1672 1699/54/1671
f 1700/54/1672 1732/55/1703 1731/55/1702
f 1732/55/1703 1764/56/1733 1763/56/1732
f 1764/56/1733 1796/57/1763 1795/57/1762
f 1796/57/1763 1828/58/1793 1827/58/1792
f 1828/58/1793 1860/59/1823 1859/59/1822
f 1860/59/1823 1892/60/1855 1891/60/1854
f 1892/60/1855 1924/61/1885 1923/61/1884
f 1924/61/1885 1956/62/1916 1955/62/1915
f 1956/62/1916 1988/63/1946 1987/63/1945
f 5/1/5 37/2/37 36/2/36
f 37/2/37 69/3/69 68/3/68
f 69/3/69 101/4/101 100/4/100
f 101/4/101 133/5/133 132/5/132
f 133/5/133 165/6/165 164/6/164
f 165/6/165 197/7/197 196/7/196
f 197/7/197 229/8/229 228/8/228
f 229/8/229 261/9/261 260/9/260
f 261/9/261 293/10/293 292/10/292
f 293/10/293 325/11/325 324/11/324
f 325/11/325 357/12/357 356/12/356
f 357/12/357 389/13/389 388/13/388
f 389/13/389 421/14/421 420/14/420
f 421/14/421 453/15/453 452/15/452
f 453/15/453 485/16/485 484/16/484
f 485/16/485 517/17/517 516/17/516
f 517/17/517 549/18/549 548/18/548
f 549/18/549 581/19/581 580/19/580
f 581/19/581 613/20/613 612/20/612
f 613/20/613 645/21/645 644/21/644
f 645/21/645 677/22/677 676/22/676
f 677/22/677 709/23/709 708/23/708
f 709/23/709 741/24/741 740/24/740
f 741/24/741 773/25/773 772/25/772
f 773/25/773 805/26/805 804/26/804
f 805/26/805 837/27/837 836/27/836
f 837/27/837 869/28/869 868/28/868
f 869/28/869 901/29/901 900/29/900
f 901/29/901 933/30/933 932/30/932
f 933/30/933 965/31/965 964/31/964
f 965/31/965 997/32/997 996/32/996
f 997/32/997 1029/33/1029 1028/33/1028
f 1029/33/1029 1061/34/1061 1060/34/1060
f 1061/34/1061 1093/35/1093 1092/35/1092
f 1093/35/1093 1125/36/1125 1124/36/1124
f 1125/36/1125 1157/37/1157 1156/37/1156
f 1157/37/1157 1189/38/1189 1188/38/1188
f 1189/38/1189 1221/39/1221 1220/39/1220
f 1221/39/1221 1253/40/1251 1252/40/1250
f 1253/40/1251 1285/41/1281 1284/41/1280
f 1285/41/1281 1317/42/1311 1316/42/1310
f 1317/42/1311 1349/43/1342 1348/43/1341
f 1349/43/1342 1381/44/1372 1380/44/1371
f 1381/44/1372 1413/45/1402 1412/45/1401
f 1413/45/1402 1445/46/1432 1444/46/1431
f 1445/46/1432 1477/47/1462 1476/47/1461
f 1477/47/1462 1509/48/1493 1508/48/1492
f 1509/48/1493 1541/49/1523 1540/49/1522
f 1541/49/1523 1573/50/1553 1572/50/1552
f 1573/50/1553 1605/51/1583 1604/51/1582
f 1605/51/1583 1637/52/1613 1636/52/1612
f 1637/52/1613 1669/53/1643 1668/53/1642
f 1669/53/1643 1701/54/1673 1700/54/1672
f 1701/54/1673 1733/55/1704 1732/55/1703
f 1733/55/1704 1765/56/1734 1764/56/1733
f 1765/56/1734 1797/57/1764 1796/57/1763
f 1797/57/1764 1829/58/1794 1828/58/1793
f 1829/58/1794 1861/59/1824 1860/59/1823
f 1861/59/1824 1893/60/1856 1892/60/1855
f 1893/60/1856 1925/61/1886 1924/61/1885
f 1925/61/1886 1957/62/1917 1956/62/1916
f 1957/62/1917 1989/63/1947 1988/63/1946
f 6/1/6 38/2/38 37/2/37
f 38/2/38 70/3/70 69/3/69
f 70/3/70 102/4/102 101/4/101
f 102/4/102 134/5/134 133/5/133
f 134/5/134 166/6/166 165/6/165
f 166/6/166 198/7/198 197/7/197
f 198/7/198 230/8/230 229/8/229
f 230/8/230 262/9/262 261/9/261
f 262/9/262 294/10/294 293/10/293
f 294/10/294 326/11/326 325/11/325
f 326/11/326 358/12/358 357/12/357
f 358/12/358 390/13/390 389/13/389
f 390/13/390 422/14/422 421/14/421
f 422/14/422 454/15/454 453/15/453
f 454/15/454 486/16/486 485/16/485
f 486/16/486 518/17/518 517/17/517
f 518/17/518 550/18/550 549/18/549
f 550/18/550 582/19/582 581/19/581
f 582/19/582 614/20/614 613/20/613
f 614/20/614 646/21/646 645/21/645
f 646/21/646 678/22/678 677/22/677
f 678/22/678 710/23/710 709/23/709
f 710/23/710 742/24/742 741/24/741
f 742/24/742 774/25/774 773/25/773
f 774/25/774 806/26/806 805/26/805
f 806/26/806 838/27/838 837/27/837
f 838/27/838 870/28/870 869/28/869
f 870/28/870 902/29/902 901/29/901
f 902/29/902 934/30/934 933/30/933
f 934/30/934 966/31/966 965/31/965
f 966/31/966 998/32/998 997/32/997
f 998/32/998 1030/33/1030 1029/33/1029
f 1030/33/1030 1062/34/1062 1061/34/1061
f 1062/34/1062 1094/35/1094 1093/35/1093
f 1094/35/1094 1126/36/1126 1125/36/1125
f 1126/36/1126 1158/37/1158 1157/37/1157
f 1158/37/1158 1190/38/1190 1189/38/1189
f 1190/38/1190 1222/39/1222 1221/39/1221
f 1222/39/1222 1254/40/1252 1253/40/1251
f 1254/40/1252 1286/41/1282 1285/41/1281
f 1286/41/1282 1318/42/1312 1317/42/1311
f 1318/42/1312 1350/43/1343 1349/43/1342
f 1350/43/1343 1382/44/1373 1381/44/1372
f 1382/44/1373 1414/45/1403 1413/45/1402
f 1414/45/1403 1446/46/1433 1445/46/1432
f 1446/46/1433 1478/47/1463 1477/47/1462
f 1478/47/1463 1510/48/1494 1509/48/1493
f 1510/48/1494 1542/49/1524 1541/49/1523
f 1542/49/1524 1574/50/1554 1573/50/1553
f 1574/50/1554 1606/51/1584 1605/51/1583
f 1606/51/1584 1638/52/1614 1637/52/1613
f 1638/52/1614 1670/53/1644 1669/53/1643
f 1670/53/1644 1702/54/1674 1701/54/1673
f 1702/54/1674 1734/55/1705 1733/55/1704
f 1734/55/1705 1766/56/1735 1765/56/1734
f 1766/56/1735 1798/57/1765 1797/57/1764
f 1798/57/1765 1830/58/1795 1829/58/1794
f 1830/58/1795 1862/59/1825 1861/59/1824
f 1862/59/1825 1894/60/1857 1893/60/1856
f 1894/60/1857 1926/61/1887 1925/61/1886
f 1926/61/1887 1958/62/1918 1957/62/1917
f 1958/62/1918 1990/63/1948 1989/63/1947
f 7/1/7 39/2/39 38/2/38
f 39/2/39 71/3/71 70/3/70
f 71/3/71 103/4/103 102/4/102
f 103/4/103 135/5/135 134/5/134
f 135/5/135 167/6/167 166/6/166
f 167/6/167 199/7/199 198/7/198
f 199/7/199 231/8/231 230/8/230
f 231/8/231 263/9/263 262/9/262
f 263/9/263 295/10/295 294/10/294
f 295/10/295 327/11/327 326/11/326
f 327/11/327 359/12/359 358/12/358
f 359/12/359 391/13/391 390/13/390
f 391/13/391 423/14/423 422/14/422
f 423/14/423 455/15/455 454/15/454
f 455/15/455 487/16/487 486/16/486
f 487/16/487 519/17/519 518/17/518
f 519/17/519 551/18/551 550/18/550
f 551/18/551 583/19/583 582/19/582
f 583/19/583 615/20/615 614/20/614
f 615/20/615 647/21/647 646/21/646
f 647/21/647 679/22/679 678/22/678
f 679/22/679 711/23/711 710/23/710
f 711/23/711 743/24/743 742/24/742
f 743/24/743 775/25/775 774/25/774
f 775/25/775 807/26/807 806/26/806
f 807/26/807 839/27/839 838/27/838
f 839/27/839 871/28/871 870/28/870
f 871/28/871 903/29/903 902/29/902
f 903/29/903 935/30/935 934/30/934
f 935/30/935 967/31/967 966/31/966
f 967/31/967 999/32/999 998/32/998
f 999/32/999 1031/33/1031 1030/33/1030
f 1031/33/1031 1063/34/1063 1062/34/1062
f 1063/34/1063 1095/35/1095 1094/35/1094
f 1095/35/1095 1127/36/1127 1126/36/1126
f 1127/36/1127 1159/37/1159 1158/37/1158
f 1159/37/1159 1191/38/1191 1190/38/1190
f 1191/38/1191 1223/39/1223 1222/39/1222
f 1223/39/1223 1255/40/1253 1254/40/1252
f 1255/40/1253 1287/41/1283 1286/41/1282
f 1287/41/1283 1319/42/1313 1318/42/1312
f 1319/42/1313 1351/43/1344 1350/43/1343
f 1351/43/1344 1383/44/1374 1382/44/1373
f 1383/44/1374 1415/45/1404 1414/45/1403
f 1415/45/1404 1447/46/1434 1446/46/1433
f 1447/46/1434 1479/47/1464 1478/47/1463
f 1479/47/1464 1511/48/1495 1510/48/1494
f 1511/48/1495 1543/49/1525 1542/49/1524
f 1543/49/1525 1575/50/1555 1574/50/1554
f 1575/50/1555 1607/51/1585 1606/51/1584
f 1607/51/1585 1639/52/1615 1638/52/1614
f 1639/52/1615 1671/53/1645 1670/53/1644
f 1671/53/1645 1703/54/1675 1702/54/1674
f 1703/54/1675 1735/55/1706 1734/55/1705
f 1735/55/1706 1767/56/1736 1766/56/1735
f 1767/56/1736 1799/57/1766 1798/57/1765
f 1799/57/1766 1831/58/1796 1830/58/1795
f 1831/58/1796 1863/59/1826 1862/59/1825
f 1863/59/1826 1895/60/1858 1894/60/1857
f 1895/60/1858 1927/61/1888 1926/61/1887
f 1927/61/1888 1959/62/1919 1958/62/1918
f 1959/62/1919 1991/63/1949 1990/63/1948
f 8/1/8 40/2/40 39/2/39
f 40/2/40 72/3/72 71/3/71
f 72/3/72 104/4/104 103/4/103
f 104/4/104 136/5/136 135/5/135
f 136/5/136 168/6/168 167/6/167
f 168/6/168 200/7/200 199/7/199
f 200/7/200 232/8/232 231/8/231
f 232/8/232 264/9/264 263/9/263
f 264/9/264 296/10/296 295/10/295
f 296/10/296 328/11/328 327/11/327
f 328/11/328 360/12/360 359/12/359
f 360/12/360 392/13/392 391/13/391
f 392/13/392 424/14/424 423/14/423
f 424/14/424 456/15/456 455/15/455
f 456/15/456 488/16/488 487/16/487
f 488/16/488 520/17/520 519/17/519
f 520/17/520 552/18/552 551/18/551
f 552/18/552 584/19/584 583/19/583
f 584/19/584 616/20/616 615/20/615
f 616/20/616 648/21/648 647/21/647
f 648/21/648 680/22/680 679/22/679
f 680/22/680 712/23/712 711/23/711
f 712/23/712 744/24/744 743/24/743
f 744/24/744 776/25/776 775/25/775
f 776/25/776 808/26/808 807/26/807
f 808/26/808 840/27/840 839/27/839
f 840/27/840 872/28/872 871/28/871
f 872/28/872 904/29/904 903/29/903
f 904/29/904 936/30/936 935/30/935
f 936/30/936 968/31/968 967/31/967
f 968/31/968 1000/32/1000 999/32/999
f 1000/32/1000 1032/33/1032 1031/33/1031
f 1032/33/1032 1064/34/1064 1063/34/1063
f 1064/34/1064 1096/35/1096 1095/35/1095
f 1096/35/1096 1128/36/1128 1127/36/1127
f 1128/36/1128 1160/37/1160 1159/37/1159
f 1160/37/1160 1192/38/1192 1191/38/1191
f 1192/38/1192 1224/39/1224 1223/39/1223
f 1224/39/1224 1256/40/1254 1255/40/1253
f 1256/40/1254 1288/41/1284 1287/41/1283
f 1288/41/1284 1320/42/1314 1319/42/1313
f 1320/42/1314 1352/43/1345 1351/43/1344
f 1352/43/1345 1384/44/1375 1383/44/1374
f 1384/44/1375 1416/45/1405 1415/45/1404
f 1416/45/1405 1448/46/1435 1447/46/1434
f 1448/46/1435 1480/47/1465 1479/47/1464
f 1480/47/1465 1512/48/1496 1511/48/1495
f 1512/48/1496 1544/49/1526 1543/49/1525
f 1544/49/1526 1576/50/1556 1575/50/1555
f 1576/50/1556 1608/51/1586 1607/51/1585
f 1608/51/1586 1640/52/1616 1639/52/1615
f 1640/52/1616 1672/53/1646 1671/53/1645
f 1672/53/1646 1704/54/1676 1703/54/1675
f 1704/54/1676 1736/55/1707 1735/55/1706
f 1736/55/1707 1768/56/1737 1767/56/1736
f 1768/56/1737 1800/57/1767 1799/57/1766
f 1800/57/1767 1832/58/1797 1831/58/1796
f 1832/58/1797 1864/59/1827 1863/59/1826
f 1864/59/1827 1896/60/1859 1895/60/1858
f 1896/60/1859 1928/61/1889 1927/61/1888
f 1928/61/1889 1960/62/1920 1959/62/1919
f 1960/62/1920 1992/63/1950 1991/63/1949
f 9/1/9 41/2/41 40/2/40
f 41/2/41 73/3/73 72/3/72
f 73/3/73 105/4/105 104/4/104
f 105/4/105 137/5/137 136/5/136
f 137/5/137 169/6/169 168/6/168
f 169/6/169 201/7/201 200/7/200
f 201/7/201 233/8/233 232/8/232
f 233/8/233 265/9/265 264/9/264
f 265/9/265 297/10/297 296/10/296
f 297/10/297 329/11/329 328/11/328
f 329/11/329 361/12/361 360/12/360
f 361/12/361 393/13/393 392/13/392
f 393/13/393 425/14/425 424/14/424
f 425/14/425 457/15/457 456/15/456
f 457/15/457 489/16/489 488/16/488
f 489/16/489 521/17/521 520/17/520
f 521/17/521 553/18/553 552/18/552
f 553/18/553 585/19/585 584/19/584
f 585/19/585 617/20/617 616/20/616
f 617/20/617 649/21/649 648/21/648
f 649/21/649 681/22/681 680/22/680
f 681/22/681 713/23/713 712/23/712
f 713/23/713 745/24/745 744/24/744
f 745/24/745 777/25/777 776/25/776
f 777/25/777 809/26/809 808/26/808
f 809/26/809 841/27/841 840/27/840
f 841/27/841 873/28/873 872/28/872
f 873/28/873 905/29/905 904/29/904
f 905/29/905 937/30/937 936/30/936
f 937/30/937 969/31/969 968/31/968
f 969/31/969 1001/32/1001 1000/32/1000
f 1001/32/1001 1033/33/1033 1032/33/1032
f 1033/33/1033 1065/34/1065 1064/34/1064
f 1065/34/1065 1097/35/1097 1096/35/1096
f 1097/35/1097 1129/36/1129 1128/36/1128
f 1129/36/1129 1161/37/1161 1160/37/1160
f 1161/37/1161 1193/38/1193 1192/38/1192
f 1193/38/1193 1225/39/57 1224/39/1224
f 1225/39/57 1257/40/89 1256/40/1254
f 1257/40/89 1289/41/121 1288/41/1284
f 1289/41/121 1321/42/1315 1320/42/1314
f 1321/42/1315 1353/43/185 1352/43/1345
f 1353/43/185 1385/44/217 1384/44/1375
f 1385/44/217 1417/45/249 1416/45/1405
f 1417/45/249 1449/46/281 1448/46/1435
f 1449/46/281 1481/47/1466 1480/47/1465
f 1481/47/1466 1513/48/345 1512/48/1496
f 1513/48/345 1545/49/377 1544/49/1526
f 1545/49/377 1577/50/409 1576/50/1556
f 1577/50/409 1609/51/441 1608/51/1586
f 1609/51/441 1641/52/473 1640/52/1616
f 1641/52/473 1673/53/505 1672/53/1646
f 1673/53/505 1705/54/1677 1704/54/1676
f 1705/54/1677 1737/55/569 1736/55/1707
f 1737/55/569 1769/56/601 1768/56/1737
f 1769/56/601 1801/57/633 1800/57/1767
f 1801/57/633 1833/58/665 1832/58/1797
f 1833/58/665 1865/59/1828 1864/59/1827
f 1865/59/1828 1897/60/729 1896/60/1859
f 1897/60/729 1929/61/1890 1928/61/1889
f 1929/61/1890 1961/62/793 1960/62/1920
f 1961/62/793 1993/63/825 1992/63/1950
f 10/1/10 42/2/42 41/2/41
f 42/2/42 74/3/74 73/3/73
f 74/3/74 106/4/106 105/4/105
f 106/4/106 138/5/138 137/5/137
f 138/5/138 170/6/170 169/6/169
f 170/6/170 202/7/202 201/7/201
f 202/7/202 234/8/234 233/8/233
f 234/8/234 266/9/266 265/9/265
f 266/9/266 298/10/298 297/10/297
f 298/10/298 330/11/330 329/11/329
f 330/11/330 362/12/362 361/12/361
f 362/12/362 394/13/394 393/13/393
f 394/13/394 426/14/426 425/14/425
f 426/14/426 458/15/458 457/15/457
f 458/15/458 490/16/490 489/16/489
f 490/16/490 522/17/522 521/17/521
f 522/17/522 554/18/554 553/18/553
f 554/18/554 586/19/586 585/19/585
f 586/19/586 618/20/618 617/20/617
f 618/20/618 650/21/650 649/21/649
f 650/21/650 682/22/682 681/22/681
f 682/22/682 714/23/714 713/23/713
f 714/23/714 746/24/746 745/24/745
f 746/24/746 778/25/778 777/25/777
f 778/25/778 810/26/810 809/26/809
f 810/26/810 842/27/842 841/27/841
f 842/27/842 874/28/874 873/28/873
f 874/28/874 906/29/906 905/29/905
f 906/29/906 938/30/938 937/30/937
f 938/30/938 970/31/970 969/31/969
f 970/31/970 1002/32/1002 1001/32/1001
f 1002/32/1002 1034/33/1034 1033/33/1033
f 1034/33/1034 1066/34/1066 1065/34/1065
f 1066/34/1066 1098/35/1098 1097/35/1097
f 1098/35/1098 1130/36/1130 1129/36/1129
f 1130/36/1130 1162/37/1162 1161/37/1161
f 1162/37/1162 1194/38/1194 1193/38/1193
f 1194/38/1194 1226/39/1225 1225/39/57
f 1226/39/1225 1258/40/1255 1257/40/89
f 1258/40/1255 1290/41/1285 1289/41/121
f 1290/41/1285 1322/42/1316 1321/42/1315
f 1322/42/1316 1354/43/1346 1353/43/185
f 1354/43/1346 1386/44/1376 1385/44/217
f 1386/44/1376 1418/45/1406 1417/45/249
f 1418/45/1406 1450/46/1436 1449/46/281
f 1450/46/1436 1482/47/1467 1481/47/1466
f 1482/47/1467 1514/48/1497 1513/48/345
f 1514/48/1497 1546/49/1527 1545/49/377
f 1546/49/1527 1578/50/1557 1577/50/409
f 1578/50/1557 1610/51/1587 1609/51/441
f 1610/51/1587 1642/52/1617 1641/52/473
f 1642/52/1617 1674/53/1647 1673/53/505
f 1674/53/1647 1706/54/1678 1705/54/1677
f 1706/54/1678 1738/55/1708 1737/55/569
f 1738/55/1708 1770/56/1738 1769/56/601
f 1770/56/1738 1802/57/1768 1801/57/633
f 1802/57/1768 1834/58/1798 1833/58/665
f 1834/58/1798 1866/59/1829 1865/59/1828
f 1866/59/1829 1898/60/1860 1897/60/729
f 1898/60/1860 1930/61/1891 1929/61/1890
f 1930/61/1891 1962/62/1921 1961/62/793
f 1962/62/1921 1994/63/1951 1993/63/825
f 11/1/11 43/2/43 42/2/42
f 43/2/43 75/3/75 74/3/74
f 75/3/75 107/4/107 106/4/106
f 107/4/107 139/5/139 138/5/138
f 139/5/139 171/6/171 170/6/170
f 171/6/171 203/7/203 202/7/202
f 203/7/203 235/8/235 234/8/234
f 235/8/235 267/9/267 266/9/266
f 267/9/267 299/10/299 298/10/298
f 299/10/299 331/11/331 330/11/330
f 331/11/331 363/12/363 362/12/362
f 363/12/363 395/13/395 394/13/394
f 395/13/395 427/14/427 426/14/426
f 427/14/427 459/15/459 458/15/458
f 459/15/459 491/16/491 490/16/490
f 491/16/491 523/17/523 522/17/522
f 523/17/523 555/18/555 554/18/554
f 555/18/555 587/19/587 586/19/586
f 587/19/587 619/20/619 618/20/618
f 619/20/619 651/21/651 650/21/650
f 651/21/651 683/22/683 682/22/682
f 683/22/683 715/23/715 714/23/714
f 715/23/715 747/24/747 746/24/746
f 747/24/747 779/25/779 778/25/778
f 779/25/779 811/26/811 810/26/810
f 811/26/811 843/27/843 842/27/842
f 843/27/843 875/28/875 874/28/874
f 875/28/875 907/29/907 906/29/906
f 907/29/907 939/30/939 938/30/938
f 939/30/939 971/31/971 970/31/970
f 971/31/971 1003/32/1003 1002/32/1002
f 1003/32/1003 1035/33/1035 1034/33/1034
f 1035/33/1035 1067/34/1067 1066/34/1066
f 1067/34/1067 1099/35/1099 1098/35/1098
f 1099/35/1099 1131/36/1131 1130/36/1130
f 1131/36/1131 1163/37/1163 1162/37/1162
f 1163/37/1163 1195/38/1195 1194/38/1194
f 1195/38/1195 1227/39/1226 1226/39/1225
f 1227/39/1226 1259/40/1256 1258/40/1255
f 1259/40/1256 1291/41/1286 1290/41/1285
f 1291/41/1286 1323/42/1317 1322/42/1316
f 1323/42/1317 1355/43/1347 1354/43/1346
f 1355/43/1347 1387/44/1377 1386/44/1376
f 1387/44/1377 1419/45/1407 1418/45/1406
f 1419/45/1407 1451/46/1437 1450/46/1436
f 1451/46/1437 1483/47/1468 1482/47/1467
f 1483/47/1468 1515/48/1498 1514/48/1497
f 1515/48/1498 1547/49/1528 1546/49/1527
f 1547/49/1528 1579/50/1558 1578/50/1557
f 1579/50/1558 1611/51/1588 1610/51/1587
f 1611/51/1588 1643/52/1618 1642/52/1617
f 1643/52/1618 1675/53/1648 1674/53/1647
f 1675/53/1648 1707/54/1679 1706/54/1678
f 1707/54/1679 1739/55/1709 1738/55/1708
f 1739/55/1709 1771/56/1739 1770/56/1738
f 1771/56/1739 1803/57/1769 1802/57/1768
f 1803/57/1769 1835/58/1799 1834/58/1798
f 1835/58/1799 1867/59/1830 1866/59/1829
f 1867/59/1830 1899/60/1861 1898/60/1860
f 1899/60/1861 1931/61/1892 1930/61/1891
f 1931/61/1892 1963/62/1922 1962/62/1921
f 1963/62/1922 1995/63/1952 1994/63/1951
f 12/1/12 44/2/44 43/2/43
f 44/2/44 76/3/76 75/3/75
f 76/3/76 108/4/108 107/4/107
f 108/4/108 140/5/140 139/5/139
f 140/5/140 172/6/172 171/6/171
f 172/6/172 204/7/204 203/7/203
f 204/7/204 236/8/236 235/8/235
f 236/8/236 268/9/268 267/9/267
f 268/9/268 300/10/300 299/10/299
f 300/10/300 332/11/332 331/11/331
f 332/11/332 364/12/364 363/12/363
f 364/12/364 396/13/396 395/13/395
f 396/13/396 428/14/428 427/14/427
f 428/14/428 460/15/460 459/15/459
f 460/15/460 492/16/492 491/16/491
f 492/16/492 524/17/524 523/17/523
f 524/17/524 556/18/556 555/18/555
f 556/18/556 588/19/588 587/19/587
f 588/19/588 620/20/620 619/20/619
f 620/20/620 652/21/652 651/21/651
f 652/21/652 684/22/684 683/22/683
f 684/22/684 716/23/716 715/23/715
f 716/23/716 748/24/748 747/24/747
f 748/24/748 780/25/780 779/25/779
f 780/25/780 812/26/812 811/26/811
f 812/26/812 844/27/844 843/27/843
f 844/27/844 876/28/876 875/28/875
f 876/28/876 908/29/908 907/29/907
f 908/29/908 940/30/940 939/30/939
f 940/30/940 972/31/972 971/31/971
f 972/31/972 1004/32/1004 1003/32/1003
f 1004/32/1004 1036/33/1036 1035/33/1035
f 1036/33/1036 1068/34/1068 1067/34/1067
f 1068/34/1068 1100/35/1100 1099/35/1099
f 1100/35/1100 1132/36/1132 1131/36/1131
f 1132/36/1132 1164/37/1164 1163/37/1163
f 1164/37/1164 1196/38/1196 1195/38/1195
f 1196/38/1196 1228/39/1227 1227/39/1226
f 1228/39/1227 1260/40/1257 1259/40/1256
f 1260/40/1257 1292/41/1287 1291/41/1286
f 1292/41/1287 1324/42/1318 1323/42/1317
f 1324/42/1318 1356/43/1348 1355/43/1347
f 1356/43/1348 1388/44/1378 1387/44/1377
f 1388/44/1378 1420/45/1408 1419/45/1407
f 1420/45/1408 1452/46/1438 1451/46/1437
f 1452/46/1438 1484/47/1469 1483/47/1468
f 1484/47/1469 1516/48/1499 1515/48/1498
f 1516/48/1499 1548/49/1529 1547/49/1528
f 1548/49/1529 1580/50/1559 1579/50/1558
f 1580/50/1559 1612/51/1589 1611/51/1588
f 1612/51/1589 1644/52/1619 1643/52/1618
f 1644/52/1619 1676/53/1649 1675/53/1648
f 1676/53/1649 1708/54/1680 1707/54/1679
f 1708/54/1680 1740/55/1710 1739/55/1709
f 1740/55/1710 1772/56/1740 1771/56/1739
f 1772/56/1740 1804/57/1770 1803/57/1769
f 1804/57/1770 1836/58/1800 1835/58/1799
f 1836/58/1800 1868/59/1831 1867/59/1830
f 1868/59/1831 1900/60/1862 1899/60/1861
f 1900/60/1862 1932/61/1893 1931/61/1892
f 1932/61/1893 1964/62/1923 1963/62/1922
f 1964/62/1923 1996/63/1953 1995/63/1952
f 13/1/13 45/2/45 44/2/44
f 45/2/45 77/3/77 76/3/76
f 77/3/77 109/4/109 108/4/108
f 109/4/109 141/5/141 140/5/140
f 141/5/141 173/6/173 172/6/172
f 173/6/173 205/7/205 204/7/204
f 205/7/205 237/8/237 236/8/236
f 237/8/237 269/9/269 268/9/268
f 269/9/269 301/10/301 300/10/300
f 301/10/301 333/11/333 332/11/332
f 333/11/333 365/12/365 364/12/364
f 365/12/365 397/13/397 396/13/396
f 397/13/397 429/14/429 428/14/428
f 429/14/429 461/15/461 460/15/460
f 461/15/461 493/16/493 492/16/492
f 493/16/493 525/17/525 524/17/524
f 525/17/525 557/18/557 556/18/556
f 557/18/557 589/19/589 588/19/588
f 589/19/589 621/20/621 620/20/620
f 621/20/621 653/21/653 652/21/652
f 653/21/653 685/22/685 684/22/684
f 685/22/685 717/23/717 716/23/716
f 717/23/717 749/24/749 748/24/748
f 749/24/749 781/25/781 780/25/780
f 781/25/781 813/26/813 812/26/812
f 813/26/813 845/27/845 844/27/844
f 845/27/845 877/28/877 876/28/876
f 877/28/877 909/29/909 908/29/908
f 909/29/909 941/30/941 940/30/940
f 941/30/941 973/31/973 972/31/972
f 973/31/973 1005/32/1005 1004/32/1004
f 1005/32/1005 1037/33/1037 1036/33/1036
f 1037/33/1037 1069/34/1069 1068/34/1068
f 1069/34/1069 1101/35/1101 1100/35/1100
f 1101/35/1101 1133/36/1133 1132/36/1132
f 1133/36/1133 1165/37/1165 1164/37/1164
f 1165/37/1165 1197/38/1197 1196/38/1196
f 1197/38/1197 1229/39/1228 1228/39/1227
f 1229/39/1228 1261/40/1258 1260/40/1257
f 1261/40/1258 1293/41/1288 1292/41/1287
f 1293/41/1288 1325/42/1319 1324/42/1318
f 1325/42/1319 1357/43/1349 1356/43/1348
f 1357/43/1349 1389/44/1379 1388/44/1378
f 1389/44/1379 1421/45/1409 1420/45/1408
f 1421/45/1409 1453/46/1439 1452/46/1438
f 1453/46/1439 1485/47/1470 1484/47/1469
f 1485/47/1470 1517/48/1500 1516/48/1499
f 1517/48/1500 1549/49/1530 1548/49/1529
f 1549/49/1530 1581/50/1560 1580/50/1559
f 1581/50/1560 1613/51/1590 1612/51/1589
f 1613/51/1590 1645/52/1620 1644/52/1619
f 1645/52/1620 1677/53/1650 1676/53/1649
f 1677/53/1650 1709/54/1681 1708/54/1680
f 1709/54/1681 1741/55/1711 1740/55/1710
f 1741/55/1711 1773/56/1741 1772/56/1740
f 1773/56/1741 1805/57/1771 1804/57/1770
f 1805/57/1771 1837/58/1801 1836/58/1800
f 1837/58/1801 1869/59/1832 1868/59/1831
f 1869/59/1832 1901/60/1863 1900/60/1862
f 1901/60/1863 1933/61/1894 1932/61/1893
f 1933/61/1894 1965/62/1924 1964/62/1923
f 1965/62/1924 1997/63/1954 1996/63/1953
f 14/1/14 46/2/46 45/2/45
f 46/2/46 78/3/78 77/3/77
f 78/3/78 110/4/110 109/4/109
f 110/4/110 142/5/142 141/5/141
f 142/5/142 174/6/174 173/6/173
f 174/6/174 206/7/206 205/7/205
f 206/7/206 238/8/238 237/8/237
f 238/8/238 270/9/270 269/9/269
f 270/9/270 302/10/302 301/10/301
f 302/10/302 334/11/334 333/11/333
f 334/11/334 366/12/366 365/12/365
f 366/12/366 398/13/398 397/13/397
f 398/13/398 430/14/430 429/14/429
f 430/14/430 462/15/462 461/15/461
f 462/15/462 494/16/494 493/16/493
f 494/16/494 526/17/526 525/17/525
f 526/17/526 558/18/558 557/18/557
f 558/18/558 590/19/590 589/19/589
f 590/19/590 622/20/622 621/20/621
f 622/20/622 654/21/654 653/21/653
f 654/21/654 686/22/686 685/22/685
f 686/22/686 718/23/718 717/23/717
f 718/23/718 750/24/750 749/24/749
f 750/24/750 782/25/782 781/25/781
f 782/25/782 814/26/814 813/26/813
f 814/26/814 846/27/846 845/27/845
f 846/27/846 878/28/878 877/28/877
f 878/28/878 910/29/910 909/29/909
f 910/29/910 942/30/942 941/30/941
f 942/30/942 974/31/974 973/31/973
f 974/31/974 1006/32/1006 1005/32/1005
f 1006/32/1006 1038/33/1038 1037/33/1037
f 1038/33/1038 1070/34/1070 1069/34/1069
f 1070/34/1070 1102/35/1102 1101/35/1101
f 1102/35/1102 1134/36/1134 1133/36/1133
f 1134/36/1134 1166/37/1166 1165/37/1165
f 1166/37/1166 1198/38/1198 1197/38/1197
f 1198/38/1198 1230/39/1229 1229/39/1228
f 1230/39/1229 1262/40/1259 1261/40/1258
f 1262/40/1259 1294/41/1289 1293/41/1288
f 1294/41/1289 1326/42/1320 1325/42/1319
f 1326/42/1320 1358/43/1350 1357/43/1349
f 1358/43/1350 1390/44/1380 1389/44/1379
f 1390/44/1380 1422/45/1410 1421/45/1409
f 1422/45/1410 1454/46/1440 1453/46/1439
f 1454/46/1440 1486/47/1471 1485/47/1470
f 1486/47/1471 1518/48/1501 1517/48/1500
f 1518/48/1501 1550/49/1531 1549/49/1530
f 1550/49/1531 1582/50/1561 1581/50/1560
f 1582/50/1561 1614/51/1591 1613/51/1590
f 1614/51/1591 1646/52/1621 1645/52/1620
f 1646/52/1621 1678/53/1651 1677/53/1650
f 1678/53/1651 1710/54/1682 1709/54/1681
f 1710/54/1682 1742/55/1712 1741/55/1711
f 1742/55/1712 1774/56/1742 1773/56/1741
f 1774/56/1742 1806/57/1772 1805/57/1771
f 1806/57/1772 1838/58/1802 1837/58/1801
f 1838/58/1802 1870/59/1833 1869/59/1832
f 1870/59/1833 1902/60/1864 1901/60/1863
f 1902/60/1864 1934/61/1895 1933/61/1894
f 1934/61/1895 1966/62/1925 1965/62/1924
f 1966/62/1925 1998/63/1955 1997/63/1954
f 15/1/15 47/2/47 46/2/46
f 47/2/47 79/3/79 78/3/78
f 79/3/79 111/4/111 110/4/110
f 111/4/111 143/5/143 142/5/142
f 143/5/143 175/6/175 174/6/174
f 175/6/175 207/7/207 206/7/206
f 207/7/207 239/8/239 238/8/238
f 239/8/239 271/9/271 270/9/270
f 271/9/271 303/10/303 302/10/302
f 303/10/303 335/11/335 334/11/334
f 335/11/335 367/12/367 366/12/366
f 367/12/367 399/13/399 398/13/398
f 399/13/399 431/14/431 430/14/430
f 431/14/431 463/15/463 462/15/462
f 463/15/463 495/16/495 494/16/494
f 495/16/495 527/17/527 526/17/526
f 527/17/527 559/18/559 558/18/558
f 559/18/559 591/19/591 590/19/590
f 591/19/591 623/20/623 622/20/622
f 623/20/623 655/21/655 654/21/654
f 655/21/655 687/22/687 686/22/686
f 687/22/687 719/23/719 718/23/718
f 719/23/719 751/24/751 750/24/750
f 751/24/751 783/25/783 782/25/782
f 783/25/783 815/26/815 814/26/814
f 815/26/815 847/27/847 846/27/846
f 847/27/847 879/28/879 878/28/878
f 879/28/879 911/29/911 910/29/910
f 911/29/911 943/30/943 942/30/942
f 943/30/943 975/31/975 974/31/974
f 975/31/975 1007/32/1007 1006/32/1006
f 1007/32/1007 1039/33/1039 1038/33/1038
f 1039/33/1039 1071/34/1071 1070/34/1070
f 1071/34/1071 1103/35/1103 1102/35/1102
f 1103/35/1103 1135/36/1135 1134/36/1134
f 1135/36/1135 1167/37/1167 1166/37/1166
f 1167/37/1167 1199/38/1199 1198/38/1198
f 1199/38/1199 1231/39/1230 1230/39/1229
f 1231/39/1230 1263/40/1260 1262/40/1259
f 1263/40/1260 1295/41/1290 1294/41/1289
f 1295/41/1290 1327/42/1321 1326/42/1320
f 1327/42/1321 1359/43/1351 1358/43/1350
f 1359/43/1351 1391/44/1381 1390/44/1380
f 1391/44/1381 1423/45/1411 1422/45/1410
f 1423/45/1411 1455/46/1441 1454/46/1440
f 1455/46/1441 1487/47/1472 1486/47/1471
f 1487/47/1472 1519/48/1502 1518/48/1501
f 1519/48/1502 1551/49/1532 1550/49/1531
f 1551/49/1532 1583/50/1562 1582/50/1561
f 1583/50/1562 1615/51/1592 1614/51/1591
f 1615/51/1592 1647/52/1622 1646/52/1621
f 1647/52/1622 1679/53/1652 1678/53/1651
f 1679/53/1652 1711/54/1683 1710/54/1682
f 1711/54/1683 1743/55/1713 1742/55/1712
f 1743/55/1713 1775/56/1743 1774/56/1742
f 1775/56/1743 1807/57/1773 1806/57/1772
f 1807/57/1773 1839/58/1803 1838/58/1802
f 1839/58/1803 1871/59/1834 1870/59/1833
f 1871/59/1834 1903/60/1865 1902/60/1864
f 1903/60/1865 1935/61/1896 1934/61/1895
f 1935/61/1896 1967/62/1926 1966/62/1925
f 1967/62/1926 1999/63/1956 1998/63/1955
f 16/1/16 48/2/48 47/2/47
f 48/2/48 80/3/80 79/3/79
f 80/3/80 112/4/112 111/4/111
f 112/4/112 144/5/144 143/5/143
f 144/5/144 176/6/176 175/6/175
f 176/6/176 208/7/208 207/7/207
f 208/7/208 240/8/240 239/8/239
f 240/8/240 272/9/272 271/9/271
f 272/9/272 304/10/304 303/10/303
f 304/10/304 336/11/336 335/11/335
f 336/11/336 368/12/368 367/12/367
f 368/12/368 400/13/400 399/13/399
f 400/13/400 432/14/432 431/14/431
f 432/14/432 464/15/464 463/15/463
f 464/15/464 496/16/496 495/16/495
f 496/16/496 528/17/528 527/17/527
f 528/17/528 560/18/560 559/18/559
f 560/18/560 592/19/592 591/19/591
f 592/19/592 624/20/624 623/20/623
f 624/20/624 656/21/656 655/21/655
f 656/21/656 688/22/688 687/22/687
f 688/22/688 720/23/720 719/23/719
f 720/23/720 752/24/752 751/24/751
f 752/24/752 784/25/784 783/25/783
f 784/25/784 816/26/816 815/26/815
f 816/26/816 848/27/848 847/27/847
f 848/27/848 880/28/880 879/28/879
f 880/28/880 912/29/912 911/29/911
f 912/29/912 944/30/944 943/30/943
f 944/30/944 976/31/976 975/31/975
f 976/31/976 1008/32/1008 1007/32/1007
f 1008/32/1008 1040/33/1040 1039/33/1039
f 1040/33/1040 1072/34/1072 1071/34/1071
f 1072/34/1072 1104/35/1104 1103/35/1103
f 1104/35/1104 1136/36/1136 1135/36/1135
f 1136/36/1136 1168/37/1168 1167/37/1167
f 1168/37/1168 1200/38/1200 1199/38/1199
f 1200/38/1200 1232/39/1231 1231/39/1230
f 1232/39/1231 1264/40/1261 1263/40/1260
f 1264/40/1261 1296/41/1291 1295/41/1290
f 1296/41/1291 1328/42/1322 1327/42/1321
f 1328/42/1322 1360/43/1352 1359/43/1351
f 1360/43/1352 1392/44/1382 1391/44/1381
f 1392/44/1382 1424/45/1412 1423/45/1411
f 1424/45/1412 1456/46/1442 1455/46/1441
f 1456/46/1442 1488/47/1473 1487/47/1472
f 1488/47/1473 1520/48/1503 1519/48/1502
f 1520/48/1503 1552/49/1533 1551/49/1532
f 1552/49/1533 1584/50/1563 1583/50/1562
f 1584/50/1563 1616/51/1593 1615/51/1592
f 1616/51/1593 1648/52/1623 1647/52/1622
f 1648/52/1623 1680/53/1653 1679/53/1652
f 1680/53/1653 1712/54/1684 1711/54/1683
f 1712/54/1684 1744/55/1714 1743/55/1713
f 1744/55/1714 1776/56/1744 1775/56/1743
f 1776/56/1744 1808/57/1774 1807/57/1773
f 1808/57/1774 1840/58/1804 1839/58/1803
f 1840/58/1804 1872/59/1835 1871/59/1834
f 1872/59/1835 1904/60/1866 1903/60/1865
f 1904/60/1866 1936/61/1897 1935/61/1896
f 1936/61/1897 1968/62/1927 1967/62/1926
f 1968/62/1927 2000/63/1957 1999/63/1956
f 17/1/17 49/2/49 48/2/48
f 49/2/49 81/3/81 80/3/80
f 81/3/81 113/4/113 112/4/112
f 113/4/113 145/5/145 144/5/144
f 145/5/145 177/6/177 176/6/176
f 177/6/177 209/7/209 208/7/208
f 209/7/209 241/8/241 240/8/240
f 241/8/241 273/9/273 272/9/272
f 273/9/273 305/10/305 304/10/304
f 305/10/305 337/11/337 336/11/336
f 337/11/337 369/12/369 368/12/368
f 369/12/369 401/13/401 400/13/400
f 401/13/401 433/14/433 432/14/432
f 433/14/433 465/15/465 464/15/464
f 465/15/465 497/16/497 496/16/496
f 497/16/497 529/17/529 528/17/528
f 529/17/529 561/18/561 560/18/560
f 561/18/561 593/19/593 592/19/592
f 593/19/593 625/20/625 624/20/624
f 625/20/625 657/21/657 656/21/656
f 657/21/657 689/22/689 688/22/688
f 689/22/689 721/23/721 720/23/720
f 721/23/721 753/24/753 752/24/752
f 753/24/753 785/25/785 784/25/784
f 785/25/785 817/26/817 816/26/816
f 817/26/817 849/27/849 848/27/848
f 849/27/849 881/28/881 880/28/880
f 881/28/881 913/29/913 912/29/912
f 913/29/913 945/30/945 944/30/944
f 945/30/945 977/31/977 976/31/976
f 977/31/977 1009/32/1009 1008/32/1008
f 1009/32/1009 1041/33/1041 1040/33/1040
f 1041/33/1041 1073/34/1073 1072/34/1072
f 1073/34/1073 1105/35/1105 1104/35/1104
f 1105/35/1105 1137/36/1137 1136/36/1136
f 1137/36/1137 1169/37/1169 1168/37/1168
f 1169/37/1169 1201/38/1201 1200/38/1200
f 1201/38/1201 1233/39/1232 1232/39/1231
f 1233/39/1232 1265/40/1262 1264/40/1261
f 1265/40/1262 1297/41/1292 1296/41/1291
f 1297/41/1292 1329/42/1323 1328/42/1322
f 1329/42/1323 1361/43/1353 1360/43/1352
f 1361/43/1353 1393/44/1383 1392/44/1382
f 1393/44/1383 1425/45/1413 1424/45/1412
f 1425/45/1413 1457/46/1443 1456/46/1442
f 1457/46/1443 1489/47/1474 1488/47/1473
f 1489/47/1474 1521/48/1504 1520/48/1503
f 1521/48/1504 1553/49/1534 1552/49/1533
f 1553/49/1534 1585/50/1564 1584/50/1563
f 1585/50/1564 1617/51/1594 1616/51/1593
f 1617/51/1594 1649/52/1624 1648/52/1623
f 1649/52/1624 1681/53/1654 1680/53/1653
f 1681/53/1654 1713/54/1685 1712/54/1684
f 1713/54/1685 1745/55/1715 1744/55/1714
f 1745/55/1715 1777/56/1745 1776/56/1744
f 1777/56/1745 1809/57/1775 1808/57/1774
f 1809/57/1775 1841/58/1805 1840/58/1804
f 1841/58/1805 1873/59/1836 1872/59/1835
f 1873/59/1836 1905/60/1867 1904/60/1866
f 1905/60/1867 1937/61/1898 1936/61/1897
f 1937/61/1898 1969/62/1928 1968/62/1927
f 1969/62/1928 2001/63/1958 2000/63/1957
f 50/2/50 49/2/49 17/1/17
f 82/3/82 81/3/81 49/2/49
f 114/4/114 113/4/113 81/3/81
f 146/5/146 145/5/145 113/4/113
f 178/6/178 177/6/177 145/5/145
f 210/7/210 209/7/209 177/6/177
f 242/8/242 241/8/241 209/7/209
f 274/9/274 273/9/273 241/8/241
f 306/10/306 305/10/305 273/9/273
f 338/11/338 337/11/337 305/10/305
f 370/12/370 369/12/369 337/11/337
f 402/13/402 401/13/401 369/12/369
f 434/14/434 433/14/433 401/13/401
f 466/15/466 465/15/465 433/14/433
f 498/16/498 497/16/497 465/15/465
f 530/17/530 529/17/529 497/16/497
f 562/18/562 561/18/561 529/17/529
f 594/19/594 593/19/593 561/18/561
f 626/20/626 625/20/625 593/19/593
f 658/21/658 657/21/657 625/20/625
f 690/22/690 689/22/689 657/21/657
f 722/23/722 721/23/721 689/22/689
f 754/24/754 753/24/753 721/23/721
f 786/25/786 785/25/785 753/24/753
f 818/26/818 817/26/817 785/25/785
f 850/27/850 849/27/849 817/26/817
f 882/28/882 881/28/881 849/27/849
f 914/29/914 913/29/913 881/28/881
f 946/30/946 945/30/945 913/29/913
f 978/31/978 977/31/977 945/30/945
f 1010/32/1010 1009/32/1009 977/31/977
f 1042/33/1042 1041/33/1041 1009/32/1009
f 1074/34/1074 1073/34/1073 1041/33/1041
f 1106/35/1106 1105/35/1105 1073/34/1073
f 1138/36/1138 1137/36/1137 1105/35/1105
f 1170/37/1170 1169/37/1169 1137/36/1137
f 1202/38/1202 1201/38/1201 1169/37/1169
f 1234/39/1233 1233/39/1232 1201/38/1201
f 1266/40/1263 1265/40/1262 1233/39/1232
f 1298/41/1293 1297/41/1292 1265/40/1262
f 1330/42/1324 1329/42/1323 1297/41/1292
f 1362/43/1354 1361/43/1353 1329/42/1323
f 1394/44/1384 1393/44/1383 1361/43/1353
f 1426/45/1414 1425/45/1413 1393/44/1383
f 1458/46/1444 1457/46/1443 1425/45/1413
f 1490/47/1475 1489/47/1474 1457/46/1443
f 1522/48/1505 1521/48/1504 1489/47/1474
f 1554/49/1535 1553/49/1534 1521/48/1504
f 1586/50/1565 1585/50/1564 1553/49/1534
f 1618/51/1595 1617/51/1594 1585/50/1564
f 1650/52/1625 1649/52/1624 1617/51/1594
f 1682/53/1655 1681/53/1654 1649/52/1624
f 1714/54/1686 1713/54/1685 1681/53/1654
f 1746/55/1716 1745/55/1715 1713/54/1685
f 1778/56/1746 1777/56/1745 1745/55/1715
f 1810/57/1776 1809/57/1775 1777/56/1745
f 1842/58/1806 1841/58/1805 1809/57/1775
f 1874/59/1837 1873/59/1836 1841/58/1805
f 1906/60/1868 1905/60/1867 1873/59/1836
f 1938/61/1899 1937/61/1898 1905/60/1867
f 1970/62/1929 1969/62/1928 1937/61/1898
f 2002/63/1959 2001/63/1958 1969/62/1928
f 51/2/51 50/2/50 18/1/18
f 83/3/83 82/3/82 50/2/50
f 115/4/115 114/4/114 82/3/82
f 147/5/147 146/5/146 114/4/114
f 179/6/179 178/6/178 146/5/146
f 211/7/211 210/7/210 178/6/178
f 243/8/243 242/8/242 210/7/210
f 275/9/275 274/9/274 242/8/242
f 307/10/307 306/10/306 274/9/274
f 339/11/339 338/11/338 306/10/306
f 371/12/371 370/12/370 338/11/338
f 403/13/403 402/13/402 370/12/370
f 435/14/435 434/14/434 402/13/402
f 467/15/467 466/15/466 434/14/434
f 499/16/499 498/16/498 466/15/466
f 531/17/531 530/17/530 498/16/498
f 563/18/563 562/18/562 530/17/530
f 595/19/595 594/19/594 562/18/562
f 627/20/627 626/20/626 594/19/594
f 659/21/659 658/21/658 626/20/626
f 691/22/691 690/22/690 658/21/658
f 723/23/723 722/23/722 690/22/690
f 755/24/755 754/24/754 722/23/722
f 787/25/787 786/25/786 754/24/754
f 819/26/819 818/26/818 786/25/786
f 851/27/851 850/27/850 818/26/818
f 883/28/883 882/28/882 850/27/850
f 915/29/915 914/29/914 882/28/882
f 947/30/947 946/30/946 914/29/914
f 979/31/979 978/31/978 946/30/946
f 1011/32/1011 1010/32/1010 978/31/978
f 1043/33/1043 1042/33/1042 1010/32/1010
f 1075/34/1075 1074/34/1074 1042/33/1042
f 1107/35/1107 1106/35/1106 1074/34/1074
f 1139/36/1139 1138/36/1138 1106/35/1106
f 1171/37/1171 1170/37/1170 1138/36/1138
f 1203/38/1203 1202/38/1202 1170/37/1170
f 1235/39/1234 1234/39/1233 1202/38/1202
f 1267/40/1264 1266/40/1263 1234/39/1233
f 1299/41/1294 1298/41/1293 1266/40/1263
f 1331/42/1325 1330/42/1324 1298/41/1293
f 1363/43/1355 1362/43/1354 1330/42/1324
f 1395/44/1385 1394/44/1384 1362/43/1354
f 1427/45/1415 1426/45/1414 1394/44/1384
f 1459/46/1445 1458/46/1444 1426/45/1414
f 1491/47/1476 1490/47/1475 1458/46/1444
f 1523/48/1506 1522/48/1505 1490/47/1475
f 1555/49/1536 1554/49/1535 1522/48/1505
f 1587/50/1566 1586/50/1565 1554/49/1535
f 1619/51/1596 1618/51/1595 1586/50/1565
f 1651/52/1626 1650/52/1625 1618/51/1595
f 1683/53/1656 1682/53/1655 1650/52/1625
f 1715/54/1687 1714/54/1686 1682/53/1655
f 1747/55/1717 1746/55/1716 1714/54/1686
f 1779/56/1747 1778/56/1746 1746/55/1716
f 1811/57/1777 1810/57/1776 1778/56/1746
f 1843/58/1807 1842/58/1806 1810/57/1776
f 1875/59/1838 1874/59/1837 1842/58/1806
f 1907/60/1869 1906/60/1868 1874/59/1837
f 1939/61/1900 1938/61/1899 1906/60/1868
f 1971/62/1930 1970/62/1929 1938/61/1899
f 2003/63/1960 2002/63/1959 1970/62/1929
f 52/2/52 51/2/51 19/1/19
f 84/3/84 83/3/83 51/2/51
f 116/4/116 115/4/115 83/3/83
f 148/5/148 147/5/147 115/4/115
f 180/6/180 179/6/179 147/5/147
f 212/7/212 211/7/211 179/6/179
f 244/8/244 243/8/243 211/7/211
f 276/9/276 275/9/275 243/8/243
f 308/10/308 307/10/307 275/9/275
f 340/11/340 339/11/339 307/10/307
f 372/12/372 371/12/371 339/11/339
f 404/13/404 403/13/403 371/12/371
f 436/14/436 435/14/435 403/13/403
f 468/15/468 467/15/467 435/14/435
f 500/16/500 499/16/499 467/15/467
f 532/17/532 531/17/531 499/16/499
f 564/18/564 563/18/563 531/17/531
f 596/19/596 595/19/595 563/18/563
f 628/20/628 627/20/627 595/19/595
f 660/21/660 659/21/659 627/20/627
f 692/22/692 691/22/691 659/21/659
f 724/23/724 723/23/723 691/22/691
f 756/24/756 755/24/755 723/23/723
f 788/25/788 787/25/787 755/24/755
f 820/26/820 819/26/819 787/25/787
f 852/27/852 851/27/851 819/26/819
f 884/28/884 883/28/883 851/27/851
f 916/29/916 915/29/915 883/28/883
f 948/30/948 947/30/947 915/29/915
f 980/31/980 979/31/979 947/30/947
f 1012/32/1012 1011/32/1011 979/31/979
f 1044/33/1044 1043/33/1043 1011/32/1011
f 1076/34/1076 1075/34/1075 1043/33/1043
f 1108/35/1108 1107/35/1107 1075/34/1075
f 1140/36/1140 1139/36/1139 1107/35/1107
f 1172/37/1172 1171/37/1171 1139/36/1139
f 1204/38/1204 1203/38/1203 1171/37/1171
f 1236/39/1235 1235/39/1234 1203/38/1203
f 1268/40/1265 1267/40/1264 1235/39/1234
f 1300/41/1295 1299/41/1294 1267/40/1264
f 1332/42/1326 1331/42/1325 1299/41/1294
f 1364/43/1356 1363/43/1355 1331/42/1325
f 1396/44/1386 1395/44/1385 1363/43/1355
f 1428/45/1416 1427/45/1415 1395/44/1385
f 1460/46/1446 1459/46/1445 1427/45/1415
f 1492/47/1477 1491/47/1476 1459/46/1445
f 1524/48/1507 1523/48/1506 1491/47/1476
f 1556/49/1537 1555/49/1536 1523/48/1506
f 1588/50/1567 1587/50/1566 1555/49/1536
f 1620/51/1597 1619/51/1596 1587/50/1566
f 1652/52/1627 1651/52/1626 1619/51/1596
f 1684/53/1657 1683/53/1656 1651/52/1626
f 1716/54/1688 1715/54/1687 1683/53/1656
f 1748/55/1718 1747/55/1717 1715/54/1687
f 1780/56/1748 1779/56/1747 1747/55/1717
f 1812/57/1778 1811/57/1777 1779/56/1747
f 1844/58/1808 1843/58/1807 1811/57/1777
f 1876/59/1839 1875/59/1838 1843/58/1807
f 1908/60/1870 1907/60/1869 1875/59/1838
f 1940/61/1901 1939/61/1900 1907/60/1869
f 1972/62/1931 1971/62/1930 1939/61/1900
f 2004/63/1961 2003/63/1960 1971/62/1930
f 53/2/53 52/2/52 20/1/20
f 85/3/85 84/3/84 52/2/52
f 117/4/117 116/4/116 84/3/84
f 149/5/149 148/5/148 116/4/116
f 181/6/181 180/6/180 148/5/148
f 213/7/213 212/7/212 180/6/180
f 245/8/245 244/8/244 212/7/212
f 277/9/277 276/9/276 244/8/244
f 309/10/309 308/10/308 276/9/276
f 341/11/341 340/11/340 308/10/308
f 373/12/373 372/12/372 340/11/340
f 405/13/405 404/13/404 372/12/372
f 437/14/437 436/14/436 404/13/404
f 469/15/469 468/15/468 436/14/436
f 501/16/501 500/16/500 468/15/468
f 533/17/533 532/17/532 500/16/500
f 565/18/565 564/18/564 532/17/532
f 597/19/597 596/19/596 564/18/564
f 629/20/629 628/20/628 596/19/596
f 661/21/661 660/21/660 628/20/628
f 693/22/693 692/22/692 660/21/660
f 725/23/725 724/23/724 692/22/692
f 757/24/757 756/24/756 724/23/724
f 789/25/789 788/25/788 756/24/756
f 821/26/821 820/26/820 788/25/788
f 853/27/853 852/27/852 820/26/820
f 885/28/885 884/28/884 852/27/852
f 917/29/917 916/29/916 884/28/884
f 949/30/949 948/30/948 916/29/916
f 981/31/981 980/31/980 948/30/948
f 1013/32/1013 1012/32/1012 980/31/980
f 1045/33/1045 1044/33/1044 1012/32/1012
f 1077/34/1077 1076/34/1076 1044/33/1044
f 1109/35/1109 1108/35/1108 1076/34/1076
f 1141/36/1141 1140/36/1140 1108/35/1108
f 1173/37/1173 1172/37/1172 1140/36/1140
f 1205/38/1205 1204/38/1204 1172/37/1172
f 1237/39/1236 1236/39/1235 1204/38/1204
f 1269/40/1266 1268/40/1265 1236/39/1235
f 1301/41/1296 1300/41/1295 1268/40/1265
f 1333/42/1327 1332/42/1326 1300/41/1295
f 1365/43/1357 1364/43/1356 1332/42/1326
f 1397/44/1387 1396/44/1386 1364/43/1356
f 1429/45/1417 1428/45/1416 1396/44/1386
f 1461/46/1447 1460/46/1446 1428/45/1416
f 1493/47/1478 1492/47/1477 1460/46/1446
f 1525/48/1508 1524/48/1507 1492/47/1477
f 1557/49/1538 1556/49/1537 1524/48/1507
f 1589/50/1568 1588/50/1567 1556/49/1537
f 1621/51/1598 1620/51/1597 1588/50/1567
f 1653/52/1628 1652/52/1627 1620/51/1597
f 1685/53/1658 1684/53/1657 1652/52/1627
f 1717/54/1689 1716/54/1688 1684/53/1657
f 1749/55/1719 1748/55/1718 1716/54/1688
f 1781/56/1749 1780/56/1748 1748/55/1718
f 1813/57/1779 1812/57/1778 1780/56/1748
f 1845/58/1809 1844/58/1808 1812/57/1778
f 1877/59/1840 1876/59/1839 1844/58/1808
f 1909/60/1871 1908/60/1870 1876/59/1839
f 1941/61/1902 1940/61/1901 1908/60/1870
f 1973/62/1932 1972/62/1931 1940/61/1901
f 2005/63/1962 2004/63/1961 1972/62/1931
f 54/2/54 53/2/53 21/1/21
f 86/3/86 85/3/85 53/2/53
f 118/4/118 117/4/117 85/3/85
f 150/5/150 149/5/149 117/4/117
f 182/6/182 181/6/181 149/5/149
f 214/7/214 213/7/213 181/6/181
f 246/8/246 245/8/245 213/7/213
f 278/9/278 277/9/277 245/8/245
f 310/10/310 309/10/309 277/9/277
f 342/11/342 341/11/341 309/10/309
f 374/12/374 373/12/373 341/11/341
f 406/13/406 405/13/405 373/12/373
f 438/14/438 437/14/437 405/13/405
f 470/15/470 469/15/469 437/14/437
f 502/16/502 501/16/501 469/15/469
f 534/17/534 533/17/533 501/16/501
f 566/18/566 565/18/565 533/17/533
f 598/19/598 597/19/597 565/18/565
f 630/20/630 629/20/629 597/19/597
f 662/21/662 661/21/661 629/20/629
f 694/22/694 693/22/693 661/21/661
f 726/23/726 725/23/725 693/22/693
f 758/24/758 757/24/757 725/23/725
f 790/25/790 789/25/789 757/24/757
f 822/26/822 821/26/821 789/25/789
f 854/27/854 853/27/853 821/26/821
f 886/28/886 885/28/885 853/27/853
f 918/29/918 917/29/917 885/28/885
f 950/30/950 949/30/949 917/29/917
f 982/31/982 981/31/981 949/30/949
f 1014/32/1014 1013/32/1013 981/31/981
f 1046/33/1046 1045/33/1045 1013/32/1013
f 1078/34/1078 1077/34/1077 1045/33/1045
f 1110/35/1110 1109/35/1109 1077/34/1077
f 1142/36/1142 1141/36/1141 1109/35/1109
f 1174/37/1174 1173/37/1173 1141/36/1141
f 1206/38/1206 1205/38/1205 1173/37/1173
f 1238/39/1237 1237/39/1236 1205/38/1205
f 1270/40/1267 1269/40/1266 1237/39/1236
f 1302/41/1297 1301/41/1296 1269/40/1266
f 1334/42/1328 1333/42/1327 1301/41/1296
f 1366/43/1358 1365/43/1357 1333/42/1327
f 1398/44/1388 1397/44/1387 1365/43/1357
f 1430/45/1418 1429/45/1417 1397/44/1387
f 1462/46/1448 1461/46/1447 1429/45/1417
f 1494/47/1479 1493/47/1478 1461/46/1447
f 1526/48/1509 1525/48/1508 1493/47/1478
f 1558/49/1539 1557/49/1538 1525/48/1508
f 1590/50/1569 1589/50/1568 1557/49/1538
f 1622/51/1599 1621/51/1598 1589/50/1568
f 1654/52/1629 1653/52/1628 1621/51/1598
f 1686/53/1659 1685/53/1658 1653/52/1628
f 1718/54/1690 1717/54/1689 1685/53/1658
f 1750/55/1720 1749/55/1719 1717/54/1689
f 1782/56/1750 1781/56/1749 1749/55/1719
f 1814/57/1780 1813/57/1779 1781/56/1749
f 1846/58/1810 1845/58/1809 1813/57/1779
f 1878/59/1841 1877/59/1840 1845/58/1809
f 1910/60/1872 1909/60/1871 1877/59/1840
f 1942/61/1903 1941/61/1902 1909/60/1871
f 1974/62/1933 1973/62/1932 1941/61/1902
f 2006/63/1963 2005/63/1962 1973/62/1932
f 55/2/55 54/2/54 22/1/22
f 87/3/87 86/3/86 54/2/54
f 119/4/119 118/4/118 86/3/86
f 151/5/151 150/5/150 118/4/118
f 183/6/183 182/6/182 150/5/150
f 215/7/215 214/7/214 182/6/182
f 247/8/247 246/8/246 214/7/214
f 279/9/279 278/9/278 246/8/246
f 311/10/311 310/10/310 278/9/278
f 343/11/343 342/11/342 310/10/310
f 375/12/375 374/12/374 342/11/342
f 407/13/407 406/13/406 374/12/374
f 439/14/439 438/14/438 406/13/406
f 471/15/471 470/15/470 438/14/438
f 503/16/503 502/16/502 470/15/470
f 535/17/535 534/17/534 502/16/502
f 567/18/567 566/18/566 534/17/534
f 599/19/599 598/19/598 566/18/566
f 631/20/631 630/20/630 598/19/598
f 663/21/663 662/21/662 630/20/630
f 695/22/695 694/22/694 662/21/662
f 727/23/727 726/23/726 694/22/694
f 759/24/759 758/24/758 726/23/726
f 791/25/791 790/25/790 758/24/758
f 823/26/823 822/26/822 790/25/790
f 855/27/855 854/27/854 822/26/822
f 887/28/887 886/28/886 854/27/854
f 919/29/919 918/29/918 886/28/886
f 951/30/951 950/30/950 918/29/918
f 983/31/983 982/31/982 950/30/950
f 1015/32/1015 1014/32/1014 982/31/982
f 1047/33/1047 1046/33/1046 1014/32/1014
f 1079/34/1079 1078/34/1078 1046/33/1046
f 1111/35/1111 1110/35/1110 1078/34/1078
f 1143/36/1143 1142/36/1142 1110/35/1110
f 1175/37/1175 1174/37/1174 1142/36/1142
f 1207/38/1207 1206/38/1206 1174/37/1174
f 1239/39/1238 1238/39/1237 1206/38/1206
f 1271/40/1268 1270/40/1267 1238/39/1237
f 1303/41/1298 1302/41/1297 1270/40/1267
f 1335/42/1329 1334/42/1328 1302/41/1297
f 1367/43/1359 1366/43/1358 1334/42/1328
f 1399/44/1389 1398/44/1388 1366/43/1358
f 1431/45/1419 1430/45/1418 1398/44/1388
f 1463/46/1449 1462/46/1448 1430/45/1418
f 1495/47/1480 1494/47/1479 1462/46/1448
f 1527/48/1510 1526/48/1509 1494/47/1479
f 1559/49/1540 1558/49/1539 1526/48/1509
f 1591/50/1570 1590/50/1569 1558/49/1539
f 1623/51/1600 1622/51/1599 1590/50/1569
f 1655/52/1630 1654/52/1629 1622/51/1599
f 1687/53/1660 1686/53/1659 1654/52/1629
f 1719/54/1691 1718/54/1690 1686/53/1659
f 1751/55/1721 1750/55/1720 1718/54/1690
f 1783/56/1751 1782/56/1750 1750/55/1720
f 1815/57/1781 1814/57/1780 1782/56/1750
f 1847/58/1811 1846/58/1810 1814/57/1780
f 1879/59/1842 1878/59/1841 1846/58/1810
f 1911/60/1873 1910/60/1872 1878/59/1841
f 1943/61/1904 1942/61/1903 1910/60/1872
f 1975/62/1934 1974/62/1933 1942/61/1903
f 2007/63/1964 2006/63/1963 1974/62/1933
f 56/2/56 55/2/55 23/1/23
f 88/3/88 87/3/87 55/2/55
f 120/4/120 119/4/119 87/3/87
f 152/5/152 151/5/151 119/4/119
f 184/6/184 183/6/183 151/5/151
f 216/7/216 215/7/215 183/6/183
f 248/8/248 247/8/247 215/7/215
f 280/9/280 279/9/279 247/8/247
f 312/10/312 311/10/311 279/9/279
f 344/11/344 343/11/343 311/10/311
f 376/12/376 375/12/375 343/11/343
f 408/13/408 407/13/407 375/12/375
f 440/14/440 439/14/439 407/13/407
f 472/15/472 471/15/471 439/14/439
f 504/16/504 503/16/503 471/15/471
f 536/17/536 535/17/535 503/16/503
f 568/18/568 567/18/567 535/17/535
f 600/19/600 599/19/599 567/18/567
f 632/20/632 631/20/631 599/19/599
f 664/21/664 663/21/663 631/20/631
f 696/22/696 695/22/695 663/21/663
f 728/23/728 727/23/727 695/22/695
f 760/24/760 759/24/759 727/23/727
f 792/25/792 791/25/791 759/24/759
f 824/26/824 823/26/823 791/25/791
f 856/27/856 855/27/855 823/26/823
f 888/28/888 887/28/887 855/27/855
f 920/29/920 919/29/919 887/28/887
f 952/30/952 951/30/951 919/29/919
f 984/31/984 983/31/983 951/30/951
f 1016/32/1016 1015/32/1015 983/31/983
f 1048/33/1048 1047/33/1047 1015/32/1015
f 1080/34/1080 1079/34/1079 1047/33/1047
f 1112/35/1112 1111/35/1111 1079/34/1079
f 1144/36/1144 1143/36/1143 1111/35/1111
f 1176/37/1176 1175/37/1175 1143/36/1143
f 1208/38/1208 1207/38/1207 1175/37/1175
f 1240/39/1239 1239/39/1238 1207/38/1207
f 1272/40/1269 1271/40/1268 1239/39/1238
f 1304/41/1299 1303/41/1298 1271/40/1268
f 1336/42/1330 1335/42/1329 1303/41/1298
f 1368/43/1360 1367/43/1359 1335/42/1329
f 1400/44/1390 1399/44/1389 1367/43/1359
f 1432/45/1420 1431/45/1419 1399/44/1389
f 1464/46/1450 1463/46/1449 1431/45/1419
f 1496/47/1481 1495/47/1480 1463/46/1449
f 1528/48/1511 1527/48/1510 1495/47/1480
f 1560/49/1541 1559/49/1540 1527/48/1510
f 1592/50/1571 1591/50/1570 1559/49/1540
f 1624/51/1601 1623/51/1600 1591/50/1570
f 1656/52/1631 1655/52/1630 1623/51/1600
f 1688/53/1661 1687/53/1660 1655/52/1630
f 1720/54/1692 1719/54/1691 1687/53/1660
f 1752/55/1722 1751/55/1721 1719/54/1691
f 1784/56/1752 1783/56/1751 1751/55/1721
f 1816/57/1782 1815/57/1781 1783/56/1751
f 1848/58/1812 1847/58/1811 1815/57/1781
f 1880/59/1843 1879/59/1842 1847/58/1811
f 1912/60/1874 1911/60/1873 1879/59/1842
f 1944/61/1905 1943/61/1904 1911/60/1873
f 1976/62/1935 1975/62/1934 1943/61/1904
f 2008/63/1965 2007/63/1964 1975/62/1934
f 57/2/57 56/2/56 24/1/24
f 89/3/89 88/3/88 56/2/56
f 121/4/121 120/4/120 88/3/88
f 153/5/153 152/5/152 120/4/120
f 185/6/185 184/6/184 152/5/152
f 217/7/217 216/7/216 184/6/184
f 249/8/249 248/8/248 216/7/216
f 281/9/281 280/9/280 248/8/248
f 313/10/313 312/10/312 280/9/280
f 345/11/345 344/11/344 312/10/312
f 377/12/377 376/12/376 344/11/344
f 409/13/409 408/13/408 376/12/376
f 441/14/441 440/14/440 408/13/408
f 473/15/473 472/15/472 440/14/440
f 505/16/505 504/16/504 472/15/472
f 537/17/537 536/17/536 504/16/504
f 569/18/569 568/18/568 536/17/536
f 601/19/601 600/19/600 568/18/568
f 633/20/633 632/20/632 600/19/600
f 665/21/665 664/21/664 632/20/632
f 697/22/697 696/22/696 664/21/664
f 729/23/729 728/23/728 696/22/696
f 761/24/761 760/24/760 728/23/728
f 793/25/793 792/25/792 760/24/760
f 825/26/825 824/26/824 792/25/792
f 857/27/857 856/27/856 824/26/824
f 889/28/889 888/28/888 856/27/856
f 921/29/921 920/29/920 888/28/888
f 953/30/953 952/30/952 920/29/920
f 985/31/985 984/31/984 952/30/952
f 1017/32/1017 1016/32/1016 984/31/984
f 1049/33/1049 1048/33/1048 1016/32/1016
f 1081/34/1081 1080/34/1080 1048/33/1048
f 1113/35/1113 1112/35/1112 1080/34/1080
f 1145/36/1145 1144/36/1144 1112/35/1112
f 1177/37/1177 1176/37/1176 1144/36/1144
f 1209/38/1209 1208/38/1208 1176/37/1176
f 1241/39/41 1240/39/1239 1208/38/1208
f 1273/40/73 1272/40/1269 1240/39/1239
f 1305/41/105 1304/41/1299 1272/40/1269
f 1337/42/137 1336/42/1330 1304/41/1299
f 1369/43/169 1368/43/1360 1336/42/1330
f 1401/44/201 1400/44/1390 1368/43/1360
f 1433/45/233 1432/45/1420 1400/44/1390
f 1465/46/265 1464/46/1450 1432/45/1420
f 1497/47/297 1496/47/1481 1464/46/1450
f 1529/48/329 1528/48/1511 1496/47/1481
f 1561/49/361 1560/49/1541 1528/48/1511
f 1593/50/393 1592/50/1571 1560/49/1541
f 1625/51/425 1624/51/1601 1592/50/1571
f 1657/52/457 1656/52/1631 1624/51/1601
f 1689/53/489 1688/53/1661 1656/52/1631
f 1721/54/521 1720/54/1692 1688/53/1661
f 1753/55/553 1752/55/1722 1720/54/1692
f 1785/56/585 1784/56/1752 1752/55/1722
f 1817/57/617 1816/57/1782 1784/56/1752
f 1849/58/649 1848/58/1812 1816/57/1782
f 1881/59/1844 1880/59/1843 1848/58/1812
f 1913/60/713 1912/60/1874 1880/59/1843
f 1945/61/745 1944/61/1905 1912/60/1874
f 1977/62/777 1976/62/1935 1944/61/1905
f 2009/63/809 2008/63/1965 1976/62/1935
f 58/2/58 57/2/57 25/1/25
f 90/3/90 89/3/89 57/2/57
f 122/4/122 121/4/121 89/3/89
f 154/5/154 153/5/153 121/4/121
f 186/6/186 185/6/185 153/5/153
f 218/7/218 217/7/217 185/6/185
f 250/8/250 249/8/249 217/7/217
f 282/9/282 281/9/281 249/8/249
f 314/10/314 313/10/313 281/9/281
f 346/11/346 345/11/345 313/10/313
f 378/12/378 377/12/377 345/11/345
f 410/13/410 409/13/409 377/12/377
f 442/14/442 441/14/441 409/13/409
f 474/15/474 473/15/473 441/14/441
f 506/16/506 505/16/505 473/15/473
f 538/17/538 537/17/537 505/16/505
f 570/18/570 569/18/569 537/17/537
f 602/19/602 601/19/601 569/18/569
f 634/20/634 633/20/633 601/19/601
f 666/21/666 665/21/665 633/20/633
f 698/22/698 697/22/697 665/21/665
f 730/23/730 729/23/729 697/22/697
f 762/24/762 761/24/761 729/23/729
f 794/25/794 793/25/793 761/24/761
f 826/26/826 825/26/825 793/25/793
f 858/27/858 857/27/857 825/26/825
f 890/28/890 889/28/889 857/27/857
f 922/29/922 921/29/921 889/28/889
f 954/30/954 953/30/953 921/29/921
f 986/31/986 985/31/985 953/30/953
f 1018/32/1018 1017/32/1017 985/31/985
f 1050/33/1050 1049/33/1049 1017/32/1017
f 1082/34/1082 1081/34/1081 1049/33/1049
f 1114/35/1114 1113/35/1113 1081/34/1081
f 1146/36/1146 1145/36/1145 1113/35/1113
f 1178/37/1178 1177/37/1177 1145/36/1145
f 1210/38/1210 1209/38/1209 1177/37/1177
f 1242/39/1240 1241/39/41 1209/38/1209
f 1274/40/1270 1273/40/73 1241/39/41
f 1306/41/1300 1305/41/105 1273/40/73
f 1338/42/1331 1337/42/137 1305/41/105
f 1370/43/1361 1369/43/169 1337/42/137
f 1402/44/1391 1401/44/201 1369/43/169
f 1434/45/1421 1433/45/233 1401/44/201
f 1466/46/1451 1465/46/265 1433/45/233
f 1498/47/1482 1497/47/297 1465/46/265
f 1530/48/1512 1529/48/329 1497/47/297
f 1562/49/1542 1561/49/361 1529/48/329
f 1594/50/1572 1593/50/393 1561/49/361
f 1626/51/1602 1625/51/425 1593/50/393
f 1658/52/1632 1657/52/457 1625/51/425
f 1690/53/1662 1689/53/489 1657/52/457
f 1722/54/1693 1721/54/521 1689/53/489
f 1754/55/1723 1753/55/553 1721/54/521
f 1786/56/1753 1785/56/585 1753/55/553
f 1818/57/1783 1817/57/617 1785/56/585
f 1850/58/1813 1849/58/649 1817/57/617
f 1882/59/1845 1881/59/1844 1849/58/649
f 1914/60/1875 1913/60/713 1881/59/1844
f 1946/61/1906 1945/61/745 1913/60/713
f 1978/62/1936 1977/62/777 1945/61/745
f 2010/63/1966 2009/63/809 1977/62/777
f 59/2/59 58/2/58 26/1/26
f 91/3/91 90/3/90 58/2/58
f 123/4/123 122/4/122 90/3/90
f 155/5/155 154/5/154 122/4/122
f 187/6/187 186/6/186 154/5/154
f 219/7/219 218/7/218 186/6/186
f 251/8/251 250/8/250 218/7/218
f 283/9/283 282/9/282 250/8/250
f 315/10/315 314/10/314 282/9/282
f 347/11/347 346/11/346 314/10/314
f 379/12/379 378/12/378 346/11/346
f 411/13/411 410/13/410 378/12/378
f 443/14/443 442/14/442 410/13/410
f 475/15/475 474/15/474 442/14/442
f 507/16/507 506/16/506 474/15/474
f 539/17/539 538/17/538 506/16/506
f 571/18/571 570/18/570 538/17/538
f 603/19/603 602/19/602 570/18/570
f 635/20/635 634/20/634 602/19/602
f 667/21/667 666/21/666 634/20/634
f 699/22/699 698/22/698 666/21/666
f 731/23/731 730/23/730 698/22/698
f 763/24/763 762/24/762 730/23/730
f 795/25/795 794/25/794 762/24/762
f 827/26/827 826/26/826 794/25/794
f 859/27/859 858/27/858 826/26/826
f 891/28/891 890/28/890 858/27/858
f 923/29/923 922/29/922 890/28/890
f 955/30/955 954/30/954 922/29/922
f 987/31/987 986/31/986 954/30/954
f 1019/32/1019 1018/32/1018 986/31/986
f 1051/33/1051 1050/33/1050 1018/32/1018
f 1083/34/1083 1082/34/1082 1050/33/1050
f 1115/35/1115 1114/35/1114 1082/34/1082
f 1147/36/1147 1146/36/1146 1114/35/1114
f 1179/37/1179 1178/37/1178 1146/36/1146
f 1211/38/1211 1210/38/1210 1178/37/1178
f 1243/39/1241 1242/39/1240 1210/38/1210
f 1275/40/1271 1274/40/1270 1242/39/1240
f 1307/41/1301 1306/41/1300 1274/40/1270
f 1339/42/1332 1338/42/1331 1306/41/1300
f 1371/43/1362 1370/43/1361 1338/42/1331
f 1403/44/1392 1402/44/1391 1370/43/1361
f 1435/45/1422 1434/45/1421 1402/44/1391
f 1467/46/1452 1466/46/1451 1434/45/1421
f 1499/47/1483 1498/47/1482 1466/46/1451
f 1531/48/1513 1530/48/1512 1498/47/1482
f 1563/49/1543 1562/49/1542 1530/48/1512
f 1595/50/1573 1594/50/1572 1562/49/1542
f 1627/51/1603 1626/51/1602 1594/50/1572
f 1659/52/1633 1658/52/1632 1626/51/1602
f 1691/53/1663 1690/53/1662 1658/52/1632
f 1723/54/1694 1722/54/1693 1690/53/1662
f 1755/55/1724 1754/55/1723 1722/54/1693
f 1787/56/1754 1786/56/1753 1754/55/1723
f 1819/57/1784 1818/57/1783 1786/56/1753
f 1851/58/1814 1850/58/1813 1818/57/1783
f 1883/59/1846 1882/59/1845 1850/58/1813
f 1915/60/1876 1914/60/1875 1882/59/1845
f 1947/61/1907 1946/61/1906 1914/60/1875
f 1979/62/1937 1978/62/1936 1946/61/1906
f 2011/63/1967 2010/63/1966 1978/62/1936
f 60/2/60 59/2/59 27/1/27
f 92/3/92 91/3/91 59/2/59
f 124/4/124 123/4/123 91/3/91
f 156/5/156 155/5/155 123/4/123
f 188/6/188 187/6/187 155/5/155
f 220/7/220 219/7/219 187/6/187
f 252/8/252 251/8/251 219/7/219
f 284/9/284 283/9/283 251/8/251
f 316/10/316 315/10/315 283/9/283
f 348/11/348 347/11/347 315/10/315
f 380/12/380 379/12/379 347/11/347
f 412/13/412 411/13/411 379/12/379
f 444/14/444 443/14/443 411/13/411
f 476/15/476 475/15/475 443/14/443
f 508/16/508 507/16/507 475/15/475
f 540/17/540 539/17/539 507/16/507
f 572/18/572 571/18/571 539/17/539
f 604/19/604 603/19/603 571/18/571
f 636/20/636 635/20/635 603/19/603
f 668/21/668 667/21/667 635/20/635
f 700/22/700 699/22/699 667/21/667
f 732/23/732 731/23/731 699/22/699
f 764/24/764 763/24/763 731/23/731
f 796/25/796 795/25/795 763/24/763
f 828/26/828 827/26/827 795/25/795
f 860/27/860 859/27/859 827/26/827
f 892/28/892 891/28/891 859/27/859
f 924/29/924 923/29/923 891/28/891
f 956/30/956 955/30/955 923/29/923
f 988/31/988 987/31/987 955/30/955
f 1020/32/1020 1019/32/1019 987/31/987
f 1052/33/1052 1051/33/1051 1019/32/1019
f 1084/34/1084 1083/34/1083 1051/33/1051
f 1116/35/1116 1115/35/1115 1083/34/1083
f 1148/36/1148 1147/36/1147 1115/35/1115
f 1180/37/1180 1179/37/1179 1147/36/1147
f 1212/38/1212 1211/38/1211 1179/37/1179
f 1244/39/1242 1243/39/1241 1211/38/1211
f 1276/40/1272 1275/40/1271 1243/39/1241
f 1308/41/1302 1307/41/1301 1275/40/1271
f 1340/42/1333 1339/42/1332 1307/41/1301
f 1372/43/1363 1371/43/1362 1339/42/1332
f 1404/44/1393 1403/44/1392 1371/43/1362
f 1436/45/1423 1435/45/1422 1403/44/1392
f 1468/46/1453 1467/46/1452 1435/45/1422
f 1500/47/1484 1499/47/1483 1467/46/1452
f 1532/48/1514 1531/48/1513 1499/47/1483
f 1564/49/1544 1563/49/1543 1531/48/1513
f 1596/50/1574 1595/50/1573 1563/49/1543
f 1628/51/1604 1627/51/1603 1595/50/1573
f 1660/52/1634 1659/52/1633 1627/51/1603
f 1692/53/1664 1691/53/1663 1659/52/1633
f 1724/54/1695 1723/54/1694 1691/53/1663
f 1756/55/1725 1755/55/1724 1723/54/1694
f 1788/56/1755 1787/56/1754 1755/55/1724
f 1820/57/1785 1819/57/1784 1787/56/1754
f 1852/58/1815 1851/58/1814 1819/57/1784
f 1884/59/1847 1883/59/1846 1851/58/1814
f 1916/60/1877 1915/60/1876 1883/59/1846
f 1948/61/1908 1947/61/1907 1915/60/1876
f 1980/62/1938 1979/62/1937 1947/61/1907
f 2012/63/1968 2011/63/1967 1979/62/1937
f 61/2/61 60/2/60 28/1/28
f 93/3/93 92/3/92 60/2/60
f 125/4/125 124/4/124 92/3/92
f 157/5/157 156/5/156 124/4/124
f 189/6/189 188/6/188 156/5/156
f 221/7/221 220/7/220 188/6/188
f 253/8/253 252/8/252 220/7/220
f 285/9/285 284/9/284 252/8/252
f 317/10/317 316/10/316 284/9/284
f 349/11/349 348/11/348 316/10/316
f 381/12/381 380/12/380 348/11/348
f 413/13/413 412/13/412 380/12/380
f 445/14/445 444/14/444 412/13/412
f 477/15/477 476/15/476 444/14/444
f 509/16/509 508/16/508 476/15/476
f 541/17/541 540/17/540 508/16/508
f 573/18/573 572/18/572 540/17/540
f 605/19/605 604/19/604 572/18/572
f 637/20/637 636/20/636 604/19/604
f 669/21/669 668/21/668 636/20/636
f 701/22/701 700/22/700 668/21/668
f 733/23/733 732/23/732 700/22/700
f 765/24/765 764/24/764 732/23/732
f 797/25/797 796/25/796 764/24/764
f 829/26/829 828/26/828 796/25/796
f 861/27/861 860/27/860 828/26/828
f 893/28/893 892/28/892 860/27/860
f 925/29/925 924/29/924 892/28/892
f 957/30/957 956/30/956 924/29/924
f 989/31/989 988/31/988 956/30/956
f 1021/32/1021 1020/32/1020 988/31/988
f 1053/33/1053 1052/33/1052 1020/32/1020
f 1085/34/1085 1084/34/1084 1052/33/1052
f 1117/35/1117 1116/35/1116 1084/34/1084
f 1149/36/1149 1148/36/1148 1116/35/1116
f 1181/37/1181 1180/37/1180 1148/36/1148
f 1213/38/1213 1212/38/1212 1180/37/1180
f 1245/39/1243 1244/39/1242 1212/38/1212
f 1277/40/1273 1276/40/1272 1244/39/1242
f 1309/41/1303 1308/41/1302 1276/40/1272
f 1341/42/1334 1340/42/1333 1308/41/1302
f 1373/43/1364 1372/43/1363 1340/42/1333
f 1405/44/1394 1404/44/1393 1372/43/1363
f 1437/45/1424 1436/45/1423 1404/44/1393
f 1469/46/1454 1468/46/1453 1436/45/1423
f 1501/47/1485 1500/47/1484 1468/46/1453
f 1533/48/1515 1532/48/1514 1500/47/1484
f 1565/49/1545 1564/49/1544 1532/48/1514
f 1597/50/1575 1596/50/1574 1564/49/1544
f 1629/51/1605 1628/51/1604 1596/50/1574
f 1661/52/1635 1660/52/1634 1628/51/1604
f 1693/53/1665 1692/53/1664 1660/52/1634
f 1725/54/1696 1724/54/1695 1692/53/1664
f 1757/55/1726 1756/55/1725 1724/54/1695
f 1789/56/1756 1788/56/1755 1756/55/1725
f 1821/57/1786 1820/57/1785 1788/56/1755
f 1853/58/1816 1852/58/1815 1820/57/1785
f 1885/59/1848 1884/59/1847 1852/58/1815
f 1917/60/1878 1916/60/1877 1884/59/1847
f 1949/61/1909 1948/61/1908 1916/60/1877
f 1981/62/1939 1980/62/1938 1948/61/1908
f 2013/63/1969 2012/63/1968 1980/62/1938
f 62/2/62 61/2/61 29/1/29
f 94/3/94 93/3/93 61/2/61
f 126/4/126 125/4/125 93/3/93
f 158/5/158 157/5/157 125/4/125
f 190/6/190 189/6/189 157/5/157
f 222/7/222 221/7/221 189/6/189
f 254/8/254 253/8/253 221/7/221
f 286/9/286 285/9/285 253/8/253
f 318/10/318 317/10/317 285/9/285
f 350/11/350 349/11/349 317/10/317
f 382/12/382 381/12/381 349/11/349
f 414/13/414 413/13/413 381/12/381
f 446/14/446 445/14/445 413/13/413
f 478/15/478 477/15/477 445/14/445
f 510/16/510 509/16/509 477/15/477
f 542/17/542 541/17/541 509/16/509
f 574/18/574 573/18/573 541/17/541
f 606/19/606 605/19/605 573/18/573
f 638/20/638 637/20/637 605/19/605
f 670/21/670 669/21/669 637/20/637
f 702/22/702 701/22/701 669/21/669
f 734/23/734 733/23/733 701/22/701
f 766/24/766 765/24/765 733/23/733
f 798/25/798 797/25/797 765/24/765
f 830/26/830 829/26/829 797/25/797
f 862/27/862 861/27/861 829/26/829
f 894/28/894 893/28/893 861/27/861
f 926/29/926 925/29/925 893/28/893
f 958/30/958 957/30/957 925/29/925
f 990/31/990 989/31/989 957/30/957
f 1022/32/1022 1021/32/1021 989/31/989
f 1054/33/1054 1053/33/1053 1021/32/1021
f 1086/34/1086 1085/34/1085 1053/33/1053
f 1118/35/1118 1117/35/1117 1085/34/1085
f 1150/36/1150 1149/36/1149 1117/35/1117
f 1182/37/1182 1181/37/1181 1149/36/1149
f 1214/38/1214 1213/38/1213 1181/37/1181
f 1246/39/1244 1245/39/1243 1213/38/1213
f 1278/40/1274 1277/40/1273 1245/39/1243
f 1310/41/1304 1309/41/1303 1277/40/1273
f 1342/42/1335 1341/42/1334 1309/41/1303
f 1374/43/1365 1373/43/1364 1341/42/1334
f 1406/44/1395 1405/44/1394 1373/43/1364
f 1438/45/1425 1437/45/1424 1405/44/1394
f 1470/46/1455 1469/46/1454 1437/45/1424
f 1502/47/1486 1501/47/1485 1469/46/1454
f 1534/48/1516 1533/48/1515 1501/47/1485
f 1566/49/1546 1565/49/1545 1533/48/1515
f 1598/50/1576 1597/50/1575 1565/49/1545
f 1630/51/1606 1629/51/1605 1597/50/1575
f 1662/52/1636 1661/52/1635 1629/51/1605
f 1694/53/1666 1693/53/1665 1661/52/1635
f 1726/54/1697 1725/54/1696 1693/53/1665
f 1758/55/1727 1757/55/1726 1725/54/1696
f 1790/56/1757 1789/56/1756 1757/55/1726
f 1822/57/1787 1821/57/1786 1789/56/1756
f 1854/58/1817 1853/58/1816 1821/57/1786
f 1886/59/1849 1885/59/1848 1853/58/1816
f 1918/60/1879 1917/60/1878 1885/59/1848
f 1950/61/1910 1949/61/1909 1917/60/1878
f 1982/62/1940 1981/62/1939 1949/61/1909
f 2014/63/1970 2013/63/1969 1981/62/1939
f 63/2/63 62/2/62 30/1/30
f 95/3/95 94/3/94 62/2/62
f 127/4/127 126/4/126 94/3/94
f 159/5/159 158/5/158 126/4/126
f 191/6/191 190/6/190 158/5/158
f 223/7/223 222/7/222 190/6/190
f 255/8/255 254/8/254 222/7/222
f 287/9/287 286/9/286 254/8/254
f 319/10/319 318/10/318 286/9/286
f 351/11/351 350/11/350 318/10/318
f 383/12/383 382/12/382 350/11/350
f 415/13/415 414/13/414 382/12/382
f 447/14/447 446/14/446 414/13/414
f 479/15/479 478/15/478 446/14/446
f 511/16/511 510/16/510 478/15/478
f 543/17/543 542/17/542 510/16/510
f 575/18/575 574/18/574 542/17/542
f 607/19/607 606/19/606 574/18/574
f 639/20/639 638/20/638 606/19/606
f 671/21/671 670/21/670 638/20/638
f 703/22/703 702/22/702 670/21/670
f 735/23/735 734/23/734 702/22/702
f 767/24/767 766/24/766 734/23/734
f 799/25/799 798/25/798 766/24/766
f 831/26/831 830/26/830 798/25/798
f 863/27/863 862/27/862 830/26/830
f 895/28/895 894/28/894 862/27/862
f 927/29/927 926/29/926 894/28/894
f 959/30/959 958/30/958 926/29/926
f 991/31/991 990/31/990 958/30/958
f 1023/32/1023 1022/32/1022 990/31/990
f 1055/33/1055 1054/33/1054 1022/32/1022
f 1087/34/1087 1086/34/1086 1054/33/1054
f 1119/35/1119 1118/35/1118 1086/34/1086
f 1151/36/1151 1150/36/1150 1118/35/1118
f 1183/37/1183 1182/37/1182 1150/36/1150
f 1215/38/1215 1214/38/1214 1182/37/1182
f 1247/39/1245 1246/39/1244 1214/38/1214
f 1279/40/1275 1278/40/1274 1246/39/1244
f 1311/41/1305 1310/41/1304 1278/40/1274
f 1343/42/1336 1342/42/1335 1310/41/1304
f 1375/43/1366 1374/43/1365 1342/42/1335
f 1407/44/1396 1406/44/1395 1374/43/1365
f 1439/45/1426 1438/45/1425 1406/44/1395
f 1471/46/1456 1470/46/1455 1438/45/1425
f 1503/47/1487 1502/47/1486 1470/46/1455
f 1535/48/1517 1534/48/1516 1502/47/1486
f 1567/49/1547 1566/49/1546 1534/48/1516
f 1599/50/1577 1598/50/1576 1566/49/1546
f 1631/51/1607 1630/51/1606 1598/50/1576
f 1663/52/1637 1662/52/1636 1630/51/1606
f 1695/53/1667 1694/53/1666 1662/52/1636
f 1727/54/1698 1726/54/1697 1694/53/1666
f 1759/55/1728 1758/55/1727 1726/54/1697
f 1791/56/1758 1790/56/1757 1758/55/1727
f 1823/57/1788 1822/57/1787 1790/56/1757
f 1855/58/1818 1854/58/1817 1822/57/1787
f 1887/59/1850 1886/59/1849 1854/58/1817
f 1919/60/1880 1918/60/1879 1886/59/1849
f 1951/61/1911 1950/61/1910 1918/60/1879
f 1983/62/1941 1982/62/1940 1950/61/1910
f 2015/63/1971 2014/63/1970 1982/62/1940
f 64/2/64 63/2/63 31/1/31
f 96/3/96 95/3/95 63/2/63
f 128/4/128 127/4/127 95/3/95
f 160/5/160 159/5/159 127/4/127
f 192/6/192 191/6/191 159/5/159
f 224/7/224 223/7/223 191/6/191
f 256/8/256 255/8/255 223/7/223
f 288/9/288 287/9/287 255/8/255
f 320/10/320 319/10/319 287/9/287
f 352/11/352 351/11/351 319/10/319
f 384/12/384 383/12/383 351/11/351
f 416/13/416 415/13/415 383/12/383
f 448/14/448 447/14/447 415/13/415
f 480/15/480 479/15/479 447/14/447
f 512/16/512 511/16/511 479/15/479
f 544/17/544 543/17/543 511/16/511
f 576/18/576 575/18/575 543/17/543
f 608/19/608 607/19/607 575/18/575
f 640/20/640 639/20/639 607/19/607
f 672/21/672 671/21/671 639/20/639
f 704/22/704 703/22/703 671/21/671
f 736/23/736 735/23/735 703/22/703
f 768/24/768 767/24/767 735/23/735
f 800/25/800 799/25/799 767/24/767
f 832/26/832 831/26/831 799/25/799
f 864/27/864 863/27/863 831/26/831
f 896/28/896 895/28/895 863/27/863
f 928/29/928 927/29/927 895/28/895
f 960/30/960 959/30/959 927/29/927
f 992/31/992 991/31/991 959/30/959
f 1024/32/1024 1023/32/1023 991/31/991
f 1056/33/1056 1055/33/1055 1023/32/1023
f 1088/34/1088 1087/34/1087 1055/33/1055
f 1120/35/1120 1119/35/1119 1087/34/1087
f 1152/36/1152 1151/36/1151 1119/35/1119
f 1184/37/1184 1183/37/1183 1151/36/1151
f 1216/38/1216 1215/38/1215 1183/37/1183
f 1248/39/1246 1247/39/1245 1215/38/1215
f 1280/40/1276 1279/40/1275 1247/39/1245
f 1312/41/1306 1311/41/1305 1279/40/1275
f 1344/42/1337 1343/42/1336 1311/41/1305
f 1376/43/1367 1375/43/1366 1343/42/1336
f 1408/44/1397 1407/44/1396 1375/43/1366
f 1440/45/1427 1439/45/1426 1407/44/1396
f 1472/46/1457 1471/46/1456 1439/45/1426
f 1504/47/1488 1503/47/1487 1471/46/1456
f 1536/48/1518 1535/48/1517 1503/47/1487
f 1568/49/1548 1567/49/1547 1535/48/1517
f 1600/50/1578 1599/50/1577 1567/49/1547
f 1632/51/1608 1631/51/1607 1599/50/1577
f 1664/52/1638 1663/52/1637 1631/51/1607
f 1696/53/1668 1695/53/1667 1663/52/1637
f 1728/54/1699 1727/54/1698 1695/53/1667
f 1760/55/1729 1759/55/1728 1727/54/1698
f 1792/56/1759 1791/56/1758 1759/55/1728
f 1824/57/1789 1823/57/1788 1791/56/1758
f 1856/58/1819 1855/58/1818 1823/57/1788
f 1888/59/1851 1887/59/1850 1855/58/1818
f 1920/60/1881 1919/60/1880 1887/59/1850
f 1952/61/1912 1951/61/1911 1919/60/1880
f 1984/62/1942 1983/62/1941 1951/61/1911
f 2016/63/1972 2015/63/1971 1983/62/1941
f 33/2/33 64/2/64 32/1/32
f 65/3/65 96/3/96 64/2/64
f 97/4/97 128/4/128 96/3/96
f 129/5/129 160/5/160 128/4/128
f 161/6/161 192/6/192 160/5/160
f 193/7/193 224/7/224 192/6/192
f 225/8/225 256/8/256 224/7/224
f 257/9/257 288/9/288 256/8/256
f 289/10/289 320/10/320 288/9/288
f 321/11/321 352/11/352 320/10/320
f 353/12/353 384/12/384 352/11/352
f 385/13/385 416/13/416 384/12/384
f 417/14/417 448/14/448 416/13/416
f 449/15/449 480/15/480 448/14/448
f 481/16/481 512/16/512 480/15/480
f 513/17/513 544/17/544 512/16/512
f 545/18/545 576/18/576 544/17/544
f 577/19/577 608/19/608 576/18/576
f 609/20/609 640/20/640 608/19/608
f 641/21/641 672/21/672 640/20/640
f 673/22/673 704/22/704 672/21/672
f 705/23/705 736/23/736 704/22/704
f 737/24/737 768/24/768 736/23/736
f 769/25/769 800/25/800 768/24/768
f 801/26/801 832/26/832 800/25/800
f 833/27/833 864/27/864 832/26/832
f 865/28/865 896/28/896 864/27/864
f 897/29/897 928/29/928 896/28/896
f 929/30/929 960/30/960 928/29/928
f 961/31/961 992/31/992 960/30/960
f 993/32/993 1024/32/1024 992/31/992
f 1025/33/1025 1056/33/1056 1024/32/1024
f 1057/34/1057 1088/34/1088 1056/33/1056
f 1089/35/1089 1120/35/1120 1088/34/1088
f 1121/36/1121 1152/36/1152 1120/35/1120
f 1153/37/1153 1184/37/1184 1152/36/1152
f 1185/38/1185 1216/38/1216 1184/37/1184
f 1217/39/1217 1248/39/1246 1216/38/1216
f 1249/40/1247 1280/40/1276 1248/39/1246
f 1281/41/1277 1312/41/1306 1280/40/1276
f 1313/42/1307 1344/42/1337 1312/41/1306
f 1345/43/1338 1376/43/1367 1344/42/1337
f 1377/44/1368 1408/44/1397 1376/43/1367
f 1409/45/1398 1440/45/1427 1408/44/1397
f 1441/46/1428 1472/46/1457 1440/45/1427
f 1473/47/1458 1504/47/1488 1472/46/1457
f 1505/48/1489 1536/48/1518 1504/47/1488
f 1537/49/1519 1568/49/1548 1536/48/1518
f 1569/50/1549 1600/50/1578 1568/49/1548
f 1601/51/1579 1632/51/1608 1600/50/1578
f 1633/52/1609 1664/52/1638 1632/51/1608
f 1665/53/1639 1696/53/1668 1664/52/1638
f 1697/54/1669 1728/54/1699 1696/53/1668
f 1729/55/1700 1760/55/1729 1728/54/1699
f 1761/56/1730 1792/56/1759 1760/55/1729
f 1793/57/1760 1824/57/1789 1792/56/1759
f 1825/58/1790 1856/58/1819 1824/57/1789
f 1857/59/1820 1888/59/1851 1856/58/1819
f 1889/60/1852 1920/60/1881 1888/59/1851
f 1921/61/1882 1952/61/1912 1920/60/1881
f 1953/62/1913 1984/62/1942 1952/61/1912
f 1985/63/1943 2016/63/1972 1984/62/1942
f 3/1/3 2/1/2 1/1/1
f 1/1/1 32/1/32 31/1/31
f 31/1/31 30/1/30 29/1/29
f 29/1/29 28/1/28 27/1/27
f 27/1/27 26/1/26 25/1/25
f 25/1/25 24/1/24 23/1/23
f 23/1/23 22/1/22 21/1/21
f 21/1/21 20/1/20 19/1/19
f 19/1/19 18/1/18 17/1/17
f 17/1/17 16/1/16 15/1/15
f 15/1/15 14/1/14 13/1/13
f 13/1/13 12/1/12 11/1/11
f 11/1/11 10/1/10 9/1/9
f 9/1/9 8/1/8 7/1/7
f 7/1/7 6/1/6 5/1/5
f 5/1/5 4/1/4 3/1/3
f 3/1/3 1/1/1 31/1/31
f 31/1/31 29/1/29 27/1/27
f 27/1/27 25/1/25 23/1/23
f 23/1/23 21/1/21 19/1/19
f 19/1/19 17/1/17 15/1/15
f 15/1/15 13/1/13 11/1/11
f 11/1/11 9/1/9 7/1/7
f 7/1/7 5/1/5 3/1/3
f 3/1/3 31/1/31 27/1/27
f 27/1/27 23/1/23 19/1/19
f 19/1/19 15/1/15 11/1/11
f 11/1/11 7/1/7 3/1/3
f 3/1/3 27/1/27 19/1/19
usemtl emissive2
f 1986/63/1944 2017/64/1973 1985/63/1943
f 2018/64/1974 2049/65/2003 2017/64/1973
f 2050/65/2004 2081/66/2033 2049/65/2003
f 2082/66/2034 2113/67/2064 2081/66/2033
f 2114/67/2065 2145/68/2094 2113/67/2064
f 2146/68/2095 2177/69/2124 2145/68/2094
f 2178/69/2125 2209/70/2154 2177/69/2124
f 2210/70/2155 2241/71/2184 2209/70/2154
f 2242/71/2185 2273/72/2214 2241/71/2184
f 2274/72/2215 2305/73/2244 2273/72/2214
f 2306/73/2245 2337/74/2274 2305/73/2244
f 2338/74/2275 2369/75/2304 2337/74/2274
f 2370/75/2305 2401/76/33 2369/75/2304
f 2402/76/34 2433/77/2346 2401/76/33
f 2434/77/66 2465/78/97 2433/77/2346
f 2466/78/98 2497/79/129 2465/78/97
f 2498/79/130 2529/80/161 2497/79/129
f 2530/80/162 2561/81/193 2529/80/161
f 2562/81/194 2593/82/225 2561/81/193
f 2594/82/226 2625/83/257 2593/82/225
f 2626/83/258 2657/84/289 2625/83/257
f 2658/84/290 2689/85/321 2657/84/289
f 2690/85/322 2721/86/353 2689/85/321
f 2722/86/2403 2753/87/385 2721/86/353
f 2754/87/2411 2785/88/417 2753/87/385
f 2786/88/418 2817/89/449 2785/88/417
f 2818/89/450 2849/90/481 2817/89/449
f 2850/90/482 2881/91/513 2849/90/481
f 2882/91/514 2913/92/545 2881/91/513
f 2914/92/546 2945/93/577 2913/92/545
f 2946/93/578 2977/94/609 2945/93/577
f 2978/94/610 3009/95/641 2977/94/609
f 3010/95/642 3041/96/673 3009/95/641
f 3042/96/674 3073/97/705 3041/96/673
f 3074/97/706 3105/98/737 3073/97/705
f 3106/98/738 3137/99/769 3105/98/737
f 3138/99/770 3169/100/801 3137/99/769
f 3170/100/2471 3201/101/833 3169/100/801
f 3202/101/834 3233/102/2487 3201/101/833
f 3234/102/866 3265/103/897 3233/102/2487
f 3266/103/898 3297/104/929 3265/103/897
f 3298/104/930 3329/105/961 3297/104/929
f 3330/105/962 3361/106/993 3329/105/961
f 3362/106/994 3393/107/1025 3361/106/993
f 3394/107/2527 3425/108/1057 3393/107/1025
f 3426/108/2537 3457/109/1089 3425/108/1057
f 3458/109/1090 3489/110/2559 3457/109/1089
f 3490/110/1122 3521/111/1153 3489/110/2559
f 3522/111/1154 3553/112/2581 3521/111/1153
f 3554/112/1186 3585/113/1217 3553/112/2581
f 3586/113/1218 3617/114/1247 3585/113/1217
f 3618/114/1248 3649/115/2610 3617/114/1247
f 3650/115/1278 3681/116/1307 3649/115/2610
f 3682/116/1308 3713/117/1338 3681/116/1307
f 3714/117/2630 3745/118/1368 3713/117/1338
f 3746/118/1369 3777/119/1398 3745/118/1368
f 3778/119/1399 3809/120/1428 3777/119/1398
f 3810/120/2662 3841/121/1458 3809/120/1428
f 3842/121/1459 3873/122/1489 3841/121/1458
f 3874/122/1490 3905/123/1519 3873/122/1489
f 3906/123/1520 3937/124/1549 3905/123/1519
f 3938/124/1550 3969/125/1579 3937/124/1549
f 3970/125/1580 4001/126/1609 3969/125/1579
f 4002/126/1610 4033/127/1639 4001/126/1609
f 4034/127/1640 4065/128/1669 4033/127/1639
f 4066/128/1670 4097/129/1700 4065/128/1669
f 4098/129/1701 4129/130/2742 4097/129/1700
f 4130/130/1731 4161/131/1760 4129/130/2742
f 4162/131/1761 4193/132/1790 4161/131/1760
f 4194/132/1791 4225/133/1820 4193/132/1790
f 4226/133/1821 4257/134/1852 4225/133/1820
f 4258/134/1853 4289/135/1882 4257/134/1852
f 4290/135/1883 4321/136/1913 4289/135/1882
f 4322/136/1914 4353/137/2776 4321/136/1913
f 4354/137/1944 4385/138/1973 4353/137/2776
f 4386/138/1974 4417/139/2003 4385/138/1973
f 4418/139/2793 4449/140/2033 4417/139/2003
f 4450/140/2803 4481/141/2815 4449/140/2033
f 4482/141/2065 4513/142/2094 4481/141/2815
f 4514/142/2095 4545/143/2124 4513/142/2094
f 4546/143/2840 4577/144/2154 4545/143/2124
f 4578/144/2856 4609/145/2868 4577/144/2154
f 4610/145/2869 4641/146/2214 4609/145/2868
f 4642/146/2215 4673/147/2244 4641/146/2214
f 4674/147/2245 4705/148/2905 4673/147/2244
f 4706/148/2275 4737/149/2919 4705/148/2905
f 1987/63/1945 2018/64/1974 1986/63/1944
f 2019/64/1975 2050/65/2004 2018/64/1974
f 2051/65/2005 2082/66/2034 2050/65/2004
f 2083/66/2035 2114/67/2065 2082/66/2034
f 2115/67/2066 2146/68/2095 2114/67/2065
f 2147/68/2096 2178/69/2125 2146/68/2095
f 2179/69/2126 2210/70/2155 2178/69/2125
f 2211/70/2156 2242/71/2185 2210/70/2155
f 2243/71/2186 2274/72/2215 2242/71/2185
f 2275/72/2216 2306/73/2245 2274/72/2215
f 2307/73/2246 2338/74/2275 2306/73/2245
f 2339/74/2276 2370/75/2305 2338/74/2275
f 2371/75/2306 2402/76/34 2370/75/2305
f 2403/76/2334 2434/77/66 2402/76/34
f 2435/77/67 2466/78/98 2434/77/66
f 2467/78/99 2498/79/130 2466/78/98
f 2499/79/131 2530/80/162 2498/79/130
f 2531/80/163 2562/81/194 2530/80/162
f 2563/81/195 2594/82/226 2562/81/194
f 2595/82/227 2626/83/258 2594/82/226
f 2627/83/259 2658/84/290 2626/83/258
f 2659/84/291 2690/85/322 2658/84/290
f 2691/85/2392 2722/86/2403 2690/85/322
f 2723/86/355 2754/87/2411 2722/86/2403
f 2755/87/387 2786/88/418 2754/87/2411
f 2787/88/419 2818/89/450 2786/88/418
f 2819/89/451 2850/90/482 2818/89/450
f 2851/90/483 2882/91/514 2850/90/482
f 2883/91/515 2914/92/546 2882/91/514
f 2915/92/547 2946/93/578 2914/92/546
f 2947/93/579 2978/94/610 2946/93/578
f 2979/94/611 3010/95/642 2978/94/610
f 3011/95/643 3042/96/674 3010/95/642
f 3043/96/675 3074/97/706 3042/96/674
f 3075/97/707 3106/98/738 3074/97/706
f 3107/98/739 3138/99/770 3106/98/738
f 3139/99/771 3170/100/2471 3138/99/770
f 3171/100/2472 3202/101/834 3170/100/2471
f 3203/101/835 3234/102/866 3202/101/834
f 3235/102/2488 3266/103/898 3234/102/866
f 3267/103/2498 3298/104/930 3266/103/898
f 3299/104/931 3330/105/962 3298/104/930
f 3331/105/963 3362/106/994 3330/105/962
f 3363/106/2520 3394/107/2527 3362/106/994
f 3395/107/1027 3426/108/2537 3394/107/2527
f 3427/108/1059 3458/109/1090 3426/108/2537
f 3459/109/1091 3490/110/1122 3458/109/1090
f 3491/110/2560 3522/111/1154 3490/110/1122
f 3523/111/1155 3554/112/1186 3522/111/1154
f 3555/112/1187 3586/113/1218 3554/112/1186
f 3587/113/2590 3618/114/1248 3586/113/1218
f 3619/114/2600 3650/115/1278 3618/114/1248
f 3651/115/1279 3682/116/1308 3650/115/1278
f 3683/116/1309 3714/117/2630 3682/116/1308
f 3715/117/2631 3746/118/1369 3714/117/2630
f 3747/118/1370 3778/119/1399 3746/118/1369
f 3779/119/1400 3810/120/2662 3778/119/1399
f 3811/120/2663 3842/121/1459 3810/120/2662
f 3843/121/2680 3874/122/1490 3842/121/1459
f 3875/122/2692 3906/123/1520 3874/122/1490
f 3907/123/2700 3938/124/1550 3906/123/1520
f 3939/124/1551 3970/125/1580 3938/124/1550
f 3971/125/2714 4002/126/1610 3970/125/1580
f 4003/126/1611 4034/127/1640 4002/126/1610
f 4035/127/1641 4066/128/1670 4034/127/1640
f 4067/128/1671 4098/129/1701 4066/128/1670
f 4099/129/1702 4130/130/1731 4098/129/1701
f 4131/130/1732 4162/131/1761 4130/130/1731
f 4163/131/2746 4194/132/1791 4162/131/1761
f 4195/132/1792 4226/133/1821 4194/132/1791
f 4227/133/1822 4258/134/1853 4226/133/1821
f 4259/134/1854 4290/135/1883 4258/134/1853
f 4291/135/1884 4322/136/1914 4290/135/1883
f 4323/136/1915 4354/137/1944 4322/136/1914
f 4355/137/2777 4386/138/1974 4354/137/1944
f 4387/138/1975 4418/139/2793 4386/138/1974
f 4419/139/2005 4450/140/2803 4418/139/2793
f 4451/140/2035 4482/141/2065 4450/140/2803
f 4483/141/2816 4514/142/2095 4482/141/2065
f 4515/142/2096 4546/143/2840 4514/142/2095
f 4547/143/2841 4578/144/2856 4546/143/2840
f 4579/144/2156 4610/145/2869 4578/144/2856
f 4611/145/2186 4642/146/2215 4610/145/2869
f 4643/146/2216 4674/147/2245 4642/146/2215
f 4675/147/2246 4706/148/2275 4674/147/2245
f 4707/148/2276 4738/149/2920 4706/148/2275
f 1988/63/1946 2019/64/1975 1987/63/1945
f 2020/64/1976 2051/65/2005 2019/64/1975
f 2052/65/2006 2083/66/2035 2051/65/2005
f 2084/66/2036 2115/67/2066 2083/66/2035
f 2116/67/2067 2147/68/2096 2115/67/2066
f 2148/68/2097 2179/69/2126 2147/68/2096
f 2180/69/2127 2211/70/2156 2179/69/2126
f 2212/70/2157 2243/71/2186 2211/70/2156
f 2244/71/2187 2275/72/2216 2243/71/2186
f 2276/72/2217 2307/73/2246 2275/72/2216
f 2308/73/2247 2339/74/2276 2307/73/2246
f 2340/74/2277 2371/75/2306 2339/74/2276
f 2372/75/2307 2403/76/2334 2371/75/2306
f 2404/76/36 2435/77/67 2403/76/2334
f 2436/77/68 2467/78/99 2435/77/67
f 2468/78/100 2499/79/131 2467/78/99
f 2500/79/132 2531/80/163 2499/79/131
f 2532/80/164 2563/81/195 2531/80/163
f 2564/81/2371 2595/82/227 2563/81/195
f 2596/82/228 2627/83/259 2595/82/227
f 2628/83/260 2659/84/291 2627/83/259
f 2660/84/292 2691/85/2392 2659/84/291
f 2692/85/2393 2723/86/355 2691/85/2392
f 2724/86/356 2755/87/387 2723/86/355
f 2756/87/388 2787/88/419 2755/87/387
f 2788/88/420 2819/89/451 2787/88/419
f 2820/89/452 2851/90/483 2819/89/451
f 2852/90/484 2883/91/515 2851/90/483
f 2884/91/516 2915/92/547 2883/91/515
f 2916/92/2432 2947/93/579 2915/92/547
f 2948/93/580 2979/94/611 2947/93/579
f 2980/94/612 3011/95/643 2979/94/611
f 3012/95/644 3043/96/675 3011/95/643
f 3044/96/2450 3075/97/707 3043/96/675
f 3076/97/708 3107/98/739 3075/97/707
f 3108/98/2461 3139/99/771 3107/98/739
f 3140/99/772 3171/100/2472 3139/99/771
f 3172/100/804 3203/101/835 3171/100/2472
f 3204/101/836 3235/102/2488 3203/101/835
f 3236/102/868 3267/103/2498 3235/102/2488
f 3268/103/900 3299/104/931 3267/103/2498
f 3300/104/2503 3331/105/963 3299/104/931
f 3332/105/964 3363/106/2520 3331/105/963
f 3364/106/996 3395/107/1027 3363/106/2520
f 3396/107/1028 3427/108/1059 3395/107/1027
f 3428/108/1060 3459/109/1091 3427/108/1059
f 3460/109/1092 3491/110/2560 3459/109/1091
f 3492/110/1124 3523/111/1155 3491/110/2560
f 3524/111/1156 3555/112/1187 3523/111/1155
f 3556/112/1188 3587/113/2590 3555/112/1187
f 3588/113/1220 3619/114/2600 3587/113/2590
f 3620/114/1250 3651/115/1279 3619/114/2600
f 3652/115/2611 3683/116/1309 3651/115/1279
f 3684/116/1310 3715/117/2631 3683/116/1309
f 3716/117/1341 3747/118/1370 3715/117/2631
f 3748/118/1371 3779/119/1400 3747/118/1370
f 3780/119/1401 3811/120/2663 3779/119/1400
f 3812/120/2664 3843/121/2680 3811/120/2663
f 3844/121/1461 3875/122/2692 3843/121/2680
f 3876/122/2693 3907/123/2700 3875/122/2692
f 3908/123/1522 3939/124/1551 3907/123/2700
f 3940/124/1552 3971/125/2714 3939/124/1551
f 3972/125/1582 4003/126/1611 3971/125/2714
f 4004/126/1612 4035/127/1641 4003/126/1611
f 4036/127/1642 4067/128/1671 4035/127/1641
f 4068/128/1672 4099/129/1702 4067/128/1671
f 4100/129/1703 4131/130/1732 4099/129/1702
f 4132/130/1733 4163/131/2746 4131/130/1732
f 4164/131/1763 4195/132/1792 4163/131/2746
f 4196/132/1793 4227/133/1822 4195/132/1792
f 4228/133/2753 4259/134/1854 4227/133/1822
f 4260/134/2758 4291/135/1884 4259/134/1854
f 4292/135/1885 4323/136/1915 4291/135/1884
f 4324/136/1916 4355/137/2777 4323/136/1915
f 4356/137/1946 4387/138/1975 4355/137/2777
f 4388/138/1976 4419/139/2005 4387/138/1975
f 4420/139/2006 4451/140/2035 4419/139/2005
f 4452/140/2804 4483/141/2816 4451/140/2035
f 4484/141/2817 4515/142/2096 4483/141/2816
f 4516/142/2097 4547/143/2841 4515/142/2096
f 4548/143/2127 4579/144/2156 4547/143/2841
f 4580/144/2857 4611/145/2186 4579/144/2156
f 4612/145/2870 4643/146/2216 4611/145/2186
f 4644/146/2217 4675/147/2246 4643/146/2216
f 4676/147/2247 4707/148/2276 4675/147/2246
f 4708/148/2277 4739/149/2921 4707/148/2276
f 1989/63/1947 2020/64/1976 1988/63/1946
f 2021/64/1977 2052/65/2006 2020/64/1976
f 2053/65/2007 2084/66/2036 2052/65/2006
f 2085/66/2037 2116/67/2067 2084/66/2036
f 2117/67/2068 2148/68/2097 2116/67/2067
f 2149/68/2098 2180/69/2127 2148/68/2097
f 2181/69/2128 2212/70/2157 2180/69/2127
f 2213/70/2158 2244/71/2187 2212/70/2157
f 2245/71/2188 2276/72/2217 2244/71/2187
f 2277/72/2218 2308/73/2247 2276/72/2217
f 2309/73/2248 2340/74/2277 2308/73/2247
f 2341/74/2278 2372/75/2307 2340/74/2277
f 2373/75/2308 2404/76/36 2372/75/2307
f 2405/76/2335 2436/77/68 2404/76/36
f 2437/77/69 2468/78/100 2436/77/68
f 2469/78/101 2500/79/132 2468/78/100
f 2501/79/133 2532/80/164 2500/79/132
f 2533/80/165 2564/81/2371 2532/80/164
f 2565/81/2372 2596/82/228 2564/81/2371
f 2597/82/2377 2628/83/260 2596/82/228
f 2629/83/261 2660/84/292 2628/83/260
f 2661/84/293 2692/85/2393 2660/84/292
f 2693/85/325 2724/86/356 2692/85/2393
f 2725/86/357 2756/87/388 2724/86/356
f 2757/87/389 2788/88/420 2756/87/388
f 2789/88/421 2820/89/452 2788/88/420
f 2821/89/453 2852/90/484 2820/89/452
f 2853/90/485 2884/91/516 2852/90/484
f 2885/91/517 2916/92/2432 2884/91/516
f 2917/92/549 2948/93/580 2916/92/2432
f 2949/93/581 2980/94/612 2948/93/580
f 2981/94/2444 3012/95/644 2980/94/612
f 3013/95/645 3044/96/2450 3012/95/644
f 3045/96/677 3076/97/708 3044/96/2450
f 3077/97/709 3108/98/2461 3076/97/708
f 3109/98/741 3140/99/772 3108/98/2461
f 3141/99/773 3172/100/804 3140/99/772
f 3173/100/805 3204/101/836 3172/100/804
f 3205/101/2478 3236/102/868 3204/101/836
f 3237/102/2489 3268/103/900 3236/102/868
f 3269/103/901 3300/104/2503 3268/103/900
f 3301/104/2504 3332/105/964 3300/104/2503
f 3333/105/965 3364/106/996 3332/105/964
f 3365/106/997 3396/107/1028 3364/106/996
f 3397/107/1029 3428/108/1060 3396/107/1028
f 3429/108/1061 3460/109/1092 3428/108/1060
f 3461/109/1093 3492/110/1124 3460/109/1092
f 3493/110/1125 3524/111/1156 3492/110/1124
f 3525/111/2574 3556/112/1188 3524/111/1156
f 3557/112/1189 3588/113/1220 3556/112/1188
f 3589/113/2591 3620/114/1250 3588/113/1220
f 3621/114/1251 3652/115/2611 3620/114/1250
f 3653/115/1281 3684/116/1310 3652/115/2611
f 3685/116/1311 3716/117/1341 3684/116/1310
f 3717/117/1342 3748/118/1371 3716/117/1341
f 3749/118/2645 3780/119/1401 3748/118/1371
f 3781/119/1402 3812/120/2664 3780/119/1401
f 3813/120/1432 3844/121/1461 3812/120/2664
f 3845/121/1462 3876/122/2693 3844/121/1461
f 3877/122/2694 3908/123/1522 3876/122/2693
f 3909/123/1523 3940/124/1552 3908/123/1522
f 3941/124/1553 3972/125/1582 3940/124/1552
f 3973/125/1583 4004/126/1612 3972/125/1582
f 4005/126/1613 4036/127/1642 4004/126/1612
f 4037/127/1643 4068/128/1672 4036/127/1642
f 4069/128/1673 4100/129/1703 4068/128/1672
f 4101/129/1704 4132/130/1733 4100/129/1703
f 4133/130/1734 4164/131/1763 4132/130/1733
f 4165/131/1764 4196/132/1793 4164/131/1763
f 4197/132/1794 4228/133/2753 4196/132/1793
f 4229/133/1824 4260/134/2758 4228/133/2753
f 4261/134/1856 4292/135/1885 4260/134/2758
f 4293/135/1886 4324/136/1916 4292/135/1885
f 4325/136/1917 4356/137/1946 4324/136/1916
f 4357/137/1947 4388/138/1976 4356/137/1946
f 4389/138/2784 4420/139/2006 4388/138/1976
f 4421/139/2007 4452/140/2804 4420/139/2006
f 4453/140/2037 4484/141/2817 4452/140/2804
f 4485/141/2818 4516/142/2097 4484/141/2817
f 4517/142/2098 4548/143/2127 4516/142/2097
f 4549/143/2128 4580/144/2857 4548/143/2127
f 4581/144/2858 4612/145/2870 4580/144/2857
f 4613/145/2871 4644/146/2217 4612/145/2870
f 4645/146/2884 4676/147/2247 4644/146/2217
f 4677/147/2248 4708/148/2277 4676/147/2247
f 4709/148/2278 4740/149/2922 4708/148/2277
f 1990/63/1948 2021/64/1977 1989/63/1947
f 2022/64/1978 2053/65/2007 2021/64/1977
f 2054/65/2008 2085/66/2037 2053/65/2007
f 2086/66/2038 2117/67/2068 2085/66/2037
f 2118/67/2069 2149/68/2098 2117/67/2068
f 2150/68/2099 2181/69/2128 2149/68/2098
f 2182/69/2129 2213/70/2158 2181/69/2128
f 2214/70/2159 2245/71/2188 2213/70/2158
f 2246/71/2189 2277/72/2218 2245/71/2188
f 2278/72/2219 2309/73/2248 2277/72/2218
f 2310/73/2249 2341/74/2278 2309/73/2248
f 2342/74/2279 2373/75/2308 2341/74/2278
f 2374/75/2309 2405/76/2335 2373/75/2308
f 2406/76/38 2437/77/69 2405/76/2335
f 2438/77/70 2469/78/101 2437/77/69
f 2470/78/102 2501/79/133 2469/78/101
f 2502/79/134 2533/80/165 2501/79/133
f 2534/80/2366 2565/81/2372 2533/80/165
f 2566/81/198 2597/82/2377 2565/81/2372
f 2598/82/230 2629/83/261 2597/82/2377
f 2630/83/262 2661/84/293 2629/83/261
f 2662/84/294 2693/85/325 2661/84/293
f 2694/85/326 2725/86/357 2693/85/325
f 2726/86/358 2757/87/389 2725/86/357
f 2758/87/2412 2789/88/421 2757/87/389
f 2790/88/2416 2821/89/453 2789/88/421
f 2822/89/454 2853/90/485 2821/89/453
f 2854/90/486 2885/91/517 2853/90/485
f 2886/91/2427 2917/92/549 2885/91/517
f 2918/92/550 2949/93/581 2917/92/549
f 2950/93/582 2981/94/2444 2949/93/581
f 2982/94/614 3013/95/645 2981/94/2444
f 3014/95/646 3045/96/677 3013/95/645
f 3046/96/678 3077/97/709 3045/96/677
f 3078/97/710 3109/98/741 3077/97/709
f 3110/98/742 3141/99/773 3109/98/741
f 3142/99/774 3173/100/805 3141/99/773
f 3174/100/806 3205/101/2478 3173/100/805
f 3206/101/838 3237/102/2489 3205/101/2478
f 3238/102/2490 3269/103/901 3237/102/2489
f 3270/103/902 3301/104/2504 3269/103/901
f 3302/104/934 3333/105/965 3301/104/2504
f 3334/105/966 3365/106/997 3333/105/965
f 3366/106/998 3397/107/1029 3365/106/997
f 3398/107/2528 3429/108/1061 3397/107/1029
f 3430/108/1062 3461/109/1093 3429/108/1061
f 3462/109/2547 3493/110/1125 3461/109/1093
f 3494/110/2561 3525/111/2574 3493/110/1125
f 3526/111/1158 3557/112/1189 3525/111/2574
f 3558/112/1190 3589/113/2591 3557/112/1189
f 3590/113/2592 3621/114/1251 3589/113/2591
f 3622/114/2601 3653/115/1281 3621/114/1251
f 3654/115/1282 3685/116/1311 3653/115/1281
f 3686/116/1312 3717/117/1342 3685/116/1311
f 3718/117/2632 3749/118/2645 3717/117/1342
f 3750/118/1373 3781/119/1402 3749/118/2645
f 3782/119/2654 3813/120/1432 3781/119/1402
f 3814/120/2665 3845/121/1462 3813/120/1432
f 3846/121/1463 3877/122/2694 3845/121/1462
f 3878/122/1494 3909/123/1523 3877/122/2694
f 3910/123/1524 3941/124/1553 3909/123/1523
f 3942/124/2705 3973/125/1583 3941/124/1553
f 3974/125/2715 4005/126/1613 3973/125/1583
f 4006/126/1614 4037/127/1643 4005/126/1613
f 4038/127/1644 4069/128/1673 4037/127/1643
f 4070/128/1674 4101/129/1704 4069/128/1673
f 4102/129/1705 4133/130/1734 4101/129/1704
f 4134/130/1735 4165/131/1764 4133/130/1734
f 4166/131/1765 4197/132/1794 4165/131/1764
f 4198/132/1795 4229/133/1824 4197/132/1794
f 4230/133/1825 4261/134/1856 4229/133/1824
f 4262/134/1857 4293/135/1886 4261/134/1856
f 4294/135/2765 4325/136/1917 4293/135/1886
f 4326/136/1918 4357/137/1947 4325/136/1917
f 4358/137/1948 4389/138/2784 4357/137/1947
f 4390/138/2785 4421/139/2007 4389/138/2784
f 4422/139/2008 4453/140/2037 4421/139/2007
f 4454/140/2805 4485/141/2818 4453/140/2037
f 4486/141/2819 4517/142/2098 4485/141/2818
f 4518/142/2099 4549/143/2128 4517/142/2098
f 4550/143/2842 4581/144/2858 4549/143/2128
f 4582/144/2859 4613/145/2871 4581/144/2858
f 4614/145/2872 4645/146/2884 4613/145/2871
f 4646/146/2885 4677/147/2248 4645/146/2884
f 4678/147/2249 4709/148/2278 4677/147/2248
f 4710/148/2279 4741/149/2923 4709/148/2278
f 1991/63/1949 2022/64/1978 1990/63/1948
f 2023/64/1979 2054/65/2008 2022/64/1978
f 2055/65/2009 2086/66/2038 2054/65/2008
f 2087/66/2039 2118/67/2069 2086/66/2038
f 2119/67/2070 2150/68/2099 2118/67/2069
f 2151/68/2100 2182/69/2129 2150/68/2099
f 2183/69/2130 2214/70/2159 2182/69/2129
f 2215/70/2160 2246/71/2189 2214/70/2159
f 2247/71/2190 2278/72/2219 2246/71/2189
f 2279/72/2220 2310/73/2249 2278/72/2219
f 2311/73/2250 2342/74/2279 2310/73/2249
f 2343/74/2280 2374/75/2309 2342/74/2279
f 2375/75/2310 2406/76/38 2374/75/2309
f 2407/76/2336 2438/77/70 2406/76/38
f 2439/77/71 2470/78/102 2438/77/70
f 2471/78/103 2502/79/134 2470/78/102
f 2503/79/135 2534/80/2366 2502/79/134
f 2535/80/167 2566/81/198 2534/80/2366
f 2567/81/199 2598/82/230 2566/81/198
f 2599/82/231 2630/83/262 2598/82/230
f 2631/83/2381 2662/84/294 2630/83/262
f 2663/84/295 2694/85/326 2662/84/294
f 2695/85/327 2726/86/358 2694/85/326
f 2727/86/2404 2758/87/2412 2726/86/358
f 2759/87/391 2790/88/2416 2758/87/2412
f 2791/88/423 2822/89/454 2790/88/2416
f 2823/89/455 2854/90/486 2822/89/454
f 2855/90/487 2886/91/2427 2854/90/486
f 2887/91/519 2918/92/550 2886/91/2427
f 2919/92/2433 2950/93/582 2918/92/550
f 2951/93/583 2982/94/614 2950/93/582
f 2983/94/615 3014/95/646 2982/94/614
f 3015/95/647 3046/96/678 3014/95/646
f 3047/96/679 3078/97/710 3046/96/678
f 3079/97/711 3110/98/742 3078/97/710
f 3111/98/743 3142/99/774 3110/98/742
f 3143/99/775 3174/100/806 3142/99/774
f 3175/100/807 3206/101/838 3174/100/806
f 3207/101/2479 3238/102/2490 3206/101/838
f 3239/102/2491 3270/103/902 3238/102/2490
f 3271/103/903 3302/104/934 3270/103/902
f 3303/104/935 3334/105/966 3302/104/934
f 3335/105/2512 3366/106/998 3334/105/966
f 3367/106/999 3398/107/2528 3366/106/998
f 3399/107/1031 3430/108/1062 3398/107/2528
f 3431/108/2538 3462/109/2547 3430/108/1062
f 3463/109/2548 3494/110/2561 3462/109/2547
f 3495/110/2562 3526/111/1158 3494/110/2561
f 3527/111/1159 3558/112/1190 3526/111/1158
f 3559/112/2582 3590/113/2592 3558/112/1190
f 3591/113/1223 3622/114/2601 3590/113/2592
f 3623/114/1253 3654/115/1282 3622/114/2601
f 3655/115/1283 3686/116/1312 3654/115/1282
f 3687/116/1313 3718/117/2632 3686/116/1312
f 3719/117/2633 3750/118/1373 3718/117/2632
f 3751/118/2646 3782/119/2654 3750/118/1373
f 3783/119/1404 3814/120/2665 3782/119/2654
f 3815/120/2666 3846/121/1463 3814/120/2665
f 3847/121/1464 3878/122/1494 3846/121/1463
f 3879/122/1495 3910/123/1524 3878/122/1494
f 3911/123/1525 3942/124/2705 3910/123/1524
f 3943/124/1555 3974/125/2715 3942/124/2705
f 3975/125/1585 4006/126/1614 3974/125/2715
f 4007/126/1615 4038/127/1644 4006/126/1614
f 4039/127/1645 4070/128/1674 4038/127/1644
f 4071/128/1675 4102/129/1705 4070/128/1674
f 4103/129/1706 4134/130/1735 4102/129/1705
f 4135/130/1736 4166/131/1765 4134/130/1735
f 4167/131/2747 4198/132/1795 4166/131/1765
f 4199/132/1796 4230/133/1825 4198/132/1795
f 4231/133/1826 4262/134/1857 4230/133/1825
f 4263/134/1858 4294/135/2765 4262/134/1857
f 4295/135/1888 4326/136/1918 4294/135/2765
f 4327/136/1919 4358/137/1948 4326/136/1918
f 4359/137/2778 4390/138/2785 4358/137/1948
f 4391/138/2786 4422/139/2008 4390/138/2785
f 4423/139/2794 4454/140/2805 4422/139/2008
f 4455/140/2039 4486/141/2819 4454/140/2805
f 4487/141/2070 4518/142/2099 4486/141/2819
f 4519/142/2100 4550/143/2842 4518/142/2099
f 4551/143/2130 4582/144/2859 4550/143/2842
f 4583/144/2160 4614/145/2872 4582/144/2859
f 4615/145/2873 4646/146/2885 4614/145/2872
f 4647/146/2886 4678/147/2249 4646/146/2885
f 4679/147/2250 4710/148/2279 4678/147/2249
f 4711/148/2280 4742/149/2924 4710/148/2279
f 1992/63/1950 2023/64/1979 1991/63/1949
f 2024/64/1980 2055/65/2009 2023/64/1979
f 2056/65/2010 2087/66/2039 2055/65/2009
f 2088/66/2040 2119/67/2070 2087/66/2039
f 2120/67/2071 2151/68/2100 2119/67/2070
f 2152/68/2101 2183/69/2130 2151/68/2100
f 2184/69/2131 2215/70/2160 2183/69/2130
f 2216/70/2161 2247/71/2190 2215/70/2160
f 2248/71/2191 2279/72/2220 2247/71/2190
f 2280/72/2221 2311/73/2250 2279/72/2220
f 2312/73/2251 2343/74/2280 2311/73/2250
f 2344/74/2281 2375/75/2310 2343/74/2280
f 2376/75/2311 2407/76/2336 2375/75/2310
f 2408/76/2337 2439/77/71 2407/76/2336
f 2440/77/2347 2471/78/103 2439/77/71
f 2472/78/104 2503/79/135 2471/78/103
f 2504/79/136 2535/80/167 2503/79/135
f 2536/80/168 2567/81/199 2535/80/167
f 2568/81/200 2599/82/231 2567/81/199
f 2600/82/232 2631/83/2381 2599/82/231
f 2632/83/264 2663/84/295 2631/83/2381
f 2664/84/296 2695/85/327 2663/84/295
f 2696/85/2394 2727/86/2404 2695/85/327
f 2728/86/2405 2759/87/391 2727/86/2404
f 2760/87/2413 2791/88/423 2759/87/391
f 2792/88/424 2823/89/455 2791/88/423
f 2824/89/456 2855/90/487 2823/89/455
f 2856/90/2423 2887/91/519 2855/90/487
f 2888/91/2428 2919/92/2433 2887/91/519
f 2920/92/2434 2951/93/583 2919/92/2433
f 2952/93/584 2983/94/615 2951/93/583
f 2984/94/616 3015/95/647 2983/94/615
f 3016/95/2446 3047/96/679 3015/95/647
f 3048/96/2451 3079/97/711 3047/96/679
f 3080/97/2457 3111/98/743 3079/97/711
f 3112/98/2462 3143/99/775 3111/98/743
f 3144/99/776 3175/100/807 3143/99/775
f 3176/100/2473 3207/101/2479 3175/100/807
f 3208/101/2480 3239/102/2491 3207/101/2479
f 3240/102/872 3271/103/903 3239/102/2491
f 3272/103/2499 3303/104/935 3271/103/903
f 3304/104/936 3335/105/2512 3303/104/935
f 3336/105/968 3367/106/999 3335/105/2512
f 3368/106/2521 3399/107/1031 3367/106/999
f 3400/107/2529 3431/108/2538 3399/107/1031
f 3432/108/2539 3463/109/2548 3431/108/2538
f 3464/109/2549 3495/110/2562 3463/109/2548
f 3496/110/2563 3527/111/1159 3495/110/2562
f 3528/111/2575 3559/112/2582 3527/111/1159
f 3560/112/1192 3591/113/1223 3559/112/2582
f 3592/113/1224 3623/114/1253 3591/113/1223
f 3624/114/2602 3655/115/1283 3623/114/1253
f 3656/115/2612 3687/116/1313 3655/115/1283
f 3688/116/1314 3719/117/2633 3687/116/1313
f 3720/117/1345 3751/118/2646 3719/117/2633
f 3752/118/1375 3783/119/1404 3751/118/2646
f 3784/119/2655 3815/120/2666 3783/119/1404
f 3816/120/2667 3847/121/1464 3815/120/2666
f 3848/121/2681 3879/122/1495 3847/121/1464
f 3880/122/1496 3911/123/1525 3879/122/1495
f 3912/123/1526 3943/124/1555 3911/123/1525
f 3944/124/2706 3975/125/1585 3943/124/1555
f 3976/125/2716 4007/126/1615 3975/125/1585
f 4008/126/2721 4039/127/1645 4007/126/1615
f 4040/127/2726 4071/128/1675 4039/127/1645
f 4072/128/2730 4103/129/1706 4071/128/1675
f 4104/129/2738 4135/130/1736 4103/129/1706
f 4136/130/1737 4167/131/2747 4135/130/1736
f 4168/131/1767 4199/132/1796 4167/131/2747
f 4200/132/1797 4231/133/1826 4199/132/1796
f 4232/133/1827 4263/134/1858 4231/133/1826
f 4264/134/2759 4295/135/1888 4263/134/1858
f 4296/135/2766 4327/136/1919 4295/135/1888
f 4328/136/2771 4359/137/2778 4327/136/1919
f 4360/137/2779 4391/138/2786 4359/137/2778
f 4392/138/1980 4423/139/2794 4391/138/2786
f 4424/139/2795 4455/140/2039 4423/139/2794
f 4456/140/2806 4487/141/2070 4455/140/2039
f 4488/141/2071 4519/142/2100 4487/141/2070
f 4520/142/2832 4551/143/2130 4519/142/2100
f 4552/143/2843 4583/144/2160 4551/143/2130
f 4584/144/2860 4615/145/2873 4583/144/2160
f 4616/145/2874 4647/146/2886 4615/145/2873
f 4648/146/2887 4679/147/2250 4647/146/2886
f 4680/147/2251 4711/148/2280 4679/147/2250
f 4712/148/2906 4743/149/2925 4711/148/2280
f 1993/63/825 2024/64/1980 1992/63/1950
f 2025/64/857 2056/65/2010 2024/64/1980
f 2057/65/889 2088/66/2040 2056/65/2010
f 2089/66/2041 2120/67/2071 2088/66/2040
f 2121/67/953 2152/68/2101 2120/67/2071
f 2153/68/985 2184/69/2131 2152/68/2101
f 2185/69/1017 2216/70/2161 2184/69/2131
f 2217/70/1049 2248/71/2191 2216/70/2161
f 2249/71/1081 2280/72/2221 2248/71/2191
f 2281/72/1113 2312/73/2251 2280/72/2221
f 2313/73/1145 2344/74/2281 2312/73/2251
f 2345/74/1177 2376/75/2311 2344/74/2281
f 2377/75/1209 2408/76/2337 2376/75/2311
f 2409/76/41 2440/77/2347 2408/76/2337
f 2441/77/73 2472/78/104 2440/77/2347
f 2473/78/105 2504/79/136 2472/78/104
f 2505/79/137 2536/80/168 2504/79/136
f 2537/80/169 2568/81/200 2536/80/168
f 2569/81/201 2600/82/232 2568/81/200
f 2601/82/233 2632/83/264 2600/82/232
f 2633/83/265 2664/84/296 2632/83/264
f 2665/84/297 2696/85/2394 2664/84/296
f 2697/85/329 2728/86/2405 2696/85/2394
f 2729/86/361 2760/87/2413 2728/86/2405
f 2761/87/393 2792/88/424 2760/87/2413
f 2793/88/425 2824/89/456 2792/88/424
f 2825/89/457 2856/90/2423 2824/89/456
f 2857/90/489 2888/91/2428 2856/90/2423
f 2889/91/521 2920/92/2434 2888/91/2428
f 2921/92/553 2952/93/584 2920/92/2434
f 2953/93/585 2984/94/616 2952/93/584
f 2985/94/617 3016/95/2446 2984/94/616
f 3017/95/649 3048/96/2451 3016/95/2446
f 3049/96/681 3080/97/2457 3048/96/2451
f 3081/97/713 3112/98/2462 3080/97/2457
f 3113/98/2463 3144/99/776 3112/98/2462
f 3145/99/777 3176/100/2473 3144/99/776
f 3177/100/809 3208/101/2480 3176/100/2473
f 3209/101/841 3240/102/872 3208/101/2480
f 3241/102/2492 3272/103/2499 3240/102/872
f 3273/103/905 3304/104/936 3272/103/2499
f 3305/104/937 3336/105/968 3304/104/936
f 3337/105/969 3368/106/2521 3336/105/968
f 3369/106/1001 3400/107/2529 3368/106/2521
f 3401/107/1033 3432/108/2539 3400/107/2529
f 3433/108/1065 3464/109/2549 3432/108/2539
f 3465/109/1097 3496/110/2563 3464/109/2549
f 3497/110/1129 3528/111/2575 3496/110/2563
f 3529/111/1161 3560/112/1192 3528/111/2575
f 3561/112/1193 3592/113/1224 3560/112/1192
f 3593/113/57 3624/114/2602 3592/113/1224
f 3625/114/89 3656/115/2612 3624/114/2602
f 3657/115/2613 3688/116/1314 3656/115/2612
f 3689/116/1315 3720/117/1345 3688/116/1314
f 3721/117/2634 3752/118/1375 3720/117/1345
f 3753/118/2647 3784/119/2655 3752/118/1375
f 3785/119/249 3816/120/2667 3784/119/2655
f 3817/120/2668 3848/121/2681 3816/120/2667
f 3849/121/313 3880/122/1496 3848/121/2681
f 3881/122/345 3912/123/1526 3880/122/1496
f 3913/123/377 3944/124/2706 3912/123/1526
f 3945/124/409 3976/125/2716 3944/124/2706
f 3977/125/441 4008/126/2721 3976/125/2716
f 4009/126/473 4040/127/2726 4008/126/2721
f 4041/127/505 4072/128/2730 4040/127/2726
f 4073/128/537 4104/129/2738 4072/128/2730
f 4105/129/569 4136/130/1737 4104/129/2738
f 4137/130/601 4168/131/1767 4136/130/1737
f 4169/131/633 4200/132/1797 4168/131/1767
f 4201/132/665 4232/133/1827 4200/132/1797
f 4233/133/1828 4264/134/2759 4232/133/1827
f 4265/134/729 4296/135/2766 4264/134/2759
f 4297/135/1890 4328/136/2771 4296/135/2766
f 4329/136/793 4360/137/2779 4328/136/2771
f 4361/137/825 4392/138/1980 4360/137/2779
f 4393/138/857 4424/139/2795 4392/138/1980
f 4425/139/2796 4456/140/2806 4424/139/2795
f 4457/140/921 4488/141/2071 4456/140/2806
f 4489/141/2820 4520/142/2832 4488/141/2071
f 4521/142/985 4552/143/2843 4520/142/2832
f 4553/143/2844 4584/144/2860 4552/143/2843
f 4585/144/2861 4616/145/2874 4584/144/2860
f 4617/145/1081 4648/146/2887 4616/145/2874
f 4649/146/1113 4680/147/2251 4648/146/2887
f 4681/147/1145 4712/148/2906 4680/147/2251
f 4713/148/1177 4744/149/2926 4712/148/2906
f 1994/63/1951 2025/64/857 1993/63/825
f 2026/64/1981 2057/65/889 2025/64/857
f 2058/65/2011 2089/66/2041 2057/65/889
f 2090/66/2042 2121/67/953 2089/66/2041
f 2122/67/2072 2153/68/985 2121/67/953
f 2154/68/2102 2185/69/1017 2153/68/985
f 2186/69/2132 2217/70/1049 2185/69/1017
f 2218/70/2162 2249/71/1081 2217/70/1049
f 2250/71/2192 2281/72/1113 2249/71/1081
f 2282/72/2222 2313/73/1145 2281/72/1113
f 2314/73/2252 2345/74/1177 2313/73/1145
f 2346/74/2282 2377/75/1209 2345/74/1177
f 2378/75/2312 2409/76/41 2377/75/1209
f 2410/76/2338 2441/77/73 2409/76/41
f 2442/77/2348 2473/78/105 2441/77/73
f 2474/78/2357 2505/79/137 2473/78/105
f 2506/79/138 2537/80/169 2505/79/137
f 2538/80/2367 2569/81/201 2537/80/169
f 2570/81/2373 2601/82/233 2569/81/201
f 2602/82/234 2633/83/265 2601/82/233
f 2634/83/266 2665/84/297 2633/83/265
f 2666/84/2387 2697/85/329 2665/84/297
f 2698/85/2395 2729/86/361 2697/85/329
f 2730/86/2406 2761/87/393 2729/86/361
f 2762/87/394 2793/88/425 2761/87/393
f 2794/88/426 2825/89/457 2793/88/425
f 2826/89/458 2857/90/489 2825/89/457
f 2858/90/2424 2889/91/521 2857/90/489
f 2890/91/2429 2921/92/553 2889/91/521
f 2922/92/2435 2953/93/585 2921/92/553
f 2954/93/586 2985/94/617 2953/93/585
f 2986/94/618 3017/95/649 2985/94/617
f 3018/95/2447 3049/96/681 3017/95/649
f 3050/96/2452 3081/97/713 3049/96/681
f 3082/97/714 3113/98/2463 3081/97/713
f 3114/98/746 3145/99/777 3113/98/2463
f 3146/99/778 3177/100/809 3145/99/777
f 3178/100/2474 3209/101/841 3177/100/809
f 3210/101/2481 3241/102/2492 3209/101/841
f 3242/102/874 3273/103/905 3241/102/2492
f 3274/103/906 3305/104/937 3273/103/905
f 3306/104/2505 3337/105/969 3305/104/937
f 3338/105/2513 3369/106/1001 3337/105/969
f 3370/106/1002 3401/107/1033 3369/106/1001
f 3402/107/2530 3433/108/1065 3401/107/1033
f 3434/108/1066 3465/109/1097 3433/108/1065
f 3466/109/2550 3497/110/1129 3465/109/1097
f 3498/110/1130 3529/111/1161 3497/110/1129
f 3530/111/1162 3561/112/1193 3529/111/1161
f 3562/112/2583 3593/113/57 3561/112/1193
f 3594/113/1225 3625/114/89 3593/113/57
f 3626/114/2603 3657/115/2613 3625/114/89
f 3658/115/2614 3689/116/1315 3657/115/2613
f 3690/116/1316 3721/117/2634 3689/116/1315
f 3722/117/2635 3753/118/2647 3721/117/2634
f 3754/118/1376 3785/119/249 3753/118/2647
f 3786/119/2656 3817/120/2668 3785/119/249
f 3818/120/1436 3849/121/313 3817/120/2668
f 3850/121/2682 3881/122/345 3849/121/313
f 3882/122/2695 3913/123/377 3881/122/345
f 3914/123/2701 3945/124/409 3913/123/377
f 3946/124/2707 3977/125/441 3945/124/409
f 3978/125/1587 4009/126/473 3977/125/441
f 4010/126/1617 4041/127/505 4009/126/473
f 4042/127/2727 4073/128/537 4041/127/505
f 4074/128/2731 4105/129/569 4073/128/537
f 4106/129/2739 4137/130/601 4105/129/569
f 4138/130/1738 4169/131/633 4137/130/601
f 4170/131/1768 4201/132/665 4169/131/633
f 4202/132/2751 4233/133/1828 4201/132/665
f 4234/133/2754 4265/134/729 4233/133/1828
f 4266/134/1860 4297/135/1890 4265/134/729
f 4298/135/1891 4329/136/793 4297/135/1890
f 4330/136/1921 4361/137/825 4329/136/793
f 4362/137/1951 4393/138/857 4361/137/825
f 4394/138/2787 4425/139/2796 4393/138/857
f 4426/139/2797 4457/140/921 4425/139/2796
f 4458/140/2807 4489/141/2820 4457/140/921
f 4490/141/2821 4521/142/985 4489/141/2820
f 4522/142/2833 4553/143/2844 4521/142/985
f 4554/143/2132 4585/144/2861 4553/143/2844
f 4586/144/2862 4617/145/1081 4585/144/2861
f 4618/145/2192 4649/146/1113 4617/145/1081
f 4650/146/2888 4681/147/1145 4649/146/1113
f 4682/147/2252 4713/148/1177 4681/147/1145
f 4714/148/2907 4745/149/2927 4713/148/1177
f 1995/63/1952 2026/64/1981 1994/63/1951
f 2027/64/1982 2058/65/2011 2026/64/1981
f 2059/65/2012 2090/66/2042 2058/65/2011
f 2091/66/2043 2122/67/2072 2090/66/2042
f 2123/67/2073 2154/68/2102 2122/67/2072
f 2155/68/2103 2186/69/2132 2154/68/2102
f 2187/69/2133 2218/70/2162 2186/69/2132
f 2219/70/2163 2250/71/2192 2218/70/2162
f 2251/71/2193 2282/72/2222 2250/71/2192
f 2283/72/2223 2314/73/2252 2282/72/2222
f 2315/73/2253 2346/74/2282 2314/73/2252
f 2347/74/2283 2378/75/2312 2346/74/2282
f 2379/75/2313 2410/76/2338 2378/75/2312
f 2411/76/43 2442/77/2348 2410/76/2338
f 2443/77/2349 2474/78/2357 2442/77/2348
f 2475/78/107 2506/79/138 2474/78/2357
f 2507/79/2360 2538/80/2367 2506/79/138
f 2539/80/171 2570/81/2373 2538/80/2367
f 2571/81/203 2602/82/234 2570/81/2373
f 2603/82/235 2634/83/266 2602/82/234
f 2635/83/267 2666/84/2387 2634/83/266
f 2667/84/299 2698/85/2395 2666/84/2387
f 2699/85/331 2730/86/2406 2698/85/2395
f 2731/86/2407 2762/87/394 2730/86/2406
f 2763/87/395 2794/88/426 2762/87/394
f 2795/88/427 2826/89/458 2794/88/426
f 2827/89/2417 2858/90/2424 2826/89/458
f 2859/90/491 2890/91/2429 2858/90/2424
f 2891/91/2430 2922/92/2435 2890/91/2429
f 2923/92/555 2954/93/586 2922/92/2435
f 2955/93/2440 2986/94/618 2954/93/586
f 2987/94/619 3018/95/2447 2986/94/618
f 3019/95/2448 3050/96/2452 3018/95/2447
f 3051/96/2453 3082/97/714 3050/96/2452
f 3083/97/715 3114/98/746 3082/97/714
f 3115/98/747 3146/99/778 3114/98/746
f 3147/99/2468 3178/100/2474 3146/99/778
f 3179/100/811 3210/101/2481 3178/100/2474
f 3211/101/2482 3242/102/874 3210/101/2481
f 3243/102/875 3274/103/906 3242/102/874
f 3275/103/907 3306/104/2505 3274/103/906
f 3307/104/2506 3338/105/2513 3306/104/2505
f 3339/105/971 3370/106/1002 3338/105/2513
f 3371/106/2522 3402/107/2530 3370/106/1002
f 3403/107/1035 3434/108/1066 3402/107/2530
f 3435/108/1067 3466/109/2550 3434/108/1066
f 3467/109/2551 3498/110/1130 3466/109/2550
f 3499/110/1131 3530/111/1162 3498/110/1130
f 3531/111/2576 3562/112/2583 3530/111/1162
f 3563/112/1195 3594/113/1225 3562/112/2583
f 3595/113/1226 3626/114/2603 3594/113/1225
f 3627/114/2604 3658/115/2614 3626/114/2603
f 3659/115/1286 3690/116/1316 3658/115/2614
f 3691/116/1317 3722/117/2635 3690/116/1316
f 3723/117/1347 3754/118/1376 3722/117/2635
f 3755/118/1377 3786/119/2656 3754/118/1376
f 3787/119/1407 3818/120/1436 3786/119/2656
f 3819/120/1437 3850/121/2682 3818/120/1436
f 3851/121/1468 3882/122/2695 3850/121/2682
f 3883/122/1498 3914/123/2701 3882/122/2695
f 3915/123/1528 3946/124/2707 3914/123/2701
f 3947/124/2708 3978/125/1587 3946/124/2707
f 3979/125/1588 4010/126/1617 3978/125/1587
f 4011/126/1618 4042/127/2727 4010/126/1617
f 4043/127/1648 4074/128/2731 4042/127/2727
f 4075/128/2732 4106/129/2739 4074/128/2731
f 4107/129/1709 4138/130/1738 4106/129/2739
f 4139/130/1739 4170/131/1768 4138/130/1738
f 4171/131/1769 4202/132/2751 4170/131/1768
f 4203/132/1799 4234/133/2754 4202/132/2751
f 4235/133/1830 4266/134/1860 4234/133/2754
f 4267/134/1861 4298/135/1891 4266/134/1860
f 4299/135/2767 4330/136/1921 4298/135/1891
f 4331/136/1922 4362/137/1951 4330/136/1921
f 4363/137/2780 4394/138/2787 4362/137/1951
f 4395/138/1982 4426/139/2797 4394/138/2787
f 4427/139/2012 4458/140/2807 4426/139/2797
f 4459/140/2043 4490/141/2821 4458/140/2807
f 4491/141/2822 4522/142/2833 4490/141/2821
f 4523/142/2103 4554/143/2132 4522/142/2833
f 4555/143/2133 4586/144/2862 4554/143/2132
f 4587/144/2163 4618/145/2192 4586/144/2862
f 4619/145/2193 4650/146/2888 4618/145/2192
f 4651/146/2223 4682/147/2252 4650/146/2888
f 4683/147/2253 4714/148/2907 4682/147/2252
f 4715/148/2908 4746/149/2928 4714/148/2907
f 1996/63/1953 2027/64/1982 1995/63/1952
f 2028/64/1983 2059/65/2012 2027/64/1982
f 2060/65/2013 2091/66/2043 2059/65/2012
f 2092/66/2044 2123/67/2073 2091/66/2043
f 2124/67/2074 2155/68/2103 2123/67/2073
f 2156/68/2104 2187/69/2133 2155/68/2103
f 2188/69/2134 2219/70/2163 2187/69/2133
f 2220/70/2164 2251/71/2193 2219/70/2163
f 2252/71/2194 2283/72/2223 2251/71/2193
f 2284/72/2224 2315/73/2253 2283/72/2223
f 2316/73/2254 2347/74/2283 2315/73/2253
f 2348/74/2284 2379/75/2313 2347/74/2283
f 2380/75/2314 2411/76/43 2379/75/2313
f 2412/76/44 2443/77/2349 2411/76/43
f 2444/77/2350 2475/78/107 2443/77/2349
f 2476/78/2358 2507/79/2360 2475/78/107
f 2508/79/140 2539/80/171 2507/79/2360
f 2540/80/172 2571/81/203 2539/80/171
f 2572/81/204 2603/82/235 2571/81/203
f 2604/82/236 2635/83/267 2603/82/235
f 2636/83/268 2667/84/299 2635/83/267
f 2668/84/300 2699/85/331 2667/84/299
f 2700/85/2396 2731/86/2407 2699/85/331
f 2732/86/364 2763/87/395 2731/86/2407
f 2764/87/396 2795/88/427 2763/87/395
f 2796/88/428 2827/89/2417 2795/88/427
f 2828/89/2418 2859/90/491 2827/89/2417
f 2860/90/492 2891/91/2430 2859/90/491
f 2892/91/524 2923/92/555 2891/91/2430
f 2924/92/556 2955/93/2440 2923/92/555
f 2956/93/588 2987/94/619 2955/93/2440
f 2988/94/620 3019/95/2448 2987/94/619
f 3020/95/652 3051/96/2453 3019/95/2448
f 3052/96/684 3083/97/715 3051/96/2453
f 3084/97/716 3115/98/747 3083/97/715
f 3116/98/748 3147/99/2468 3115/98/747
f 3148/99/2469 3179/100/811 3147/99/2468
f 3180/100/2475 3211/101/2482 3179/100/811
f 3212/101/844 3243/102/875 3211/101/2482
f 3244/102/876 3275/103/907 3243/102/875
f 3276/103/908 3307/104/2506 3275/103/907
f 3308/104/940 3339/105/971 3307/104/2506
f 3340/105/972 3371/106/2522 3339/105/971
f 3372/106/1004 3403/107/1035 3371/106/2522
f 3404/107/2531 3435/108/1067 3403/107/1035
f 3436/108/2540 3467/109/2551 3435/108/1067
f 3468/109/2552 3499/110/1131 3467/109/2551
f 3500/110/1132 3531/111/2576 3499/110/1131
f 3532/111/1164 3563/112/1195 3531/111/2576
f 3564/112/1196 3595/113/1226 3563/112/1195
f 3596/113/2593 3627/114/2604 3595/113/1226
f 3628/114/2605 3659/115/1286 3627/114/2604
f 3660/115/2615 3691/116/1317 3659/115/1286
f 3692/116/1318 3723/117/1347 3691/116/1317
f 3724/117/2636 3755/118/1377 3723/117/1347
f 3756/118/2648 3787/119/1407 3755/118/1377
f 3788/119/1408 3819/120/1437 3787/119/1407
f 3820/120/1438 3851/121/1468 3819/120/1437
f 3852/121/1469 3883/122/1498 3851/121/1468
f 3884/122/1499 3915/123/1528 3883/122/1498
f 3916/123/1529 3947/124/2708 3915/123/1528
f 3948/124/2709 3979/125/1588 3947/124/2708
f 3980/125/1589 4011/126/1618 3979/125/1588
f 4012/126/1619 4043/127/1648 4011/126/1618
f 4044/127/1649 4075/128/2732 4043/127/1648
f 4076/128/1680 4107/129/1709 4075/128/2732
f 4108/129/1710 4139/130/1739 4107/129/1709
f 4140/130/1740 4171/131/1769 4139/130/1739
f 4172/131/1770 4203/132/1799 4171/131/1769
f 4204/132/1800 4235/133/1830 4203/132/1799
f 4236/133/1831 4267/134/1861 4235/133/1830
f 4268/134/2760 4299/135/2767 4267/134/1861
f 4300/135/1893 4331/136/1922 4299/135/2767
f 4332/136/2772 4363/137/2780 4331/136/1922
f 4364/137/1953 4395/138/1982 4363/137/2780
f 4396/138/1983 4427/139/2012 4395/138/1982
f 4428/139/2013 4459/140/2043 4427/139/2012
f 4460/140/2044 4491/141/2822 4459/140/2043
f 4492/141/2823 4523/142/2103 4491/141/2822
f 4524/142/2104 4555/143/2133 4523/142/2103
f 4556/143/2134 4587/144/2163 4555/143/2133
f 4588/144/2164 4619/145/2193 4587/144/2163
f 4620/145/2194 4651/146/2223 4619/145/2193
f 4652/146/2889 4683/147/2253 4651/146/2223
f 4684/147/2894 4715/148/2908 4683/147/2253
f 4716/148/2284 4747/149/2929 4715/148/2908
f 1997/63/1954 2028/64/1983 1996/63/1953
f 2029/64/1984 2060/65/2013 2028/64/1983
f 2061/65/2014 2092/66/2044 2060/65/2013
f 2093/66/2045 2124/67/2074 2092/66/2044
f 2125/67/2075 2156/68/2104 2124/67/2074
f 2157/68/2105 2188/69/2134 2156/68/2104
f 2189/69/2135 2220/70/2164 2188/69/2134
f 2221/70/2165 2252/71/2194 2220/70/2164
f 2253/71/2195 2284/72/2224 2252/71/2194
f 2285/72/2225 2316/73/2254 2284/72/2224
f 2317/73/2255 2348/74/2284 2316/73/2254
f 2349/74/2285 2380/75/2314 2348/74/2284
f 2381/75/2315 2412/76/44 2380/75/2314
f 2413/76/45 2444/77/2350 2412/76/44
f 2445/77/77 2476/78/2358 2444/77/2350
f 2477/78/109 2508/79/140 2476/78/2358
f 2509/79/2361 2540/80/172 2508/79/140
f 2541/80/2368 2572/81/204 2540/80/172
f 2573/81/205 2604/82/236 2572/81/204
f 2605/82/237 2636/83/268 2604/82/236
f 2637/83/2382 2668/84/300 2636/83/268
f 2669/84/301 2700/85/2396 2668/84/300
f 2701/85/2397 2732/86/364 2700/85/2396
f 2733/86/365 2764/87/396 2732/86/364
f 2765/87/397 2796/88/428 2764/87/396
f 2797/88/429 2828/89/2418 2796/88/428
f 2829/89/461 2860/90/492 2828/89/2418
f 2861/90/493 2892/91/524 2860/90/492
f 2893/91/525 2924/92/556 2892/91/524
f 2925/92/557 2956/93/588 2924/92/556
f 2957/93/2441 2988/94/620 2956/93/588
f 2989/94/621 3020/95/652 2988/94/620
f 3021/95/653 3052/96/684 3020/95/652
f 3053/96/685 3084/97/716 3052/96/684
f 3085/97/717 3116/98/748 3084/97/716
f 3117/98/749 3148/99/2469 3116/98/748
f 3149/99/781 3180/100/2475 3148/99/2469
f 3181/100/813 3212/101/844 3180/100/2475
f 3213/101/2483 3244/102/876 3212/101/844
f 3245/102/877 3276/103/908 3244/102/876
f 3277/103/909 3308/104/940 3276/103/908
f 3309/104/941 3340/105/972 3308/104/940
f 3341/105/2514 3372/106/1004 3340/105/972
f 3373/106/1005 3404/107/2531 3372/106/1004
f 3405/107/1037 3436/108/2540 3404/107/2531
f 3437/108/1069 3468/109/2552 3436/108/2540
f 3469/109/2553 3500/110/1132 3468/109/2552
f 3501/110/1133 3532/111/1164 3500/110/1132
f 3533/111/1165 3564/112/1196 3532/111/1164
f 3565/112/2584 3596/113/2593 3564/112/1196
f 3597/113/2594 3628/114/2605 3596/113/2593
f 3629/114/1258 3660/115/2615 3628/114/2605
f 3661/115/2616 3692/116/1318 3660/115/2615
f 3693/116/2621 3724/117/2636 3692/116/1318
f 3725/117/2637 3756/118/2648 3724/117/2636
f 3757/118/1379 3788/119/1408 3756/118/2648
f 3789/119/1409 3820/120/1438 3788/119/1408
f 3821/120/1439 3852/121/1469 3820/120/1438
f 3853/121/1470 3884/122/1499 3852/121/1469
f 3885/122/2696 3916/123/1529 3884/122/1499
f 3917/123/2702 3948/124/2709 3916/123/1529
f 3949/124/1560 3980/125/1589 3948/124/2709
f 3981/125/2717 4012/126/1619 3980/125/1589
f 4013/126/1620 4044/127/1649 4012/126/1619
f 4045/127/1650 4076/128/1680 4044/127/1649
f 4077/128/1681 4108/129/1710 4076/128/1680
f 4109/129/1711 4140/130/1740 4108/129/1710
f 4141/130/1741 4172/131/1770 4140/130/1740
f 4173/131/1771 4204/132/1800 4172/131/1770
f 4205/132/1801 4236/133/1831 4204/132/1800
f 4237/133/1832 4268/134/2760 4236/133/1831
f 4269/134/2761 4300/135/1893 4268/134/2760
f 4301/135/1894 4332/136/2772 4300/135/1893
f 4333/136/2773 4364/137/1953 4332/136/2772
f 4365/137/2781 4396/138/1983 4364/137/1953
f 4397/138/1984 4428/139/2013 4396/138/1983
f 4429/139/2014 4460/140/2044 4428/139/2013
f 4461/140/2808 4492/141/2823 4460/140/2044
f 4493/141/2824 4524/142/2104 4492/141/2823
f 4525/142/2105 4556/143/2134 4524/142/2104
f 4557/143/2135 4588/144/2164 4556/143/2134
f 4589/144/2165 4620/145/2194 4588/144/2164
f 4621/145/2875 4652/146/2889 4620/145/2194
f 4653/146/2225 4684/147/2894 4652/146/2889
f 4685/147/2255 4716/148/2284 4684/147/2894
f 4717/148/2285 4748/149/2930 4716/148/2284
f 1998/63/1955 2029/64/1984 1997/63/1954
f 2030/64/1985 2061/65/2014 2029/64/1984
f 2062/65/2015 2093/66/2045 2061/65/2014
f 2094/66/2046 2125/67/2075 2093/66/2045
f 2126/67/2076 2157/68/2105 2125/67/2075
f 2158/68/2106 2189/69/2135 2157/68/2105
f 2190/69/2136 2221/70/2165 2189/69/2135
f 2222/70/2166 2253/71/2195 2221/70/2165
f 2254/71/2196 2285/72/2225 2253/71/2195
f 2286/72/2226 2317/73/2255 2285/72/2225
f 2318/73/2256 2349/74/2285 2317/73/2255
f 2350/74/2286 2381/75/2315 2349/74/2285
f 2382/75/2316 2413/76/45 2381/75/2315
f 2414/76/46 2445/77/77 2413/76/45
f 2446/77/78 2477/78/109 2445/77/77
f 2478/78/110 2509/79/2361 2477/78/109
f 2510/79/142 2541/80/2368 2509/79/2361
f 2542/80/2369 2573/81/205 2541/80/2368
f 2574/81/206 2605/82/237 2573/81/205
f 2606/82/238 2637/83/2382 2605/82/237
f 2638/83/270 2669/84/301 2637/83/2382
f 2670/84/302 2701/85/2397 2669/84/301
f 2702/85/334 2733/86/365 2701/85/2397
f 2734/86/366 2765/87/397 2733/86/365
f 2766/87/398 2797/88/429 2765/87/397
f 2798/88/430 2829/89/461 2797/88/429
f 2830/89/462 2861/90/493 2829/89/461
f 2862/90/2425 2893/91/525 2861/90/493
f 2894/91/526 2925/92/557 2893/91/525
f 2926/92/558 2957/93/2441 2925/92/557
f 2958/93/590 2989/94/621 2957/93/2441
f 2990/94/622 3021/95/653 2989/94/621
f 3022/95/654 3053/96/685 3021/95/653
f 3054/96/686 3085/97/717 3053/96/685
f 3086/97/718 3117/98/749 3085/97/717
f 3118/98/750 3149/99/781 3117/98/749
f 3150/99/782 3181/100/813 3149/99/781
f 3182/100/814 3213/101/2483 3181/100/813
f 3214/101/846 3245/102/877 3213/101/2483
f 3246/102/878 3277/103/909 3245/102/877
f 3278/103/910 3309/104/941 3277/103/909
f 3310/104/2507 3341/105/2514 3309/104/941
f 3342/105/974 3373/106/1005 3341/105/2514
f 3374/106/2523 3405/107/1037 3373/106/1005
f 3406/107/1038 3437/108/1069 3405/107/1037
f 3438/108/1070 3469/109/2553 3437/108/1069
f 3470/109/1102 3501/110/1133 3469/109/2553
f 3502/110/2564 3533/111/1165 3501/110/1133
f 3534/111/2577 3565/112/2584 3533/111/1165
f 3566/112/1198 3597/113/2594 3565/112/2584
f 3598/113/1229 3629/114/1258 3597/113/2594
f 3630/114/1259 3661/115/2616 3629/114/1258
f 3662/115/2617 3693/116/2621 3661/115/2616
f 3694/116/1320 3725/117/2637 3693/116/2621
f 3726/117/2638 3757/118/1379 3725/117/2637
f 3758/118/1380 3789/119/1409 3757/118/1379
f 3790/119/1410 3821/120/1439 3789/119/1409
f 3822/120/2669 3853/121/1470 3821/120/1439
f 3854/121/1471 3885/122/2696 3853/121/1470
f 3886/122/1501 3917/123/2702 3885/122/2696
f 3918/123/1531 3949/124/1560 3917/123/2702
f 3950/124/1561 3981/125/2717 3949/124/1560
f 3982/125/1591 4013/126/1620 3981/125/2717
f 4014/126/1621 4045/127/1650 4013/126/1620
f 4046/127/1651 4077/128/1681 4045/127/1650
f 4078/128/2733 4109/129/1711 4077/128/1681
f 4110/129/1712 4141/130/1741 4109/129/1711
f 4142/130/1742 4173/131/1771 4141/130/1741
f 4174/131/1772 4205/132/1801 4173/131/1771
f 4206/132/1802 4237/133/1832 4205/132/1801
f 4238/133/1833 4269/134/2761 4237/133/1832
f 4270/134/1864 4301/135/1894 4269/134/2761
f 4302/135/1895 4333/136/2773 4301/135/1894
f 4334/136/1925 4365/137/2781 4333/136/2773
f 4366/137/1955 4397/138/1984 4365/137/2781
f 4398/138/1985 4429/139/2014 4397/138/1984
f 4430/139/2798 4461/140/2808 4429/139/2014
f 4462/140/2046 4493/141/2824 4461/140/2808
f 4494/141/2076 4525/142/2105 4493/141/2824
f 4526/142/2106 4557/143/2135 4525/142/2105
f 4558/143/2845 4589/144/2165 4557/143/2135
f 4590/144/2166 4621/145/2875 4589/144/2165
f 4622/145/2196 4653/146/2225 4621/145/2875
f 4654/146/2226 4685/147/2255 4653/146/2225
f 4686/147/2256 4717/148/2285 4685/147/2255
f 4718/148/2909 4749/149/2931 4717/148/2285
f 1999/63/1956 2030/64/1985 1998/63/1955
f 2031/64/1986 2062/65/2015 2030/64/1985
f 2063/65/2016 2094/66/2046 2062/65/2015
f 2095/66/2047 2126/67/2076 2094/66/2046
f 2127/67/2077 2158/68/2106 2126/67/2076
f 2159/68/2107 2190/69/2136 2158/68/2106
f 2191/69/2137 2222/70/2166 2190/69/2136
f 2223/70/2167 2254/71/2196 2222/70/2166
f 2255/71/2197 2286/72/2226 2254/71/2196
f 2287/72/2227 2318/73/2256 2286/72/2226
f 2319/73/2257 2350/74/2286 2318/73/2256
f 2351/74/2287 2382/75/2316 2350/74/2286
f 2383/75/2317 2414/76/46 2382/75/2316
f 2415/76/2339 2446/77/78 2414/76/46
f 2447/77/79 2478/78/110 2446/77/78
f 2479/78/111 2510/79/142 2478/78/110
f 2511/79/143 2542/80/2369 2510/79/142
f 2543/80/175 2574/81/206 2542/80/2369
f 2575/81/2374 2606/82/238 2574/81/206
f 2607/82/239 2638/83/270 2606/82/238
f 2639/83/271 2670/84/302 2638/83/270
f 2671/84/303 2702/85/334 2670/84/302
f 2703/85/335 2734/86/366 2702/85/334
f 2735/86/367 2766/87/398 2734/86/366
f 2767/87/399 2798/88/430 2766/87/398
f 2799/88/431 2830/89/462 2798/88/430
f 2831/89/463 2862/90/2425 2830/89/462
f 2863/90/495 2894/91/526 2862/90/2425
f 2895/91/527 2926/92/558 2894/91/526
f 2927/92/559 2958/93/590 2926/92/558
f 2959/93/2442 2990/94/622 2958/93/590
f 2991/94/623 3022/95/654 2990/94/622
f 3023/95/655 3054/96/686 3022/95/654
f 3055/96/687 3086/97/718 3054/96/686
f 3087/97/719 3118/98/750 3086/97/718
f 3119/98/751 3150/99/782 3118/98/750
f 3151/99/783 3182/100/814 3150/99/782
f 3183/100/815 3214/101/846 3182/100/814
f 3215/101/847 3246/102/878 3214/101/846
f 3247/102/2493 3278/103/910 3246/102/878
f 3279/103/911 3310/104/2507 3278/103/910
f 3311/104/943 3342/105/974 3310/104/2507
f 3343/105/975 3374/106/2523 3342/105/974
f 3375/106/1007 3406/107/1038 3374/106/2523
f 3407/107/1039 3438/108/1070 3406/107/1038
f 3439/108/1071 3470/109/1102 3438/108/1070
f 3471/109/1103 3502/110/2564 3470/109/1102
f 3503/110/1135 3534/111/2577 3502/110/2564
f 3535/111/2578 3566/112/1198 3534/111/2577
f 3567/112/1199 3598/113/1229 3566/112/1198
f 3599/113/2595 3630/114/1259 3598/113/1229
f 3631/114/1260 3662/115/2617 3630/114/1259
f 3663/115/1290 3694/116/1320 3662/115/2617
f 3695/116/1321 3726/117/2638 3694/116/1320
f 3727/117/1351 3758/118/1380 3726/117/2638
f 3759/118/1381 3790/119/1410 3758/118/1380
f 3791/119/1411 3822/120/2669 3790/119/1410
f 3823/120/2670 3854/121/1471 3822/120/2669
f 3855/121/2683 3886/122/1501 3854/121/1471
f 3887/122/1502 3918/123/1531 3886/122/1501
f 3919/123/1532 3950/124/1561 3918/123/1531
f 3951/124/1562 3982/125/1591 3950/124/1561
f 3983/125/2718 4014/126/1621 3982/125/1591
f 4015/126/1622 4046/127/1651 4014/126/1621
f 4047/127/1652 4078/128/2733 4046/127/1651
f 4079/128/1683 4110/129/1712 4078/128/2733
f 4111/129/1713 4142/130/1742 4110/129/1712
f 4143/130/2743 4174/131/1772 4142/130/1742
f 4175/131/1773 4206/132/1802 4174/131/1772
f 4207/132/1803 4238/133/1833 4206/132/1802
f 4239/133/1834 4270/134/1864 4238/133/1833
f 4271/134/1865 4302/135/1895 4270/134/1864
f 4303/135/1896 4334/136/1925 4302/135/1895
f 4335/136/1926 4366/137/1955 4334/136/1925
f 4367/137/1956 4398/138/1985 4366/137/1955
f 4399/138/2788 4430/139/2798 4398/138/1985
f 4431/139/2799 4462/140/2046 4430/139/2798
f 4463/140/2047 4494/141/2076 4462/140/2046
f 4495/141/2077 4526/142/2106 4494/141/2076
f 4527/142/2834 4558/143/2845 4526/142/2106
f 4559/143/2846 4590/144/2166 4558/143/2845
f 4591/144/2167 4622/145/2196 4590/144/2166
f 4623/145/2876 4654/146/2226 4622/145/2196
f 4655/146/2227 4686/147/2256 4654/146/2226
f 4687/147/2895 4718/148/2909 4686/147/2256
f 4719/148/2910 4750/149/2932 4718/148/2909
f 2000/63/1957 2031/64/1986 1999/63/1956
f 2032/64/1987 2063/65/2016 2031/64/1986
f 2064/65/2017 2095/66/2047 2063/65/2016
f 2096/66/2048 2127/67/2077 2095/66/2047
f 2128/67/2078 2159/68/2107 2127/67/2077
f 2160/68/2108 2191/69/2137 2159/68/2107
f 2192/69/2138 2223/70/2167 2191/69/2137
f 2224/70/2168 2255/71/2197 2223/70/2167
f 2256/71/2198 2287/72/2227 2255/71/2197
f 2288/72/2228 2319/73/2257 2287/72/2227
f 2320/73/2258 2351/74/2287 2319/73/2257
f 2352/74/2288 2383/75/2317 2351/74/2287
f 2384/75/2318 2415/76/2339 2383/75/2317
f 2416/76/48 2447/77/79 2415/76/2339
f 2448/77/80 2479/78/111 2447/77/79
f 2480/78/112 2511/79/143 2479/78/111
f 2512/79/144 2543/80/175 2511/79/143
f 2544/80/176 2575/81/2374 2543/80/175
f 2576/81/208 2607/82/239 2575/81/2374
f 2608/82/240 2639/83/271 2607/82/239
f 2640/83/2383 2671/84/303 2639/83/271
f 2672/84/2388 2703/85/335 2671/84/303
f 2704/85/336 2735/86/367 2703/85/335
f 2736/86/368 2767/87/399 2735/86/367
f 2768/87/400 2799/88/431 2767/87/399
f 2800/88/432 2831/89/463 2799/88/431
f 2832/89/464 2863/90/495 2831/89/463
f 2864/90/496 2895/91/527 2863/90/495
f 2896/91/528 2927/92/559 2895/91/527
f 2928/92/560 2959/93/2442 2927/92/559
f 2960/93/592 2991/94/623 2959/93/2442
f 2992/94/624 3023/95/655 2991/94/623
f 3024/95/656 3055/96/687 3023/95/655
f 3056/96/688 3087/97/719 3055/96/687
f 3088/97/720 3119/98/751 3087/97/719
f 3120/98/752 3151/99/783 3119/98/751
f 3152/99/784 3183/100/815 3151/99/783
f 3184/100/816 3215/101/847 3183/100/815
f 3216/101/848 3247/102/2493 3215/101/847
f 3248/102/880 3279/103/911 3247/102/2493
f 3280/103/912 3311/104/943 3279/103/911
f 3312/104/944 3343/105/975 3311/104/943
f 3344/105/976 3375/106/1007 3343/105/975
f 3376/106/2524 3407/107/1039 3375/106/1007
f 3408/107/1040 3439/108/1071 3407/107/1039
f 3440/108/1072 3471/109/1103 3439/108/1071
f 3472/109/1104 3503/110/1135 3471/109/1103
f 3504/110/1136 3535/111/2578 3503/110/1135
f 3536/111/1168 3567/112/1199 3535/111/2578
f 3568/112/2585 3599/113/2595 3567/112/1199
f 3600/113/1231 3631/114/1260 3599/113/2595
f 3632/114/1261 3663/115/1290 3631/114/1260
f 3664/115/1291 3695/116/1321 3663/115/1290
f 3696/116/1322 3727/117/1351 3695/116/1321
f 3728/117/2639 3759/118/1381 3727/117/1351
f 3760/118/2649 3791/119/1411 3759/118/1381
f 3792/119/1412 3823/120/2670 3791/119/1411
f 3824/120/1442 3855/121/2683 3823/120/2670
f 3856/121/2684 3887/122/1502 3855/121/2683
f 3888/122/2697 3919/123/1532 3887/122/1502
f 3920/123/1533 3951/124/1562 3919/123/1532
f 3952/124/2710 3983/125/2718 3951/124/1562
f 3984/125/1593 4015/126/1622 3983/125/2718
f 4016/126/1623 4047/127/1652 4015/126/1622
f 4048/127/1653 4079/128/1683 4047/127/1652
f 4080/128/1684 4111/129/1713 4079/128/1683
f 4112/129/1714 4143/130/2743 4111/129/1713
f 4144/130/1744 4175/131/1773 4143/130/2743
f 4176/131/1774 4207/132/1803 4175/131/1773
f 4208/132/1804 4239/133/1834 4207/132/1803
f 4240/133/1835 4271/134/1865 4239/133/1834
f 4272/134/1866 4303/135/1896 4271/134/1865
f 4304/135/1897 4335/136/1926 4303/135/1896
f 4336/136/1927 4367/137/1956 4335/136/1926
f 4368/137/2782 4399/138/2788 4367/137/1956
f 4400/138/2789 4431/139/2799 4399/138/2788
f 4432/139/2017 4463/140/2047 4431/139/2799
f 4464/140/2048 4495/141/2077 4463/140/2047
f 4496/141/2078 4527/142/2834 4495/141/2077
f 4528/142/2108 4559/143/2846 4527/142/2834
f 4560/143/2138 4591/144/2167 4559/143/2846
f 4592/144/2168 4623/145/2876 4591/144/2167
f 4624/145/2198 4655/146/2227 4623/145/2876
f 4656/146/2228 4687/147/2895 4655/146/2227
f 4688/147/2258 4719/148/2910 4687/147/2895
f 4720/148/2911 4751/149/2933 4719/148/2910
f 2001/63/1958 2032/64/1987 2000/63/1957
f 2033/64/1988 2064/65/2017 2032/64/1987
f 2065/65/2018 2096/66/2048 2064/65/2017
f 2097/66/2049 2128/67/2078 2096/66/2048
f 2129/67/2079 2160/68/2108 2128/67/2078
f 2161/68/2109 2192/69/2138 2160/68/2108
f 2193/69/2139 2224/70/2168 2192/69/2138
f 2225/70/2169 2256/71/2198 2224/70/2168
f 2257/71/2199 2288/72/2228 2256/71/2198
f 2289/72/2229 2320/73/2258 2288/72/2228
f 2321/73/2259 2352/74/2288 2320/73/2258
f 2353/74/2289 2384/75/2318 2352/74/2288
f 2385/75/2319 2416/76/48 2384/75/2318
f 2417/76/2340 2448/77/80 2416/76/48
f 2449/77/81 2480/78/112 2448/77/80
f 2481/78/113 2512/79/144 2480/78/112
f 2513/79/2362 2544/80/176 2512/79/144
f 2545/80/177 2576/81/208 2544/80/176
f 2577/81/209 2608/82/240 2576/81/208
f 2609/82/241 2640/83/2383 2608/82/240
f 2641/83/273 2672/84/2388 2640/83/2383
f 2673/84/305 2704/85/336 2672/84/2388
f 2705/85/337 2736/86/368 2704/85/336
f 2737/86/369 2768/87/400 2736/86/368
f 2769/87/401 2800/88/432 2768/87/400
f 2801/88/433 2832/89/464 2800/88/432
f 2833/89/465 2864/90/496 2832/89/464
f 2865/90/497 2896/91/528 2864/90/496
f 2897/91/529 2928/92/560 2896/91/528
f 2929/92/561 2960/93/592 2928/92/560
f 2961/93/593 2992/94/624 2960/93/592
f 2993/94/625 3024/95/656 2992/94/624
f 3025/95/657 3056/96/688 3024/95/656
f 3057/96/689 3088/97/720 3056/96/688
f 3089/97/721 3120/98/752 3088/97/720
f 3121/98/753 3152/99/784 3120/98/752
f 3153/99/785 3184/100/816 3152/99/784
f 3185/100/817 3216/101/848 3184/100/816
f 3217/101/849 3248/102/880 3216/101/848
f 3249/102/881 3280/103/912 3248/102/880
f 3281/103/913 3312/104/944 3280/103/912
f 3313/104/945 3344/105/976 3312/104/944
f 3345/105/977 3376/106/2524 3344/105/976
f 3377/106/1009 3408/107/1040 3376/106/2524
f 3409/107/1041 3440/108/1072 3408/107/1040
f 3441/108/1073 3472/109/1104 3440/108/1072
f 3473/109/1105 3504/110/1136 3472/109/1104
f 3505/110/2565 3536/111/1168 3504/110/1136
f 3537/111/1169 3568/112/2585 3536/111/1168
f 3569/112/1201 3600/113/1231 3568/112/2585
f 3601/113/1232 3632/114/1261 3600/113/1231
f 3633/114/1262 3664/115/1291 3632/114/1261
f 3665/115/1292 3696/116/1322 3664/115/1291
f 3697/116/1323 3728/117/2639 3696/116/1322
f 3729/117/1353 3760/118/2649 3728/117/2639
f 3761/118/1383 3792/119/1412 3760/118/2649
f 3793/119/1413 3824/120/1442 3792/119/1412
f 3825/120/1443 3856/121/2684 3824/120/1442
f 3857/121/1474 3888/122/2697 3856/121/2684
f 3889/122/1504 3920/123/1533 3888/122/2697
f 3921/123/1534 3952/124/2710 3920/123/1533
f 3953/124/1564 3984/125/1593 3952/124/2710
f 3985/125/1594 4016/126/1623 3984/125/1593
f 4017/126/1624 4048/127/1653 4016/126/1623
f 4049/127/1654 4080/128/1684 4048/127/1653
f 4081/128/1685 4112/129/1714 4080/128/1684
f 4113/129/1715 4144/130/1744 4112/129/1714
f 4145/130/1745 4176/131/1774 4144/130/1744
f 4177/131/1775 4208/132/1804 4176/131/1774
f 4209/132/1805 4240/133/1835 4208/132/1804
f 4241/133/1836 4272/134/1866 4240/133/1835
f 4273/134/1867 4304/135/1897 4272/134/1866
f 4305/135/1898 4336/136/1927 4304/135/1897
f 4337/136/1928 4368/137/2782 4336/136/1927
f 4369/137/1958 4400/138/2789 4368/137/2782
f 4401/138/1988 4432/139/2017 4400/138/2789
f 4433/139/2018 4464/140/2048 4432/139/2017
f 4465/140/2809 4496/141/2078 4464/140/2048
f 4497/141/2079 4528/142/2108 4496/141/2078
f 4529/142/2109 4560/143/2138 4528/142/2108
f 4561/143/2139 4592/144/2168 4560/143/2138
f 4593/144/2169 4624/145/2198 4592/144/2168
f 4625/145/2199 4656/146/2228 4624/145/2198
f 4657/146/2229 4688/147/2258 4656/146/2228
f 4689/147/2896 4720/148/2911 4688/147/2258
f 4721/148/2289 4752/149/2934 4720/148/2911
f 2034/64/1989 2001/63/1958 2002/63/1959
f 2066/65/2019 2033/64/1988 2034/64/1989
f 2098/66/2050 2065/65/2018 2066/65/2019
f 2130/67/2080 2097/66/2049 2098/66/2050
f 2162/68/2110 2129/67/2079 2130/67/2080
f 2194/69/2140 2161/68/2109 2162/68/2110
f 2226/70/2170 2193/69/2139 2194/69/2140
f 2258/71/2200 2225/70/2169 2226/70/2170
f 2290/72/2230 2257/71/2199 2258/71/2200
f 2322/73/2260 2289/72/2229 2290/72/2230
f 2354/74/2290 2321/73/2259 2322/73/2260
f 2386/75/2320 2353/74/2289 2354/74/2290
f 2418/76/2341 2385/75/2319 2386/75/2320
f 2450/77/82 2417/76/2340 2418/76/2341
f 2482/78/114 2449/77/81 2450/77/82
f 2514/79/146 2481/78/113 2482/78/114
f 2546/80/178 2513/79/2362 2514/79/146
f 2578/81/210 2545/80/177 2546/80/178
f 2610/82/242 2577/81/209 2578/81/210
f 2642/83/274 2609/82/241 2610/82/242
f 2674/84/306 2641/83/273 2642/83/274
f 2706/85/338 2673/84/305 2674/84/306
f 2738/86/370 2705/85/337 2706/85/338
f 2770/87/402 2737/86/369 2738/86/370
f 2802/88/434 2769/87/401 2770/87/402
f 2834/89/466 2801/88/433 2802/88/434
f 2866/90/498 2833/89/465 2834/89/466
f 2898/91/530 2865/90/497 2866/90/498
f 2930/92/562 2897/91/529 2898/91/530
f 2962/93/594 2929/92/561 2930/92/562
f 2994/94/626 2961/93/593 2962/93/594
f 3026/95/658 2993/94/625 2994/94/626
f 3058/96/690 3025/95/657 3026/95/658
f 3090/97/722 3057/96/689 3058/96/690
f 3122/98/754 3089/97/721 3090/97/722
f 3154/99/786 3121/98/753 3122/98/754
f 3186/100/818 3153/99/785 3154/99/786
f 3218/101/850 3185/100/817 3186/100/818
f 3250/102/882 3217/101/849 3218/101/850
f 3282/103/914 3249/102/881 3250/102/882
f 3314/104/946 3281/103/913 3282/103/914
f 3346/105/978 3313/104/945 3314/104/946
f 3378/106/1010 3345/105/977 3346/105/978
f 3410/107/1042 3377/106/1009 3378/106/1010
f 3442/108/1074 3409/107/1041 3410/107/1042
f 3474/109/1106 3441/108/1073 3442/108/1074
f 3506/110/1138 3473/109/1105 3474/109/1106
f 3538/111/1170 3505/110/2565 3506/110/1138
f 3570/112/1202 3537/111/1169 3538/111/1170
f 3602/113/2596 3569/112/1201 3570/112/1202
f 3634/114/1263 3601/113/1232 3602/113/2596
f 3666/115/1293 3633/114/1262 3634/114/1263
f 3698/116/1324 3665/115/1292 3666/115/1293
f 3730/117/1354 3697/116/1323 3698/116/1324
f 3762/118/1384 3729/117/1353 3730/117/1354
f 3794/119/1414 3761/118/1383 3762/118/1384
f 3826/120/1444 3793/119/1413 3794/119/1414
f 3858/121/2685 3825/120/1443 3826/120/1444
f 3890/122/1505 3857/121/1474 3858/121/2685
f 3922/123/1535 3889/122/1504 3890/122/1505
f 3954/124/1565 3921/123/1534 3922/123/1535
f 3986/125/1595 3953/124/1564 3954/124/1565
f 4018/126/1625 3985/125/1594 3986/125/1595
f 4050/127/1655 4017/126/1624 4018/126/1625
f 4082/128/1686 4049/127/1654 4050/127/1655
f 4114/129/1716 4081/128/1685 4082/128/1686
f 4146/130/1746 4113/129/1715 4114/129/1716
f 4178/131/1776 4145/130/1745 4146/130/1746
f 4210/132/1806 4177/131/1775 4178/131/1776
f 4242/133/1837 4209/132/1805 4210/132/1806
f 4274/134/1868 4241/133/1836 4242/133/1837
f 4306/135/1899 4273/134/1867 4274/134/1868
f 4338/136/1929 4305/135/1898 4306/135/1899
f 4370/137/1959 4337/136/1928 4338/136/1929
f 4402/138/1989 4369/137/1958 4370/137/1959
f 4434/139/2019 4401/138/1988 4402/138/1989
f 4466/140/2810 4433/139/2018 4434/139/2019
f 4498/141/2825 4465/140/2809 4466/140/2810
f 4530/142/2835 4497/141/2079 4498/141/2825
f 4562/143/2140 4529/142/2109 4530/142/2835
f 4594/144/2170 4561/143/2139 4562/143/2140
f 4626/145/2877 4593/144/2169 4594/144/2170
f 4658/146/2230 4625/145/2199 4626/145/2877
f 4690/147/2260 4657/146/2229 4658/146/2230
f 4722/148/2912 4689/147/2896 4690/147/2260
f 4754/149/2936 4721/148/2289 4722/148/2912
f 2035/64/1990 2002/63/1959 2003/63/1960
f 2067/65/2020 2034/64/1989 2035/64/1990
f 2099/66/2051 2066/65/2019 2067/65/2020
f 2131/67/2081 2098/66/2050 2099/66/2051
f 2163/68/2111 2130/67/2080 2131/67/2081
f 2195/69/2141 2162/68/2110 2163/68/2111
f 2227/70/2171 2194/69/2140 2195/69/2141
f 2259/71/2201 2226/70/2170 2227/70/2171
f 2291/72/2231 2258/71/2200 2259/71/2201
f 2323/73/2261 2290/72/2230 2291/72/2231
f 2355/74/2291 2322/73/2260 2323/73/2261
f 2387/75/2321 2354/74/2290 2355/74/2291
f 2419/76/51 2386/75/2320 2387/75/2321
f 2451/77/2351 2418/76/2341 2419/76/51
f 2483/78/115 2450/77/82 2451/77/2351
f 2515/79/147 2482/78/114 2483/78/115
f 2547/80/179 2514/79/146 2515/79/147
f 2579/81/211 2546/80/178 2547/80/179
f 2611/82/243 2578/81/210 2579/81/211
f 2643/83/275 2610/82/242 2611/82/243
f 2675/84/307 2642/83/274 2643/83/275
f 2707/85/339 2674/84/306 2675/84/307
f 2739/86/371 2706/85/338 2707/85/339
f 2771/87/403 2738/86/370 2739/86/371
f 2803/88/435 2770/87/402 2771/87/403
f 2835/89/467 2802/88/434 2803/88/435
f 2867/90/499 2834/89/466 2835/89/467
f 2899/91/531 2866/90/498 2867/90/499
f 2931/92/563 2898/91/530 2899/91/531
f 2963/93/595 2930/92/562 2931/92/563
f 2995/94/627 2962/93/594 2963/93/595
f 3027/95/659 2994/94/626 2995/94/627
f 3059/96/691 3026/95/658 3027/95/659
f 3091/97/723 3058/96/690 3059/96/691
f 3123/98/755 3090/97/722 3091/97/723
f 3155/99/787 3122/98/754 3123/98/755
f 3187/100/819 3154/99/786 3155/99/787
f 3219/101/851 3186/100/818 3187/100/819
f 3251/102/883 3218/101/850 3219/101/851
f 3283/103/915 3250/102/882 3251/102/883
f 3315/104/947 3282/103/914 3283/103/915
f 3347/105/979 3314/104/946 3315/104/947
f 3379/106/1011 3346/105/978 3347/105/979
f 3411/107/1043 3378/106/1010 3379/106/1011
f 3443/108/1075 3410/107/1042 3411/107/1043
f 3475/109/1107 3442/108/1074 3443/108/1075
f 3507/110/1139 3474/109/1106 3475/109/1107
f 3539/111/1171 3506/110/1138 3507/110/1139
f 3571/112/1203 3538/111/1170 3539/111/1171
f 3603/113/1234 3570/112/1202 3571/112/1203
f 3635/114/1264 3602/113/2596 3603/113/1234
f 3667/115/1294 3634/114/1263 3635/114/1264
f 3699/116/2622 3666/115/1293 3667/115/1294
f 3731/117/1355 3698/116/1324 3699/116/2622
f 3763/118/1385 3730/117/1354 3731/117/1355
f 3795/119/1415 3762/118/1384 3763/118/1385
f 3827/120/1445 3794/119/1414 3795/119/1415
f 3859/121/1476 3826/120/1444 3827/120/1445
f 3891/122/1506 3858/121/2685 3859/121/1476
f 3923/123/1536 3890/122/1505 3891/122/1506
f 3955/124/2711 3922/123/1535 3923/123/1536
f 3987/125/1596 3954/124/1565 3955/124/2711
f 4019/126/1626 3986/125/1595 3987/125/1596
f 4051/127/1656 4018/126/1625 4019/126/1626
f 4083/128/1687 4050/127/1655 4051/127/1656
f 4115/129/1717 4082/128/1686 4083/128/1687
f 4147/130/1747 4114/129/1716 4115/129/1717
f 4179/131/1777 4146/130/1746 4147/130/1747
f 4211/132/1807 4178/131/1776 4179/131/1777
f 4243/133/1838 4210/132/1806 4211/132/1807
f 4275/134/1869 4242/133/1837 4243/133/1838
f 4307/135/1900 4274/134/1868 4275/134/1869
f 4339/136/1930 4306/135/1899 4307/135/1900
f 4371/137/1960 4338/136/1929 4339/136/1930
f 4403/138/1990 4370/137/1959 4371/137/1960
f 4435/139/2800 4402/138/1989 4403/138/1990
f 4467/140/2051 4434/139/2019 4435/139/2800
f 4499/141/2081 4466/140/2810 4467/140/2051
f 4531/142/2111 4498/141/2825 4499/141/2081
f 4563/143/2141 4530/142/2835 4531/142/2111
f 4595/144/2171 4562/143/2140 4563/143/2141
f 4627/145/2201 4594/144/2170 4595/144/2171
f 4659/146/2231 4626/145/2877 4627/145/2201
f 4691/147/2897 4658/146/2230 4659/146/2231
f 4723/148/2291 4690/147/2260 4691/147/2897
f 4755/149/2937 4722/148/2912 4723/148/2291
f 2036/64/1991 2003/63/1960 2004/63/1961
f 2068/65/2021 2035/64/1990 2036/64/1991
f 2100/66/2052 2067/65/2020 2068/65/2021
f 2132/67/2082 2099/66/2051 2100/66/2052
f 2164/68/2112 2131/67/2081 2132/67/2082
f 2196/69/2142 2163/68/2111 2164/68/2112
f 2228/70/2172 2195/69/2141 2196/69/2142
f 2260/71/2202 2227/70/2171 2228/70/2172
f 2292/72/2232 2259/71/2201 2260/71/2202
f 2324/73/2262 2291/72/2231 2292/72/2232
f 2356/74/2292 2323/73/2261 2324/73/2262
f 2388/75/2322 2355/74/2291 2356/74/2292
f 2420/76/52 2387/75/2321 2388/75/2322
f 2452/77/84 2419/76/51 2420/76/52
f 2484/78/116 2451/77/2351 2452/77/84
f 2516/79/148 2483/78/115 2484/78/116
f 2548/80/180 2515/79/147 2516/79/148
f 2580/81/212 2547/80/179 2548/80/180
f 2612/82/2378 2579/81/211 2580/81/212
f 2644/83/276 2611/82/243 2612/82/2378
f 2676/84/308 2643/83/275 2644/83/276
f 2708/85/340 2675/84/307 2676/84/308
f 2740/86/372 2707/85/339 2708/85/340
f 2772/87/2414 2739/86/371 2740/86/372
f 2804/88/436 2771/87/403 2772/87/2414
f 2836/89/468 2803/88/435 2804/88/436
f 2868/90/500 2835/89/467 2836/89/468
f 2900/91/532 2867/90/499 2868/90/500
f 2932/92/564 2899/91/531 2900/91/532
f 2964/93/596 2931/92/563 2932/92/564
f 2996/94/628 2963/93/595 2964/93/596
f 3028/95/660 2995/94/627 2996/94/628
f 3060/96/692 3027/95/659 3028/95/660
f 3092/97/724 3059/96/691 3060/96/692
f 3124/98/2464 3091/97/723 3092/97/724
f 3156/99/788 3123/98/755 3124/98/2464
f 3188/100/820 3155/99/787 3156/99/788
f 3220/101/852 3187/100/819 3188/100/820
f 3252/102/884 3219/101/851 3220/101/852
f 3284/103/916 3251/102/883 3252/102/884
f 3316/104/948 3283/103/915 3284/103/916
f 3348/105/980 3315/104/947 3316/104/948
f 3380/106/1012 3347/105/979 3348/105/980
f 3412/107/1044 3379/106/1011 3380/106/1012
f 3444/108/1076 3411/107/1043 3412/107/1044
f 3476/109/1108 3443/108/1075 3444/108/1076
f 3508/110/1140 3475/109/1107 3476/109/1108
f 3540/111/1172 3507/110/1139 3508/110/1140
f 3572/112/1204 3539/111/1171 3540/111/1172
f 3604/113/1235 3571/112/1203 3572/112/1204
f 3636/114/1265 3603/113/1234 3604/113/1235
f 3668/115/1295 3635/114/1264 3636/114/1265
f 3700/116/2623 3667/115/1294 3668/115/1295
f 3732/117/2640 3699/116/2622 3700/116/2623
f 3764/118/1386 3731/117/1355 3732/117/2640
f 3796/119/2657 3763/118/1385 3764/118/1386
f 3828/120/1446 3795/119/1415 3796/119/2657
f 3860/121/1477 3827/120/1445 3828/120/1446
f 3892/122/2698 3859/121/1476 3860/121/1477
f 3924/123/1537 3891/122/1506 3892/122/2698
f 3956/124/1567 3923/123/1536 3924/123/1537
f 3988/125/2719 3955/124/2711 3956/124/1567
f 4020/126/1627 3987/125/1596 3988/125/2719
f 4052/127/1657 4019/126/1626 4020/126/1627
f 4084/128/1688 4051/127/1656 4052/127/1657
f 4116/129/1718 4083/128/1687 4084/128/1688
f 4148/130/1748 4115/129/1717 4116/129/1718
f 4180/131/1778 4147/130/1747 4148/130/1748
f 4212/132/1808 4179/131/1777 4180/131/1778
f 4244/133/1839 4211/132/1807 4212/132/1808
f 4276/134/1870 4243/133/1838 4244/133/1839
f 4308/135/1901 4275/134/1869 4276/134/1870
f 4340/136/1931 4307/135/1900 4308/135/1901
f 4372/137/1961 4339/136/1930 4340/136/1931
f 4404/138/1991 4371/137/1960 4372/137/1961
f 4436/139/2021 4403/138/1990 4404/138/1991
f 4468/140/2052 4435/139/2800 4436/139/2021
f 4500/141/2082 4467/140/2051 4468/140/2052
f 4532/142/2112 4499/141/2081 4500/141/2082
f 4564/143/2847 4531/142/2111 4532/142/2112
f 4596/144/2172 4563/143/2141 4564/143/2847
f 4628/145/2202 4595/144/2171 4596/144/2172
f 4660/146/2232 4627/145/2201 4628/145/2202
f 4692/147/2262 4659/146/2231 4660/146/2232
f 4724/148/2913 4691/147/2897 4692/147/2262
f 4756/149/2938 4723/148/2291 4724/148/2913
f 2037/64/1992 2004/63/1961 2005/63/1962
f 2069/65/2022 2036/64/1991 2037/64/1992
f 2101/66/2053 2068/65/2021 2069/65/2022
f 2133/67/2083 2100/66/2052 2101/66/2053
f 2165/68/2113 2132/67/2082 2133/67/2083
f 2197/69/2143 2164/68/2112 2165/68/2113
f 2229/70/2173 2196/69/2142 2197/69/2143
f 2261/71/2203 2228/70/2172 2229/70/2173
f 2293/72/2233 2260/71/2202 2261/71/2203
f 2325/73/2263 2292/72/2232 2293/72/2233
f 2357/74/2293 2324/73/2262 2325/73/2263
f 2389/75/2323 2356/74/2292 2357/74/2293
f 2421/76/53 2388/75/2322 2389/75/2323
f 2453/77/85 2420/76/52 2421/76/53
f 2485/78/117 2452/77/84 2453/77/85
f 2517/79/2363 2484/78/116 2485/78/117
f 2549/80/181 2516/79/148 2517/79/2363
f 2581/81/213 2548/80/180 2549/80/181
f 2613/82/245 2580/81/212 2581/81/213
f 2645/83/277 2612/82/2378 2613/82/245
f 2677/84/309 2644/83/276 2645/83/277
f 2709/85/341 2676/84/308 2677/84/309
f 2741/86/373 2708/85/340 2709/85/341
f 2773/87/405 2740/86/372 2741/86/373
f 2805/88/437 2772/87/2414 2773/87/405
f 2837/89/2419 2804/88/436 2805/88/437
f 2869/90/501 2836/89/468 2837/89/2419
f 2901/91/533 2868/90/500 2869/90/501
f 2933/92/565 2900/91/532 2901/91/533
f 2965/93/597 2932/92/564 2933/92/565
f 2997/94/629 2964/93/596 2965/93/597
f 3029/95/661 2996/94/628 2997/94/629
f 3061/96/693 3028/95/660 3029/95/661
f 3093/97/725 3060/96/692 3061/96/693
f 3125/98/757 3092/97/724 3093/97/725
f 3157/99/789 3124/98/2464 3125/98/757
f 3189/100/821 3156/99/788 3157/99/789
f 3221/101/853 3188/100/820 3189/100/821
f 3253/102/885 3220/101/852 3221/101/853
f 3285/103/917 3252/102/884 3253/102/885
f 3317/104/949 3284/103/916 3285/103/917
f 3349/105/2515 3316/104/948 3317/104/949
f 3381/106/1013 3348/105/980 3349/105/2515
f 3413/107/1045 3380/106/1012 3381/106/1013
f 3445/108/1077 3412/107/1044 3413/107/1045
f 3477/109/1109 3444/108/1076 3445/108/1077
f 3509/110/1141 3476/109/1108 3477/109/1109
f 3541/111/2579 3508/110/1140 3509/110/1141
f 3573/112/2586 3540/111/1172 3541/111/2579
f 3605/113/1236 3572/112/1204 3573/112/2586
f 3637/114/1266 3604/113/1235 3605/113/1236
f 3669/115/1296 3636/114/1265 3637/114/1266
f 3701/116/2624 3668/115/1295 3669/115/1296
f 3733/117/1357 3700/116/2623 3701/116/2624
f 3765/118/2650 3732/117/2640 3733/117/1357
f 3797/119/1417 3764/118/1386 3765/118/2650
f 3829/120/2671 3796/119/2657 3797/119/1417
f 3861/121/2686 3828/120/1446 3829/120/2671
f 3893/122/1508 3860/121/1477 3861/121/2686
f 3925/123/1538 3892/122/2698 3893/122/1508
f 3957/124/1568 3924/123/1537 3925/123/1538
f 3989/125/1598 3956/124/1567 3957/124/1568
f 4021/126/2722 3988/125/2719 3989/125/1598
f 4053/127/1658 4020/126/1627 4021/126/2722
f 4085/128/1689 4052/127/1657 4053/127/1658
f 4117/129/1719 4084/128/1688 4085/128/1689
f 4149/130/1749 4116/129/1718 4117/129/1719
f 4181/131/1779 4148/130/1748 4149/130/1749
f 4213/132/1809 4180/131/1778 4181/131/1779
f 4245/133/1840 4212/132/1808 4213/132/1809
f 4277/134/1871 4244/133/1839 4245/133/1840
f 4309/135/1902 4276/134/1870 4277/134/1871
f 4341/136/1932 4308/135/1901 4309/135/1902
f 4373/137/1962 4340/136/1931 4341/136/1932
f 4405/138/1992 4372/137/1961 4373/137/1962
f 4437/139/2022 4404/138/1991 4405/138/1992
f 4469/140/2811 4436/139/2021 4437/139/2022
f 4501/141/2826 4468/140/2052 4469/140/2811
f 4533/142/2113 4500/141/2082 4501/141/2826
f 4565/143/2848 4532/142/2112 4533/142/2113
f 4597/144/2173 4564/143/2847 4565/143/2848
f 4629/145/2203 4596/144/2172 4597/144/2173
f 4661/146/2233 4628/145/2202 4629/145/2203
f 4693/147/2263 4660/146/2232 4661/146/2233
f 4725/148/2914 4692/147/2262 4693/147/2263
f 4757/149/2939 4724/148/2913 4725/148/2914
f 2038/64/1993 2005/63/1962 2006/63/1963
f 2070/65/2023 2037/64/1992 2038/64/1993
f 2102/66/2054 2069/65/2022 2070/65/2023
f 2134/67/2084 2101/66/2053 2102/66/2054
f 2166/68/2114 2133/67/2083 2134/67/2084
f 2198/69/2144 2165/68/2113 2166/68/2114
f 2230/70/2174 2197/69/2143 2198/69/2144
f 2262/71/2204 2229/70/2173 2230/70/2174
f 2294/72/2234 2261/71/2203 2262/71/2204
f 2326/73/2264 2293/72/2233 2294/72/2234
f 2358/74/2294 2325/73/2263 2326/73/2264
f 2390/75/2324 2357/74/2293 2358/74/2294
f 2422/76/54 2389/75/2323 2390/75/2324
f 2454/77/86 2421/76/53 2422/76/54
f 2486/78/118 2453/77/85 2454/77/86
f 2518/79/150 2485/78/117 2486/78/118
f 2550/80/182 2517/79/2363 2518/79/150
f 2582/81/214 2549/80/181 2550/80/182
f 2614/82/246 2581/81/213 2582/81/214
f 2646/83/278 2613/82/245 2614/82/246
f 2678/84/310 2645/83/277 2646/83/278
f 2710/85/342 2677/84/309 2678/84/310
f 2742/86/2408 2709/85/341 2710/85/342
f 2774/87/406 2741/86/373 2742/86/2408
f 2806/88/438 2773/87/405 2774/87/406
f 2838/89/470 2805/88/437 2806/88/438
f 2870/90/502 2837/89/2419 2838/89/470
f 2902/91/534 2869/90/501 2870/90/502
f 2934/92/2436 2901/91/533 2902/91/534
f 2966/93/598 2933/92/565 2934/92/2436
f 2998/94/2445 2965/93/597 2966/93/598
f 3030/95/662 2997/94/629 2998/94/2445
f 3062/96/694 3029/95/661 3030/95/662
f 3094/97/726 3061/96/693 3062/96/694
f 3126/98/758 3093/97/725 3094/97/726
f 3158/99/790 3125/98/757 3126/98/758
f 3190/100/822 3157/99/789 3158/99/790
f 3222/101/2484 3189/100/821 3190/100/822
f 3254/102/2494 3221/101/853 3222/101/2484
f 3286/103/918 3253/102/885 3254/102/2494
f 3318/104/950 3285/103/917 3286/103/918
f 3350/105/2516 3317/104/949 3318/104/950
f 3382/106/1014 3349/105/2515 3350/105/2516
f 3414/107/2532 3381/106/1013 3382/106/1014
f 3446/108/2541 3413/107/1045 3414/107/2532
f 3478/109/1110 3445/108/1077 3446/108/2541
f 3510/110/1142 3477/109/1109 3478/109/1110
f 3542/111/1174 3509/110/1141 3510/110/1142
f 3574/112/1206 3541/111/2579 3542/111/1174
f 3606/113/2597 3573/112/2586 3574/112/1206
f 3638/114/1267 3605/113/1236 3606/113/2597
f 3670/115/2618 3637/114/1266 3638/114/1267
f 3702/116/2625 3669/115/1296 3670/115/2618
f 3734/117/1358 3701/116/2624 3702/116/2625
f 3766/118/1388 3733/117/1357 3734/117/1358
f 3798/119/2658 3765/118/2650 3766/118/1388
f 3830/120/2672 3797/119/1417 3798/119/2658
f 3862/121/1479 3829/120/2671 3830/120/2672
f 3894/122/2699 3861/121/2686 3862/121/1479
f 3926/123/2703 3893/122/1508 3894/122/2699
f 3958/124/1569 3925/123/1538 3926/123/2703
f 3990/125/1599 3957/124/1568 3958/124/1569
f 4022/126/1629 3989/125/1598 3990/125/1599
f 4054/127/1659 4021/126/2722 4022/126/1629
f 4086/128/1690 4053/127/1658 4054/127/1659
f 4118/129/1720 4085/128/1689 4086/128/1690
f 4150/130/1750 4117/129/1719 4118/129/1720
f 4182/131/1780 4149/130/1749 4150/130/1750
f 4214/132/1810 4181/131/1779 4182/131/1780
f 4246/133/2755 4213/132/1809 4214/132/1810
f 4278/134/1872 4245/133/1840 4246/133/2755
f 4310/135/2768 4277/134/1871 4278/134/1872
f 4342/136/1933 4309/135/1902 4310/135/2768
f 4374/137/1963 4341/136/1932 4342/136/1933
f 4406/138/2790 4373/137/1962 4374/137/1963
f 4438/139/2801 4405/138/1992 4406/138/2790
f 4470/140/2812 4437/139/2022 4438/139/2801
f 4502/141/2827 4469/140/2811 4470/140/2812
f 4534/142/2836 4501/141/2826 4502/141/2827
f 4566/143/2849 4533/142/2113 4534/142/2836
f 4598/144/2863 4565/143/2848 4566/143/2849
f 4630/145/2878 4597/144/2173 4598/144/2863
f 4662/146/2890 4629/145/2203 4630/145/2878
f 4694/147/2264 4661/146/2233 4662/146/2890
f 4726/148/2915 4693/147/2263 4694/147/2264
f 4758/149/2940 4725/148/2914 4726/148/2915
f 2039/64/1994 2006/63/1963 2007/63/1964
f 2071/65/2024 2038/64/1993 2039/64/1994
f 2103/66/2055 2070/65/2023 2071/65/2024
f 2135/67/2085 2102/66/2054 2103/66/2055
f 2167/68/2115 2134/67/2084 2135/67/2085
f 2199/69/2145 2166/68/2114 2167/68/2115
f 2231/70/2175 2198/69/2144 2199/69/2145
f 2263/71/2205 2230/70/2174 2231/70/2175
f 2295/72/2235 2262/71/2204 2263/71/2205
f 2327/73/2265 2294/72/2234 2295/72/2235
f 2359/74/2295 2326/73/2264 2327/73/2265
f 2391/75/2325 2358/74/2294 2359/74/2295
f 2423/76/55 2390/75/2324 2391/75/2325
f 2455/77/87 2422/76/54 2423/76/55
f 2487/78/119 2454/77/86 2455/77/87
f 2519/79/151 2486/78/118 2487/78/119
f 2551/80/183 2518/79/150 2519/79/151
f 2583/81/215 2550/80/182 2551/80/183
f 2615/82/247 2582/81/214 2583/81/215
f 2647/83/2384 2614/82/246 2615/82/247
f 2679/84/311 2646/83/278 2647/83/2384
f 2711/85/2398 2678/84/310 2679/84/311
f 2743/86/375 2710/85/342 2711/85/2398
f 2775/87/407 2742/86/2408 2743/86/375
f 2807/88/439 2774/87/406 2775/87/407
f 2839/89/471 2806/88/438 2807/88/439
f 2871/90/503 2838/89/470 2839/89/471
f 2903/91/535 2870/90/502 2871/90/503
f 2935/92/567 2902/91/534 2903/91/535
f 2967/93/599 2934/92/2436 2935/92/567
f 2999/94/631 2966/93/598 2967/93/599
f 3031/95/2449 2998/94/2445 2999/94/631
f 3063/96/695 3030/95/662 3031/95/2449
f 3095/97/727 3062/96/694 3063/96/695
f 3127/98/759 3094/97/726 3095/97/727
f 3159/99/791 3126/98/758 3127/98/759
f 3191/100/2476 3158/99/790 3159/99/791
f 3223/101/855 3190/100/822 3191/100/2476
f 3255/102/887 3222/101/2484 3223/101/855
f 3287/103/919 3254/102/2494 3255/102/887
f 3319/104/951 3286/103/918 3287/103/919
f 3351/105/2517 3318/104/950 3319/104/951
f 3383/106/1015 3350/105/2516 3351/105/2517
f 3415/107/1047 3382/106/1014 3383/106/1015
f 3447/108/2542 3414/107/2532 3415/107/1047
f 3479/109/2554 3446/108/2541 3447/108/2542
f 3511/110/2566 3478/109/1110 3479/109/2554
f 3543/111/1175 3510/110/1142 3511/110/2566
f 3575/112/1207 3542/111/1174 3543/111/1175
f 3607/113/1238 3574/112/1206 3575/112/1207
f 3639/114/2606 3606/113/2597 3607/113/1238
f 3671/115/1298 3638/114/1267 3639/114/2606
f 3703/116/2626 3670/115/2618 3671/115/1298
f 3735/117/2641 3702/116/2625 3703/116/2626
f 3767/118/1389 3734/117/1358 3735/117/2641
f 3799/119/2659 3766/118/1388 3767/118/1389
f 3831/120/2673 3798/119/2658 3799/119/2659
f 3863/121/1480 3830/120/2672 3831/120/2673
f 3895/122/1510 3862/121/1479 3863/121/1480
f 3927/123/1540 3894/122/2699 3895/122/1510
f 3959/124/1570 3926/123/2703 3927/123/1540
f 3991/125/1600 3958/124/1569 3959/124/1570
f 4023/126/1630 3990/125/1599 3991/125/1600
f 4055/127/1660 4022/126/1629 4023/126/1630
f 4087/128/2734 4054/127/1659 4055/127/1660
f 4119/129/2740 4086/128/1690 4087/128/2734
f 4151/130/1751 4118/129/1720 4119/129/2740
f 4183/131/1781 4150/130/1750 4151/130/1751
f 4215/132/1811 4182/131/1780 4183/131/1781
f 4247/133/2756 4214/132/1810 4215/132/1811
f 4279/134/2762 4246/133/2755 4247/133/2756
f 4311/135/1904 4278/134/1872 4279/134/2762
f 4343/136/1934 4310/135/2768 4311/135/1904
f 4375/137/1964 4342/136/1933 4343/136/1934
f 4407/138/1994 4374/137/1963 4375/137/1964
f 4439/139/2024 4406/138/2790 4407/138/1994
f 4471/140/2813 4438/139/2801 4439/139/2024
f 4503/141/2828 4470/140/2812 4471/140/2813
f 4535/142/2115 4502/141/2827 4503/141/2828
f 4567/143/2850 4534/142/2836 4535/142/2115
f 4599/144/2175 4566/143/2849 4567/143/2850
f 4631/145/2879 4598/144/2863 4599/144/2175
f 4663/146/2891 4630/145/2878 4631/145/2879
f 4695/147/2898 4662/146/2890 4663/146/2891
f 4727/148/2916 4694/147/2264 4695/147/2898
f 4759/149/2941 4726/148/2915 4727/148/2916
f 2040/64/1995 2007/63/1964 2008/63/1965
f 2072/65/2025 2039/64/1994 2040/64/1995
f 2104/66/2056 2071/65/2024 2072/65/2025
f 2136/67/2086 2103/66/2055 2104/66/2056
f 2168/68/2116 2135/67/2085 2136/67/2086
f 2200/69/2146 2167/68/2115 2168/68/2116
f 2232/70/2176 2199/69/2145 2200/69/2146
f 2264/71/2206 2231/70/2175 2232/70/2176
f 2296/72/2236 2263/71/2205 2264/71/2206
f 2328/73/2266 2295/72/2235 2296/72/2236
f 2360/74/2296 2327/73/2265 2328/73/2266
f 2392/75/2326 2359/74/2295 2360/74/2296
f 2424/76/56 2391/75/2325 2392/75/2326
f 2456/77/88 2423/76/55 2424/76/56
f 2488/78/120 2455/77/87 2456/77/88
f 2520/79/152 2487/78/119 2488/78/120
f 2552/80/184 2519/79/151 2520/79/152
f 2584/81/216 2551/80/183 2552/80/184
f 2616/82/248 2583/81/215 2584/81/216
f 2648/83/280 2615/82/247 2616/82/248
f 2680/84/312 2647/83/2384 2648/83/280
f 2712/85/344 2679/84/311 2680/84/312
f 2744/86/376 2711/85/2398 2712/85/344
f 2776/87/2415 2743/86/375 2744/86/376
f 2808/88/440 2775/87/407 2776/87/2415
f 2840/89/2420 2807/88/439 2808/88/440
f 2872/90/504 2839/89/471 2840/89/2420
f 2904/91/536 2871/90/503 2872/90/504
f 2936/92/2437 2903/91/535 2904/91/536
f 2968/93/2443 2935/92/567 2936/92/2437
f 3000/94/632 2967/93/599 2968/93/2443
f 3032/95/664 2999/94/631 3000/94/632
f 3064/96/696 3031/95/2449 3032/95/664
f 3096/97/2458 3063/96/695 3064/96/696
f 3128/98/760 3095/97/727 3096/97/2458
f 3160/99/792 3127/98/759 3128/98/760
f 3192/100/824 3159/99/791 3160/99/792
f 3224/101/856 3191/100/2476 3192/100/824
f 3256/102/888 3223/101/855 3224/101/856
f 3288/103/2500 3255/102/887 3256/102/888
f 3320/104/952 3287/103/919 3288/103/2500
f 3352/105/984 3319/104/951 3320/104/952
f 3384/106/1016 3351/105/2517 3352/105/984
f 3416/107/1048 3383/106/1015 3384/106/1016
f 3448/108/1080 3415/107/1047 3416/107/1048
f 3480/109/1112 3447/108/2542 3448/108/1080
f 3512/110/2567 3479/109/2554 3480/109/1112
f 3544/111/1176 3511/110/2566 3512/110/2567
f 3576/112/1208 3543/111/1175 3544/111/1176
f 3608/113/1239 3575/112/1207 3576/112/1208
f 3640/114/1269 3607/113/1238 3608/113/1239
f 3672/115/1299 3639/114/2606 3640/114/1269
f 3704/116/1330 3671/115/1298 3672/115/1299
f 3736/117/1360 3703/116/2626 3704/116/1330
f 3768/118/2651 3735/117/2641 3736/117/1360
f 3800/119/2660 3767/118/1389 3768/118/2651
f 3832/120/2674 3799/119/2659 3800/119/2660
f 3864/121/2687 3831/120/2673 3832/120/2674
f 3896/122/1511 3863/121/1480 3864/121/2687
f 3928/123/2704 3895/122/1510 3896/122/1511
f 3960/124/2712 3927/123/1540 3928/123/2704
f 3992/125/1601 3959/124/1570 3960/124/2712
f 4024/126/2723 3991/125/1600 3992/125/1601
f 4056/127/1661 4023/126/1630 4024/126/2723
f 4088/128/2735 4055/127/1660 4056/127/1661
f 4120/129/1722 4087/128/2734 4088/128/2735
f 4152/130/1752 4119/129/2740 4120/129/1722
f 4184/131/2748 4151/130/1751 4152/130/1752
f 4216/132/1812 4183/131/1781 4184/131/2748
f 4248/133/1843 4215/132/1811 4216/132/1812
f 4280/134/1874 4247/133/2756 4248/133/1843
f 4312/135/2769 4279/134/2762 4280/134/1874
f 4344/136/1935 4311/135/1904 4312/135/2769
f 4376/137/1965 4343/136/1934 4344/136/1935
f 4408/138/1995 4375/137/1964 4376/137/1965
f 4440/139/2025 4407/138/1994 4408/138/1995
f 4472/140/2814 4439/139/2024 4440/139/2025
f 4504/141/2829 4471/140/2813 4472/140/2814
f 4536/142/2837 4503/141/2828 4504/141/2829
f 4568/143/2851 4535/142/2115 4536/142/2837
f 4600/144/2176 4567/143/2850 4568/143/2851
f 4632/145/2206 4599/144/2175 4600/144/2176
f 4664/146/2236 4631/145/2879 4632/145/2206
f 4696/147/2899 4663/146/2891 4664/146/2236
f 4728/148/2296 4695/147/2898 4696/147/2899
f 4760/149/2942 4727/148/2916 4728/148/2296
f 2041/64/841 2008/63/1965 2009/63/809
f 2073/65/873 2040/64/1995 2041/64/841
f 2105/66/905 2072/65/2025 2073/65/873
f 2137/67/937 2104/66/2056 2105/66/905
f 2169/68/969 2136/67/2086 2137/67/937
f 2201/69/1001 2168/68/2116 2169/68/969
f 2233/70/1033 2200/69/2146 2201/69/1001
f 2265/71/1065 2232/70/2176 2233/70/1033
f 2297/72/1097 2264/71/2206 2265/71/1065
f 2329/73/1129 2296/72/2236 2297/72/1097
f 2361/74/1161 2328/73/2266 2329/73/1129
f 2393/75/1193 2360/74/2296 2361/74/1161
f 2425/76/57 2392/75/2326 2393/75/1193
f 2457/77/89 2424/76/56 2425/76/57
f 2489/78/121 2456/77/88 2457/77/89
f 2521/79/153 2488/78/120 2489/78/121
f 2553/80/185 2520/79/152 2521/79/153
f 2585/81/217 2552/80/184 2553/80/185
f 2617/82/249 2584/81/216 2585/81/217
f 2649/83/281 2616/82/248 2617/82/249
f 2681/84/313 2648/83/280 2649/83/281
f 2713/85/2399 2680/84/312 2681/84/313
f 2745/86/2409 2712/85/344 2713/85/2399
f 2777/87/409 2744/86/376 2745/86/2409
f 2809/88/441 2776/87/2415 2777/87/409
f 2841/89/2421 2808/88/440 2809/88/441
f 2873/90/505 2840/89/2420 2841/89/2421
f 2905/91/2431 2872/90/504 2873/90/505
f 2937/92/569 2904/91/536 2905/91/2431
f 2969/93/601 2936/92/2437 2937/92/569
f 3001/94/633 2968/93/2443 2969/93/601
f 3033/95/665 3000/94/632 3001/94/633
f 3065/96/2454 3032/95/664 3033/95/665
f 3097/97/729 3064/96/696 3065/96/2454
f 3129/98/761 3096/97/2458 3097/97/729
f 3161/99/793 3128/98/760 3129/98/761
f 3193/100/825 3160/99/792 3161/99/793
f 3225/101/857 3192/100/824 3193/100/825
f 3257/102/889 3224/101/856 3225/101/857
f 3289/103/2041 3256/102/888 3257/102/889
f 3321/104/2508 3288/103/2500 3289/103/2041
f 3353/105/985 3320/104/952 3321/104/2508
f 3385/106/1017 3352/105/984 3353/105/985
f 3417/107/1049 3384/106/1016 3385/106/1017
f 3449/108/2543 3416/107/1048 3417/107/1049
f 3481/109/1113 3448/108/1080 3449/108/2543
f 3513/110/1145 3480/109/1112 3481/109/1113
f 3545/111/1177 3512/110/2567 3513/110/1145
f 3577/112/1209 3544/111/1176 3545/111/1177
f 3609/113/41 3576/112/1208 3577/112/1209
f 3641/114/73 3608/113/1239 3609/113/41
f 3673/115/105 3640/114/1269 3641/114/73
f 3705/116/2627 3672/115/1299 3673/115/105
f 3737/117/169 3704/116/1330 3705/116/2627
f 3769/118/201 3736/117/1360 3737/117/169
f 3801/119/233 3768/118/2651 3769/118/201
f 3833/120/2675 3800/119/2660 3801/119/233
f 3865/121/297 3832/120/2674 3833/120/2675
f 3897/122/329 3864/121/2687 3865/121/297
f 3929/123/361 3896/122/1511 3897/122/329
f 3961/124/393 3928/123/2704 3929/123/361
f 3993/125/425 3960/124/2712 3961/124/393
f 4025/126/457 3992/125/1601 3993/125/425
f 4057/127/489 4024/126/2723 4025/126/457
f 4089/128/521 4056/127/1661 4057/127/489
f 4121/129/553 4088/128/2735 4089/128/521
f 4153/130/585 4120/129/1722 4121/129/553
f 4185/131/617 4152/130/1752 4153/130/585
f 4217/132/649 4184/131/2748 4185/131/617
f 4249/133/681 4216/132/1812 4217/132/649
f 4281/134/713 4248/133/1843 4249/133/681
f 4313/135/2463 4280/134/1874 4281/134/713
f 4345/136/777 4312/135/2769 4313/135/2463
f 4377/137/809 4344/136/1935 4345/136/777
f 4409/138/841 4376/137/1965 4377/137/809
f 4441/139/873 4408/138/1995 4409/138/841
f 4473/140/905 4440/139/2025 4441/139/873
f 4505/141/937 4472/140/2814 4473/140/905
f 4537/142/969 4504/141/2829 4505/141/937
f 4569/143/2852 4536/142/2837 4537/142/969
f 4601/144/1033 4568/143/2851 4569/143/2852
f 4633/145/1065 4600/144/2176 4601/144/1033
f 4665/146/2892 4632/145/2206 4633/145/1065
f 4697/147/1129 4664/146/2236 4665/146/2892
f 4729/148/1161 4696/147/2899 4697/147/1129
f 4761/149/2943 4728/148/2296 4729/148/1161
f 2042/64/1996 2009/63/809 2010/63/1966
f 2074/65/2026 2041/64/841 2042/64/1996
f 2106/66/2057 2073/65/873 2074/65/2026
f 2138/67/2087 2105/66/905 2106/66/2057
f 2170/68/2117 2137/67/937 2138/67/2087
f 2202/69/2147 2169/68/969 2170/68/2117
f 2234/70/2177 2201/69/1001 2202/69/2147
f 2266/71/2207 2233/70/1033 2234/70/2177
f 2298/72/2237 2265/71/1065 2266/71/2207
f 2330/73/2267 2297/72/1097 2298/72/2237
f 2362/74/2297 2329/73/1129 2330/73/2267
f 2394/75/2327 2361/74/1161 2362/74/2297
f 2426/76/2342 2393/75/1193 2394/75/2327
f 2458/77/2352 2425/76/57 2426/76/2342
f 2490/78/122 2457/77/89 2458/77/2352
f 2522/79/154 2489/78/121 2490/78/122
f 2554/80/186 2521/79/153 2522/79/154
f 2586/81/2375 2553/80/185 2554/80/186
f 2618/82/2379 2585/81/217 2586/81/2375
f 2650/83/282 2617/82/249 2618/82/2379
f 2682/84/2389 2649/83/281 2650/83/282
f 2714/85/2400 2681/84/313 2682/84/2389
f 2746/86/378 2713/85/2399 2714/85/2400
f 2778/87/410 2745/86/2409 2746/86/378
f 2810/88/442 2777/87/409 2778/87/410
f 2842/89/2422 2809/88/441 2810/88/442
f 2874/90/2426 2841/89/2421 2842/89/2422
f 2906/91/538 2873/90/505 2874/90/2426
f 2938/92/2438 2905/91/2431 2906/91/538
f 2970/93/602 2937/92/569 2938/92/2438
f 3002/94/634 2969/93/601 2970/93/602
f 3034/95/666 3001/94/633 3002/94/634
f 3066/96/2455 3033/95/665 3034/95/666
f 3098/97/730 3065/96/2454 3066/96/2455
f 3130/98/762 3097/97/729 3098/97/730
f 3162/99/794 3129/98/761 3130/98/762
f 3194/100/826 3161/99/793 3162/99/794
f 3226/101/858 3193/100/825 3194/100/826
f 3258/102/890 3225/101/857 3226/101/858
f 3290/103/2501 3257/102/889 3258/102/890
f 3322/104/2509 3289/103/2041 3290/103/2501
f 3354/105/986 3321/104/2508 3322/104/2509
f 3386/106/1018 3353/105/985 3354/105/986
f 3418/107/2533 3385/106/1017 3386/106/1018
f 3450/108/1082 3417/107/1049 3418/107/2533
f 3482/109/1114 3449/108/2543 3450/108/1082
f 3514/110/2568 3481/109/1113 3482/109/1114
f 3546/111/1178 3513/110/1145 3514/110/2568
f 3578/112/1210 3545/111/1177 3546/111/1178
f 3610/113/2598 3577/112/1209 3578/112/1210
f 3642/114/2607 3609/113/41 3610/113/2598
f 3674/115/1300 3641/114/73 3642/114/2607
f 3706/116/1331 3673/115/105 3674/115/1300
f 3738/117/2642 3705/116/2627 3706/116/1331
f 3770/118/2652 3737/117/169 3738/117/2642
f 3802/119/1421 3769/118/201 3770/118/2652
f 3834/120/1451 3801/119/233 3802/119/1421
f 3866/121/2688 3833/120/2675 3834/120/1451
f 3898/122/1512 3865/121/297 3866/121/2688
f 3930/123/1542 3897/122/329 3898/122/1512
f 3962/124/1572 3929/123/361 3930/123/1542
f 3994/125/1602 3961/124/393 3962/124/1572
f 4026/126/2724 3993/125/425 3994/125/1602
f 4058/127/2728 4025/126/457 4026/126/2724
f 4090/128/1693 4057/127/489 4058/127/2728
f 4122/129/1723 4089/128/521 4090/128/1693
f 4154/130/2744 4121/129/553 4122/129/1723
f 4186/131/2749 4153/130/585 4154/130/2744
f 4218/132/2752 4185/131/617 4186/131/2749
f 4250/133/1845 4217/132/649 4218/132/2752
f 4282/134/2763 4249/133/681 4250/133/1845
f 4314/135/1906 4281/134/713 4282/134/2763
f 4346/136/1936 4313/135/2463 4314/135/1906
f 4378/137/1966 4345/136/777 4346/136/1936
f 4410/138/1996 4377/137/809 4378/137/1966
f 4442/139/2026 4409/138/841 4410/138/1996
f 4474/140/2057 4441/139/873 4442/139/2026
f 4506/141/2087 4473/140/905 4474/140/2057
f 4538/142/2117 4505/141/937 4506/141/2087
f 4570/143/2853 4537/142/969 4538/142/2117
f 4602/144/2864 4569/143/2852 4570/143/2853
f 4634/145/2207 4601/144/1033 4602/144/2864
f 4666/146/2237 4633/145/1065 4634/145/2207
f 4698/147/2900 4665/146/2892 4666/146/2237
f 4730/148/2297 4697/147/1129 4698/147/2900
f 4762/149/2944 4729/148/1161 4730/148/2297
f 2043/64/1997 2010/63/1966 2011/63/1967
f 2075/65/2027 2042/64/1996 2043/64/1997
f 2107/66/2058 2074/65/2026 2075/65/2027
f 2139/67/2088 2106/66/2057 2107/66/2058
f 2171/68/2118 2138/67/2087 2139/67/2088
f 2203/69/2148 2170/68/2117 2171/68/2118
f 2235/70/2178 2202/69/2147 2203/69/2148
f 2267/71/2208 2234/70/2177 2235/70/2178
f 2299/72/2238 2266/71/2207 2267/71/2208
f 2331/73/2268 2298/72/2237 2299/72/2238
f 2363/74/2298 2330/73/2267 2331/73/2268
f 2395/75/2328 2362/74/2297 2363/74/2298
f 2427/76/2343 2394/75/2327 2395/75/2328
f 2459/77/2353 2426/76/2342 2427/76/2343
f 2491/78/2359 2458/77/2352 2459/77/2353
f 2523/79/2364 2490/78/122 2491/78/2359
f 2555/80/187 2522/79/154 2523/79/2364
f 2587/81/2376 2554/80/186 2555/80/187
f 2619/82/251 2586/81/2375 2587/81/2376
f 2651/83/2385 2618/82/2379 2619/82/251
f 2683/84/2390 2650/83/282 2651/83/2385
f 2715/85/2401 2682/84/2389 2683/84/2390
f 2747/86/379 2714/85/2400 2715/85/2401
f 2779/87/411 2746/86/378 2747/86/379
f 2811/88/443 2778/87/410 2779/87/411
f 2843/89/475 2810/88/442 2811/88/443
f 2875/90/507 2842/89/2422 2843/89/475
f 2907/91/539 2874/90/2426 2875/90/507
f 2939/92/2439 2906/91/538 2907/91/539
f 2971/93/603 2938/92/2438 2939/92/2439
f 3003/94/635 2970/93/602 2971/93/603
f 3035/95/667 3002/94/634 3003/94/635
f 3067/96/2456 3034/95/666 3035/95/667
f 3099/97/731 3066/96/2455 3067/96/2456
f 3131/98/2465 3098/97/730 3099/97/731
f 3163/99/795 3130/98/762 3131/98/2465
f 3195/100/827 3162/99/794 3163/99/795
f 3227/101/2485 3194/100/826 3195/100/827
f 3259/102/2495 3226/101/858 3227/101/2485
f 3291/103/923 3258/102/890 3259/102/2495
f 3323/104/2510 3290/103/2501 3291/103/923
f 3355/105/2518 3322/104/2509 3323/104/2510
f 3387/106/2525 3354/105/986 3355/105/2518
f 3419/107/1051 3386/106/1018 3387/106/2525
f 3451/108/2544 3418/107/2533 3419/107/1051
f 3483/109/2555 3450/108/1082 3451/108/2544
f 3515/110/2569 3482/109/1114 3483/109/2555
f 3547/111/1179 3514/110/2568 3515/110/2569
f 3579/112/1211 3546/111/1178 3547/111/1179
f 3611/113/1241 3578/112/1210 3579/112/1211
f 3643/114/2608 3610/113/2598 3611/113/1241
f 3675/115/2619 3642/114/2607 3643/114/2608
f 3707/116/2628 3674/115/1300 3675/115/2619
f 3739/117/1362 3706/116/1331 3707/116/2628
f 3771/118/1392 3738/117/2642 3739/117/1362
f 3803/119/2661 3770/118/2652 3771/118/1392
f 3835/120/2676 3802/119/1421 3803/119/2661
f 3867/121/1483 3834/120/1451 3835/120/2676
f 3899/122/1513 3866/121/2688 3867/121/1483
f 3931/123/1543 3898/122/1512 3899/122/1513
f 3963/124/2713 3930/123/1542 3931/123/1543
f 3995/125/1603 3962/124/1572 3963/124/2713
f 4027/126/1633 3994/125/1602 3995/125/1603
f 4059/127/1663 4026/126/2724 4027/126/1633
f 4091/128/2736 4058/127/2728 4059/127/1663
f 4123/129/2741 4090/128/1693 4091/128/2736
f 4155/130/1754 4122/129/1723 4123/129/2741
f 4187/131/1784 4154/130/2744 4155/130/1754
f 4219/132/1814 4186/131/2749 4187/131/1784
f 4251/133/1846 4218/132/2752 4219/132/1814
f 4283/134/1876 4250/133/1845 4251/133/1846
f 4315/135/2770 4282/134/2763 4283/134/1876
f 4347/136/1937 4314/135/1906 4315/135/2770
f 4379/137/1967 4346/136/1936 4347/136/1937
f 4411/138/1997 4378/137/1966 4379/137/1967
f 4443/139/2802 4410/138/1996 4411/138/1997
f 4475/140/2058 4442/139/2026 4443/139/2802
f 4507/141/2830 4474/140/2057 4475/140/2058
f 4539/142/2118 4506/141/2087 4507/141/2830
f 4571/143/2148 4538/142/2117 4539/142/2118
f 4603/144/2865 4570/143/2853 4571/143/2148
f 4635/145/2880 4602/144/2864 4603/144/2865
f 4667/146/2238 4634/145/2207 4635/145/2880
f 4699/147/2901 4666/146/2237 4667/146/2238
f 4731/148/2917 4698/147/2900 4699/147/2901
f 4763/149/2945 4730/148/2297 4731/148/2917
f 2044/64/1998 2011/63/1967 2012/63/1968
f 2076/65/2028 2043/64/1997 2044/64/1998
f 2108/66/2059 2075/65/2027 2076/65/2028
f 2140/67/2089 2107/66/2058 2108/66/2059
f 2172/68/2119 2139/67/2088 2140/67/2089
f 2204/69/2149 2171/68/2118 2172/68/2119
f 2236/70/2179 2203/69/2148 2204/69/2149
f 2268/71/2209 2235/70/2178 2236/70/2179
f 2300/72/2239 2267/71/2208 2268/71/2209
f 2332/73/2269 2299/72/2238 2300/72/2239
f 2364/74/2299 2331/73/2268 2332/73/2269
f 2396/75/2329 2363/74/2298 2364/74/2299
f 2428/76/60 2395/75/2328 2396/75/2329
f 2460/77/92 2427/76/2343 2428/76/60
f 2492/78/124 2459/77/2353 2460/77/92
f 2524/79/2365 2491/78/2359 2492/78/124
f 2556/80/2370 2523/79/2364 2524/79/2365
f 2588/81/220 2555/80/187 2556/80/2370
f 2620/82/252 2587/81/2376 2588/81/220
f 2652/83/284 2619/82/251 2620/82/252
f 2684/84/316 2651/83/2385 2652/83/284
f 2716/85/348 2683/84/2390 2684/84/316
f 2748/86/2410 2715/85/2401 2716/85/348
f 2780/87/412 2747/86/379 2748/86/2410
f 2812/88/444 2779/87/411 2780/87/412
f 2844/89/476 2811/88/443 2812/88/444
f 2876/90/508 2843/89/475 2844/89/476
f 2908/91/540 2875/90/507 2876/90/508
f 2940/92/572 2907/91/539 2908/91/540
f 2972/93/604 2939/92/2439 2940/92/572
f 3004/94/636 2971/93/603 2972/93/604
f 3036/95/668 3003/94/635 3004/94/636
f 3068/96/700 3035/95/667 3036/95/668
f 3100/97/2459 3067/96/2456 3068/96/700
f 3132/98/764 3099/97/731 3100/97/2459
f 3164/99/796 3131/98/2465 3132/98/764
f 3196/100/2477 3163/99/795 3164/99/796
f 3228/101/2486 3195/100/827 3196/100/2477
f 3260/102/2496 3227/101/2485 3228/101/2486
f 3292/103/2502 3259/102/2495 3260/102/2496
f 3324/104/956 3291/103/923 3292/103/2502
f 3356/105/2519 3323/104/2510 3324/104/956
f 3388/106/1020 3355/105/2518 3356/105/2519
f 3420/107/2534 3387/106/2525 3388/106/1020
f 3452/108/1084 3419/107/1051 3420/107/2534
f 3484/109/1116 3451/108/2544 3452/108/1084
f 3516/110/2570 3483/109/2555 3484/109/1116
f 3548/111/1180 3515/110/2569 3516/110/2570
f 3580/112/2587 3547/111/1179 3548/111/1180
f 3612/113/1242 3579/112/1211 3580/112/2587
f 3644/114/1272 3611/113/1241 3612/113/1242
f 3676/115/1302 3643/114/2608 3644/114/1272
f 3708/116/1333 3675/115/2619 3676/115/1302
f 3740/117/1363 3707/116/2628 3708/116/1333
f 3772/118/1393 3739/117/1362 3740/117/1363
f 3804/119/1423 3771/118/1392 3772/118/1393
f 3836/120/1453 3803/119/2661 3804/119/1423
f 3868/121/2689 3835/120/2676 3836/120/1453
f 3900/122/1514 3867/121/1483 3868/121/2689
f 3932/123/1544 3899/122/1513 3900/122/1514
f 3964/124/1574 3931/123/1543 3932/123/1544
f 3996/125/1604 3963/124/2713 3964/124/1574
f 4028/126/2725 3995/125/1603 3996/125/1604
f 4060/127/1664 4027/126/1633 4028/126/2725
f 4092/128/1695 4059/127/1663 4060/127/1664
f 4124/129/1725 4091/128/2736 4092/128/1695
f 4156/130/2745 4123/129/2741 4124/129/1725
f 4188/131/2750 4155/130/1754 4156/130/2745
f 4220/132/1815 4187/131/1784 4188/131/2750
f 4252/133/2757 4219/132/1814 4220/132/1815
f 4284/134/1877 4251/133/1846 4252/133/2757
f 4316/135/1908 4283/134/1876 4284/134/1877
f 4348/136/1938 4315/135/2770 4316/135/1908
f 4380/137/1968 4347/136/1937 4348/136/1938
f 4412/138/2791 4379/137/1967 4380/137/1968
f 4444/139/2028 4411/138/1997 4412/138/2791
f 4476/140/2059 4443/139/2802 4444/139/2028
f 4508/141/2831 4475/140/2058 4476/140/2059
f 4540/142/2838 4507/141/2830 4508/141/2831
f 4572/143/2854 4539/142/2118 4540/142/2838
f 4604/144/2179 4571/143/2148 4572/143/2854
f 4636/145/2881 4603/144/2865 4604/144/2179
f 4668/146/2893 4635/145/2880 4636/145/2881
f 4700/147/2902 4667/146/2238 4668/146/2893
f 4732/148/2299 4699/147/2901 4700/147/2902
f 4764/149/2946 4731/148/2917 4732/148/2299
f 2045/64/1999 2012/63/1968 2013/63/1969
f 2077/65/2029 2044/64/1998 2045/64/1999
f 2109/66/2060 2076/65/2028 2077/65/2029
f 2141/67/2090 2108/66/2059 2109/66/2060
f 2173/68/2120 2140/67/2089 2141/67/2090
f 2205/69/2150 2172/68/2119 2173/68/2120
f 2237/70/2180 2204/69/2149 2205/69/2150
f 2269/71/2210 2236/70/2179 2237/70/2180
f 2301/72/2240 2268/71/2209 2269/71/2210
f 2333/73/2270 2300/72/2239 2301/72/2240
f 2365/74/2300 2332/73/2269 2333/73/2270
f 2397/75/2330 2364/74/2299 2365/74/2300
f 2429/76/61 2396/75/2329 2397/75/2330
f 2461/77/2354 2428/76/60 2429/76/61
f 2493/78/125 2460/77/92 2461/77/2354
f 2525/79/157 2492/78/124 2493/78/125
f 2557/80/189 2524/79/2365 2525/79/157
f 2589/81/221 2556/80/2370 2557/80/189
f 2621/82/253 2588/81/220 2589/81/221
f 2653/83/285 2620/82/252 2621/82/253
f 2685/84/2391 2652/83/284 2653/83/285
f 2717/85/2402 2684/84/316 2685/84/2391
f 2749/86/381 2716/85/348 2717/85/2402
f 2781/87/413 2748/86/2410 2749/86/381
f 2813/88/445 2780/87/412 2781/87/413
f 2845/89/477 2812/88/444 2813/88/445
f 2877/90/509 2844/89/476 2845/89/477
f 2909/91/541 2876/90/508 2877/90/509
f 2941/92/573 2908/91/540 2909/91/541
f 2973/93/605 2940/92/572 2941/92/573
f 3005/94/637 2972/93/604 2973/93/605
f 3037/95/669 3004/94/636 3005/94/637
f 3069/96/701 3036/95/668 3037/95/669
f 3101/97/2460 3068/96/700 3069/96/701
f 3133/98/2466 3100/97/2459 3101/97/2460
f 3165/99/797 3132/98/764 3133/98/2466
f 3197/100/829 3164/99/796 3165/99/797
f 3229/101/861 3196/100/2477 3197/100/829
f 3261/102/893 3228/101/2486 3229/101/861
f 3293/103/925 3260/102/2496 3261/102/893
f 3325/104/2511 3292/103/2502 3293/103/925
f 3357/105/989 3324/104/956 3325/104/2511
f 3389/106/1021 3356/105/2519 3357/105/989
f 3421/107/2535 3388/106/1020 3389/106/1021
f 3453/108/2545 3420/107/2534 3421/107/2535
f 3485/109/2556 3452/108/1084 3453/108/2545
f 3517/110/2571 3484/109/1116 3485/109/2556
f 3549/111/1181 3516/110/2570 3517/110/2571
f 3581/112/2588 3548/111/1180 3549/111/1181
f 3613/113/1243 3580/112/2587 3581/112/2588
f 3645/114/1273 3612/113/1242 3613/113/1243
f 3677/115/1303 3644/114/1272 3645/114/1273
f 3709/116/1334 3676/115/1302 3677/115/1303
f 3741/117/1364 3708/116/1333 3709/116/1334
f 3773/118/2653 3740/117/1363 3741/117/1364
f 3805/119/1424 3772/118/1393 3773/118/2653
f 3837/120/2677 3804/119/1423 3805/119/1424
f 3869/121/2690 3836/120/1453 3837/120/2677
f 3901/122/1515 3868/121/2689 3869/121/2690
f 3933/123/1545 3900/122/1514 3901/122/1515
f 3965/124/1575 3932/123/1544 3933/123/1545
f 3997/125/2720 3964/124/1574 3965/124/1575
f 4029/126/1635 3996/125/1604 3997/125/2720
f 4061/127/2729 4028/126/2725 4029/126/1635
f 4093/128/1696 4060/127/1664 4061/127/2729
f 4125/129/1726 4092/128/1695 4093/128/1696
f 4157/130/1756 4124/129/1725 4125/129/1726
f 4189/131/1786 4156/130/2745 4157/130/1756
f 4221/132/1816 4188/131/2750 4189/131/1786
f 4253/133/1848 4220/132/1815 4221/132/1816
f 4285/134/2764 4252/133/2757 4253/133/1848
f 4317/135/1909 4284/134/1877 4285/134/2764
f 4349/136/1939 4316/135/1908 4317/135/1909
f 4381/137/1969 4348/136/1938 4349/136/1939
f 4413/138/1999 4380/137/1968 4381/137/1969
f 4445/139/2029 4412/138/2791 4413/138/1999
f 4477/140/2060 4444/139/2028 4445/139/2029
f 4509/141/2090 4476/140/2059 4477/140/2060
f 4541/142/2120 4508/141/2831 4509/141/2090
f 4573/143/2150 4540/142/2838 4541/142/2120
f 4605/144/2866 4572/143/2854 4573/143/2150
f 4637/145/2210 4604/144/2179 4605/144/2866
f 4669/146/2240 4636/145/2881 4637/145/2210
f 4701/147/2270 4668/146/2893 4669/146/2240
f 4733/148/2300 4700/147/2902 4701/147/2270
f 4765/149/2947 4732/148/2299 4733/148/2300
f 2046/64/2000 2013/63/1969 2014/63/1970
f 2078/65/2030 2045/64/1999 2046/64/2000
f 2110/66/2061 2077/65/2029 2078/65/2030
f 2142/67/2091 2109/66/2060 2110/66/2061
f 2174/68/2121 2141/67/2090 2142/67/2091
f 2206/69/2151 2173/68/2120 2174/68/2121
f 2238/70/2181 2205/69/2150 2206/69/2151
f 2270/71/2211 2237/70/2180 2238/70/2181
f 2302/72/2241 2269/71/2210 2270/71/2211
f 2334/73/2271 2301/72/2240 2302/72/2241
f 2366/74/2301 2333/73/2270 2334/73/2271
f 2398/75/2331 2365/74/2300 2366/74/2301
f 2430/76/2344 2397/75/2330 2398/75/2331
f 2462/77/2355 2429/76/61 2430/76/2344
f 2494/78/126 2461/77/2354 2462/77/2355
f 2526/79/158 2493/78/125 2494/78/126
f 2558/80/190 2525/79/157 2526/79/158
f 2590/81/222 2557/80/189 2558/80/190
f 2622/82/254 2589/81/221 2590/81/222
f 2654/83/286 2621/82/253 2622/82/254
f 2686/84/318 2653/83/285 2654/83/286
f 2718/85/350 2685/84/2391 2686/84/318
f 2750/86/382 2717/85/2402 2718/85/350
f 2782/87/414 2749/86/381 2750/86/382
f 2814/88/446 2781/87/413 2782/87/414
f 2846/89/478 2813/88/445 2814/88/446
f 2878/90/510 2845/89/477 2846/89/478
f 2910/91/542 2877/90/509 2878/90/510
f 2942/92/574 2909/91/541 2910/91/542
f 2974/93/606 2941/92/573 2942/92/574
f 3006/94/638 2973/93/605 2974/93/606
f 3038/95/670 3005/94/637 3006/94/638
f 3070/96/702 3037/95/669 3038/95/670
f 3102/97/734 3069/96/701 3070/96/702
f 3134/98/2467 3101/97/2460 3102/97/734
f 3166/99/2470 3133/98/2466 3134/98/2467
f 3198/100/830 3165/99/797 3166/99/2470
f 3230/101/862 3197/100/829 3198/100/830
f 3262/102/2497 3229/101/861 3230/101/862
f 3294/103/926 3261/102/893 3262/102/2497
f 3326/104/958 3293/103/925 3294/103/926
f 3358/105/990 3325/104/2511 3326/104/958
f 3390/106/2526 3357/105/989 3358/105/990
f 3422/107/1054 3389/106/1021 3390/106/2526
f 3454/108/2546 3421/107/2535 3422/107/1054
f 3486/109/2557 3453/108/2545 3454/108/2546
f 3518/110/2572 3485/109/2556 3486/109/2557
f 3550/111/1182 3517/110/2571 3518/110/2572
f 3582/112/1214 3549/111/1181 3550/111/1182
f 3614/113/2599 3581/112/2588 3582/112/1214
f 3646/114/2609 3613/113/1243 3614/113/2599
f 3678/115/1304 3645/114/1273 3646/114/2609
f 3710/116/1335 3677/115/1303 3678/115/1304
f 3742/117/2643 3709/116/1334 3710/116/1335
f 3774/118/1395 3741/117/1364 3742/117/2643
f 3806/119/1425 3773/118/2653 3774/118/1395
f 3838/120/1455 3805/119/1424 3806/119/1425
f 3870/121/2691 3837/120/2677 3838/120/1455
f 3902/122/1516 3869/121/2690 3870/121/2691
f 3934/123/1546 3901/122/1515 3902/122/1516
f 3966/124/1576 3933/123/1545 3934/123/1546
f 3998/125/1606 3965/124/1575 3966/124/1576
f 4030/126/1636 3997/125/2720 3998/125/1606
f 4062/127/1666 4029/126/1635 4030/126/1636
f 4094/128/2737 4061/127/2729 4062/127/1666
f 4126/129/1727 4093/128/1696 4094/128/2737
f 4158/130/1757 4125/129/1726 4126/129/1727
f 4190/131/1787 4157/130/1756 4158/130/1757
f 4222/132/1817 4189/131/1786 4190/131/1787
f 4254/133/1849 4221/132/1816 4222/132/1817
f 4286/134/1879 4253/133/1848 4254/133/1849
f 4318/135/1910 4285/134/2764 4286/134/1879
f 4350/136/2774 4317/135/1909 4318/135/1910
f 4382/137/2783 4349/136/1939 4350/136/2774
f 4414/138/2000 4381/137/1969 4382/137/2783
f 4446/139/2030 4413/138/1999 4414/138/2000
f 4478/140/2061 4445/139/2029 4446/139/2030
f 4510/141/2091 4477/140/2060 4478/140/2061
f 4542/142/2839 4509/141/2090 4510/141/2091
f 4574/143/2855 4541/142/2120 4542/142/2839
f 4606/144/2181 4573/143/2150 4574/143/2855
f 4638/145/2211 4605/144/2866 4606/144/2181
f 4670/146/2241 4637/145/2210 4638/145/2211
f 4702/147/2271 4669/146/2240 4670/146/2241
f 4734/148/2301 4701/147/2270 4702/147/2271
f 4766/149/2948 4733/148/2300 4734/148/2301
f 2047/64/2001 2014/63/1970 2015/63/1971
f 2079/65/2031 2046/64/2000 2047/64/2001
f 2111/66/2062 2078/65/2030 2079/65/2031
f 2143/67/2092 2110/66/2061 2111/66/2062
f 2175/68/2122 2142/67/2091 2143/67/2092
f 2207/69/2152 2174/68/2121 2175/68/2122
f 2239/70/2182 2206/69/2151 2207/69/2152
f 2271/71/2212 2238/70/2181 2239/70/2182
f 2303/72/2242 2270/71/2211 2271/71/2212
f 2335/73/2272 2302/72/2241 2303/72/2242
f 2367/74/2302 2334/73/2271 2335/73/2272
f 2399/75/2332 2366/74/2301 2367/74/2302
f 2431/76/63 2398/75/2331 2399/75/2332
f 2463/77/2356 2430/76/2344 2431/76/63
f 2495/78/127 2462/77/2355 2463/77/2356
f 2527/79/159 2494/78/126 2495/78/127
f 2559/80/191 2526/79/158 2527/79/159
f 2591/81/223 2558/80/190 2559/80/191
f 2623/82/255 2590/81/222 2591/81/223
f 2655/83/287 2622/82/254 2623/82/255
f 2687/84/319 2654/83/286 2655/83/287
f 2719/85/351 2686/84/318 2687/84/319
f 2751/86/383 2718/85/350 2719/85/351
f 2783/87/415 2750/86/382 2751/86/383
f 2815/88/447 2782/87/414 2783/87/415
f 2847/89/479 2814/88/446 2815/88/447
f 2879/90/511 2846/89/478 2847/89/479
f 2911/91/543 2878/90/510 2879/90/511
f 2943/92/575 2910/91/542 2911/91/543
f 2975/93/607 2942/92/574 2943/92/575
f 3007/94/639 2974/93/606 2975/93/607
f 3039/95/671 3006/94/638 3007/94/639
f 3071/96/703 3038/95/670 3039/95/671
f 3103/97/735 3070/96/702 3071/96/703
f 3135/98/767 3102/97/734 3103/97/735
f 3167/99/799 3134/98/2467 3135/98/767
f 3199/100/831 3166/99/2470 3167/99/799
f 3231/101/863 3198/100/830 3199/100/831
f 3263/102/895 3230/101/862 3231/101/863
f 3295/103/927 3262/102/2497 3263/102/895
f 3327/104/959 3294/103/926 3295/103/927
f 3359/105/991 3326/104/958 3327/104/959
f 3391/106/1023 3358/105/990 3359/105/991
f 3423/107/2536 3390/106/2526 3391/106/1023
f 3455/108/1087 3422/107/1054 3423/107/2536
f 3487/109/2558 3454/108/2546 3455/108/1087
f 3519/110/1151 3486/109/2557 3487/109/2558
f 3551/111/1183 3518/110/2572 3519/110/1151
f 3583/112/1215 3550/111/1182 3551/111/1183
f 3615/113/1245 3582/112/1214 3583/112/1215
f 3647/114/1275 3614/113/2599 3615/113/1245
f 3679/115/2620 3646/114/2609 3647/114/1275
f 3711/116/1336 3678/115/1304 3679/115/2620
f 3743/117/1366 3710/116/1335 3711/116/1336
f 3775/118/1396 3742/117/2643 3743/117/1366
f 3807/119/1426 3774/118/1395 3775/118/1396
f 3839/120/2678 3806/119/1425 3807/119/1426
f 3871/121/1487 3838/120/1455 3839/120/2678
f 3903/122/1517 3870/121/2691 3871/121/1487
f 3935/123/1547 3902/122/1516 3903/122/1517
f 3967/124/1577 3934/123/1546 3935/123/1547
f 3999/125/1607 3966/124/1576 3967/124/1577
f 4031/126/1637 3998/125/1606 3999/125/1607
f 4063/127/1667 4030/126/1636 4031/126/1637
f 4095/128/1698 4062/127/1666 4063/127/1667
f 4127/129/1728 4094/128/2737 4095/128/1698
f 4159/130/1758 4126/129/1727 4127/129/1728
f 4191/131/1788 4158/130/1757 4159/130/1758
f 4223/132/1818 4190/131/1787 4191/131/1788
f 4255/133/1850 4222/132/1817 4223/132/1818
f 4287/134/1880 4254/133/1849 4255/133/1850
f 4319/135/1911 4286/134/1879 4287/134/1880
f 4351/136/1941 4318/135/1910 4319/135/1911
f 4383/137/1971 4350/136/2774 4351/136/1941
f 4415/138/2792 4382/137/2783 4383/137/1971
f 4447/139/2031 4414/138/2000 4415/138/2792
f 4479/140/2062 4446/139/2030 4447/139/2031
f 4511/141/2092 4478/140/2061 4479/140/2062
f 4543/142/2122 4510/141/2091 4511/141/2092
f 4575/143/2152 4542/142/2839 4543/142/2122
f 4607/144/2867 4574/143/2855 4575/143/2152
f 4639/145/2882 4606/144/2181 4607/144/2867
f 4671/146/2242 4638/145/2211 4639/145/2882
f 4703/147/2903 4670/146/2241 4671/146/2242
f 4735/148/2302 4702/147/2271 4703/147/2903
f 4767/149/2949 4734/148/2301 4735/148/2302
f 2048/64/2002 2015/63/1971 2016/63/1972
f 2080/65/2032 2047/64/2001 2048/64/2002
f 2112/66/2063 2079/65/2031 2080/65/2032
f 2144/67/2093 2111/66/2062 2112/66/2063
f 2176/68/2123 2143/67/2092 2144/67/2093
f 2208/69/2153 2175/68/2122 2176/68/2123
f 2240/70/2183 2207/69/2152 2208/69/2153
f 2272/71/2213 2239/70/2182 2240/70/2183
f 2304/72/2243 2271/71/2212 2272/71/2213
f 2336/73/2273 2303/72/2242 2304/72/2243
f 2368/74/2303 2335/73/2272 2336/73/2273
f 2400/75/2333 2367/74/2302 2368/74/2303
f 2432/76/2345 2399/75/2332 2400/75/2333
f 2464/77/96 2431/76/63 2432/76/2345
f 2496/78/128 2463/77/2356 2464/77/96
f 2528/79/160 2495/78/127 2496/78/128
f 2560/80/192 2527/79/159 2528/79/160
f 2592/81/224 2559/80/191 2560/80/192
f 2624/82/2380 2591/81/223 2592/81/224
f 2656/83/2386 2623/82/255 2624/82/2380
f 2688/84/320 2655/83/287 2656/83/2386
f 2720/85/352 2687/84/319 2688/84/320
f 2752/86/384 2719/85/351 2720/85/352
f 2784/87/416 2751/86/383 2752/86/384
f 2816/88/448 2783/87/415 2784/87/416
f 2848/89/480 2815/88/447 2816/88/448
f 2880/90/512 2847/89/479 2848/89/480
f 2912/91/544 2879/90/511 2880/90/512
f 2944/92/576 2911/91/543 2912/91/544
f 2976/93/608 2943/92/575 2944/92/576
f 3008/94/640 2975/93/607 2976/93/608
f 3040/95/672 3007/94/639 3008/94/640
f 3072/96/704 3039/95/671 3040/95/672
f 3104/97/736 3071/96/703 3072/96/704
f 3136/98/768 3103/97/735 3104/97/736
f 3168/99/800 3135/98/767 3136/98/768
f 3200/100/832 3167/99/799 3168/99/800
f 3232/101/864 3199/100/831 3200/100/832
f 3264/102/896 3231/101/863 3232/101/864
f 3296/103/928 3263/102/895 3264/102/896
f 3328/104/960 3295/103/927 3296/103/928
f 3360/105/992 3327/104/959 3328/104/960
f 3392/106/1024 3359/105/991 3360/105/992
f 3424/107/1056 3391/106/1023 3392/106/1024
f 3456/108/1088 3423/107/2536 3424/107/1056
f 3488/109/1120 3455/108/1087 3456/108/1088
f 3520/110/2573 3487/109/2558 3488/109/1120
f 3552/111/2580 3519/110/1151 3520/110/2573
f 3584/112/2589 3551/111/1183 3552/111/2580
f 3616/113/1246 3583/112/1215 3584/112/2589
f 3648/114/1276 3615/113/1245 3616/113/1246
f 3680/115/1306 3647/114/1275 3648/114/1276
f 3712/116/2629 3679/115/2620 3680/115/1306
f 3744/117/2644 3711/116/1336 3712/116/2629
f 3776/118/1397 3743/117/1366 3744/117/2644
f 3808/119/1427 3775/118/1396 3776/118/1397
f 3840/120/2679 3807/119/1426 3808/119/1427
f 3872/121/1488 3839/120/2678 3840/120/2679
f 3904/122/1518 3871/121/1487 3872/121/1488
f 3936/123/1548 3903/122/1517 3904/122/1518
f 3968/124/1578 3935/123/1547 3936/123/1548
f 4000/125/1608 3967/124/1577 3968/124/1578
f 4032/126/1638 3999/125/1607 4000/125/1608
f 4064/127/1668 4031/126/1637 4032/126/1638
f 4096/128/1699 4063/127/1667 4064/127/1668
f 4128/129/1729 4095/128/1698 4096/128/1699
f 4160/130/1759 4127/129/1728 4128/129/1729
f 4192/131/1789 4159/130/1758 4160/130/1759
f 4224/132/1819 4191/131/1788 4192/131/1789
f 4256/133/1851 4223/132/1818 4224/132/1819
f 4288/134/1881 4255/133/1850 4256/133/1851
f 4320/135/1912 4287/134/1880 4288/134/1881
f 4352/136/2775 4319/135/1911 4320/135/1912
f 4384/137/1972 4351/136/1941 4352/136/2775
f 4416/138/2002 4383/137/1971 4384/137/1972
f 4448/139/2032 4415/138/2792 4416/138/2002
f 4480/140/2063 4447/139/2031 4448/139/2032
f 4512/141/2093 4479/140/2062 4480/140/2063
f 4544/142/2123 4511/141/2092 4512/141/2093
f 4576/143/2153 4543/142/2122 4544/142/2123
f 4608/144/2183 4575/143/2152 4576/143/2153
f 4640/145/2883 4607/144/2867 4608/144/2183
f 4672/146/2243 4639/145/2882 4640/145/2883
f 4704/147/2904 4671/146/2242 4672/146/2243
f 4736/148/2918 4703/147/2903 4704/147/2904
f 4768/149/2950 4735/148/2302 4736/148/2918
f 2017/64/1973 2016/63/1972 1985/63/1943
f 2049/65/2003 2048/64/2002 2017/64/1973
f 2081/66/2033 2080/65/2032 2049/65/2003
f 2113/67/2064 2112/66/2063 2081/66/2033
f 2145/68/2094 2144/67/2093 2113/67/2064
f 2177/69/2124 2176/68/2123 2145/68/2094
f 2209/70/2154 2208/69/2153 2177/69/2124
f 2241/71/2184 2240/70/2183 2209/70/2154
f 2273/72/2214 2272/71/2213 2241/71/2184
f 2305/73/2244 2304/72/2243 2273/72/2214
f 2337/74/2274 2336/73/2273 2305/73/2244
f 2369/75/2304 2368/74/2303 2337/74/2274
f 2401/76/33 2400/75/2333 2369/75/2304
f 2433/77/2346 2432/76/2345 2401/76/33
f 2465/78/97 2464/77/96 2433/77/2346
f 2497/79/129 2496/78/128 2465/78/97
f 2529/80/161 2528/79/160 2497/79/129
f 2561/81/193 2560/80/192 2529/80/161
f 2593/82/225 2592/81/224 2561/81/193
f 2625/83/257 2624/82/2380 2593/82/225
f 2657/84/289 2656/83/2386 2625/83/257
f 2689/85/321 2688/84/320 2657/84/289
f 2721/86/353 2720/85/352 2689/85/321
f 2753/87/385 2752/86/384 2721/86/353
f 2785/88/417 2784/87/416 2753/87/385
f 2817/89/449 2816/88/448 2785/88/417
f 2849/90/481 2848/89/480 2817/89/449
f 2881/91/513 2880/90/512 2849/90/481
f 2913/92/545 2912/91/544 2881/91/513
f 2945/93/577 2944/92/576 2913/92/545
f 2977/94/609 2976/93/608 2945/93/577
f 3009/95/641 3008/94/640 2977/94/609
f 3041/96/673 3040/95/672 3009/95/641
f 3073/97/705 3072/96/704 3041/96/673
f 3105/98/737 3104/97/736 3073/97/705
f 3137/99/769 3136/98/768 3105/98/737
f 3169/100/801 3168/99/800 3137/99/769
f 3201/101/833 3200/100/832 3169/100/801
f 3233/102/2487 3232/101/864 3201/101/833
f 3265/103/897 3264/102/896 3233/102/2487
f 3297/104/929 3296/103/928 3265/103/897
f 3329/105/961 3328/104/960 3297/104/929
f 3361/106/993 3360/105/992 3329/105/961
f 3393/107/1025 3392/106/1024 3361/106/993
f 3425/108/1057 3424/107/1056 3393/107/1025
f 3457/109/1089 3456/108/1088 3425/108/1057
f 3489/110/2559 3488/109/1120 3457/109/1089
f 3521/111/1153 3520/110/2573 3489/110/2559
f 3553/112/2581 3552/111/2580 3521/111/1153
f 3585/113/1217 3584/112/2589 3553/112/2581
f 3617/114/1247 3616/113/1246 3585/113/1217
f 3649/115/2610 3648/114/1276 3617/114/1247
f 3681/116/1307 3680/115/1306 3649/115/2610
f 3713/117/1338 3712/116/2629 3681/116/1307
f 3745/118/1368 3744/117/2644 3713/117/1338
f 3777/119/1398 3776/118/1397 3745/118/1368
f 3809/120/1428 3808/119/1427 3777/119/1398
f 3841/121/1458 3840/120/2679 3809/120/1428
f 3873/122/1489 3872/121/1488 3841/121/1458
f 3905/123/1519 3904/122/1518 3873/122/1489
f 3937/124/1549 3936/123/1548 3905/123/1519
f 3969/125/1579 3968/124/1578 3937/124/1549
f 4001/126/1609 4000/125/1608 3969/125/1579
f 4033/127/1639 4032/126/1638 4001/126/1609
f 4065/128/1669 4064/127/1668 4033/127/1639
f 4097/129/1700 4096/128/1699 4065/128/1669
f 4129/130/2742 4128/129/1729 4097/129/1700
f 4161/131/1760 4160/130/1759 4129/130/2742
f 4193/132/1790 4192/131/1789 4161/131/1760
f 4225/133/1820 4224/132/1819 4193/132/1790
f 4257/134/1852 4256/133/1851 4225/133/1820
f 4289/135/1882 4288/134/1881 4257/134/1852
f 4321/136/1913 4320/135/1912 4289/135/1882
f 4353/137/2776 4352/136/2775 4321/136/1913
f 4385/138/1973 4384/137/1972 4353/137/2776
f 4417/139/2003 4416/138/2002 4385/138/1973
f 4449/140/2033 4448/139/2032 4417/139/2003
f 4481/141/2815 4480/140/2063 4449/140/2033
f 4513/142/2094 4512/141/2093 4481/141/2815
f 4545/143/2124 4544/142/2123 4513/142/2094
f 4577/144/2154 4576/143/2153 4545/143/2124
f 4609/145/2868 4608/144/2183 4577/144/2154
f 4641/146/2214 4640/145/2883 4609/145/2868
f 4673/147/2244 4672/146/2243 4641/146/2214
f 4705/148/2905 4704/147/2904 4673/147/2244
f 4737/149/2919 4736/148/2918 4705/148/2905
f 4753/149/2935 4761/149/2943 4737/149/2919
f 1986/63/1944 2018/64/1974 2017/64/1973
f 2018/64/1974 2050/65/2004 2049/65/2003
f 2050/65/2004 2082/66/2034 2081/66/2033
f 2082/66/2034 2114/67/2065 2113/67/2064
f 2114/67/2065 2146/68/2095 2145/68/2094
f 2146/68/2095 2178/69/2125 2177/69/2124
f 2178/69/2125 2210/70/2155 2209/70/2154
f 2210/70/2155 2242/71/2185 2241/71/2184
f 2242/71/2185 2274/72/2215 2273/72/2214
f 2274/72/2215 2306/73/2245 2305/73/2244
f 2306/73/2245 2338/74/2275 2337/74/2274
f 2338/74/2275 2370/75/2305 2369/75/2304
f 2370/75/2305 2402/76/34 2401/76/33
f 2402/76/34 2434/77/66 2433/77/2346
f 2434/77/66 2466/78/98 2465/78/97
f 2466/78/98 2498/79/130 2497/79/129
f 2498/79/130 2530/80/162 2529/80/161
f 2530/80/162 2562/81/194 2561/81/193
f 2562/81/194 2594/82/226 2593/82/225
f 2594/82/226 2626/83/258 2625/83/257
f 2626/83/258 2658/84/290 2657/84/289
f 2658/84/290 2690/85/322 2689/85/321
f 2690/85/322 2722/86/2403 2721/86/353
f 2722/86/2403 2754/87/2411 2753/87/385
f 2754/87/2411 2786/88/418 2785/88/417
f 2786/88/418 2818/89/450 2817/89/449
f 2818/89/450 2850/90/482 2849/90/481
f 2850/90/482 2882/91/514 2881/91/513
f 2882/91/514 2914/92/546 2913/92/545
f 2914/92/546 2946/93/578 2945/93/577
f 2946/93/578 2978/94/610 2977/94/609
f 2978/94/610 3010/95/642 3009/95/641
f 3010/95/642 3042/96/674 3041/96/673
f 3042/96/674 3074/97/706 3073/97/705
f 3074/97/706 3106/98/738 3105/98/737
f 3106/98/738 3138/99/770 3137/99/769
f 3138/99/770 3170/100/2471 3169/100/801
f 3170/100/2471 3202/101/834 3201/101/833
f 3202/101/834 3234/102/866 3233/102/2487
f 3234/102/866 3266/103/898 3265/103/897
f 3266/103/898 3298/104/930 3297/104/929
f 3298/104/930 3330/105/962 3329/105/961
f 3330/105/962 3362/106/994 3361/106/993
f 3362/106/994 3394/107/2527 3393/107/1025
f 3394/107/2527 3426/108/2537 3425/108/1057
f 3426/108/2537 3458/109/1090 3457/109/1089
f 3458/109/1090 3490/110/1122 3489/110/2559
f 3490/110/1122 3522/111/1154 3521/111/1153
f 3522/111/1154 3554/112/1186 3553/112/2581
f 3554/112/1186 3586/113/1218 3585/113/1217
f 3586/113/1218 3618/114/1248 3617/114/1247
f 3618/114/1248 3650/115/1278 3649/115/2610
f 3650/115/1278 3682/116/1308 3681/116/1307
f 3682/116/1308 3714/117/2630 3713/117/1338
f 3714/117/2630 3746/118/1369 3745/118/1368
f 3746/118/1369 3778/119/1399 3777/119/1398
f 3778/119/1399 3810/120/2662 3809/120/1428
f 3810/120/2662 3842/121/1459 3841/121/1458
f 3842/121/1459 3874/122/1490 3873/122/1489
f 3874/122/1490 3906/123/1520 3905/123/1519
f 3906/123/1520 3938/124/1550 3937/124/1549
f 3938/124/1550 3970/125/1580 3969/125/1579
f 3970/125/1580 4002/126/1610 4001/126/1609
f 4002/126/1610 4034/127/1640 4033/127/1639
f 4034/127/1640 4066/128/1670 4065/128/1669
f 4066/128/1670 4098/129/1701 4097/129/1700
f 4098/129/1701 4130/130/1731 4129/130/2742
f 4130/130/1731 4162/131/1761 4161/131/1760
f 4162/131/1761 4194/132/1791 4193/132/1790
f 4194/132/1791 4226/133/1821 4225/133/1820
f 4226/133/1821 4258/134/1853 4257/134/1852
f 4258/134/1853 4290/135/1883 4289/135/1882
f 4290/135/1883 4322/136/1914 4321/136/1913
f 4322/136/1914 4354/137/1944 4353/137/2776
f 4354/137/1944 4386/138/1974 4385/138/1973
f 4386/138/1974 4418/139/2793 4417/139/2003
f 4418/139/2793 4450/140/2803 4449/140/2033
f 4450/140/2803 4482/141/2065 4481/141/2815
f 4482/141/2065 4514/142/2095 4513/142/2094
f 4514/142/2095 4546/143/2840 4545/143/2124
f 4546/143/2840 4578/144/2856 4577/144/2154
f 4578/144/2856 4610/145/2869 4609/145/2868
f 4610/145/2869 4642/146/2215 4641/146/2214
f 4642/146/2215 4674/147/2245 4673/147/2244
f 4674/147/2245 4706/148/2275 4705/148/2905
f 4706/148/2275 4738/149/2920 4737/149/2919
f 1987/63/1945 2019/64/1975 2018/64/1974
f 2019/64/1975 2051/65/2005 2050/65/2004
f 2051/65/2005 2083/66/2035 2082/66/2034
f 2083/66/2035 2115/67/2066 2114/67/2065
f 2115/67/2066 2147/68/2096 2146/68/2095
f 2147/68/2096 2179/69/2126 2178/69/2125
f 2179/69/2126 2211/70/2156 2210/70/2155
f 2211/70/2156 2243/71/2186 2242/71/2185
f 2243/71/2186 2275/72/2216 2274/72/2215
f 2275/72/2216 2307/73/2246 2306/73/2245
f 2307/73/2246 2339/74/2276 2338/74/2275
f 2339/74/2276 2371/75/2306 2370/75/2305
f 2371/75/2306 2403/76/2334 2402/76/34
f 2403/76/2334 2435/77/67 2434/77/66
f 2435/77/67 2467/78/99 2466/78/98
f 2467/78/99 2499/79/131 2498/79/130
f 2499/79/131 2531/80/163 2530/80/162
f 2531/80/163 2563/81/195 2562/81/194
f 2563/81/195 2595/82/227 2594/82/226
f 2595/82/227 2627/83/259 2626/83/258
f 2627/83/259 2659/84/291 2658/84/290
f 2659/84/291 2691/85/2392 2690/85/322
f 2691/85/2392 2723/86/355 2722/86/2403
f 2723/86/355 2755/87/387 2754/87/2411
f 2755/87/387 2787/88/419 2786/88/418
f 2787/88/419 2819/89/451 2818/89/450
f 2819/89/451 2851/90/483 2850/90/482
f 2851/90/483 2883/91/515 2882/91/514
f 2883/91/515 2915/92/547 2914/92/546
f 2915/92/547 2947/93/579 2946/93/578
f 2947/93/579 2979/94/611 2978/94/610
f 2979/94/611 3011/95/643 3010/95/642
f 3011/95/643 3043/96/675 3042/96/674
f 3043/96/675 3075/97/707 3074/97/706
f 3075/97/707 3107/98/739 3106/98/738
f 3107/98/739 3139/99/771 3138/99/770
f 3139/99/771 3171/100/2472 3170/100/2471
f 3171/100/2472 3203/101/835 3202/101/834
f 3203/101/835 3235/102/2488 3234/102/866
f 3235/102/2488 3267/103/2498 3266/103/898
f 3267/103/2498 3299/104/931 3298/104/930
f 3299/104/931 3331/105/963 3330/105/962
f 3331/105/963 3363/106/2520 3362/106/994
f 3363/106/2520 3395/107/1027 3394/107/2527
f 3395/107/1027 3427/108/1059 3426/108/2537
f 3427/108/1059 3459/109/1091 3458/109/1090
f 3459/109/1091 3491/110/2560 3490/110/1122
f 3491/110/2560 3523/111/1155 3522/111/1154
f 3523/111/1155 3555/112/1187 3554/112/1186
f 3555/112/1187 3587/113/2590 3586/113/1218
f 3587/113/2590 3619/114/2600 3618/114/1248
f 3619/114/2600 3651/115/1279 3650/115/1278
f 3651/115/1279 3683/116/1309 3682/116/1308
f 3683/116/1309 3715/117/2631 3714/117/2630
f 3715/117/2631 3747/118/1370 3746/118/1369
f 3747/118/1370 3779/119/1400 3778/119/1399
f 3779/119/1400 3811/120/2663 3810/120/2662
f 3811/120/2663 3843/121/2680 3842/121/1459
f 3843/121/2680 3875/122/2692 3874/122/1490
f 3875/122/2692 3907/123/2700 3906/123/1520
f 3907/123/2700 3939/124/1551 3938/124/1550
f 3939/124/1551 3971/125/2714 3970/125/1580
f 3971/125/2714 4003/126/1611 4002/126/1610
f 4003/126/1611 4035/127/1641 4034/127/1640
f 4035/127/1641 4067/128/1671 4066/128/1670
f 4067/128/1671 4099/129/1702 4098/129/1701
f 4099/129/1702 4131/130/1732 4130/130/1731
f 4131/130/1732 4163/131/2746 4162/131/1761
f 4163/131/2746 4195/132/1792 4194/132/1791
f 4195/132/1792 4227/133/1822 4226/133/1821
f 4227/133/1822 4259/134/1854 4258/134/1853
f 4259/134/1854 4291/135/1884 4290/135/1883
f 4291/135/1884 4323/136/1915 4322/136/1914
f 4323/136/1915 4355/137/2777 4354/137/1944
f 4355/137/2777 4387/138/1975 4386/138/1974
f 4387/138/1975 4419/139/2005 4418/139/2793
f 4419/139/2005 4451/140/2035 4450/140/2803
f 4451/140/2035 4483/141/2816 4482/141/2065
f 4483/141/2816 4515/142/2096 4514/142/2095
f 4515/142/2096 4547/143/2841 4546/143/2840
f 4547/143/2841 4579/144/2156 4578/144/2856
f 4579/144/2156 4611/145/2186 4610/145/2869
f 4611/145/2186 4643/146/2216 4642/146/2215
f 4643/146/2216 4675/147/2246 4674/147/2245
f 4675/147/2246 4707/148/2276 4706/148/2275
f 4707/148/2276 4739/149/2921 4738/149/2920
f 1988/63/1946 2020/64/1976 2019/64/1975
f 2020/64/1976 2052/65/2006 2051/65/2005
f 2052/65/2006 2084/66/2036 2083/66/2035
f 2084/66/2036 2116/67/2067 2115/67/2066
f 2116/67/2067 2148/68/2097 2147/68/2096
f 2148/68/2097 2180/69/2127 2179/69/2126
f 2180/69/2127 2212/70/2157 2211/70/2156
f 2212/70/2157 2244/71/2187 2243/71/2186
f 2244/71/2187 2276/72/2217 2275/72/2216
f 2276/72/2217 2308/73/2247 2307/73/2246
f 2308/73/2247 2340/74/2277 2339/74/2276
f 2340/74/2277 2372/75/2307 2371/75/2306
f 2372/75/2307 2404/76/36 2403/76/2334
f 2404/76/36 2436/77/68 2435/77/67
f 2436/77/68 2468/78/100 2467/78/99
f 2468/78/100 2500/79/132 2499/79/131
f 2500/79/132 2532/80/164 2531/80/163
f 2532/80/164 2564/81/2371 2563/81/195
f 2564/81/2371 2596/82/228 2595/82/227
f 2596/82/228 2628/83/260 2627/83/259
f 2628/83/260 2660/84/292 2659/84/291
f 2660/84/292 2692/85/2393 2691/85/2392
f 2692/85/2393 2724/86/356 2723/86/355
f 2724/86/356 2756/87/388 2755/87/387
f 2756/87/388 2788/88/420 2787/88/419
f 2788/88/420 2820/89/452 2819/89/451
f 2820/89/452 2852/90/484 2851/90/483
f 2852/90/484 2884/91/516 2883/91/515
f 2884/91/516 2916/92/2432 2915/92/547
f 2916/92/2432 2948/93/580 2947/93/579
f 2948/93/580 2980/94/612 2979/94/611
f 2980/94/612 3012/95/644 3011/95/643
f 3012/95/644 3044/96/2450 3043/96/675
f 3044/96/2450 3076/97/708 3075/97/707
f 3076/97/708 3108/98/2461 3107/98/739
f 3108/98/2461 3140/99/772 3139/99/771
f 3140/99/772 3172/100/804 3171/100/2472
f 3172/100/804 3204/101/836 3203/101/835
f 3204/101/836 3236/102/868 3235/102/2488
f 3236/102/868 3268/103/900 3267/103/2498
f 3268/103/900 3300/104/2503 3299/104/931
f 3300/104/2503 3332/105/964 3331/105/963
f 3332/105/964 3364/106/996 3363/106/2520
f 3364/106/996 3396/107/1028 3395/107/1027
f 3396/107/1028 3428/108/1060 3427/108/1059
f 3428/108/1060 3460/109/1092 3459/109/1091
f 3460/109/1092 3492/110/1124 3491/110/2560
f 3492/110/1124 3524/111/1156 3523/111/1155
f 3524/111/1156 3556/112/1188 3555/112/1187
f 3556/112/1188 3588/113/1220 3587/113/2590
f 3588/113/1220 3620/114/1250 3619/114/2600
f 3620/114/1250 3652/115/2611 3651/115/1279
f 3652/115/2611 3684/116/1310 3683/116/1309
f 3684/116/1310 3716/117/1341 3715/117/2631
f 3716/117/1341 3748/118/1371 3747/118/1370
f 3748/118/1371 3780/119/1401 3779/119/1400
f 3780/119/1401 3812/120/2664 3811/120/2663
f 3812/120/2664 3844/121/1461 3843/121/2680
f 3844/121/1461 3876/122/2693 3875/122/2692
f 3876/122/2693 3908/123/1522 3907/123/2700
f 3908/123/1522 3940/124/1552 3939/124/1551
f 3940/124/1552 3972/125/1582 3971/125/2714
f 3972/125/1582 4004/126/1612 4003/126/1611
f 4004/126/1612 4036/127/1642 4035/127/1641
f 4036/127/1642 4068/128/1672 4067/128/1671
f 4068/128/1672 4100/129/1703 4099/129/1702
f 4100/129/1703 4132/130/1733 4131/130/1732
f 4132/130/1733 4164/131/1763 4163/131/2746
f 4164/131/1763 4196/132/1793 4195/132/1792
f 4196/132/1793 4228/133/2753 4227/133/1822
f 4228/133/2753 4260/134/2758 4259/134/1854
f 4260/134/2758 4292/135/1885 4291/135/1884
f 4292/135/1885 4324/136/1916 4323/136/1915
f 4324/136/1916 4356/137/1946 4355/137/2777
f 4356/137/1946 4388/138/1976 4387/138/1975
f 4388/138/1976 4420/139/2006 4419/139/2005
f 4420/139/2006 4452/140/2804 4451/140/2035
f 4452/140/2804 4484/141/2817 4483/141/2816
f 4484/141/2817 4516/142/2097 4515/142/2096
f 4516/142/2097 4548/143/2127 4547/143/2841
f 4548/143/2127 4580/144/2857 4579/144/2156
f 4580/144/2857 4612/145/2870 4611/145/2186
f 4612/145/2870 4644/146/2217 4643/146/2216
f 4644/146/2217 4676/147/2247 4675/147/2246
f 4676/147/2247 4708/148/2277 4707/148/2276
f 4708/148/2277 4740/149/2922 4739/149/2921
f 1989/63/1947 2021/64/1977 2020/64/1976
f 2021/64/1977 2053/65/2007 2052/65/2006
f 2053/65/2007 2085/66/2037 2084/66/2036
f 2085/66/2037 2117/67/2068 2116/67/2067
f 2117/67/2068 2149/68/2098 2148/68/2097
f 2149/68/2098 2181/69/2128 2180/69/2127
f 2181/69/2128 2213/70/2158 2212/70/2157
f 2213/70/2158 2245/71/2188 2244/71/2187
f 2245/71/2188 2277/72/2218 2276/72/2217
f 2277/72/2218 2309/73/2248 2308/73/2247
f 2309/73/2248 2341/74/2278 2340/74/2277
f 2341/74/2278 2373/75/2308 2372/75/2307
f 2373/75/2308 2405/76/2335 2404/76/36
f 2405/76/2335 2437/77/69 2436/77/68
f 2437/77/69 2469/78/101 2468/78/100
f 2469/78/101 2501/79/133 2500/79/132
f 2501/79/133 2533/80/165 2532/80/164
f 2533/80/165 2565/81/2372 2564/81/2371
f 2565/81/2372 2597/82/2377 2596/82/228
f 2597/82/2377 2629/83/261 2628/83/260
f 2629/83/261 2661/84/293 2660/84/292
f 2661/84/293 2693/85/325 2692/85/2393
f 2693/85/325 2725/86/357 2724/86/356
f 2725/86/357 2757/87/389 2756/87/388
f 2757/87/389 2789/88/421 2788/88/420
f 2789/88/421 2821/89/453 2820/89/452
f 2821/89/453 2853/90/485 2852/90/484
f 2853/90/485 2885/91/517 2884/91/516
f 2885/91/517 2917/92/549 2916/92/2432
f 2917/92/549 2949/93/581 2948/93/580
f 2949/93/581 2981/94/2444 2980/94/612
f 2981/94/2444 3013/95/645 3012/95/644
f 3013/95/645 3045/96/677 3044/96/2450
f 3045/96/677 3077/97/709 3076/97/708
f 3077/97/709 3109/98/741 3108/98/2461
f 3109/98/741 3141/99/773 3140/99/772
f 3141/99/773 3173/100/805 3172/100/804
f 3173/100/805 3205/101/2478 3204/101/836
f 3205/101/2478 3237/102/2489 3236/102/868
f 3237/102/2489 3269/103/901 3268/103/900
f 3269/103/901 3301/104/2504 3300/104/2503
f 3301/104/2504 3333/105/965 3332/105/964
f 3333/105/965 3365/106/997 3364/106/996
f 3365/106/997 3397/107/1029 3396/107/1028
f 3397/107/1029 3429/108/1061 3428/108/1060
f 3429/108/1061 3461/109/1093 3460/109/1092
f 3461/109/1093 3493/110/1125 3492/110/1124
f 3493/110/1125 3525/111/2574 3524/111/1156
f 3525/111/2574 3557/112/1189 3556/112/1188
f 3557/112/1189 3589/113/2591 3588/113/1220
f 3589/113/2591 3621/114/1251 3620/114/1250
f 3621/114/1251 3653/115/1281 3652/115/2611
f 3653/115/1281 3685/116/1311 3684/116/1310
f 3685/116/1311 3717/117/1342 3716/117/1341
f 3717/117/1342 3749/118/2645 3748/118/1371
f 3749/118/2645 3781/119/1402 3780/119/1401
f 3781/119/1402 3813/120/1432 3812/120/2664
f 3813/120/1432 3845/121/1462 3844/121/1461
f 3845/121/1462 3877/122/2694 3876/122/2693
f 3877/122/2694 3909/123/1523 3908/123/1522
f 3909/123/1523 3941/124/1553 3940/124/1552
f 3941/124/1553 3973/125/1583 3972/125/1582
f 3973/125/1583 4005/126/1613 4004/126/1612
f 4005/126/1613 4037/127/1643 4036/127/1642
f 4037/127/1643 4069/128/1673 4068/128/1672
f 4069/128/1673 4101/129/1704 4100/129/1703
f 4101/129/1704 4133/130/1734 4132/130/1733
f 4133/130/1734 4165/131/1764 4164/131/1763
f 4165/131/1764 4197/132/1794 4196/132/1793
f 4197/132/1794 4229/133/1824 4228/133/2753
f 4229/133/1824 4261/134/1856 4260/134/2758
f 4261/134/1856 4293/135/1886 4292/135/1885
f 4293/135/1886 4325/136/1917 4324/136/1916
f 4325/136/1917 4357/137/1947 4356/137/1946
f 4357/137/1947 4389/138/2784 4388/138/1976
f 4389/138/2784 4421/139/2007 4420/139/2006
f 4421/139/2007 4453/140/2037 4452/140/2804
f 4453/140/2037 4485/141/2818 4484/141/2817
f 4485/141/2818 4517/142/2098 4516/142/2097
f 4517/142/2098 4549/143/2128 4548/143/2127
f 4549/143/2128 4581/144/2858 4580/144/2857
f 4581/144/2858 4613/145/2871 4612/145/2870
f 4613/145/2871 4645/146/2884 4644/146/2217
f 4645/146/2884 4677/147/2248 4676/147/2247
f 4677/147/2248 4709/148/2278 4708/148/2277
f 4709/148/2278 4741/149/2923 4740/149/2922
f 1990/63/1948 2022/64/1978 2021/64/1977
f 2022/64/1978 2054/65/2008 2053/65/2007
f 2054/65/2008 2086/66/2038 2085/66/2037
f 2086/66/2038 2118/67/2069 2117/67/2068
f 2118/67/2069 2150/68/2099 2149/68/2098
f 2150/68/2099 2182/69/2129 2181/69/2128
f 2182/69/2129 2214/70/2159 2213/70/2158
f 2214/70/2159 2246/71/2189 2245/71/2188
f 2246/71/2189 2278/72/2219 2277/72/2218
f 2278/72/2219 2310/73/2249 2309/73/2248
f 2310/73/2249 2342/74/2279 2341/74/2278
f 2342/74/2279 2374/75/2309 2373/75/2308
f 2374/75/2309 2406/76/38 2405/76/2335
f 2406/76/38 2438/77/70 2437/77/69
f 2438/77/70 2470/78/102 2469/78/101
f 2470/78/102 2502/79/134 2501/79/133
f 2502/79/134 2534/80/2366 2533/80/165
f 2534/80/2366 2566/81/198 2565/81/2372
f 2566/81/198 2598/82/230 2597/82/2377
f 2598/82/230 2630/83/262 2629/83/261
f 2630/83/262 2662/84/294 2661/84/293
f 2662/84/294 2694/85/326 2693/85/325
f 2694/85/326 2726/86/358 2725/86/357
f 2726/86/358 2758/87/2412 2757/87/389
f 2758/87/2412 2790/88/2416 2789/88/421
f 2790/88/2416 2822/89/454 2821/89/453
f 2822/89/454 2854/90/486 2853/90/485
f 2854/90/486 2886/91/2427 2885/91/517
f 2886/91/2427 2918/92/550 2917/92/549
f 2918/92/550 2950/93/582 2949/93/581
f 2950/93/582 2982/94/614 2981/94/2444
f 2982/94/614 3014/95/646 3013/95/645
f 3014/95/646 3046/96/678 3045/96/677
f 3046/96/678 3078/97/710 3077/97/709
f 3078/97/710 3110/98/742 3109/98/741
f 3110/98/742 3142/99/774 3141/99/773
f 3142/99/774 3174/100/806 3173/100/805
f 3174/100/806 3206/101/838 3205/101/2478
f 3206/101/838 3238/102/2490 3237/102/2489
f 3238/102/2490 3270/103/902 3269/103/901
f 3270/103/902 3302/104/934 3301/104/2504
f 3302/104/934 3334/105/966 3333/105/965
f 3334/105/966 3366/106/998 3365/106/997
f 3366/106/998 3398/107/2528 3397/107/1029
f 3398/107/2528 3430/108/1062 3429/108/1061
f 3430/108/1062 3462/109/2547 3461/109/1093
f 3462/109/2547 3494/110/2561 3493/110/1125
f 3494/110/2561 3526/111/1158 3525/111/2574
f 3526/111/1158 3558/112/1190 3557/112/1189
f 3558/112/1190 3590/113/2592 3589/113/2591
f 3590/113/2592 3622/114/2601 3621/114/1251
f 3622/114/2601 3654/115/1282 3653/115/1281
f 3654/115/1282 3686/116/1312 3685/116/1311
f 3686/116/1312 3718/117/2632 3717/117/1342
f 3718/117/2632 3750/118/1373 3749/118/2645
f 3750/118/1373 3782/119/2654 3781/119/1402
f 3782/119/2654 3814/120/2665 3813/120/1432
f 3814/120/2665 3846/121/1463 3845/121/1462
f 3846/121/1463 3878/122/1494 3877/122/2694
f 3878/122/1494 3910/123/1524 3909/123/1523
f 3910/123/1524 3942/124/2705 3941/124/1553
f 3942/124/2705 3974/125/2715 3973/125/1583
f 3974/125/2715 4006/126/1614 4005/126/1613
f 4006/126/1614 4038/127/1644 4037/127/1643
f 4038/127/1644 4070/128/1674 4069/128/1673
f 4070/128/1674 4102/129/1705 4101/129/1704
f 4102/129/1705 4134/130/1735 4133/130/1734
f 4134/130/1735 4166/131/1765 4165/131/1764
f 4166/131/1765 4198/132/1795 4197/132/1794
f 4198/132/1795 4230/133/1825 4229/133/1824
f 4230/133/1825 4262/134/1857 4261/134/1856
f 4262/134/1857 4294/135/2765 4293/135/1886
f 4294/135/2765 4326/136/1918 4325/136/1917
f 4326/136/1918 4358/137/1948 4357/137/1947
f 4358/137/1948 4390/138/2785 4389/138/2784
f 4390/138/2785 4422/139/2008 4421/139/2007
f 4422/139/2008 4454/140/2805 4453/140/2037
f 4454/140/2805 4486/141/2819 4485/141/2818
f 4486/141/2819 4518/142/2099 4517/142/2098
f 4518/142/2099 4550/143/2842 4549/143/2128
f 4550/143/2842 4582/144/2859 4581/144/2858
f 4582/144/2859 4614/145/2872 4613/145/2871
f 4614/145/2872 4646/146/2885 4645/146/2884
f 4646/146/2885 4678/147/2249 4677/147/2248
f 4678/147/2249 4710/148/2279 4709/148/2278
f 4710/148/2279 4742/149/2924 4741/149/2923
f 1991/63/1949 2023/64/1979 2022/64/1978
f 2023/64/1979 2055/65/2009 2054/65/2008
f 2055/65/2009 2087/66/2039 2086/66/2038
f 2087/66/2039 2119/67/2070 2118/67/2069
f 2119/67/2070 2151/68/2100 2150/68/2099
f 2151/68/2100 2183/69/2130 2182/69/2129
f 2183/69/2130 2215/70/2160 2214/70/2159
f 2215/70/2160 2247/71/2190 2246/71/2189
f 2247/71/2190 2279/72/2220 2278/72/2219
f 2279/72/2220 2311/73/2250 2310/73/2249
f 2311/73/2250 2343/74/2280 2342/74/2279
f 2343/74/2280 2375/75/2310 2374/75/2309
f 2375/75/2310 2407/76/2336 2406/76/38
f 2407/76/2336 2439/77/71 2438/77/70
f 2439/77/71 2471/78/103 2470/78/102
f 2471/78/103 2503/79/135 2502/79/134
f 2503/79/135 2535/80/167 2534/80/2366
f 2535/80/167 2567/81/199 2566/81/198
f 2567/81/199 2599/82/231 2598/82/230
f 2599/82/231 2631/83/2381 2630/83/262
f 2631/83/2381 2663/84/295 2662/84/294
f 2663/84/295 2695/85/327 2694/85/326
f 2695/85/327 2727/86/2404 2726/86/358
f 2727/86/2404 2759/87/391 2758/87/2412
f 2759/87/391 2791/88/423 2790/88/2416
f 2791/88/423 2823/89/455 2822/89/454
f 2823/89/455 2855/90/487 2854/90/486
f 2855/90/487 2887/91/519 2886/91/2427
f 2887/91/519 2919/92/2433 2918/92/550
f 2919/92/2433 2951/93/583 2950/93/582
f 2951/93/583 2983/94/615 2982/94/614
f 2983/94/615 3015/95/647 3014/95/646
f 3015/95/647 3047/96/679 3046/96/678
f 3047/96/679 3079/97/711 3078/97/710
f 3079/97/711 3111/98/743 3110/98/742
f 3111/98/743 3143/99/775 3142/99/774
f 3143/99/775 3175/100/807 3174/100/806
f 3175/100/807 3207/101/2479 3206/101/838
f 3207/101/2479 3239/102/2491 3238/102/2490
f 3239/102/2491 3271/103/903 3270/103/902
f 3271/103/903 3303/104/935 3302/104/934
f 3303/104/935 3335/105/2512 3334/105/966
f 3335/105/2512 3367/106/999 3366/106/998
f 3367/106/999 3399/107/1031 3398/107/2528
f 3399/107/1031 3431/108/2538 3430/108/1062
f 3431/108/2538 3463/109/2548 3462/109/2547
f 3463/109/2548 3495/110/2562 3494/110/2561
f 3495/110/2562 3527/111/1159 3526/111/1158
f 3527/111/1159 3559/112/2582 3558/112/1190
f 3559/112/2582 3591/113/1223 3590/113/2592
f 3591/113/1223 3623/114/1253 3622/114/2601
f 3623/114/1253 3655/115/1283 3654/115/1282
f 3655/115/1283 3687/116/1313 3686/116/1312
f 3687/116/1313 3719/117/2633 3718/117/2632
f 3719/117/2633 3751/118/2646 3750/118/1373
f 3751/118/2646 3783/119/1404 3782/119/2654
f 3783/119/1404 3815/120/2666 3814/120/2665
f 3815/120/2666 3847/121/1464 3846/121/1463
f 3847/121/1464 3879/122/1495 3878/122/1494
f 3879/122/1495 3911/123/1525 3910/123/1524
f 3911/123/1525 3943/124/1555 3942/124/2705
f 3943/124/1555 3975/125/1585 3974/125/2715
f 3975/125/1585 4007/126/1615 4006/126/1614
f 4007/126/1615 4039/127/1645 4038/127/1644
f 4039/127/1645 4071/128/1675 4070/128/1674
f 4071/128/1675 4103/129/1706 4102/129/1705
f 4103/129/1706 4135/130/1736 4134/130/1735
f 4135/130/1736 4167/131/2747 4166/131/1765
f 4167/131/2747 4199/132/1796 4198/132/1795
f 4199/132/1796 4231/133/1826 4230/133/1825
f 4231/133/1826 4263/134/1858 4262/134/1857
f 4263/134/1858 4295/135/1888 4294/135/2765
f 4295/135/1888 4327/136/1919 4326/136/1918
f 4327/136/1919 4359/137/2778 4358/137/1948
f 4359/137/2778 4391/138/2786 4390/138/2785
f 4391/138/2786 4423/139/2794 4422/139/2008
f 4423/139/2794 4455/140/2039 4454/140/2805
f 4455/140/2039 4487/141/2070 4486/141/2819
f 4487/141/2070 4519/142/2100 4518/142/2099
f 4519/142/2100 4551/143/2130 4550/143/2842
f 4551/143/2130 4583/144/2160 4582/144/2859
f 4583/144/2160 4615/145/2873 4614/145/2872
f 4615/145/2873 4647/146/2886 4646/146/2885
f 4647/146/2886 4679/147/2250 4678/147/2249
f 4679/147/2250 4711/148/2280 4710/148/2279
f 4711/148/2280 4743/149/2925 4742/149/2924
f 1992/63/1950 2024/64/1980 2023/64/1979
f 2024/64/1980 2056/65/2010 2055/65/2009
f 2056/65/2010 2088/66/2040 2087/66/2039
f 2088/66/2040 2120/67/2071 2119/67/2070
f 2120/67/2071 2152/68/2101 2151/68/2100
f 2152/68/2101 2184/69/2131 2183/69/2130
f 2184/69/2131 2216/70/2161 2215/70/2160
f 2216/70/2161 2248/71/2191 2247/71/2190
f 2248/71/2191 2280/72/2221 2279/72/2220
f 2280/72/2221 2312/73/2251 2311/73/2250
f 2312/73/2251 2344/74/2281 2343/74/2280
f 2344/74/2281 2376/75/2311 2375/75/2310
f 2376/75/2311 2408/76/2337 2407/76/2336
f 2408/76/2337 2440/77/2347 2439/77/71
f 2440/77/2347 2472/78/104 2471/78/103
f 2472/78/104 2504/79/136 2503/79/135
f 2504/79/136 2536/80/168 2535/80/167
f 2536/80/168 2568/81/200 2567/81/199
f 2568/81/200 2600/82/232 2599/82/231
f 2600/82/232 2632/83/264 2631/83/2381
f 2632/83/264 2664/84/296 2663/84/295
f 2664/84/296 2696/85/2394 2695/85/327
f 2696/85/2394 2728/86/2405 2727/86/2404
f 2728/86/2405 2760/87/2413 2759/87/391
f 2760/87/2413 2792/88/424 2791/88/423
f 2792/88/424 2824/89/456 2823/89/455
f 2824/89/456 2856/90/2423 2855/90/487
f 2856/90/2423 2888/91/2428 2887/91/519
f 2888/91/2428 2920/92/2434 2919/92/2433
f 2920/92/2434 2952/93/584 2951/93/583
f 2952/93/584 2984/94/616 2983/94/615
f 2984/94/616 3016/95/2446 3015/95/647
f 3016/95/2446 3048/96/2451 3047/96/679
f 3048/96/2451 3080/97/2457 3079/97/711
f 3080/97/2457 3112/98/2462 3111/98/743
f 3112/98/2462 3144/99/776 3143/99/775
f 3144/99/776 3176/100/2473 3175/100/807
f 3176/100/2473 3208/101/2480 3207/101/2479
f 3208/101/2480 3240/102/872 3239/102/2491
f 3240/102/872 3272/103/2499 3271/103/903
f 3272/103/2499 3304/104/936 3303/104/935
f 3304/104/936 3336/105/968 3335/105/2512
f 3336/105/968 3368/106/2521 3367/106/999
f 3368/106/2521 3400/107/2529 3399/107/1031
f 3400/107/2529 3432/108/2539 3431/108/2538
f 3432/108/2539 3464/109/2549 3463/109/2548
f 3464/109/2549 3496/110/2563 3495/110/2562
f 3496/110/2563 3528/111/2575 3527/111/1159
f 3528/111/2575 3560/112/1192 3559/112/2582
f 3560/112/1192 3592/113/1224 3591/113/1223
f 3592/113/1224 3624/114/2602 3623/114/1253
f 3624/114/2602 3656/115/2612 3655/115/1283
f 3656/115/2612 3688/116/1314 3687/116/1313
f 3688/116/1314 3720/117/1345 3719/117/2633
f 3720/117/1345 3752/118/1375 3751/118/2646
f 3752/118/1375 3784/119/2655 3783/119/1404
f 3784/119/2655 3816/120/2667 3815/120/2666
f 3816/120/2667 3848/121/2681 3847/121/1464
f 3848/121/2681 3880/122/1496 3879/122/1495
f 3880/122/1496 3912/123/1526 3911/123/1525
f 3912/123/1526 3944/124/2706 3943/124/1555
f 3944/124/2706 3976/125/2716 3975/125/1585
f 3976/125/2716 4008/126/2721 4007/126/1615
f 4008/126/2721 4040/127/2726 4039/127/1645
f 4040/127/2726 4072/128/2730 4071/128/1675
f 4072/128/2730 4104/129/2738 4103/129/1706
f 4104/129/2738 4136/130/1737 4135/130/1736
f 4136/130/1737 4168/131/1767 4167/131/2747
f 4168/131/1767 4200/132/1797 4199/132/1796
f 4200/132/1797 4232/133/1827 4231/133/1826
f 4232/133/1827 4264/134/2759 4263/134/1858
f 4264/134/2759 4296/135/2766 4295/135/1888
f 4296/135/2766 4328/136/2771 4327/136/1919
f 4328/136/2771 4360/137/2779 4359/137/2778
f 4360/137/2779 4392/138/1980 4391/138/2786
f 4392/138/1980 4424/139/2795 4423/139/2794
f 4424/139/2795 4456/140/2806 4455/140/2039
f 4456/140/2806 4488/141/2071 4487/141/2070
f 4488/141/2071 4520/142/2832 4519/142/2100
f 4520/142/2832 4552/143/2843 4551/143/2130
f 4552/143/2843 4584/144/2860 4583/144/2160
f 4584/144/2860 4616/145/2874 4615/145/2873
f 4616/145/2874 4648/146/2887 4647/146/2886
f 4648/146/2887 4680/147/2251 4679/147/2250
f 4680/147/2251 4712/148/2906 4711/148/2280
f 4712/148/2906 4744/149/2926 4743/149/2925
f 1993/63/825 2025/64/857 2024/64/1980
f 2025/64/857 2057/65/889 2056/65/2010
f 2057/65/889 2089/66/2041 2088/66/2040
f 2089/66/2041 2121/67/953 2120/67/2071
f 2121/67/953 2153/68/985 2152/68/2101
f 2153/68/985 2185/69/1017 2184/69/2131
f 2185/69/1017 2217/70/1049 2216/70/2161
f 2217/70/1049 2249/71/1081 2248/71/2191
f 2249/71/1081 2281/72/1113 2280/72/2221
f 2281/72/1113 2313/73/1145 2312/73/2251
f 2313/73/1145 2345/74/1177 2344/74/2281
f 2345/74/1177 2377/75/1209 2376/75/2311
f 2377/75/1209 2409/76/41 2408/76/2337
f 2409/76/41 2441/77/73 2440/77/2347
f 2441/77/73 2473/78/105 2472/78/104
f 2473/78/105 2505/79/137 2504/79/136
f 2505/79/137 2537/80/169 2536/80/168
f 2537/80/169 2569/81/201 2568/81/200
f 2569/81/201 2601/82/233 2600/82/232
f 2601/82/233 2633/83/265 2632/83/264
f 2633/83/265 2665/84/297 2664/84/296
f 2665/84/297 2697/85/329 2696/85/2394
f 2697/85/329 2729/86/361 2728/86/2405
f 2729/86/361 2761/87/393 2760/87/2413
f 2761/87/393 2793/88/425 2792/88/424
f 2793/88/425 2825/89/457 2824/89/456
f 2825/89/457 2857/90/489 2856/90/2423
f 2857/90/489 2889/91/521 2888/91/2428
f 2889/91/521 2921/92/553 2920/92/2434
f 2921/92/553 2953/93/585 2952/93/584
f 2953/93/585 2985/94/617 2984/94/616
f 2985/94/617 3017/95/649 3016/95/2446
f 3017/95/649 3049/96/681 3048/96/2451
f 3049/96/681 3081/97/713 3080/97/2457
f 3081/97/713 3113/98/2463 3112/98/2462
f 3113/98/2463 3145/99/777 3144/99/776
f 3145/99/777 3177/100/809 3176/100/2473
f 3177/100/809 3209/101/841 3208/101/2480
f 3209/101/841 3241/102/2492 3240/102/872
f 3241/102/2492 3273/103/905 3272/103/2499
f 3273/103/905 3305/104/937 3304/104/936
f 3305/104/937 3337/105/969 3336/105/968
f 3337/105/969 3369/106/1001 3368/106/2521
f 3369/106/1001 3401/107/1033 3400/107/2529
f 3401/107/1033 3433/108/1065 3432/108/2539
f 3433/108/1065 3465/109/1097 3464/109/2549
f 3465/109/1097 3497/110/1129 3496/110/2563
f 3497/110/1129 3529/111/1161 3528/111/2575
f 3529/111/1161 3561/112/1193 3560/112/1192
f 3561/112/1193 3593/113/57 3592/113/1224
f 3593/113/57 3625/114/89 3624/114/2602
f 3625/114/89 3657/115/2613 3656/115/2612
f 3657/115/2613 3689/116/1315 3688/116/1314
f 3689/116/1315 3721/117/2634 3720/117/1345
f 3721/117/2634 3753/118/2647 3752/118/1375
f 3753/118/2647 3785/119/249 3784/119/2655
f 3785/119/249 3817/120/2668 3816/120/2667
f 3817/120/2668 3849/121/313 3848/121/2681
f 3849/121/313 3881/122/345 3880/122/1496
f 3881/122/345 3913/123/377 3912/123/1526
f 3913/123/377 3945/124/409 3944/124/2706
f 3945/124/409 3977/125/441 3976/125/2716
f 3977/125/441 4009/126/473 4008/126/2721
f 4009/126/473 4041/127/505 4040/127/2726
f 4041/127/505 4073/128/537 4072/128/2730
f 4073/128/537 4105/129/569 4104/129/2738
f 4105/129/569 4137/130/601 4136/130/1737
f 4137/130/601 4169/131/633 4168/131/1767
f 4169/131/633 4201/132/665 4200/132/1797
f 4201/132/665 4233/133/1828 4232/133/1827
f 4233/133/1828 4265/134/729 4264/134/2759
f 4265/134/729 4297/135/1890 4296/135/2766
f 4297/135/1890 4329/136/793 4328/136/2771
f 4329/136/793 4361/137/825 4360/137/2779
f 4361/137/825 4393/138/857 4392/138/1980
f 4393/138/857 4425/139/2796 4424/139/2795
f 4425/139/2796 4457/140/921 4456/140/2806
f 4457/140/921 4489/141/2820 4488/141/2071
f 4489/141/2820 4521/142/985 4520/142/2832
f 4521/142/985 4553/143/2844 4552/143/2843
f 4553/143/2844 4585/144/2861 4584/144/2860
f 4585/144/2861 4617/145/1081 4616/145/2874
f 4617/145/1081 4649/146/1113 4648/146/2887
f 4649/146/1113 4681/147/1145 4680/147/2251
f 4681/147/1145 4713/148/1177 4712/148/2906
f 4713/148/1177 4745/149/2927 4744/149/2926
f 1994/63/1951 2026/64/1981 2025/64/857
f 2026/64/1981 2058/65/2011 2057/65/889
f 2058/65/2011 2090/66/2042 2089/66/2041
f 2090/66/2042 2122/67/2072 2121/67/953
f 2122/67/2072 2154/68/2102 2153/68/985
f 2154/68/2102 2186/69/2132 2185/69/1017
f 2186/69/2132 2218/70/2162 2217/70/1049
f 2218/70/2162 2250/71/2192 2249/71/1081
f 2250/71/2192 2282/72/2222 2281/72/1113
f 2282/72/2222 2314/73/2252 2313/73/1145
f 2314/73/2252 2346/74/2282 2345/74/1177
f 2346/74/2282 2378/75/2312 2377/75/1209
f 2378/75/2312 2410/76/2338 2409/76/41
f 2410/76/2338 2442/77/2348 2441/77/73
f 2442/77/2348 2474/78/2357 2473/78/105
f 2474/78/2357 2506/79/138 2505/79/137
f 2506/79/138 2538/80/2367 2537/80/169
f 2538/80/2367 2570/81/2373 2569/81/201
f 2570/81/2373 2602/82/234 2601/82/233
f 2602/82/234 2634/83/266 2633/83/265
f 2634/83/266 2666/84/2387 2665/84/297
f 2666/84/2387 2698/85/2395 2697/85/329
f 2698/85/2395 2730/86/2406 2729/86/361
f 2730/86/2406 2762/87/394 2761/87/393
f 2762/87/394 2794/88/426 2793/88/425
f 2794/88/426 2826/89/458 2825/89/457
f 2826/89/458 2858/90/2424 2857/90/489
f 2858/90/2424 2890/91/2429 2889/91/521
f 2890/91/2429 2922/92/2435 2921/92/553
f 2922/92/2435 2954/93/586 2953/93/585
f 2954/93/586 2986/94/618 2985/94/617
f 2986/94/618 3018/95/2447 3017/95/649
f 3018/95/2447 3050/96/2452 3049/96/681
f 3050/96/2452 3082/97/714 3081/97/713
f 3082/97/714 3114/98/746 3113/98/2463
f 3114/98/746 3146/99/778 3145/99/777
f 3146/99/778 3178/100/2474 3177/100/809
f 3178/100/2474 3210/101/2481 3209/101/841
f 3210/101/2481 3242/102/874 3241/102/2492
f 3242/102/874 3274/103/906 3273/103/905
f 3274/103/906 3306/104/2505 3305/104/937
f 3306/104/2505 3338/105/2513 3337/105/969
f 3338/105/2513 3370/106/1002 3369/106/1001
f 3370/106/1002 3402/107/2530 3401/107/1033
f 3402/107/2530 3434/108/1066 3433/108/1065
f 3434/108/1066 3466/109/2550 3465/109/1097
f 3466/109/2550 3498/110/1130 3497/110/1129
f 3498/110/1130 3530/111/1162 3529/111/1161
f 3530/111/1162 3562/112/2583 3561/112/1193
f 3562/112/2583 3594/113/1225 3593/113/57
f 3594/113/1225 3626/114/2603 3625/114/89
f 3626/114/2603 3658/115/2614 3657/115/2613
f 3658/115/2614 3690/116/1316 3689/116/1315
f 3690/116/1316 3722/117/2635 3721/117/2634
f 3722/117/2635 3754/118/1376 3753/118/2647
f 3754/118/1376 3786/119/2656 3785/119/249
f 3786/119/2656 3818/120/1436 3817/120/2668
f 3818/120/1436 3850/121/2682 3849/121/313
f 3850/121/2682 3882/122/2695 3881/122/345
f 3882/122/2695 3914/123/2701 3913/123/377
f 3914/123/2701 3946/124/2707 3945/124/409
f 3946/124/2707 3978/125/1587 3977/125/441
f 3978/125/1587 4010/126/1617 4009/126/473
f 4010/126/1617 4042/127/2727 4041/127/505
f 4042/127/2727 4074/128/2731 4073/128/537
f 4074/128/2731 4106/129/2739 4105/129/569
f 4106/129/2739 4138/130/1738 4137/130/601
f 4138/130/1738 4170/131/1768 4169/131/633
f 4170/131/1768 4202/132/2751 4201/132/665
f 4202/132/2751 4234/133/2754 4233/133/1828
f 4234/133/2754 4266/134/1860 4265/134/729
f 4266/134/1860 4298/135/1891 4297/135/1890
f 4298/135/1891 4330/136/1921 4329/136/793
f 4330/136/1921 4362/137/1951 4361/137/825
f 4362/137/1951 4394/138/2787 4393/138/857
f 4394/138/2787 4426/139/2797 4425/139/2796
f 4426/139/2797 4458/140/2807 4457/140/921
f 4458/140/2807 4490/141/2821 4489/141/2820
f 4490/141/2821 4522/142/2833 4521/142/985
f 4522/142/2833 4554/143/2132 4553/143/2844
f 4554/143/2132 4586/144/2862 4585/144/2861
f 4586/144/2862 4618/145/2192 4617/145/1081
f 4618/145/2192 4650/146/2888 4649/146/1113
f 4650/146/2888 4682/147/2252 4681/147/1145
f 4682/147/2252 4714/148/2907 4713/148/1177
f 4714/148/2907 4746/149/2928 4745/149/2927
f 1995/63/1952 2027/64/1982 2026/64/1981
f 2027/64/1982 2059/65/2012 2058/65/2011
f 2059/65/2012 2091/66/2043 2090/66/2042
f 2091/66/2043 2123/67/2073 2122/67/2072
f 2123/67/2073 2155/68/2103 2154/68/2102
f 2155/68/2103 2187/69/2133 2186/69/2132
f 2187/69/2133 2219/70/2163 2218/70/2162
f 2219/70/2163 2251/71/2193 2250/71/2192
f 2251/71/2193 2283/72/2223 2282/72/2222
f 2283/72/2223 2315/73/2253 2314/73/2252
f 2315/73/2253 2347/74/2283 2346/74/2282
f 2347/74/2283 2379/75/2313 2378/75/2312
f 2379/75/2313 2411/76/43 2410/76/2338
f 2411/76/43 2443/77/2349 2442/77/2348
f 2443/77/2349 2475/78/107 2474/78/2357
f 2475/78/107 2507/79/2360 2506/79/138
f 2507/79/2360 2539/80/171 2538/80/2367
f 2539/80/171 2571/81/203 2570/81/2373
f 2571/81/203 2603/82/235 2602/82/234
f 2603/82/235 2635/83/267 2634/83/266
f 2635/83/267 2667/84/299 2666/84/2387
f 2667/84/299 2699/85/331 2698/85/2395
f 2699/85/331 2731/86/2407 2730/86/2406
f 2731/86/2407 2763/87/395 2762/87/394
f 2763/87/395 2795/88/427 2794/88/426
f 2795/88/427 2827/89/2417 2826/89/458
f 2827/89/2417 2859/90/491 2858/90/2424
f 2859/90/491 2891/91/2430 2890/91/2429
f 2891/91/2430 2923/92/555 2922/92/2435
f 2923/92/555 2955/93/2440 2954/93/586
f 2955/93/2440 2987/94/619 2986/94/618
f 2987/94/619 3019/95/2448 3018/95/2447
f 3019/95/2448 3051/96/2453 3050/96/2452
f 3051/96/2453 3083/97/715 3082/97/714
f 3083/97/715 3115/98/747 3114/98/746
f 3115/98/747 3147/99/2468 3146/99/778
f 3147/99/2468 3179/100/811 3178/100/2474
f 3179/100/811 3211/101/2482 3210/101/2481
f 3211/101/2482 3243/102/875 3242/102/874
f 3243/102/875 3275/103/907 3274/103/906
f 3275/103/907 3307/104/2506 3306/104/2505
f 3307/104/2506 3339/105/971 3338/105/2513
f 3339/105/971 3371/106/2522 3370/106/1002
f 3371/106/2522 3403/107/1035 3402/107/2530
f 3403/107/1035 3435/108/1067 3434/108/1066
f 3435/108/1067 3467/109/2551 3466/109/2550
f 3467/109/2551 3499/110/1131 3498/110/1130
f 3499/110/1131 3531/111/2576 3530/111/1162
f 3531/111/2576 3563/112/1195 3562/112/2583
f 3563/112/1195 3595/113/1226 3594/113/1225
f 3595/113/1226 3627/114/2604 3626/114/2603
f 3627/114/2604 3659/115/1286 3658/115/2614
f 3659/115/1286 3691/116/1317 3690/116/1316
f 3691/116/1317 3723/117/1347 3722/117/2635
f 3723/117/1347 3755/118/1377 3754/118/1376
f 3755/118/1377 3787/119/1407 3786/119/2656
f 3787/119/1407 3819/120/1437 3818/120/1436
f 3819/120/1437 3851/121/1468 3850/121/2682
f 3851/121/1468 3883/122/1498 3882/122/2695
f 3883/122/1498 3915/123/1528 3914/123/2701
f 3915/123/1528 3947/124/2708 3946/124/2707
f 3947/124/2708 3979/125/1588 3978/125/1587
f 3979/125/1588 4011/126/1618 4010/126/1617
f 4011/126/1618 4043/127/1648 4042/127/2727
f 4043/127/1648 4075/128/2732 4074/128/2731
f 4075/128/2732 4107/129/1709 4106/129/2739
f 4107/129/1709 4139/130/1739 4138/130/1738
f 4139/130/1739 4171/131/1769 4170/131/1768
f 4171/131/1769 4203/132/1799 4202/132/2751
f 4203/132/1799 4235/133/1830 4234/133/2754
f 4235/133/1830 4267/134/1861 4266/134/1860
f 4267/134/1861 4299/135/2767 4298/135/1891
f 4299/135/2767 4331/136/1922 4330/136/1921
f 4331/136/1922 4363/137/2780 4362/137/1951
f 4363/137/2780 4395/138/1982 4394/138/2787
f 4395/138/1982 4427/139/2012 4426/139/2797
f 4427/139/2012 4459/140/2043 4458/140/2807
f 4459/140/2043 4491/141/2822 4490/141/2821
f 4491/141/2822 4523/142/2103 4522/142/2833
f 4523/142/2103 4555/143/2133 4554/143/2132
f 4555/143/2133 4587/144/2163 4586/144/2862
f 4587/144/2163 4619/145/2193 4618/145/2192
f 4619/145/2193 4651/146/2223 4650/146/2888
f 4651/146/2223 4683/147/2253 4682/147/2252
f 4683/147/2253 4715/148/2908 4714/148/2907
f 4715/148/2908 4747/149/2929 4746/149/2928
f 1996/63/1953 2028/64/1983 2027/64/1982
f 2028/64/1983 2060/65/2013 2059/65/2012
f 2060/65/2013 2092/66/2044 2091/66/2043
f 2092/66/2044 2124/67/2074 2123/67/2073
f 2124/67/2074 2156/68/2104 2155/68/2103
f 2156/68/2104 2188/69/2134 2187/69/2133
f 2188/69/2134 2220/70/2164 2219/70/2163
f 2220/70/2164 2252/71/2194 2251/71/2193
f 2252/71/2194 2284/72/2224 2283/72/2223
f 2284/72/2224 2316/73/2254 2315/73/2253
f 2316/73/2254 2348/74/2284 2347/74/2283
f 2348/74/2284 2380/75/2314 2379/75/2313
f 2380/75/2314 2412/76/44 2411/76/43
f 2412/76/44 2444/77/2350 2443/77/2349
f 2444/77/2350 2476/78/2358 2475/78/107
f 2476/78/2358 2508/79/140 2507/79/2360
f 2508/79/140 2540/80/172 2539/80/171
f 2540/80/172 2572/81/204 2571/81/203
f 2572/81/204 2604/82/236 2603/82/235
f 2604/82/236 2636/83/268 2635/83/267
f 2636/83/268 2668/84/300 2667/84/299
f 2668/84/300 2700/85/2396 2699/85/331
f 2700/85/2396 2732/86/364 2731/86/2407
f 2732/86/364 2764/87/396 2763/87/395
f 2764/87/396 2796/88/428 2795/88/427
f 2796/88/428 2828/89/2418 2827/89/2417
f 2828/89/2418 2860/90/492 2859/90/491
f 2860/90/492 2892/91/524 2891/91/2430
f 2892/91/524 2924/92/556 2923/92/555
f 2924/92/556 2956/93/588 2955/93/2440
f 2956/93/588 2988/94/620 2987/94/619
f 2988/94/620 3020/95/652 3019/95/2448
f 3020/95/652 3052/96/684 3051/96/2453
f 3052/96/684 3084/97/716 3083/97/715
f 3084/97/716 3116/98/748 3115/98/747
f 3116/98/748 3148/99/2469 3147/99/2468
f 3148/99/2469 3180/100/2475 3179/100/811
f 3180/100/2475 3212/101/844 3211/101/2482
f 3212/101/844 3244/102/876 3243/102/875
f 3244/102/876 3276/103/908 3275/103/907
f 3276/103/908 3308/104/940 3307/104/2506
f 3308/104/940 3340/105/972 3339/105/971
f 3340/105/972 3372/106/1004 3371/106/2522
f 3372/106/1004 3404/107/2531 3403/107/1035
f 3404/107/2531 3436/108/2540 3435/108/1067
f 3436/108/2540 3468/109/2552 3467/109/2551
f 3468/109/2552 3500/110/1132 3499/110/1131
f 3500/110/1132 3532/111/1164 3531/111/2576
f 3532/111/1164 3564/112/1196 3563/112/1195
f 3564/112/1196 3596/113/2593 3595/113/1226
f 3596/113/2593 3628/114/2605 3627/114/2604
f 3628/114/2605 3660/115/2615 3659/115/1286
f 3660/115/2615 3692/116/1318 3691/116/1317
f 3692/116/1318 3724/117/2636 3723/117/1347
f 3724/117/2636 3756/118/2648 3755/118/1377
f 3756/118/2648 3788/119/1408 3787/119/1407
f 3788/119/1408 3820/120/1438 3819/120/1437
f 3820/120/1438 3852/121/1469 3851/121/1468
f 3852/121/1469 3884/122/1499 3883/122/1498
f 3884/122/1499 3916/123/1529 3915/123/1528
f 3916/123/1529 3948/124/2709 3947/124/2708
f 3948/124/2709 3980/125/1589 3979/125/1588
f 3980/125/1589 4012/126/1619 4011/126/1618
f 4012/126/1619 4044/127/1649 4043/127/1648
f 4044/127/1649 4076/128/1680 4075/128/2732
f 4076/128/1680 4108/129/1710 4107/129/1709
f 4108/129/1710 4140/130/1740 4139/130/1739
f 4140/130/1740 4172/131/1770 4171/131/1769
f 4172/131/1770 4204/132/1800 4203/132/1799
f 4204/132/1800 4236/133/1831 4235/133/1830
f 4236/133/1831 4268/134/2760 4267/134/1861
f 4268/134/2760 4300/135/1893 4299/135/2767
f 4300/135/1893 4332/136/2772 4331/136/1922
f 4332/136/2772 4364/137/1953 4363/137/2780
f 4364/137/1953 4396/138/1983 4395/138/1982
f 4396/138/1983 4428/139/2013 4427/139/2012
f 4428/139/2013 4460/140/2044 4459/140/2043
f 4460/140/2044 4492/141/2823 4491/141/2822
f 4492/141/2823 4524/142/2104 4523/142/2103
f 4524/142/2104 4556/143/2134 4555/143/2133
f 4556/143/2134 4588/144/2164 4587/144/2163
f 4588/144/2164 4620/145/2194 4619/145/2193
f 4620/145/2194 4652/146/2889 4651/146/2223
f 4652/146/2889 4684/147/2894 4683/147/2253
f 4684/147/2894 4716/148/2284 4715/148/2908
f 4716/148/2284 4748/149/2930 4747/149/2929
f 1997/63/1954 2029/64/1984 2028/64/1983
f 2029/64/1984 2061/65/2014 2060/65/2013
f 2061/65/2014 2093/66/2045 2092/66/2044
f 2093/66/2045 2125/67/2075 2124/67/2074
f 2125/67/2075 2157/68/2105 2156/68/2104
f 2157/68/2105 2189/69/2135 2188/69/2134
f 2189/69/2135 2221/70/2165 2220/70/2164
f 2221/70/2165 2253/71/2195 2252/71/2194
f 2253/71/2195 2285/72/2225 2284/72/2224
f 2285/72/2225 2317/73/2255 2316/73/2254
f 2317/73/2255 2349/74/2285 2348/74/2284
f 2349/74/2285 2381/75/2315 2380/75/2314
f 2381/75/2315 2413/76/45 2412/76/44
f 2413/76/45 2445/77/77 2444/77/2350
f 2445/77/77 2477/78/109 2476/78/2358
f 2477/78/109 2509/79/2361 2508/79/140
f 2509/79/2361 2541/80/2368 2540/80/172
f 2541/80/2368 2573/81/205 2572/81/204
f 2573/81/205 2605/82/237 2604/82/236
f 2605/82/237 2637/83/2382 2636/83/268
f 2637/83/2382 2669/84/301 2668/84/300
f 2669/84/301 2701/85/2397 2700/85/2396
f 2701/85/2397 2733/86/365 2732/86/364
f 2733/86/365 2765/87/397 2764/87/396
f 2765/87/397 2797/88/429 2796/88/428
f 2797/88/429 2829/89/461 2828/89/2418
f 2829/89/461 2861/90/493 2860/90/492
f 2861/90/493 2893/91/525 2892/91/524
f 2893/91/525 2925/92/557 2924/92/556
f 2925/92/557 2957/93/2441 2956/93/588
f 2957/93/2441 2989/94/621 2988/94/620
f 2989/94/621 3021/95/653 3020/95/652
f 3021/95/653 3053/96/685 3052/96/684
f 3053/96/685 3085/97/717 3084/97/716
f 3085/97/717 3117/98/749 3116/98/748
f 3117/98/749 3149/99/781 3148/99/2469
f 3149/99/781 3181/100/813 3180/100/2475
f 3181/100/813 3213/101/2483 3212/101/844
f 3213/101/2483 3245/102/877 3244/102/876
f 3245/102/877 3277/103/909 3276/103/908
f 3277/103/909 3309/104/941 3308/104/940
f 3309/104/941 3341/105/2514 3340/105/972
f 3341/105/2514 3373/106/1005 3372/106/1004
f 3373/106/1005 3405/107/1037 3404/107/2531
f 3405/107/1037 3437/108/1069 3436/108/2540
f 3437/108/1069 3469/109/2553 3468/109/2552
f 3469/109/2553 3501/110/1133 3500/110/1132
f 3501/110/1133 3533/111/1165 3532/111/1164
f 3533/111/1165 3565/112/2584 3564/112/1196
f 3565/112/2584 3597/113/2594 3596/113/2593
f 3597/113/2594 3629/114/1258 3628/114/2605
f 3629/114/1258 3661/115/2616 3660/115/2615
f 3661/115/2616 3693/116/2621 3692/116/1318
f 3693/116/2621 3725/117/2637 3724/117/2636
f 3725/117/2637 3757/118/1379 3756/118/2648
f 3757/118/1379 3789/119/1409 3788/119/1408
f 3789/119/1409 3821/120/1439 3820/120/1438
f 3821/120/1439 3853/121/1470 3852/121/1469
f 3853/121/1470 3885/122/2696 3884/122/1499
f 3885/122/2696 3917/123/2702 3916/123/1529
f 3917/123/2702 3949/124/1560 3948/124/2709
f 3949/124/1560 3981/125/2717 3980/125/1589
f 3981/125/2717 4013/126/1620 4012/126/1619
f 4013/126/1620 4045/127/1650 4044/127/1649
f 4045/127/1650 4077/128/1681 4076/128/1680
f 4077/128/1681 4109/129/1711 4108/129/1710
f 4109/129/1711 4141/130/1741 4140/130/1740
f 4141/130/1741 4173/131/1771 4172/131/1770
f 4173/131/1771 4205/132/1801 4204/132/1800
f 4205/132/1801 4237/133/1832 4236/133/1831
f 4237/133/1832 4269/134/2761 4268/134/2760
f 4269/134/2761 4301/135/1894 4300/135/1893
f 4301/135/1894 4333/136/2773 4332/136/2772
f 4333/136/2773 4365/137/2781 4364/137/1953
f 4365/137/2781 4397/138/1984 4396/138/1983
f 4397/138/1984 4429/139/2014 4428/139/2013
f 4429/139/2014 4461/140/2808 4460/140/2044
f 4461/140/2808 4493/141/2824 4492/141/2823
f 4493/141/2824 4525/142/2105 4524/142/2104
f 4525/142/2105 4557/143/2135 4556/143/2134
f 4557/143/2135 4589/144/2165 4588/144/2164
f 4589/144/2165 4621/145/2875 4620/145/2194
f 4621/145/2875 4653/146/2225 4652/146/2889
f 4653/146/2225 4685/147/2255 4684/147/2894
f 4685/147/2255 4717/148/2285 4716/148/2284
f 4717/148/2285 4749/149/2931 4748/149/2930
f 1998/63/1955 2030/64/1985 2029/64/1984
f 2030/64/1985 2062/65/2015 2061/65/2014
f 2062/65/2015 2094/66/2046 2093/66/2045
f 2094/66/2046 2126/67/2076 2125/67/2075
f 2126/67/2076 2158/68/2106 2157/68/2105
f 2158/68/2106 2190/69/2136 2189/69/2135
f 2190/69/2136 2222/70/2166 2221/70/2165
f 2222/70/2166 2254/71/2196 2253/71/2195
f 2254/71/2196 2286/72/2226 2285/72/2225
f 2286/72/2226 2318/73/2256 2317/73/2255
f 2318/73/2256 2350/74/2286 2349/74/2285
f 2350/74/2286 2382/75/2316 2381/75/2315
f 2382/75/2316 2414/76/46 2413/76/45
f 2414/76/46 2446/77/78 2445/77/77
f 2446/77/78 2478/78/110 2477/78/109
f 2478/78/110 2510/79/142 2509/79/2361
f 2510/79/142 2542/80/2369 2541/80/2368
f 2542/80/2369 2574/81/206 2573/81/205
f 2574/81/206 2606/82/238 2605/82/237
f 2606/82/238 2638/83/270 2637/83/2382
f 2638/83/270 2670/84/302 2669/84/301
f 2670/84/302 2702/85/334 2701/85/2397
f 2702/85/334 2734/86/366 2733/86/365
f 2734/86/366 2766/87/398 2765/87/397
f 2766/87/398 2798/88/430 2797/88/429
f 2798/88/430 2830/89/462 2829/89/461
f 2830/89/462 2862/90/2425 2861/90/493
f 2862/90/2425 2894/91/526 2893/91/525
f 2894/91/526 2926/92/558 2925/92/557
f 2926/92/558 2958/93/590 2957/93/2441
f 2958/93/590 2990/94/622 2989/94/621
f 2990/94/622 3022/95/654 3021/95/653
f 3022/95/654 3054/96/686 3053/96/685
f 3054/96/686 3086/97/718 3085/97/717
f 3086/97/718 3118/98/750 3117/98/749
f 3118/98/750 3150/99/782 3149/99/781
f 3150/99/782 3182/100/814 3181/100/813
f 3182/100/814 3214/101/846 3213/101/2483
f 3214/101/846 3246/102/878 3245/102/877
f 3246/102/878 3278/103/910 3277/103/909
f 3278/103/910 3310/104/2507 3309/104/941
f 3310/104/2507 3342/105/974 3341/105/2514
f 3342/105/974 3374/106/2523 3373/106/1005
f 3374/106/2523 3406/107/1038 3405/107/1037
f 3406/107/1038 3438/108/1070 3437/108/1069
f 3438/108/1070 3470/109/1102 3469/109/2553
f 3470/109/1102 3502/110/2564 3501/110/1133
f 3502/110/2564 3534/111/2577 3533/111/1165
f 3534/111/2577 3566/112/1198 3565/112/2584
f 3566/112/1198 3598/113/1229 3597/113/2594
f 3598/113/1229 3630/114/1259 3629/114/1258
f 3630/114/1259 3662/115/2617 3661/115/2616
f 3662/115/2617 3694/116/1320 3693/116/2621
f 3694/116/1320 3726/117/2638 3725/117/2637
f 3726/117/2638 3758/118/1380 3757/118/1379
f 3758/118/1380 3790/119/1410 3789/119/1409
f 3790/119/1410 3822/120/2669 3821/120/1439
f 3822/120/2669 3854/121/1471 3853/121/1470
f 3854/121/1471 3886/122/1501 3885/122/2696
f 3886/122/1501 3918/123/1531 3917/123/2702
f 3918/123/1531 3950/124/1561 3949/124/1560
f 3950/124/1561 3982/125/1591 3981/125/2717
f 3982/125/1591 4014/126/1621 4013/126/1620
f 4014/126/1621 4046/127/1651 4045/127/1650
f 4046/127/1651 4078/128/2733 4077/128/1681
f 4078/128/2733 4110/129/1712 4109/129/1711
f 4110/129/1712 4142/130/1742 4141/130/1741
f 4142/130/1742 4174/131/1772 4173/131/1771
f 4174/131/1772 4206/132/1802 4205/132/1801
f 4206/132/1802 4238/133/1833 4237/133/1832
f 4238/133/1833 4270/134/1864 4269/134/2761
f 4270/134/1864 4302/135/1895 4301/135/1894
f 4302/135/1895 4334/136/1925 4333/136/2773
f 4334/136/1925 4366/137/1955 4365/137/2781
f 4366/137/1955 4398/138/1985 4397/138/1984
f 4398/138/1985 4430/139/2798 4429/139/2014
f 4430/139/2798 4462/140/2046 4461/140/2808
f 4462/140/2046 4494/141/2076 4493/141/2824
f 4494/141/2076 4526/142/2106 4525/142/2105
f 4526/142/2106 4558/143/2845 4557/143/2135
f 4558/143/2845 4590/144/2166 4589/144/2165
f 4590/144/2166 4622/145/2196 4621/145/2875
f 4622/145/2196 4654/146/2226 4653/146/2225
f 4654/146/2226 4686/147/2256 4685/147/2255
f 4686/147/2256 4718/148/2909 4717/148/2285
f 4718/148/2909 4750/149/2932 4749/149/2931
f 1999/63/1956 2031/64/1986 2030/64/1985
f 2031/64/1986 2063/65/2016 2062/65/2015
f 2063/65/2016 2095/66/2047 2094/66/2046
f 2095/66/2047 2127/67/2077 2126/67/2076
f 2127/67/2077 2159/68/2107 2158/68/2106
f 2159/68/2107 2191/69/2137 2190/69/2136
f 2191/69/2137 2223/70/2167 2222/70/2166
f 2223/70/2167 2255/71/2197 2254/71/2196
f 2255/71/2197 2287/72/2227 2286/72/2226
f 2287/72/2227 2319/73/2257 2318/73/2256
f 2319/73/2257 2351/74/2287 2350/74/2286
f 2351/74/2287 2383/75/2317 2382/75/2316
f 2383/75/2317 2415/76/2339 2414/76/46
f 2415/76/2339 2447/77/79 2446/77/78
f 2447/77/79 2479/78/111 2478/78/110
f 2479/78/111 2511/79/143 2510/79/142
f 2511/79/143 2543/80/175 2542/80/2369
f 2543/80/175 2575/81/2374 2574/81/206
f 2575/81/2374 2607/82/239 2606/82/238
f 2607/82/239 2639/83/271 2638/83/270
f 2639/83/271 2671/84/303 2670/84/302
f 2671/84/303 2703/85/335 2702/85/334
f 2703/85/335 2735/86/367 2734/86/366
f 2735/86/367 2767/87/399 2766/87/398
f 2767/87/399 2799/88/431 2798/88/430
f 2799/88/431 2831/89/463 2830/89/462
f 2831/89/463 2863/90/495 2862/90/2425
f 2863/90/495 2895/91/527 2894/91/526
f 2895/91/527 2927/92/559 2926/92/558
f 2927/92/559 2959/93/2442 2958/93/590
f 2959/93/2442 2991/94/623 2990/94/622
f 2991/94/623 3023/95/655 3022/95/654
f 3023/95/655 3055/96/687 3054/96/686
f 3055/96/687 3087/97/719 3086/97/718
f 3087/97/719 3119/98/751 3118/98/750
f 3119/98/751 3151/99/783 3150/99/782
f 3151/99/783 3183/100/815 3182/100/814
f 3183/100/815 3215/101/847 3214/101/846
f 3215/101/847 3247/102/2493 3246/102/878
f 3247/102/2493 3279/103/911 3278/103/910
f 3279/103/911 3311/104/943 3310/104/2507
f 3311/104/943 3343/105/975 3342/105/974
f 3343/105/975 3375/106/1007 3374/106/2523
f 3375/106/1007 3407/107/1039 3406/107/1038
f 3407/107/1039 3439/108/1071 3438/108/1070
f 3439/108/1071 3471/109/1103 3470/109/1102
f 3471/109/1103 3503/110/1135 3502/110/2564
f 3503/110/1135 3535/111/2578 3534/111/2577
f 3535/111/2578 3567/112/1199 3566/112/1198
f 3567/112/1199 3599/113/2595 3598/113/1229
f 3599/113/2595 3631/114/1260 3630/114/1259
f 3631/114/1260 3663/115/1290 3662/115/2617
f 3663/115/1290 3695/116/1321 3694/116/1320
f 3695/116/1321 3727/117/1351 3726/117/2638
f 3727/117/1351 3759/118/1381 3758/118/1380
f 3759/118/1381 3791/119/1411 3790/119/1410
f 3791/119/1411 3823/120/2670 3822/120/2669
f 3823/120/2670 3855/121/2683 3854/121/1471
f 3855/121/2683 3887/122/1502 3886/122/1501
f 3887/122/1502 3919/123/1532 3918/123/1531
f 3919/123/1532 3951/124/1562 3950/124/1561
f 3951/124/1562 3983/125/2718 3982/125/1591
f 3983/125/2718 4015/126/1622 4014/126/1621
f 4015/126/1622 4047/127/1652 4046/127/1651
f 4047/127/1652 4079/128/1683 4078/128/2733
f 4079/128/1683 4111/129/1713 4110/129/1712
f 4111/129/1713 4143/130/2743 4142/130/1742
f 4143/130/2743 4175/131/1773 4174/131/1772
f 4175/131/1773 4207/132/1803 4206/132/1802
f 4207/132/1803 4239/133/1834 4238/133/1833
f 4239/133/1834 4271/134/1865 4270/134/1864
f 4271/134/1865 4303/135/1896 4302/135/1895
f 4303/135/1896 4335/136/1926 4334/136/1925
f 4335/136/1926 4367/137/1956 4366/137/1955
f 4367/137/1956 4399/138/2788 4398/138/1985
f 4399/138/2788 4431/139/2799 4430/139/2798
f 4431/139/2799 4463/140/2047 4462/140/2046
f 4463/140/2047 4495/141/2077 4494/141/2076
f 4495/141/2077 4527/142/2834 4526/142/2106
f 4527/142/2834 4559/143/2846 4558/143/2845
f 4559/143/2846 4591/144/2167 4590/144/2166
f 4591/144/2167 4623/145/2876 4622/145/2196
f 4623/145/2876 4655/146/2227 4654/146/2226
f 4655/146/2227 4687/147/2895 4686/147/2256
f 4687/147/2895 4719/148/2910 4718/148/2909
f 4719/148/2910 4751/149/2933 4750/149/2932
f 2000/63/1957 2032/64/1987 2031/64/1986
f 2032/64/1987 2064/65/2017 2063/65/2016
f 2064/65/2017 2096/66/2048 2095/66/2047
f 2096/66/2048 2128/67/2078 2127/67/2077
f 2128/67/2078 2160/68/2108 2159/68/2107
f 2160/68/2108 2192/69/2138 2191/69/2137
f 2192/69/2138 2224/70/2168 2223/70/2167
f 2224/70/2168 2256/71/2198 2255/71/2197
f 2256/71/2198 2288/72/2228 2287/72/2227
f 2288/72/2228 2320/73/2258 2319/73/2257
f 2320/73/2258 2352/74/2288 2351/74/2287
f 2352/74/2288 2384/75/2318 2383/75/2317
f 2384/75/2318 2416/76/48 2415/76/2339
f 2416/76/48 2448/77/80 2447/77/79
f 2448/77/80 2480/78/112 2479/78/111
f 2480/78/112 2512/79/144 2511/79/143
f 2512/79/144 2544/80/176 2543/80/175
f 2544/80/176 2576/81/208 2575/81/2374
f 2576/81/208 2608/82/240 2607/82/239
f 2608/82/240 2640/83/2383 2639/83/271
f 2640/83/2383 2672/84/2388 2671/84/303
f 2672/84/2388 2704/85/336 2703/85/335
f 2704/85/336 2736/86/368 2735/86/367
f 2736/86/368 2768/87/400 2767/87/399
f 2768/87/400 2800/88/432 2799/88/431
f 2800/88/432 2832/89/464 2831/89/463
f 2832/89/464 2864/90/496 2863/90/495
f 2864/90/496 2896/91/528 2895/91/527
f 2896/91/528 2928/92/560 2927/92/559
f 2928/92/560 2960/93/592 2959/93/2442
f 2960/93/592 2992/94/624 2991/94/623
f 2992/94/624 3024/95/656 3023/95/655
f 3024/95/656 3056/96/688 3055/96/687
f 3056/96/688 3088/97/720 3087/97/719
f 3088/97/720 3120/98/752 3119/98/751
f 3120/98/752 3152/99/784 3151/99/783
f 3152/99/784 3184/100/816 3183/100/815
f 3184/100/816 3216/101/848 3215/101/847
f 3216/101/848 3248/102/880 3247/102/2493
f 3248/102/880 3280/103/912 3279/103/911
f 3280/103/912 3312/104/944 3311/104/943
f 3312/104/944 3344/105/976 3343/105/975
f 3344/105/976 3376/106/2524 3375/106/1007
f 3376/106/2524 3408/107/1040 3407/107/1039
f 3408/107/1040 3440/108/1072 3439/108/1071
f 3440/108/1072 3472/109/1104 3471/109/1103
f 3472/109/1104 3504/110/1136 3503/110/1135
f 3504/110/1136 3536/111/1168 3535/111/2578
f 3536/111/1168 3568/112/2585 3567/112/1199
f 3568/112/2585 3600/113/1231 3599/113/2595
f 3600/113/1231 3632/114/1261 3631/114/1260
f 3632/114/1261 3664/115/1291 3663/115/1290
f 3664/115/1291 3696/116/1322 3695/116/1321
f 3696/116/1322 3728/117/2639 3727/117/1351
f 3728/117/2639 3760/118/2649 3759/118/1381
f 3760/118/2649 3792/119/1412 3791/119/1411
f 3792/119/1412 3824/120/1442 3823/120/2670
f 3824/120/1442 3856/121/2684 3855/121/2683
f 3856/121/2684 3888/122/2697 3887/122/1502
f 3888/122/2697 3920/123/1533 3919/123/1532
f 3920/123/1533 3952/124/2710 3951/124/1562
f 3952/124/2710 3984/125/1593 3983/125/2718
f 3984/125/1593 4016/126/1623 4015/126/1622
f 4016/126/1623 4048/127/1653 4047/127/1652
f 4048/127/1653 4080/128/1684 4079/128/1683
f 4080/128/1684 4112/129/1714 4111/129/1713
f 4112/129/1714 4144/130/1744 4143/130/2743
f 4144/130/1744 4176/131/1774 4175/131/1773
f 4176/131/1774 4208/132/1804 4207/132/1803
f 4208/132/1804 4240/133/1835 4239/133/1834
f 4240/133/1835 4272/134/1866 4271/134/1865
f 4272/134/1866 4304/135/1897 4303/135/1896
f 4304/135/1897 4336/136/1927 4335/136/1926
f 4336/136/1927 4368/137/2782 4367/137/1956
f 4368/137/2782 4400/138/2789 4399/138/2788
f 4400/138/2789 4432/139/2017 4431/139/2799
f 4432/139/2017 4464/140/2048 4463/140/2047
f 4464/140/2048 4496/141/2078 4495/141/2077
f 4496/141/2078 4528/142/2108 4527/142/2834
f 4528/142/2108 4560/143/2138 4559/143/2846
f 4560/143/2138 4592/144/2168 4591/144/2167
f 4592/144/2168 4624/145/2198 4623/145/2876
f 4624/145/2198 4656/146/2228 4655/146/2227
f 4656/146/2228 4688/147/2258 4687/147/2895
f 4688/147/2258 4720/148/2911 4719/148/2910
f 4720/148/2911 4752/149/2934 4751/149/2933
f 2001/63/1958 2033/64/1988 2032/64/1987
f 2033/64/1988 2065/65/2018 2064/65/2017
f 2065/65/2018 2097/66/2049 2096/66/2048
f 2097/66/2049 2129/67/2079 2128/67/2078
f 2129/67/2079 2161/68/2109 2160/68/2108
f 2161/68/2109 2193/69/2139 2192/69/2138
f 2193/69/2139 2225/70/2169 2224/70/2168
f 2225/70/2169 2257/71/2199 2256/71/2198
f 2257/71/2199 2289/72/2229 2288/72/2228
f 2289/72/2229 2321/73/2259 2320/73/2258
f 2321/73/2259 2353/74/2289 2352/74/2288
f 2353/74/2289 2385/75/2319 2384/75/2318
f 2385/75/2319 2417/76/2340 2416/76/48
f 2417/76/2340 2449/77/81 2448/77/80
f 2449/77/81 2481/78/113 2480/78/112
f 2481/78/113 2513/79/2362 2512/79/144
f 2513/79/2362 2545/80/177 2544/80/176
f 2545/80/177 2577/81/209 2576/81/208
f 2577/81/209 2609/82/241 2608/82/240
f 2609/82/241 2641/83/273 2640/83/2383
f 2641/83/273 2673/84/305 2672/84/2388
f 2673/84/305 2705/85/337 2704/85/336
f 2705/85/337 2737/86/369 2736/86/368
f 2737/86/369 2769/87/401 2768/87/400
f 2769/87/401 2801/88/433 2800/88/432
f 2801/88/433 2833/89/465 2832/89/464
f 2833/89/465 2865/90/497 2864/90/496
f 2865/90/497 2897/91/529 2896/91/528
f 2897/91/529 2929/92/561 2928/92/560
f 2929/92/561 2961/93/593 2960/93/592
f 2961/93/593 2993/94/625 2992/94/624
f 2993/94/625 3025/95/657 3024/95/656
f 3025/95/657 3057/96/689 3056/96/688
f 3057/96/689 3089/97/721 3088/97/720
f 3089/97/721 3121/98/753 3120/98/752
f 3121/98/753 3153/99/785 3152/99/784
f 3153/99/785 3185/100/817 3184/100/816
f 3185/100/817 3217/101/849 3216/101/848
f 3217/101/849 3249/102/881 3248/102/880
f 3249/102/881 3281/103/913 3280/103/912
f 3281/103/913 3313/104/945 3312/104/944
f 3313/104/945 3345/105/977 3344/105/976
f 3345/105/977 3377/106/1009 3376/106/2524
f 3377/106/1009 3409/107/1041 3408/107/1040
f 3409/107/1041 3441/108/1073 3440/108/1072
f 3441/108/1073 3473/109/1105 3472/109/1104
f 3473/109/1105 3505/110/2565 3504/110/1136
f 3505/110/2565 3537/111/1169 3536/111/1168
f 3537/111/1169 3569/112/1201 3568/112/2585
f 3569/112/1201 3601/113/1232 3600/113/1231
f 3601/113/1232 3633/114/1262 3632/114/1261
f 3633/114/1262 3665/115/1292 3664/115/1291
f 3665/115/1292 3697/116/1323 3696/116/1322
f 3697/116/1323 3729/117/1353 3728/117/2639
f 3729/117/1353 3761/118/1383 3760/118/2649
f 3761/118/1383 3793/119/1413 3792/119/1412
f 3793/119/1413 3825/120/1443 3824/120/1442
f 3825/120/1443 3857/121/1474 3856/121/2684
f 3857/121/1474 3889/122/1504 3888/122/2697
f 3889/122/1504 3921/123/1534 3920/123/1533
f 3921/123/1534 3953/124/1564 3952/124/2710
f 3953/124/1564 3985/125/1594 3984/125/1593
f 3985/125/1594 4017/126/1624 4016/126/1623
f 4017/126/1624 4049/127/1654 4048/127/1653
f 4049/127/1654 4081/128/1685 4080/128/1684
f 4081/128/1685 4113/129/1715 4112/129/1714
f 4113/129/1715 4145/130/1745 4144/130/1744
f 4145/130/1745 4177/131/1775 4176/131/1774
f 4177/131/1775 4209/132/1805 4208/132/1804
f 4209/132/1805 4241/133/1836 4240/133/1835
f 4241/133/1836 4273/134/1867 4272/134/1866
f 4273/134/1867 4305/135/1898 4304/135/1897
f 4305/135/1898 4337/136/1928 4336/136/1927
f 4337/136/1928 4369/137/1958 4368/137/2782
f 4369/137/1958 4401/138/1988 4400/138/2789
f 4401/138/1988 4433/139/2018 4432/139/2017
f 4433/139/2018 4465/140/2809 4464/140/2048
f 4465/140/2809 4497/141/2079 4496/141/2078
f 4497/141/2079 4529/142/2109 4528/142/2108
f 4529/142/2109 4561/143/2139 4560/143/2138
f 4561/143/2139 4593/144/2169 4592/144/2168
f 4593/144/2169 4625/145/2199 4624/145/2198
f 4625/145/2199 4657/146/2229 4656/146/2228
f 4657/146/2229 4689/147/2896 4688/147/2258
f 4689/147/2896 4721/148/2289 4720/148/2911
f 4721/148/2289 4753/149/2935 4752/149/2934
f 2034/64/1989 2033/64/1988 2001/63/1958
f 2066/65/2019 2065/65/2018 2033/64/1988
f 2098/66/2050 2097/66/2049 2065/65/2018
f 2130/67/2080 2129/67/2079 2097/66/2049
f 2162/68/2110 2161/68/2109 2129/67/2079
f 2194/69/2140 2193/69/2139 2161/68/2109
f 2226/70/2170 2225/70/2169 2193/69/2139
f 2258/71/2200 2257/71/2199 2225/70/2169
f 2290/72/2230 2289/72/2229 2257/71/2199
f 2322/73/2260 2321/73/2259 2289/72/2229
f 2354/74/2290 2353/74/2289 2321/73/2259
f 2386/75/2320 2385/75/2319 2353/74/2289
f 2418/76/2341 2417/76/2340 2385/75/2319
f 2450/77/82 2449/77/81 2417/76/2340
f 2482/78/114 2481/78/113 2449/77/81
f 2514/79/146 2513/79/2362 2481/78/113
f 2546/80/178 2545/80/177 2513/79/2362
f 2578/81/210 2577/81/209 2545/80/177
f 2610/82/242 2609/82/241 2577/81/209
f 2642/83/274 2641/83/273 2609/82/241
f 2674/84/306 2673/84/305 2641/83/273
f 2706/85/338 2705/85/337 2673/84/305
f 2738/86/370 2737/86/369 2705/85/337
f 2770/87/402 2769/87/401 2737/86/369
f 2802/88/434 2801/88/433 2769/87/401
f 2834/89/466 2833/89/465 2801/88/433
f 2866/90/498 2865/90/497 2833/89/465
f 2898/91/530 2897/91/529 2865/90/497
f 2930/92/562 2929/92/561 2897/91/529
f 2962/93/594 2961/93/593 2929/92/561
f 2994/94/626 2993/94/625 2961/93/593
f 3026/95/658 3025/95/657 2993/94/625
f 3058/96/690 3057/96/689 3025/95/657
f 3090/97/722 3089/97/721 3057/96/689
f 3122/98/754 3121/98/753 3089/97/721
f 3154/99/786 3153/99/785 3121/98/753
f 3186/100/818 3185/100/817 3153/99/785
f 3218/101/850 3217/101/849 3185/100/817
f 3250/102/882 3249/102/881 3217/101/849
f 3282/103/914 3281/103/913 3249/102/881
f 3314/104/946 3313/104/945 3281/103/913
f 3346/105/978 3345/105/977 3313/104/945
f 3378/106/1010 3377/106/1009 3345/105/977
f 3410/107/1042 3409/107/1041 3377/106/1009
f 3442/108/1074 3441/108/1073 3409/107/1041
f 3474/109/1106 3473/109/1105 3441/108/1073
f 3506/110/1138 3505/110/2565 3473/109/1105
f 3538/111/1170 3537/111/1169 3505/110/2565
f 3570/112/1202 3569/112/1201 3537/111/1169
f 3602/113/2596 3601/113/1232 3569/112/1201
f 3634/114/1263 3633/114/1262 3601/113/1232
f 3666/115/1293 3665/115/1292 3633/114/1262
f 3698/116/1324 3697/116/1323 3665/115/1292
f 3730/117/1354 3729/117/1353 3697/116/1323
f 3762/118/1384 3761/118/1383 3729/117/1353
f 3794/119/1414 3793/119/1413 3761/118/1383
f 3826/120/1444 3825/120/1443 3793/119/1413
f 3858/121/2685 3857/121/1474 3825/120/1443
f 3890/122/1505 3889/122/1504 3857/121/1474
f 3922/123/1535 3921/123/1534 3889/122/1504
f 3954/124/1565 3953/124/1564 3921/123/1534
f 3986/125/1595 3985/125/1594 3953/124/1564
f 4018/126/1625 4017/126/1624 3985/125/1594
f 4050/127/1655 4049/127/1654 4017/126/1624
f 4082/128/1686 4081/128/1685 4049/127/1654
f 4114/129/1716 4113/129/1715 4081/128/1685
f 4146/130/1746 4145/130/1745 4113/129/1715
f 4178/131/1776 4177/131/1775 4145/130/1745
f 4210/132/1806 4209/132/1805 4177/131/1775
f 4242/133/1837 4241/133/1836 4209/132/1805
f 4274/134/1868 4273/134/1867 4241/133/1836
f 4306/135/1899 4305/135/1898 4273/134/1867
f 4338/136/1929 4337/136/1928 4305/135/1898
f 4370/137/1959 4369/137/1958 4337/136/1928
f 4402/138/1989 4401/138/1988 4369/137/1958
f 4434/139/2019 4433/139/2018 4401/138/1988
f 4466/140/2810 4465/140/2809 4433/139/2018
f 4498/141/2825 4497/141/2079 4465/140/2809
f 4530/142/2835 4529/142/2109 4497/141/2079
f 4562/143/2140 4561/143/2139 4529/142/2109
f 4594/144/2170 4593/144/2169 4561/143/2139
f 4626/145/2877 4625/145/2199 4593/144/2169
f 4658/146/2230 4657/146/2229 4625/145/2199
f 4690/147/2260 4689/147/2896 4657/146/2229
f 4722/148/2912 4721/148/2289 4689/147/2896
f 4754/149/2936 4753/149/2935 4721/148/2289
f 2035/64/1990 2034/64/1989 2002/63/1959
f 2067/65/2020 2066/65/2019 2034/64/1989
f 2099/66/2051 2098/66/2050 2066/65/2019
f 2131/67/2081 2130/67/2080 2098/66/2050
f 2163/68/2111 2162/68/2110 2130/67/2080
f 2195/69/2141 2194/69/2140 2162/68/2110
f 2227/70/2171 2226/70/2170 2194/69/2140
f 2259/71/2201 2258/71/2200 2226/70/2170
f 2291/72/2231 2290/72/2230 2258/71/2200
f 2323/73/2261 2322/73/2260 2290/72/2230
f 2355/74/2291 2354/74/2290 2322/73/2260
f 2387/75/2321 2386/75/2320 2354/74/2290
f 2419/76/51 2418/76/2341 2386/75/2320
f 2451/77/2351 2450/77/82 2418/76/2341
f 2483/78/115 2482/78/114 2450/77/82
f 2515/79/147 2514/79/146 2482/78/114
f 2547/80/179 2546/80/178 2514/79/146
f 2579/81/211 2578/81/210 2546/80/178
f 2611/82/243 2610/82/242 2578/81/210
f 2643/83/275 2642/83/274 2610/82/242
f 2675/84/307 2674/84/306 2642/83/274
f 2707/85/339 2706/85/338 2674/84/306
f 2739/86/371 2738/86/370 2706/85/338
f 2771/87/403 2770/87/402 2738/86/370
f 2803/88/435 2802/88/434 2770/87/402
f 2835/89/467 2834/89/466 2802/88/434
f 2867/90/499 2866/90/498 2834/89/466
f 2899/91/531 2898/91/530 2866/90/498
f 2931/92/563 2930/92/562 2898/91/530
f 2963/93/595 2962/93/594 2930/92/562
f 2995/94/627 2994/94/626 2962/93/594
f 3027/95/659 3026/95/658 2994/94/626
f 3059/96/691 3058/96/690 3026/95/658
f 3091/97/723 3090/97/722 3058/96/690
f 3123/98/755 3122/98/754 3090/97/722
f 3155/99/787 3154/99/786 3122/98/754
f 3187/100/819 3186/100/818 3154/99/786
f 3219/101/851 3218/101/850 3186/100/818
f 3251/102/883 3250/102/882 3218/101/850
f 3283/103/915 3282/103/914 3250/102/882
f 3315/104/947 3314/104/946 3282/103/914
f 3347/105/979 3346/105/978 3314/104/946
f 3379/106/1011 3378/106/1010 3346/105/978
f 3411/107/1043 3410/107/1042 3378/106/1010
f 3443/108/1075 3442/108/1074 3410/107/1042
f 3475/109/1107 3474/109/1106 3442/108/1074
f 3507/110/1139 3506/110/1138 3474/109/1106
f 3539/111/1171 3538/111/1170 3506/110/1138
f 3571/112/1203 3570/112/1202 3538/111/1170
f 3603/113/1234 3602/113/2596 3570/112/1202
f 3635/114/1264 3634/114/1263 3602/113/2596
f 3667/115/1294 3666/115/1293 3634/114/1263
f 3699/116/2622 3698/116/1324 3666/115/1293
f 3731/117/1355 3730/117/1354 3698/116/1324
f 3763/118/1385 3762/118/1384 3730/117/1354
f 3795/119/1415 3794/119/1414 3762/118/1384
f 3827/120/1445 3826/120/1444 3794/119/1414
f 3859/121/1476 3858/121/2685 3826/120/1444
f 3891/122/1506 3890/122/1505 3858/121/2685
f 3923/123/1536 3922/123/1535 3890/122/1505
f 3955/124/2711 3954/124/1565 3922/123/1535
f 3987/125/1596 3986/125/1595 3954/124/1565
f 4019/126/1626 4018/126/1625 3986/125/1595
f 4051/127/1656 4050/127/1655 4018/126/1625
f 4083/128/1687 4082/128/1686 4050/127/1655
f 4115/129/1717 4114/129/1716 4082/128/1686
f 4147/130/1747 4146/130/1746 4114/129/1716
f 4179/131/1777 4178/131/1776 4146/130/1746
f 4211/132/1807 4210/132/1806 4178/131/1776
f 4243/133/1838 4242/133/1837 4210/132/1806
f 4275/134/1869 4274/134/1868 4242/133/1837
f 4307/135/1900 4306/135/1899 4274/134/1868
f 4339/136/1930 4338/136/1929 4306/135/1899
f 4371/137/1960 4370/137/1959 4338/136/1929
f 4403/138/1990 4402/138/1989 4370/137/1959
f 4435/139/2800 4434/139/2019 4402/138/1989
f 4467/140/2051 4466/140/2810 4434/139/2019
f 4499/141/2081 4498/141/2825 4466/140/2810
f 4531/142/2111 4530/142/2835 4498/141/2825
f 4563/143/2141 4562/143/2140 4530/142/2835
f 4595/144/2171 4594/144/2170 4562/143/2140
f 4627/145/2201 4626/145/2877 4594/144/2170
f 4659/146/2231 4658/146/2230 4626/145/2877
f 4691/147/2897 4690/147/2260 4658/146/2230
f 4723/148/2291 4722/148/2912 4690/147/2260
f 4755/149/2937 4754/149/2936 4722/148/2912
f 2036/64/1991 2035/64/1990 2003/63/1960
f 2068/65/2021 2067/65/2020 2035/64/1990
f 2100/66/2052 2099/66/2051 2067/65/2020
f 2132/67/2082 2131/67/2081 2099/66/2051
f 2164/68/2112 2163/68/2111 2131/67/2081
f 2196/69/2142 2195/69/2141 2163/68/2111
f 2228/70/2172 2227/70/2171 2195/69/2141
f 2260/71/2202 2259/71/2201 2227/70/2171
f 2292/72/2232 2291/72/2231 2259/71/2201
f 2324/73/2262 2323/73/2261 2291/72/2231
f 2356/74/2292 2355/74/2291 2323/73/2261
f 2388/75/2322 2387/75/2321 2355/74/2291
f 2420/76/52 2419/76/51 2387/75/2321
f 2452/77/84 2451/77/2351 2419/76/51
f 2484/78/116 2483/78/115 2451/77/2351
f 2516/79/148 2515/79/147 2483/78/115
f 2548/80/180 2547/80/179 2515/79/147
f 2580/81/212 2579/81/211 2547/80/179
f 2612/82/2378 2611/82/243 2579/81/211
f 2644/83/276 2643/83/275 2611/82/243
f 2676/84/308 2675/84/307 2643/83/275
f 2708/85/340 2707/85/339 2675/84/307
f 2740/86/372 2739/86/371 2707/85/339
f 2772/87/2414 2771/87/403 2739/86/371
f 2804/88/436 2803/88/435 2771/87/403
f 2836/89/468 2835/89/467 2803/88/435
f 2868/90/500 2867/90/499 2835/89/467
f 2900/91/532 2899/91/531 2867/90/499
f 2932/92/564 2931/92/563 2899/91/531
f 2964/93/596 2963/93/595 2931/92/563
f 2996/94/628 2995/94/627 2963/93/595
f 3028/95/660 3027/95/659 2995/94/627
f 3060/96/692 3059/96/691 3027/95/659
f 3092/97/724 3091/97/723 3059/96/691
f 3124/98/2464 3123/98/755 3091/97/723
f 3156/99/788 3155/99/787 3123/98/755
f 3188/100/820 3187/100/819 3155/99/787
f 3220/101/852 3219/101/851 3187/100/819
f 3252/102/884 3251/102/883 3219/101/851
f 3284/103/916 3283/103/915 3251/102/883
f 3316/104/948 3315/104/947 3283/103/915
f 3348/105/980 3347/105/979 3315/104/947
f 3380/106/1012 3379/106/1011 3347/105/979
f 3412/107/1044 3411/107/1043 3379/106/1011
f 3444/108/1076 3443/108/1075 3411/107/1043
f 3476/109/1108 3475/109/1107 3443/108/1075
f 3508/110/1140 3507/110/1139 3475/109/1107
f 3540/111/1172 3539/111/1171 3507/110/1139
f 3572/112/1204 3571/112/1203 3539/111/1171
f 3604/113/1235 3603/113/1234 3571/112/1203
f 3636/114/1265 3635/114/1264 3603/113/1234
f 3668/115/1295 3667/115/1294 3635/114/1264
f 3700/116/2623 3699/116/2622 3667/115/1294
f 3732/117/2640 3731/117/1355 3699/116/2622
f 3764/118/1386 3763/118/1385 3731/117/1355
f 3796/119/2657 3795/119/1415 3763/118/1385
f 3828/120/1446 3827/120/1445 3795/119/1415
f 3860/121/1477 3859/121/1476 3827/120/1445
f 3892/122/2698 3891/122/1506 3859/121/1476
f 3924/123/1537 3923/123/1536 3891/122/1506
f 3956/124/1567 3955/124/2711 3923/123/1536
f 3988/125/2719 3987/125/1596 3955/124/2711
f 4020/126/1627 4019/126/1626 3987/125/1596
f 4052/127/1657 4051/127/1656 4019/126/1626
f 4084/128/1688 4083/128/1687 4051/127/1656
f 4116/129/1718 4115/129/1717 4083/128/1687
f 4148/130/1748 4147/130/1747 4115/129/1717
f 4180/131/1778 4179/131/1777 4147/130/1747
f 4212/132/1808 4211/132/1807 4179/131/1777
f 4244/133/1839 4243/133/1838 4211/132/1807
f 4276/134/1870 4275/134/1869 4243/133/1838
f 4308/135/1901 4307/135/1900 4275/134/1869
f 4340/136/1931 4339/136/1930 4307/135/1900
f 4372/137/1961 4371/137/1960 4339/136/1930
f 4404/138/1991 4403/138/1990 4371/137/1960
f 4436/139/2021 4435/139/2800 4403/138/1990
f 4468/140/2052 4467/140/2051 4435/139/2800
f 4500/141/2082 4499/141/2081 4467/140/2051
f 4532/142/2112 4531/142/2111 4499/141/2081
f 4564/143/2847 4563/143/2141 4531/142/2111
f 4596/144/2172 4595/144/2171 4563/143/2141
f 4628/145/2202 4627/145/2201 4595/144/2171
f 4660/146/2232 4659/146/2231 4627/145/2201
f 4692/147/2262 4691/147/2897 4659/146/2231
f 4724/148/2913 4723/148/2291 4691/147/2897
f 4756/149/2938 4755/149/2937 4723/148/2291
f 2037/64/1992 2036/64/1991 2004/63/1961
f 2069/65/2022 2068/65/2021 2036/64/1991
f 2101/66/2053 2100/66/2052 2068/65/2021
f 2133/67/2083 2132/67/2082 2100/66/2052
f 2165/68/2113 2164/68/2112 2132/67/2082
f 2197/69/2143 2196/69/2142 2164/68/2112
f 2229/70/2173 2228/70/2172 2196/69/2142
f 2261/71/2203 2260/71/2202 2228/70/2172
f 2293/72/2233 2292/72/2232 2260/71/2202
f 2325/73/2263 2324/73/2262 2292/72/2232
f 2357/74/2293 2356/74/2292 2324/73/2262
f 2389/75/2323 2388/75/2322 2356/74/2292
f 2421/76/53 2420/76/52 2388/75/2322
f 2453/77/85 2452/77/84 2420/76/52
f 2485/78/117 2484/78/116 2452/77/84
f 2517/79/2363 2516/79/148 2484/78/116
f 2549/80/181 2548/80/180 2516/79/148
f 2581/81/213 2580/81/212 2548/80/180
f 2613/82/245 2612/82/2378 2580/81/212
f 2645/83/277 2644/83/276 2612/82/2378
f 2677/84/309 2676/84/308 2644/83/276
f 2709/85/341 2708/85/340 2676/84/308
f 2741/86/373 2740/86/372 2708/85/340
f 2773/87/405 2772/87/2414 2740/86/372
f 2805/88/437 2804/88/436 2772/87/2414
f 2837/89/2419 2836/89/468 2804/88/436
f 2869/90/501 2868/90/500 2836/89/468
f 2901/91/533 2900/91/532 2868/90/500
f 2933/92/565 2932/92/564 2900/91/532
f 2965/93/597 2964/93/596 2932/92/564
f 2997/94/629 2996/94/628 2964/93/596
f 3029/95/661 3028/95/660 2996/94/628
f 3061/96/693 3060/96/692 3028/95/660
f 3093/97/725 3092/97/724 3060/96/692
f 3125/98/757 3124/98/2464 3092/97/724
f 3157/99/789 3156/99/788 3124/98/2464
f 3189/100/821 3188/100/820 3156/99/788
f 3221/101/853 3220/101/852 3188/100/820
f 3253/102/885 3252/102/884 3220/101/852
f 3285/103/917 3284/103/916 3252/102/884
f 3317/104/949 3316/104/948 3284/103/916
f 3349/105/2515 3348/105/980 3316/104/948
f 3381/106/1013 3380/106/1012 3348/105/980
f 3413/107/1045 3412/107/1044 3380/106/1012
f 3445/108/1077 3444/108/1076 3412/107/1044
f 3477/109/1109 3476/109/1108 3444/108/1076
f 3509/110/1141 3508/110/1140 3476/109/1108
f 3541/111/2579 3540/111/1172 3508/110/1140
f 3573/112/2586 3572/112/1204 3540/111/1172
f 3605/113/1236 3604/113/1235 3572/112/1204
f 3637/114/1266 3636/114/1265 3604/113/1235
f 3669/115/1296 3668/115/1295 3636/114/1265
f 3701/116/2624 3700/116/2623 3668/115/1295
f 3733/117/1357 3732/117/2640 3700/116/2623
f 3765/118/2650 3764/118/1386 3732/117/2640
f 3797/119/1417 3796/119/2657 3764/118/1386
f 3829/120/2671 3828/120/1446 3796/119/2657
f 3861/121/2686 3860/121/1477 3828/120/1446
f 3893/122/1508 3892/122/2698 3860/121/1477
f 3925/123/1538 3924/123/1537 3892/122/2698
f 3957/124/1568 3956/124/1567 3924/123/1537
f 3989/125/1598 3988/125/2719 3956/124/1567
f 4021/126/2722 4020/126/1627 3988/125/2719
f 4053/127/1658 4052/127/1657 4020/126/1627
f 4085/128/1689 4084/128/1688 4052/127/1657
f 4117/129/1719 4116/129/1718 4084/128/1688
f 4149/130/1749 4148/130/1748 4116/129/1718
f 4181/131/1779 4180/131/1778 4148/130/1748
f 4213/132/1809 4212/132/1808 4180/131/1778
f 4245/133/1840 4244/133/1839 4212/132/1808
f 4277/134/1871 4276/134/1870 4244/133/1839
f 4309/135/1902 4308/135/1901 4276/134/1870
f 4341/136/1932 4340/136/1931 4308/135/1901
f 4373/137/1962 4372/137/1961 4340/136/1931
f 4405/138/1992 4404/138/1991 4372/137/1961
f 4437/139/2022 4436/139/2021 4404/138/1991
f 4469/140/2811 4468/140/2052 4436/139/2021
f 4501/141/2826 4500/141/2082 4468/140/2052
f 4533/142/2113 4532/142/2112 4500/141/2082
f 4565/143/2848 4564/143/2847 4532/142/2112
f 4597/144/2173 4596/144/2172 4564/143/2847
f 4629/145/2203 4628/145/2202 4596/144/2172
f 4661/146/2233 4660/146/2232 4628/145/2202
f 4693/147/2263 4692/147/2262 4660/146/2232
f 4725/148/2914 4724/148/2913 4692/147/2262
f 4757/149/2939 4756/149/2938 4724/148/2913
f 2038/64/1993 2037/64/1992 2005/63/1962
f 2070/65/2023 2069/65/2022 2037/64/1992
f 2102/66/2054 2101/66/2053 2069/65/2022
f 2134/67/2084 2133/67/2083 2101/66/2053
f 2166/68/2114 2165/68/2113 2133/67/2083
f 2198/69/2144 2197/69/2143 2165/68/2113
f 2230/70/2174 2229/70/2173 2197/69/2143
f 2262/71/2204 2261/71/2203 2229/70/2173
f 2294/72/2234 2293/72/2233 2261/71/2203
f 2326/73/2264 2325/73/2263 2293/72/2233
f 2358/74/2294 2357/74/2293 2325/73/2263
f 2390/75/2324 2389/75/2323 2357/74/2293
f 2422/76/54 2421/76/53 2389/75/2323
f 2454/77/86 2453/77/85 2421/76/53
f 2486/78/118 2485/78/117 2453/77/85
f 2518/79/150 2517/79/2363 2485/78/117
f 2550/80/182 2549/80/181 2517/79/2363
f 2582/81/214 2581/81/213 2549/80/181
f 2614/82/246 2613/82/245 2581/81/213
f 2646/83/278 2645/83/277 2613/82/245
f 2678/84/310 2677/84/309 2645/83/277
f 2710/85/342 2709/85/341 2677/84/309
f 2742/86/2408 2741/86/373 2709/85/341
f 2774/87/406 2773/87/405 2741/86/373
f 2806/88/438 2805/88/437 2773/87/405
f 2838/89/470 2837/89/2419 2805/88/437
f 2870/90/502 2869/90/501 2837/89/2419
f 2902/91/534 2901/91/533 2869/90/501
f 2934/92/2436 2933/92/565 2901/91/533
f 2966/93/598 2965/93/597 2933/92/565
f 2998/94/2445 2997/94/629 2965/93/597
f 3030/95/662 3029/95/661 2997/94/629
f 3062/96/694 3061/96/693 3029/95/661
f 3094/97/726 3093/97/725 3061/96/693
f 3126/98/758 3125/98/757 3093/97/725
f 3158/99/790 3157/99/789 3125/98/757
f 3190/100/822 3189/100/821 3157/99/789
f 3222/101/2484 3221/101/853 3189/100/821
f 3254/102/2494 3253/102/885 3221/101/853
f 3286/103/918 3285/103/917 3253/102/885
f 3318/104/950 3317/104/949 3285/103/917
f 3350/105/2516 3349/105/2515 3317/104/949
f 3382/106/1014 3381/106/1013 3349/105/2515
f 3414/107/2532 3413/107/1045 3381/106/1013
f 3446/108/2541 3445/108/1077 3413/107/1045
f 3478/109/1110 3477/109/1109 3445/108/1077
f 3510/110/1142 3509/110/1141 3477/109/1109
f 3542/111/1174 3541/111/2579 3509/110/1141
f 3574/112/1206 3573/112/2586 3541/111/2579
f 3606/113/2597 3605/113/1236 3573/112/2586
f 3638/114/1267 3637/114/1266 3605/113/1236
f 3670/115/2618 3669/115/1296 3637/114/1266
f 3702/116/2625 3701/116/2624 3669/115/1296
f 3734/117/1358 3733/117/1357 3701/116/2624
f 3766/118/1388 3765/118/2650 3733/117/1357
f 3798/119/2658 3797/119/1417 3765/118/2650
f 3830/120/2672 3829/120/2671 3797/119/1417
f 3862/121/1479 3861/121/2686 3829/120/2671
f 3894/122/2699 3893/122/1508 3861/121/2686
f 3926/123/2703 3925/123/1538 3893/122/1508
f 3958/124/1569 3957/124/1568 3925/123/1538
f 3990/125/1599 3989/125/1598 3957/124/1568
f 4022/126/1629 4021/126/2722 3989/125/1598
f 4054/127/1659 4053/127/1658 4021/126/2722
f 4086/128/1690 4085/128/1689 4053/127/1658
f 4118/129/1720 4117/129/1719 4085/128/1689
f 4150/130/1750 4149/130/1749 4117/129/1719
f 4182/131/1780 4181/131/1779 4149/130/1749
f 4214/132/1810 4213/132/1809 4181/131/1779
f 4246/133/2755 4245/133/1840 4213/132/1809
f 4278/134/1872 4277/134/1871 4245/133/1840
f 4310/135/2768 4309/135/1902 4277/134/1871
f 4342/136/1933 4341/136/1932 4309/135/1902
f 4374/137/1963 4373/137/1962 4341/136/1932
f 4406/138/2790 4405/138/1992 4373/137/1962
f 4438/139/2801 4437/139/2022 4405/138/1992
f 4470/140/2812 4469/140/2811 4437/139/2022
f 4502/141/2827 4501/141/2826 4469/140/2811
f 4534/142/2836 4533/142/2113 4501/141/2826
f 4566/143/2849 4565/143/2848 4533/142/2113
f 4598/144/2863 4597/144/2173 4565/143/2848
f 4630/145/2878 4629/145/2203 4597/144/2173
f 4662/146/2890 4661/146/2233 4629/145/2203
f 4694/147/2264 4693/147/2263 4661/146/2233
f 4726/148/2915 4725/148/2914 4693/147/2263
f 4758/149/2940 4757/149/2939 4725/148/2914
f 2039/64/1994 2038/64/1993 2006/63/1963
f 2071/65/2024 2070/65/2023 2038/64/1993
f 2103/66/2055 2102/66/2054 2070/65/2023
f 2135/67/2085 2134/67/2084 2102/66/2054
f 2167/68/2115 2166/68/2114 2134/67/2084
f 2199/69/2145 2198/69/2144 2166/68/2114
f 2231/70/2175 2230/70/2174 2198/69/2144
f 2263/71/2205 2262/71/2204 2230/70/2174
f 2295/72/2235 2294/72/2234 2262/71/2204
f 2327/73/2265 2326/73/2264 2294/72/2234
f 2359/74/2295 2358/74/2294 2326/73/2264
f 2391/75/2325 2390/75/2324 2358/74/2294
f 2423/76/55 2422/76/54 2390/75/2324
f 2455/77/87 2454/77/86 2422/76/54
f 2487/78/119 2486/78/118 2454/77/86
f 2519/79/151 2518/79/150 2486/78/118
f 2551/80/183 2550/80/182 2518/79/150
f 2583/81/215 2582/81/214 2550/80/182
f 2615/82/247 2614/82/246 2582/81/214
f 2647/83/2384 2646/83/278 2614/82/246
f 2679/84/311 2678/84/310 2646/83/278
f 2711/85/2398 2710/85/342 2678/84/310
f 2743/86/375 2742/86/2408 2710/85/342
f 2775/87/407 2774/87/406 2742/86/2408
f 2807/88/439 2806/88/438 2774/87/406
f 2839/89/471 2838/89/470 2806/88/438
f 2871/90/503 2870/90/502 2838/89/470
f 2903/91/535 2902/91/534 2870/90/502
f 2935/92/567 2934/92/2436 2902/91/534
f 2967/93/599 2966/93/598 2934/92/2436
f 2999/94/631 2998/94/2445 2966/93/598
f 3031/95/2449 3030/95/662 2998/94/2445
f 3063/96/695 3062/96/694 3030/95/662
f 3095/97/727 3094/97/726 3062/96/694
f 3127/98/759 3126/98/758 3094/97/726
f 3159/99/791 3158/99/790 3126/98/758
f 3191/100/2476 3190/100/822 3158/99/790
f 3223/101/855 3222/101/2484 3190/100/822
f 3255/102/887 3254/102/2494 3222/101/2484
f 3287/103/919 3286/103/918 3254/102/2494
f 3319/104/951 3318/104/950 3286/103/918
f 3351/105/2517 3350/105/2516 3318/104/950
f 3383/106/1015 3382/106/1014 3350/105/2516
f 3415/107/1047 3414/107/2532 3382/106/1014
f 3447/108/2542 3446/108/2541 3414/107/2532
f 3479/109/2554 3478/109/1110 3446/108/2541
f 3511/110/2566 3510/110/1142 3478/109/1110
f 3543/111/1175 3542/111/1174 3510/110/1142
f 3575/112/1207 3574/112/1206 3542/111/1174
f 3607/113/1238 3606/113/2597 3574/112/1206
f 3639/114/2606 3638/114/1267 3606/113/2597
f 3671/115/1298 3670/115/2618 3638/114/1267
f 3703/116/2626 3702/116/2625 3670/115/2618
f 3735/117/2641 3734/117/1358 3702/116/2625
f 3767/118/1389 3766/118/1388 3734/117/1358
f 3799/119/2659 3798/119/2658 3766/118/1388
f 3831/120/2673 3830/120/2672 3798/119/2658
f 3863/121/1480 3862/121/1479 3830/120/2672
f 3895/122/1510 3894/122/2699 3862/121/1479
f 3927/123/1540 3926/123/2703 3894/122/2699
f 3959/124/1570 3958/124/1569 3926/123/2703
f 3991/125/1600 3990/125/1599 3958/124/1569
f 4023/126/1630 4022/126/1629 3990/125/1599
f 4055/127/1660 4054/127/1659 4022/126/1629
f 4087/128/2734 4086/128/1690 4054/127/1659
f 4119/129/2740 4118/129/1720 4086/128/1690
f 4151/130/1751 4150/130/1750 4118/129/1720
f 4183/131/1781 4182/131/1780 4150/130/1750
f 4215/132/1811 4214/132/1810 4182/131/1780
f 4247/133/2756 4246/133/2755 4214/132/1810
f 4279/134/2762 4278/134/1872 4246/133/2755
f 4311/135/1904 4310/135/2768 4278/134/1872
f 4343/136/1934 4342/136/1933 4310/135/2768
f 4375/137/1964 4374/137/1963 4342/136/1933
f 4407/138/1994 4406/138/2790 4374/137/1963
f 4439/139/2024 4438/139/2801 4406/138/2790
f 4471/140/2813 4470/140/2812 4438/139/2801
f 4503/141/2828 4502/141/2827 4470/140/2812
f 4535/142/2115 4534/142/2836 4502/141/2827
f 4567/143/2850 4566/143/2849 4534/142/2836
f 4599/144/2175 4598/144/2863 4566/143/2849
f 4631/145/2879 4630/145/2878 4598/144/2863
f 4663/146/2891 4662/146/2890 4630/145/2878
f 4695/147/2898 4694/147/2264 4662/146/2890
f 4727/148/2916 4726/148/2915 4694/147/2264
f 4759/149/2941 4758/149/2940 4726/148/2915
f 2040/64/1995 2039/64/1994 2007/63/1964
f 2072/65/2025 2071/65/2024 2039/64/1994
f 2104/66/2056 2103/66/2055 2071/65/2024
f 2136/67/2086 2135/67/2085 2103/66/2055
f 2168/68/2116 2167/68/2115 2135/67/2085
f 2200/69/2146 2199/69/2145 2167/68/2115
f 2232/70/2176 2231/70/2175 2199/69/2145
f 2264/71/2206 2263/71/2205 2231/70/2175
f 2296/72/2236 2295/72/2235 2263/71/2205
f 2328/73/2266 2327/73/2265 2295/72/2235
f 2360/74/2296 2359/74/2295 2327/73/2265
f 2392/75/2326 2391/75/2325 2359/74/2295
f 2424/76/56 2423/76/55 2391/75/2325
f 2456/77/88 2455/77/87 2423/76/55
f 2488/78/120 2487/78/119 2455/77/87
f 2520/79/152 2519/79/151 2487/78/119
f 2552/80/184 2551/80/183 2519/79/151
f 2584/81/216 2583/81/215 2551/80/183
f 2616/82/248 2615/82/247 2583/81/215
f 2648/83/280 2647/83/2384 2615/82/247
f 2680/84/312 2679/84/311 2647/83/2384
f 2712/85/344 2711/85/2398 2679/84/311
f 2744/86/376 2743/86/375 2711/85/2398
f 2776/87/2415 2775/87/407 2743/86/375
f 2808/88/440 2807/88/439 2775/87/407
f 2840/89/2420 2839/89/471 2807/88/439
f 2872/90/504 2871/90/503 2839/89/471
f 2904/91/536 2903/91/535 2871/90/503
f 2936/92/2437 2935/92/567 2903/91/535
f 2968/93/2443 2967/93/599 2935/92/567
f 3000/94/632 2999/94/631 2967/93/599
f 3032/95/664 3031/95/2449 2999/94/631
f 3064/96/696 3063/96/695 3031/95/2449
f 3096/97/2458 3095/97/727 3063/96/695
f 3128/98/760 3127/98/759 3095/97/727
f 3160/99/792 3159/99/791 3127/98/759
f 3192/100/824 3191/100/2476 3159/99/791
f 3224/101/856 3223/101/855 3191/100/2476
f 3256/102/888 3255/102/887 3223/101/855
f 3288/103/2500 3287/103/919 3255/102/887
f 3320/104/952 3319/104/951 3287/103/919
f 3352/105/984 3351/105/2517 3319/104/951
f 3384/106/1016 3383/106/1015 3351/105/2517
f 3416/107/1048 3415/107/1047 3383/106/1015
f 3448/108/1080 3447/108/2542 3415/107/1047
f 3480/109/1112 3479/109/2554 3447/108/2542
f 3512/110/2567 3511/110/2566 3479/109/2554
f 3544/111/1176 3543/111/1175 3511/110/2566
f 3576/112/1208 3575/112/1207 3543/111/1175
f 3608/113/1239 3607/113/1238 3575/112/1207
f 3640/114/1269 3639/114/2606 3607/113/1238
f 3672/115/1299 3671/115/1298 3639/114/2606
f 3704/116/1330 3703/116/2626 3671/115/1298
f 3736/117/1360 3735/117/2641 3703/116/2626
f 3768/118/2651 3767/118/1389 3735/117/2641
f 3800/119/2660 3799/119/2659 3767/118/1389
f 3832/120/2674 3831/120/2673 3799/119/2659
f 3864/121/2687 3863/121/1480 3831/120/2673
f 3896/122/1511 3895/122/1510 3863/121/1480
f 3928/123/2704 3927/123/1540 3895/122/1510
f 3960/124/2712 3959/124/1570 3927/123/1540
f 3992/125/1601 3991/125/1600 3959/124/1570
f 4024/126/2723 4023/126/1630 3991/125/1600
f 4056/127/1661 4055/127/1660 4023/126/1630
f 4088/128/2735 4087/128/2734 4055/127/1660
f 4120/129/1722 4119/129/2740 4087/128/2734
f 4152/130/1752 4151/130/1751 4119/129/2740
f 4184/131/2748 4183/131/1781 4151/130/1751
f 4216/132/1812 4215/132/1811 4183/131/1781
f 4248/133/1843 4247/133/2756 4215/132/1811
f 4280/134/1874 4279/134/2762 4247/133/2756
f 4312/135/2769 4311/135/1904 4279/134/2762
f 4344/136/1935 4343/136/1934 4311/135/1904
f 4376/137/1965 4375/137/1964 4343/136/1934
f 4408/138/1995 4407/138/1994 4375/137/1964
f 4440/139/2025 4439/139/2024 4407/138/1994
f 4472/140/2814 4471/140/2813 4439/139/2024
f 4504/141/2829 4503/141/2828 4471/140/2813
f 4536/142/2837 4535/142/2115 4503/141/2828
f 4568/143/2851 4567/143/2850 4535/142/2115
f 4600/144/2176 4599/144/2175 4567/143/2850
f 4632/145/2206 4631/145/2879 4599/144/2175
f 4664/146/2236 4663/146/2891 4631/145/2879
f 4696/147/2899 4695/147/2898 4663/146/2891
f 4728/148/2296 4727/148/2916 4695/147/2898
f 4760/149/2942 4759/149/2941 4727/148/2916
f 2041/64/841 2040/64/1995 2008/63/1965
f 2073/65/873 2072/65/2025 2040/64/1995
f 2105/66/905 2104/66/2056 2072/65/2025
f 2137/67/937 2136/67/2086 2104/66/2056
f 2169/68/969 2168/68/2116 2136/67/2086
f 2201/69/1001 2200/69/2146 2168/68/2116
f 2233/70/1033 2232/70/2176 2200/69/2146
f 2265/71/1065 2264/71/2206 2232/70/2176
f 2297/72/1097 2296/72/2236 2264/71/2206
f 2329/73/1129 2328/73/2266 2296/72/2236
f 2361/74/1161 2360/74/2296 2328/73/2266
f 2393/75/1193 2392/75/2326 2360/74/2296
f 2425/76/57 2424/76/56 2392/75/2326
f 2457/77/89 2456/77/88 2424/76/56
f 2489/78/121 2488/78/120 2456/77/88
f 2521/79/153 2520/79/152 2488/78/120
f 2553/80/185 2552/80/184 2520/79/152
f 2585/81/217 2584/81/216 2552/80/184
f 2617/82/249 2616/82/248 2584/81/216
f 2649/83/281 2648/83/280 2616/82/248
f 2681/84/313 2680/84/312 2648/83/280
f 2713/85/2399 2712/85/344 2680/84/312
f 2745/86/2409 2744/86/376 2712/85/344
f 2777/87/409 2776/87/2415 2744/86/376
f 2809/88/441 2808/88/440 2776/87/2415
f 2841/89/2421 2840/89/2420 2808/88/440
f 2873/90/505 2872/90/504 2840/89/2420
f 2905/91/2431 2904/91/536 2872/90/504
f 2937/92/569 2936/92/2437 2904/91/536
f 2969/93/601 2968/93/2443 2936/92/2437
f 3001/94/633 3000/94/632 2968/93/2443
f 3033/95/665 3032/95/664 3000/94/632
f 3065/96/2454 3064/96/696 3032/95/664
f 3097/97/729 3096/97/2458 3064/96/696
f 3129/98/761 3128/98/760 3096/97/2458
f 3161/99/793 3160/99/792 3128/98/760
f 3193/100/825 3192/100/824 3160/99/792
f 3225/101/857 3224/101/856 3192/100/824
f 3257/102/889 3256/102/888 3224/101/856
f 3289/103/2041 3288/103/2500 3256/102/888
f 3321/104/2508 3320/104/952 3288/103/2500
f 3353/105/985 3352/105/984 3320/104/952
f 3385/106/1017 3384/106/1016 3352/105/984
f 3417/107/1049 3416/107/1048 3384/106/1016
f 3449/108/2543 3448/108/1080 3416/107/1048
f 3481/109/1113 3480/109/1112 3448/108/1080
f 3513/110/1145 3512/110/2567 3480/109/1112
f 3545/111/1177 3544/111/1176 3512/110/2567
f 3577/112/1209 3576/112/1208 3544/111/1176
f 3609/113/41 3608/113/1239 3576/112/1208
f 3641/114/73 3640/114/1269 3608/113/1239
f 3673/115/105 3672/115/1299 3640/114/1269
f 3705/116/2627 3704/116/1330 3672/115/1299
f 3737/117/169 3736/117/1360 3704/116/1330
f 3769/118/201 3768/118/2651 3736/117/1360
f 3801/119/233 3800/119/2660 3768/118/2651
f 3833/120/2675 3832/120/2674 3800/119/2660
f 3865/121/297 3864/121/2687 3832/120/2674
f 3897/122/329 3896/122/1511 3864/121/2687
f 3929/123/361 3928/123/2704 3896/122/1511
f 3961/124/393 3960/124/2712 3928/123/2704
f 3993/125/425 3992/125/1601 3960/124/2712
f 4025/126/457 4024/126/2723 3992/125/1601
f 4057/127/489 4056/127/1661 4024/126/2723
f 4089/128/521 4088/128/2735 4056/127/1661
f 4121/129/553 4120/129/1722 4088/128/2735
f 4153/130/585 4152/130/1752 4120/129/1722
f 4185/131/617 4184/131/2748 4152/130/1752
f 4217/132/649 4216/132/1812 4184/131/2748
f 4249/133/681 4248/133/1843 4216/132/1812
f 4281/134/713 4280/134/1874 4248/133/1843
f 4313/135/2463 4312/135/2769 4280/134/1874
f 4345/136/777 4344/136/1935 4312/135/2769
f 4377/137/809 4376/137/1965 4344/136/1935
f 4409/138/841 4408/138/1995 4376/137/1965
f 4441/139/873 4440/139/2025 4408/138/1995
f 4473/140/905 4472/140/2814 4440/139/2025
f 4505/141/937 4504/141/2829 4472/140/2814
f 4537/142/969 4536/142/2837 4504/141/2829
f 4569/143/2852 4568/143/2851 4536/142/2837
f 4601/144/1033 4600/144/2176 4568/143/2851
f 4633/145/1065 4632/145/2206 4600/144/2176
f 4665/146/2892 4664/146/2236 4632/145/2206
f 4697/147/1129 4696/147/2899 4664/146/2236
f 4729/148/1161 4728/148/2296 4696/147/2899
f 4761/149/2943 4760/149/2942 4728/148/2296
f 2042/64/1996 2041/64/841 2009/63/809
f 2074/65/2026 2073/65/873 2041/64/841
f 2106/66/2057 2105/66/905 2073/65/873
f 2138/67/2087 2137/67/937 2105/66/905
f 2170/68/2117 2169/68/969 2137/67/937
f 2202/69/2147 2201/69/1001 2169/68/969
f 2234/70/2177 2233/70/1033 2201/69/1001
f 2266/71/2207 2265/71/1065 2233/70/1033
f 2298/72/2237 2297/72/1097 2265/71/1065
f 2330/73/2267 2329/73/1129 2297/72/1097
f 2362/74/2297 2361/74/1161 2329/73/1129
f 2394/75/2327 2393/75/1193 2361/74/1161
f 2426/76/2342 2425/76/57 2393/75/1193
f 2458/77/2352 2457/77/89 2425/76/57
f 2490/78/122 2489/78/121 2457/77/89
f 2522/79/154 2521/79/153 2489/78/121
f 2554/80/186 2553/80/185 2521/79/153
f 2586/81/2375 2585/81/217 2553/80/185
f 2618/82/2379 2617/82/249 2585/81/217
f 2650/83/282 2649/83/281 2617/82/249
f 2682/84/2389 2681/84/313 2649/83/281
f 2714/85/2400 2713/85/2399 2681/84/313
f 2746/86/378 2745/86/2409 2713/85/2399
f 2778/87/410 2777/87/409 2745/86/2409
f 2810/88/442 2809/88/441 2777/87/409
f 2842/89/2422 2841/89/2421 2809/88/441
f 2874/90/2426 2873/90/505 2841/89/2421
f 2906/91/538 2905/91/2431 2873/90/505
f 2938/92/2438 2937/92/569 2905/91/2431
f 2970/93/602 2969/93/601 2937/92/569
f 3002/94/634 3001/94/633 2969/93/601
f 3034/95/666 3033/95/665 3001/94/633
f 3066/96/2455 3065/96/2454 3033/95/665
f 3098/97/730 3097/97/729 3065/96/2454
f 3130/98/762 3129/98/761 3097/97/729
f 3162/99/794 3161/99/793 3129/98/761
f 3194/100/826 3193/100/825 3161/99/793
f 3226/101/858 3225/101/857 3193/100/825
f 3258/102/890 3257/102/889 3225/101/857
f 3290/103/2501 3289/103/2041 3257/102/889
f 3322/104/2509 3321/104/2508 3289/103/2041
f 3354/105/986 3353/105/985 3321/104/2508
f 3386/106/1018 3385/106/1017 3353/105/985
f 3418/107/2533 3417/107/1049 3385/106/1017
f 3450/108/1082 3449/108/2543 3417/107/1049
f 3482/109/1114 3481/109/1113 3449/108/2543
f 3514/110/2568 3513/110/1145 3481/109/1113
f 3546/111/1178 3545/111/1177 3513/110/1145
f 3578/112/1210 3577/112/1209 3545/111/1177
f 3610/113/2598 3609/113/41 3577/112/1209
f 3642/114/2607 3641/114/73 3609/113/41
f 3674/115/1300 3673/115/105 3641/114/73
f 3706/116/1331 3705/116/2627 3673/115/105
f 3738/117/2642 3737/117/169 3705/116/2627
f 3770/118/2652 3769/118/201 3737/117/169
f 3802/119/1421 3801/119/233 3769/118/201
f 3834/120/1451 3833/120/2675 3801/119/233
f 3866/121/2688 3865/121/297 3833/120/2675
f 3898/122/1512 3897/122/329 3865/121/297
f 3930/123/1542 3929/123/361 3897/122/329
f 3962/124/1572 3961/124/393 3929/123/361
f 3994/125/1602 3993/125/425 3961/124/393
f 4026/126/2724 4025/126/457 3993/125/425
f 4058/127/2728 4057/127/489 4025/126/457
f 4090/128/1693 4089/128/521 4057/127/489
f 4122/129/1723 4121/129/553 4089/128/521
f 4154/130/2744 4153/130/585 4121/129/553
f 4186/131/2749 4185/131/617 4153/130/585
f 4218/132/2752 4217/132/649 4185/131/617
f 4250/133/1845 4249/133/681 4217/132/649
f 4282/134/2763 4281/134/713 4249/133/681
f 4314/135/1906 4313/135/2463 4281/134/713
f 4346/136/1936 4345/136/777 4313/135/2463
f 4378/137/1966 4377/137/809 4345/136/777
f 4410/138/1996 4409/138/841 4377/137/809
f 4442/139/2026 4441/139/873 4409/138/841
f 4474/140/2057 4473/140/905 4441/139/873
f 4506/141/2087 4505/141/937 4473/140/905
f 4538/142/2117 4537/142/969 4505/141/937
f 4570/143/2853 4569/143/2852 4537/142/969
f 4602/144/2864 4601/144/1033 4569/143/2852
f 4634/145/2207 4633/145/1065 4601/144/1033
f 4666/146/2237 4665/146/2892 4633/145/1065
f 4698/147/2900 4697/147/1129 4665/146/2892
f 4730/148/2297 4729/148/1161 4697/147/1129
f 4762/149/2944 4761/149/2943 4729/148/1161
f 2043/64/1997 2042/64/1996 2010/63/1966
f 2075/65/2027 2074/65/2026 2042/64/1996
f 2107/66/2058 2106/66/2057 2074/65/2026
f 2139/67/2088 2138/67/2087 2106/66/2057
f 2171/68/2118 2170/68/2117 2138/67/2087
f 2203/69/2148 2202/69/2147 2170/68/2117
f 2235/70/2178 2234/70/2177 2202/69/2147
f 2267/71/2208 2266/71/2207 2234/70/2177
f 2299/72/2238 2298/72/2237 2266/71/2207
f 2331/73/2268 2330/73/2267 2298/72/2237
f 2363/74/2298 2362/74/2297 2330/73/2267
f 2395/75/2328 2394/75/2327 2362/74/2297
f 2427/76/2343 2426/76/2342 2394/75/2327
f 2459/77/2353 2458/77/2352 2426/76/2342
f 2491/78/2359 2490/78/122 2458/77/2352
f 2523/79/2364 2522/79/154 2490/78/122
f 2555/80/187 2554/80/186 2522/79/154
f 2587/81/2376 2586/81/2375 2554/80/186
f 2619/82/251 2618/82/2379 2586/81/2375
f 2651/83/2385 2650/83/282 2618/82/2379
f 2683/84/2390 2682/84/2389 2650/83/282
f 2715/85/2401 2714/85/2400 2682/84/2389
f 2747/86/379 2746/86/378 2714/85/2400
f 2779/87/411 2778/87/410 2746/86/378
f 2811/88/443 2810/88/442 2778/87/410
f 2843/89/475 2842/89/2422 2810/88/442
f 2875/90/507 2874/90/2426 2842/89/2422
f 2907/91/539 2906/91/538 2874/90/2426
f 2939/92/2439 2938/92/2438 2906/91/538
f 2971/93/603 2970/93/602 2938/92/2438
f 3003/94/635 3002/94/634 2970/93/602
f 3035/95/667 3034/95/666 3002/94/634
f 3067/96/2456 3066/96/2455 3034/95/666
f 3099/97/731 3098/97/730 3066/96/2455
f 3131/98/2465 3130/98/762 3098/97/730
f 3163/99/795 3162/99/794 3130/98/762
f 3195/100/827 3194/100/826 3162/99/794
f 3227/101/2485 3226/101/858 3194/100/826
f 3259/102/2495 3258/102/890 3226/101/858
f 3291/103/923 3290/103/2501 3258/102/890
f 3323/104/2510 3322/104/2509 3290/103/2501
f 3355/105/2518 3354/105/986 3322/104/2509
f 3387/106/2525 3386/106/1018 3354/105/986
f 3419/107/1051 3418/107/2533 3386/106/1018
f 3451/108/2544 3450/108/1082 3418/107/2533
f 3483/109/2555 3482/109/1114 3450/108/1082
f 3515/110/2569 3514/110/2568 3482/109/1114
f 3547/111/1179 3546/111/1178 3514/110/2568
f 3579/112/1211 3578/112/1210 3546/111/1178
f 3611/113/1241 3610/113/2598 3578/112/1210
f 3643/114/2608 3642/114/2607 3610/113/2598
f 3675/115/2619 3674/115/1300 3642/114/2607
f 3707/116/2628 3706/116/1331 3674/115/1300
f 3739/117/1362 3738/117/2642 3706/116/1331
f 3771/118/1392 3770/118/2652 3738/117/2642
f 3803/119/2661 3802/119/1421 3770/118/2652
f 3835/120/2676 3834/120/1451 3802/119/1421
f 3867/121/1483 3866/121/2688 3834/120/1451
f 3899/122/1513 3898/122/1512 3866/121/2688
f 3931/123/1543 3930/123/1542 3898/122/1512
f 3963/124/2713 3962/124/1572 3930/123/1542
f 3995/125/1603 3994/125/1602 3962/124/1572
f 4027/126/1633 4026/126/2724 3994/125/1602
f 4059/127/1663 4058/127/2728 4026/126/2724
f 4091/128/2736 4090/128/1693 4058/127/2728
f 4123/129/2741 4122/129/1723 4090/128/1693
f 4155/130/1754 4154/130/2744 4122/129/1723
f 4187/131/1784 4186/131/2749 4154/130/2744
f 4219/132/1814 4218/132/2752 4186/131/2749
f 4251/133/1846 4250/133/1845 4218/132/2752
f 4283/134/1876 4282/134/2763 4250/133/1845
f 4315/135/2770 4314/135/1906 4282/134/2763
f 4347/136/1937 4346/136/1936 4314/135/1906
f 4379/137/1967 4378/137/1966 4346/136/1936
f 4411/138/1997 4410/138/1996 4378/137/1966
f 4443/139/2802 4442/139/2026 4410/138/1996
f 4475/140/2058 4474/140/2057 4442/139/2026
f 4507/141/2830 4506/141/2087 4474/140/2057
f 4539/142/2118 4538/142/2117 4506/141/2087
f 4571/143/2148 4570/143/2853 4538/142/2117
f 4603/144/2865 4602/144/2864 4570/143/2853
f 4635/145/2880 4634/145/2207 4602/144/2864
f 4667/146/2238 4666/146/2237 4634/145/2207
f 4699/147/2901 4698/147/2900 4666/146/2237
f 4731/148/2917 4730/148/2297 4698/147/2900
f 4763/149/2945 4762/149/2944 4730/148/2297
f 2044/64/1998 2043/64/1997 2011/63/1967
f 2076/65/2028 2075/65/2027 2043/64/1997
f 2108/66/2059 2107/66/2058 2075/65/2027
f 2140/67/2089 2139/67/2088 2107/66/2058
f 2172/68/2119 2171/68/2118 2139/67/2088
f 2204/69/2149 2203/69/2148 2171/68/2118
f 2236/70/2179 2235/70/2178 2203/69/2148
f 2268/71/2209 2267/71/2208 2235/70/2178
f 2300/72/2239 2299/72/2238 2267/71/2208
f 2332/73/2269 2331/73/2268 2299/72/2238
f 2364/74/2299 2363/74/2298 2331/73/2268
f 2396/75/2329 2395/75/2328 2363/74/2298
f 2428/76/60 2427/76/2343 2395/75/2328
f 2460/77/92 2459/77/2353 2427/76/2343
f 2492/78/124 2491/78/2359 2459/77/2353
f 2524/79/2365 2523/79/2364 2491/78/2359
f 2556/80/2370 2555/80/187 2523/79/2364
f 2588/81/220 2587/81/2376 2555/80/187
f 2620/82/252 2619/82/251 2587/81/2376
f 2652/83/284 2651/83/2385 2619/82/251
f 2684/84/316 2683/84/2390 2651/83/2385
f 2716/85/348 2715/85/2401 2683/84/2390
f 2748/86/2410 2747/86/379 2715/85/2401
f 2780/87/412 2779/87/411 2747/86/379
f 2812/88/444 2811/88/443 2779/87/411
f 2844/89/476 2843/89/475 2811/88/443
f 2876/90/508 2875/90/507 2843/89/475
f 2908/91/540 2907/91/539 2875/90/507
f 2940/92/572 2939/92/2439 2907/91/539
f 2972/93/604 2971/93/603 2939/92/2439
f 3004/94/636 3003/94/635 2971/93/603
f 3036/95/668 3035/95/667 3003/94/635
f 3068/96/700 3067/96/2456 3035/95/667
f 3100/97/2459 3099/97/731 3067/96/2456
f 3132/98/764 3131/98/2465 3099/97/731
f 3164/99/796 3163/99/795 3131/98/2465
f 3196/100/2477 3195/100/827 3163/99/795
f 3228/101/2486 3227/101/2485 3195/100/827
f 3260/102/2496 3259/102/2495 3227/101/2485
f 3292/103/2502 3291/103/923 3259/102/2495
f 3324/104/956 3323/104/2510 3291/103/923
f 3356/105/2519 3355/105/2518 3323/104/2510
f 3388/106/1020 3387/106/2525 3355/105/2518
f 3420/107/2534 3419/107/1051 3387/106/2525
f 3452/108/1084 3451/108/2544 3419/107/1051
f 3484/109/1116 3483/109/2555 3451/108/2544
f 3516/110/2570 3515/110/2569 3483/109/2555
f 3548/111/1180 3547/111/1179 3515/110/2569
f 3580/112/2587 3579/112/1211 3547/111/1179
f 3612/113/1242 3611/113/1241 3579/112/1211
f 3644/114/1272 3643/114/2608 3611/113/1241
f 3676/115/1302 3675/115/2619 3643/114/2608
f 3708/116/1333 3707/116/2628 3675/115/2619
f 3740/117/1363 3739/117/1362 3707/116/2628
f 3772/118/1393 3771/118/1392 3739/117/1362
f 3804/119/1423 3803/119/2661 3771/118/1392
f 3836/120/1453 3835/120/2676 3803/119/2661
f 3868/121/2689 3867/121/1483 3835/120/2676
f 3900/122/1514 3899/122/1513 3867/121/1483
f 3932/123/1544 3931/123/1543 3899/122/1513
f 3964/124/1574 3963/124/2713 3931/123/1543
f 3996/125/1604 3995/125/1603 3963/124/2713
f 4028/126/2725 4027/126/1633 3995/125/1603
f 4060/127/1664 4059/127/1663 4027/126/1633
f 4092/128/1695 4091/128/2736 4059/127/1663
f 4124/129/1725 4123/129/2741 4091/128/2736
f 4156/130/2745 4155/130/1754 4123/129/2741
f 4188/131/2750 4187/131/1784 4155/130/1754
f 4220/132/1815 4219/132/1814 4187/131/1784
f 4252/133/2757 4251/133/1846 4219/132/1814
f 4284/134/1877 4283/134/1876 4251/133/1846
f 4316/135/1908 4315/135/2770 4283/134/1876
f 4348/136/1938 4347/136/1937 4315/135/2770
f 4380/137/1968 4379/137/1967 4347/136/1937
f 4412/138/2791 4411/138/1997 4379/137/1967
f 4444/139/2028 4443/139/2802 4411/138/1997
f 4476/140/2059 4475/140/2058 4443/139/2802
f 4508/141/2831 4507/141/2830 4475/140/2058
f 4540/142/2838 4539/142/2118 4507/141/2830
f 4572/143/2854 4571/143/2148 4539/142/2118
f 4604/144/2179 4603/144/2865 4571/143/2148
f 4636/145/2881 4635/145/2880 4603/144/2865
f 4668/146/2893 4667/146/2238 4635/145/2880
f 4700/147/2902 4699/147/2901 4667/146/2238
f 4732/148/2299 4731/148/2917 4699/147/2901
f 4764/149/2946 4763/149/2945 4731/148/2917
f 2045/64/1999 2044/64/1998 2012/63/1968
f 2077/65/2029 2076/65/2028 2044/64/1998
f 2109/66/2060 2108/66/2059 2076/65/2028
f 2141/67/2090 2140/67/2089 2108/66/2059
f 2173/68/2120 2172/68/2119 2140/67/2089
f 2205/69/2150 2204/69/2149 2172/68/2119
f 2237/70/2180 2236/70/2179 2204/69/2149
f 2269/71/2210 2268/71/2209 2236/70/2179
f 2301/72/2240 2300/72/2239 2268/71/2209
f 2333/73/2270 2332/73/2269 2300/72/2239
f 2365/74/2300 2364/74/2299 2332/73/2269
f 2397/75/2330 2396/75/2329 2364/74/2299
f 2429/76/61 2428/76/60 2396/75/2329
f 2461/77/2354 2460/77/92 2428/76/60
f 2493/78/125 2492/78/124 2460/77/92
f 2525/79/157 2524/79/2365 2492/78/124
f 2557/80/189 2556/80/2370 2524/79/2365
f 2589/81/221 2588/81/220 2556/80/2370
f 2621/82/253 2620/82/252 2588/81/220
f 2653/83/285 2652/83/284 2620/82/252
f 2685/84/2391 2684/84/316 2652/83/284
f 2717/85/2402 2716/85/348 2684/84/316
f 2749/86/381 2748/86/2410 2716/85/348
f 2781/87/413 2780/87/412 2748/86/2410
f 2813/88/445 2812/88/444 2780/87/412
f 2845/89/477 2844/89/476 2812/88/444
f 2877/90/509 2876/90/508 2844/89/476
f 2909/91/541 2908/91/540 2876/90/508
f 2941/92/573 2940/92/572 2908/91/540
f 2973/93/605 2972/93/604 2940/92/572
f 3005/94/637 3004/94/636 2972/93/604
f 3037/95/669 3036/95/668 3004/94/636
f 3069/96/701 3068/96/700 3036/95/668
f 3101/97/2460 3100/97/2459 3068/96/700
f 3133/98/2466 3132/98/764 3100/97/2459
f 3165/99/797 3164/99/796 3132/98/764
f 3197/100/829 3196/100/2477 3164/99/796
f 3229/101/861 3228/101/2486 3196/100/2477
f 3261/102/893 3260/102/2496 3228/101/2486
f 3293/103/925 3292/103/2502 3260/102/2496
f 3325/104/2511 3324/104/956 3292/103/2502
f 3357/105/989 3356/105/2519 3324/104/956
f 3389/106/1021 3388/106/1020 3356/105/2519
f 3421/107/2535 3420/107/2534 3388/106/1020
f 3453/108/2545 3452/108/1084 3420/107/2534
f 3485/109/2556 3484/109/1116 3452/108/1084
f 3517/110/2571 3516/110/2570 3484/109/1116
f 3549/111/1181 3548/111/1180 3516/110/2570
f 3581/112/2588 3580/112/2587 3548/111/1180
f 3613/113/1243 3612/113/1242 3580/112/2587
f 3645/114/1273 3644/114/1272 3612/113/1242
f 3677/115/1303 3676/115/1302 3644/114/1272
f 3709/116/1334 3708/116/1333 3676/115/1302
f 3741/117/1364 3740/117/1363 3708/116/1333
f 3773/118/2653 3772/118/1393 3740/117/1363
f 3805/119/1424 3804/119/1423 3772/118/1393
f 3837/120/2677 3836/120/1453 3804/119/1423
f 3869/121/2690 3868/121/2689 3836/120/1453
f 3901/122/1515 3900/122/1514 3868/121/2689
f 3933/123/1545 3932/123/1544 3900/122/1514
f 3965/124/1575 3964/124/1574 3932/123/1544
f 3997/125/2720 3996/125/1604 3964/124/1574
f 4029/126/1635 4028/126/2725 3996/125/1604
f 4061/127/2729 4060/127/1664 4028/126/2725
f 4093/128/1696 4092/128/1695 4060/127/1664
f 4125/129/1726 4124/129/1725 4092/128/1695
f 4157/130/1756 4156/130/2745 4124/129/1725
f 4189/131/1786 4188/131/2750 4156/130/2745
f 4221/132/1816 4220/132/1815 4188/131/2750
f 4253/133/1848 4252/133/2757 4220/132/1815
f 4285/134/2764 4284/134/1877 4252/133/2757
f 4317/135/1909 4316/135/1908 4284/134/1877
f 4349/136/1939 4348/136/1938 4316/135/1908
f 4381/137/1969 4380/137/1968 4348/136/1938
f 4413/138/1999 4412/138/2791 4380/137/1968
f 4445/139/2029 4444/139/2028 4412/138/2791
f 4477/140/2060 4476/140/2059 4444/139/2028
f 4509/141/2090 4508/141/2831 4476/140/2059
f 4541/142/2120 4540/142/2838 4508/141/2831
f 4573/143/2150 4572/143/2854 4540/142/2838
f 4605/144/2866 4604/144/2179 4572/143/2854
f 4637/145/2210 4636/145/2881 4604/144/2179
f 4669/146/2240 4668/146/2893 4636/145/2881
f 4701/147/2270 4700/147/2902 4668/146/2893
f 4733/148/2300 4732/148/2299 4700/147/2902
f 4765/149/2947 4764/149/2946 4732/148/2299
f 2046/64/2000 2045/64/1999 2013/63/1969
f 2078/65/2030 2077/65/2029 2045/64/1999
f 2110/66/2061 2109/66/2060 2077/65/2029
f 2142/67/2091 2141/67/2090 2109/66/2060
f 2174/68/2121 2173/68/2120 2141/67/2090
f 2206/69/2151 2205/69/2150 2173/68/2120
f 2238/70/2181 2237/70/2180 2205/69/2150
f 2270/71/2211 2269/71/2210 2237/70/2180
f 2302/72/2241 2301/72/2240 2269/71/2210
f 2334/73/2271 2333/73/2270 2301/72/2240
f 2366/74/2301 2365/74/2300 2333/73/2270
f 2398/75/2331 2397/75/2330 2365/74/2300
f 2430/76/2344 2429/76/61 2397/75/2330
f 2462/77/2355 2461/77/2354 2429/76/61
f 2494/78/126 2493/78/125 2461/77/2354
f 2526/79/158 2525/79/157 2493/78/125
f 2558/80/190 2557/80/189 2525/79/157
f 2590/81/222 2589/81/221 2557/80/189
f 2622/82/254 2621/82/253 2589/81/221
f 2654/83/286 2653/83/285 2621/82/253
f 2686/84/318 2685/84/2391 2653/83/285
f 2718/85/350 2717/85/2402 2685/84/2391
f 2750/86/382 2749/86/381 2717/85/2402
f 2782/87/414 2781/87/413 2749/86/381
f 2814/88/446 2813/88/445 2781/87/413
f 2846/89/478 2845/89/477 2813/88/445
f 2878/90/510 2877/90/509 2845/89/477
f 2910/91/542 2909/91/541 2877/90/509
f 2942/92/574 2941/92/573 2909/91/541
f 2974/93/606 2973/93/605 2941/92/573
f 3006/94/638 3005/94/637 2973/93/605
f 3038/95/670 3037/95/669 3005/94/637
f 3070/96/702 3069/96/701 3037/95/669
f 3102/97/734 3101/97/2460 3069/96/701
f 3134/98/2467 3133/98/2466 3101/97/2460
f 3166/99/2470 3165/99/797 3133/98/2466
f 3198/100/830 3197/100/829 3165/99/797
f 3230/101/862 3229/101/861 3197/100/829
f 3262/102/2497 3261/102/893 3229/101/861
f 3294/103/926 3293/103/925 3261/102/893
f 3326/104/958 3325/104/2511 3293/103/925
f 3358/105/990 3357/105/989 3325/104/2511
f 3390/106/2526 3389/106/1021 3357/105/989
f 3422/107/1054 3421/107/2535 3389/106/1021
f 3454/108/2546 3453/108/2545 3421/107/2535
f 3486/109/2557 3485/109/2556 3453/108/2545
f 3518/110/2572 3517/110/2571 3485/109/2556
f 3550/111/1182 3549/111/1181 3517/110/2571
f 3582/112/1214 3581/112/2588 3549/111/1181
f 3614/113/2599 3613/113/1243 3581/112/2588
f 3646/114/2609 3645/114/1273 3613/113/1243
f 3678/115/1304 3677/115/1303 3645/114/1273
f 3710/116/1335 3709/116/1334 3677/115/1303
f 3742/117/2643 3741/117/1364 3709/116/1334
f 3774/118/1395 3773/118/2653 3741/117/1364
f 3806/119/1425 3805/119/1424 3773/118/2653
f 3838/120/1455 3837/120/2677 3805/119/1424
f 3870/121/2691 3869/121/2690 3837/120/2677
f 3902/122/1516 3901/122/1515 3869/121/2690
f 3934/123/1546 3933/123/1545 3901/122/1515
f 3966/124/1576 3965/124/1575 3933/123/1545
f 3998/125/1606 3997/125/2720 3965/124/1575
f 4030/126/1636 4029/126/1635 3997/125/2720
f 4062/127/1666 4061/127/2729 4029/126/1635
f 4094/128/2737 4093/128/1696 4061/127/2729
f 4126/129/1727 4125/129/1726 4093/128/1696
f 4158/130/1757 4157/130/1756 4125/129/1726
f 4190/131/1787 4189/131/1786 4157/130/1756
f 4222/132/1817 4221/132/1816 4189/131/1786
f 4254/133/1849 4253/133/1848 4221/132/1816
f 4286/134/1879 4285/134/2764 4253/133/1848
f 4318/135/1910 4317/135/1909 4285/134/2764
f 4350/136/2774 4349/136/1939 4317/135/1909
f 4382/137/2783 4381/137/1969 4349/136/1939
f 4414/138/2000 4413/138/1999 4381/137/1969
f 4446/139/2030 4445/139/2029 4413/138/1999
f 4478/140/2061 4477/140/2060 4445/139/2029
f 4510/141/2091 4509/141/2090 4477/140/2060
f 4542/142/2839 4541/142/2120 4509/141/2090
f 4574/143/2855 4573/143/2150 4541/142/2120
f 4606/144/2181 4605/144/2866 4573/143/2150
f 4638/145/2211 4637/145/2210 4605/144/2866
f 4670/146/2241 4669/146/2240 4637/145/2210
f 4702/147/2271 4701/147/2270 4669/146/2240
f 4734/148/2301 4733/148/2300 4701/147/2270
f 4766/149/2948 4765/149/2947 4733/148/2300
f 2047/64/2001 2046/64/2000 2014/63/1970
f 2079/65/2031 2078/65/2030 2046/64/2000
f 2111/66/2062 2110/66/2061 2078/65/2030
f 2143/67/2092 2142/67/2091 2110/66/2061
f 2175/68/2122 2174/68/2121 2142/67/2091
f 2207/69/2152 2206/69/2151 2174/68/2121
f 2239/70/2182 2238/70/2181 2206/69/2151
f 2271/71/2212 2270/71/2211 2238/70/2181
f 2303/72/2242 2302/72/2241 2270/71/2211
f 2335/73/2272 2334/73/2271 2302/72/2241
f 2367/74/2302 2366/74/2301 2334/73/2271
f 2399/75/2332 2398/75/2331 2366/74/2301
f 2431/76/63 2430/76/2344 2398/75/2331
f 2463/77/2356 2462/77/2355 2430/76/2344
f 2495/78/127 2494/78/126 2462/77/2355
f 2527/79/159 2526/79/158 2494/78/126
f 2559/80/191 2558/80/190 2526/79/158
f 2591/81/223 2590/81/222 2558/80/190
f 2623/82/255 2622/82/254 2590/81/222
f 2655/83/287 2654/83/286 2622/82/254
f 2687/84/319 2686/84/318 2654/83/286
f 2719/85/351 2718/85/350 2686/84/318
f 2751/86/383 2750/86/382 2718/85/350
f 2783/87/415 2782/87/414 2750/86/382
f 2815/88/447 2814/88/446 2782/87/414
f 2847/89/479 2846/89/478 2814/88/446
f 2879/90/511 2878/90/510 2846/89/478
f 2911/91/543 2910/91/542 2878/90/510
f 2943/92/575 2942/92/574 2910/91/542
f 2975/93/607 2974/93/606 2942/92/574
f 3007/94/639 3006/94/638 2974/93/606
f 3039/95/671 3038/95/670 3006/94/638
f 3071/96/703 3070/96/702 3038/95/670
f 3103/97/735 3102/97/734 3070/96/702
f 3135/98/767 3134/98/2467 3102/97/734
f 3167/99/799 3166/99/2470 3134/98/2467
f 3199/100/831 3198/100/830 3166/99/2470
f 3231/101/863 3230/101/862 3198/100/830
f 3263/102/895 3262/102/2497 3230/101/862
f 3295/103/927 3294/103/926 3262/102/2497
f 3327/104/959 3326/104/958 3294/103/926
f 3359/105/991 3358/105/990 3326/104/958
f 3391/106/1023 3390/106/2526 3358/105/990
f 3423/107/2536 3422/107/1054 3390/106/2526
f 3455/108/1087 3454/108/2546 3422/107/1054
f 3487/109/2558 3486/109/2557 3454/108/2546
f 3519/110/1151 3518/110/2572 3486/109/2557
f 3551/111/1183 3550/111/1182 3518/110/2572
f 3583/112/1215 3582/112/1214 3550/111/1182
f 3615/113/1245 3614/113/2599 3582/112/1214
f 3647/114/1275 3646/114/2609 3614/113/2599
f 3679/115/2620 3678/115/1304 3646/114/2609
f 3711/116/1336 3710/116/1335 3678/115/1304
f 3743/117/1366 3742/117/2643 3710/116/1335
f 3775/118/1396 3774/118/1395 3742/117/2643
f 3807/119/1426 3806/119/1425 3774/118/1395
f 3839/120/2678 3838/120/1455 3806/119/1425
f 3871/121/1487 3870/121/2691 3838/120/1455
f 3903/122/1517 3902/122/1516 3870/121/2691
f 3935/123/1547 3934/123/1546 3902/122/1516
f 3967/124/1577 3966/124/1576 3934/123/1546
f 3999/125/1607 3998/125/1606 3966/124/1576
f 4031/126/1637 4030/126/1636 3998/125/1606
f 4063/127/1667 4062/127/1666 4030/126/1636
f 4095/128/1698 4094/128/2737 4062/127/1666
f 4127/129/1728 4126/129/1727 4094/128/2737
f 4159/130/1758 4158/130/1757 4126/129/1727
f 4191/131/1788 4190/131/1787 4158/130/1757
f 4223/132/1818 4222/132/1817 4190/131/1787
f 4255/133/1850 4254/133/1849 4222/132/1817
f 4287/134/1880 4286/134/1879 4254/133/1849
f 4319/135/1911 4318/135/1910 4286/134/1879
f 4351/136/1941 4350/136/2774 4318/135/1910
f 4383/137/1971 4382/137/2783 4350/136/2774
f 4415/138/2792 4414/138/2000 4382/137/2783
f 4447/139/2031 4446/139/2030 4414/138/2000
f 4479/140/2062 4478/140/2061 4446/139/2030
f 4511/141/2092 4510/141/2091 4478/140/2061
f 4543/142/2122 4542/142/2839 4510/141/2091
f 4575/143/2152 4574/143/2855 4542/142/2839
f 4607/144/2867 4606/144/2181 4574/143/2855
f 4639/145/2882 4638/145/2211 4606/144/2181
f 4671/146/2242 4670/146/2241 4638/145/2211
f 4703/147/2903 4702/147/2271 4670/146/2241
f 4735/148/2302 4734/148/2301 4702/147/2271
f 4767/149/2949 4766/149/2948 4734/148/2301
f 2048/64/2002 2047/64/2001 2015/63/1971
f 2080/65/2032 2079/65/2031 2047/64/2001
f 2112/66/2063 2111/66/2062 2079/65/2031
f 2144/67/2093 2143/67/2092 2111/66/2062
f 2176/68/2123 2175/68/2122 2143/67/2092
f 2208/69/2153 2207/69/2152 2175/68/2122
f 2240/70/2183 2239/70/2182 2207/69/2152
f 2272/71/2213 2271/71/2212 2239/70/2182
f 2304/72/2243 2303/72/2242 2271/71/2212
f 2336/73/2273 2335/73/2272 2303/72/2242
f 2368/74/2303 2367/74/2302 2335/73/2272
f 2400/75/2333 2399/75/2332 2367/74/2302
f 2432/76/2345 2431/76/63 2399/75/2332
f 2464/77/96 2463/77/2356 2431/76/63
f 2496/78/128 2495/78/127 2463/77/2356
f 2528/79/160 2527/79/159 2495/78/127
f 2560/80/192 2559/80/191 2527/79/159
f 2592/81/224 2591/81/223 2559/80/191
f 2624/82/2380 2623/82/255 2591/81/223
f 2656/83/2386 2655/83/287 2623/82/255
f 2688/84/320 2687/84/319 2655/83/287
f 2720/85/352 2719/85/351 2687/84/319
f 2752/86/384 2751/86/383 2719/85/351
f 2784/87/416 2783/87/415 2751/86/383
f 2816/88/448 2815/88/447 2783/87/415
f 2848/89/480 2847/89/479 2815/88/447
f 2880/90/512 2879/90/511 2847/89/479
f 2912/91/544 2911/91/543 2879/90/511
f 2944/92/576 2943/92/575 2911/91/543
f 2976/93/608 2975/93/607 2943/92/575
f 3008/94/640 3007/94/639 2975/93/607
f 3040/95/672 3039/95/671 3007/94/639
f 3072/96/704 3071/96/703 3039/95/671
f 3104/97/736 3103/97/735 3071/96/703
f 3136/98/768 3135/98/767 3103/97/735
f 3168/99/800 3167/99/799 3135/98/767
f 3200/100/832 3199/100/831 3167/99/799
f 3232/101/864 3231/101/863 3199/100/831
f 3264/102/896 3263/102/895 3231/101/863
f 3296/103/928 3295/103/927 3263/102/895
f 3328/104/960 3327/104/959 3295/103/927
f 3360/105/992 3359/105/991 3327/104/959
f 3392/106/1024 3391/106/1023 3359/105/991
f 3424/107/1056 3423/107/2536 3391/106/1023
f 3456/108/1088 3455/108/1087 3423/107/2536
f 3488/109/1120 3487/109/2558 3455/108/1087
f 3520/110/2573 3519/110/1151 3487/109/2558
f 3552/111/2580 3551/111/1183 3519/110/1151
f 3584/112/2589 3583/112/1215 3551/111/1183
f 3616/113/1246 3615/113/1245 3583/112/1215
f 3648/114/1276 3647/114/1275 3615/113/1245
f 3680/115/1306 3679/115/2620 3647/114/1275
f 3712/116/2629 3711/116/1336 3679/115/2620
f 3744/117/2644 3743/117/1366 3711/116/1336
f 3776/118/1397 3775/118/1396 3743/117/1366
f 3808/119/1427 3807/119/1426 3775/118/1396
f 3840/120/2679 3839/120/2678 3807/119/1426
f 3872/121/1488 3871/121/1487 3839/120/2678
f 3904/122/1518 3903/122/1517 3871/121/1487
f 3936/123/1548 3935/123/1547 3903/122/1517
f 3968/124/1578 3967/124/1577 3935/123/1547
f 4000/125/1608 3999/125/1607 3967/124/1577
f 4032/126/1638 4031/126/1637 3999/125/1607
f 4064/127/1668 4063/127/1667 4031/126/1637
f 4096/128/1699 4095/128/1698 4063/127/1667
f 4128/129/1729 4127/129/1728 4095/128/1698
f 4160/130/1759 4159/130/1758 4127/129/1728
f 4192/131/1789 4191/131/1788 4159/130/1758
f 4224/132/1819 4223/132/1818 4191/131/1788
f 4256/133/1851 4255/133/1850 4223/132/1818
f 4288/134/1881 4287/134/1880 4255/133/1850
f 4320/135/1912 4319/135/1911 4287/134/1880
f 4352/136/2775 4351/136/1941 4319/135/1911
f 4384/137/1972 4383/137/1971 4351/136/1941
f 4416/138/2002 4415/138/2792 4383/137/1971
f 4448/139/2032 4447/139/2031 4415/138/2792
f 4480/140/2063 4479/140/2062 4447/139/2031
f 4512/141/2093 4511/141/2092 4479/140/2062
f 4544/142/2123 4543/142/2122 4511/141/2092
f 4576/143/2153 4575/143/2152 4543/142/2122
f 4608/144/2183 4607/144/2867 4575/143/2152
f 4640/145/2883 4639/145/2882 4607/144/2867
f 4672/146/2243 4671/146/2242 4639/145/2882
f 4704/147/2904 4703/147/2903 4671/146/2242
f 4736/148/2918 4735/148/2302 4703/147/2903
f 4768/149/2950 4767/149/2949 4735/148/2302
f 2017/64/1973 2048/64/2002 2016/63/1972
f 2049/65/2003 2080/65/2032 2048/64/2002
f 2081/66/2033 2112/66/2063 2080/65/2032
f 2113/67/2064 2144/67/2093 2112/66/2063
f 2145/68/2094 2176/68/2123 2144/67/2093
f 2177/69/2124 2208/69/2153 2176/68/2123
f 2209/70/2154 2240/70/2183 2208/69/2153
f 2241/71/2184 2272/71/2213 2240/70/2183
f 2273/72/2214 2304/72/2243 2272/71/2213
f 2305/73/2244 2336/73/2273 2304/72/2243
f 2337/74/2274 2368/74/2303 2336/73/2273
f 2369/75/2304 2400/75/2333 2368/74/2303
f 2401/76/33 2432/76/2345 2400/75/2333
f 2433/77/2346 2464/77/96 2432/76/2345
f 2465/78/97 2496/78/128 2464/77/96
f 2497/79/129 2528/79/160 2496/78/128
f 2529/80/161 2560/80/192 2528/79/160
f 2561/81/193 2592/81/224 2560/80/192
f 2593/82/225 2624/82/2380 2592/81/224
f 2625/83/257 2656/83/2386 2624/82/2380
f 2657/84/289 2688/84/320 2656/83/2386
f 2689/85/321 2720/85/352 2688/84/320
f 2721/86/353 2752/86/384 2720/85/352
f 2753/87/385 2784/87/416 2752/86/384
f 2785/88/417 2816/88/448 2784/87/416
f 2817/89/449 2848/89/480 2816/88/448
f 2849/90/481 2880/90/512 2848/89/480
f 2881/91/513 2912/91/544 2880/90/512
f 2913/92/545 2944/92/576 2912/91/544
f 2945/93/577 2976/93/608 2944/92/576
f 2977/94/609 3008/94/640 2976/93/608
f 3009/95/641 3040/95/672 3008/94/640
f 3041/96/673 3072/96/704 3040/95/672
f 3073/97/705 3104/97/736 3072/96/704
f 3105/98/737 3136/98/768 3104/97/736
f 3137/99/769 3168/99/800 3136/98/768
f 3169/100/801 3200/100/832 3168/99/800
f 3201/101/833 3232/101/864 3200/100/832
f 3233/102/2487 3264/102/896 3232/101/864
f 3265/103/897 3296/103/928 3264/102/896
f 3297/104/929 3328/104/960 3296/103/928
f 3329/105/961 3360/105/992 3328/104/960
f 3361/106/993 3392/106/1024 3360/105/992
f 3393/107/1025 3424/107/1056 3392/106/1024
f 3425/108/1057 3456/108/1088 3424/107/1056
f 3457/109/1089 3488/109/1120 3456/108/1088
f 3489/110/2559 3520/110/2573 3488/109/1120
f 3521/111/1153 3552/111/2580 3520/110/2573
f 3553/112/2581 3584/112/2589 3552/111/2580
f 3585/113/1217 3616/113/1246 3584/112/2589
f 3617/114/1247 3648/114/1276 3616/113/1246
f 3649/115/2610 3680/115/1306 3648/114/1276
f 3681/116/1307 3712/116/2629 3680/115/1306
f 3713/117/1338 3744/117/2644 3712/116/2629
f 3745/118/1368 3776/118/1397 3744/117/2644
f 3777/119/1398 3808/119/1427 3776/118/1397
f 3809/120/1428 3840/120/2679 3808/119/1427
f 3841/121/1458 3872/121/1488 3840/120/2679
f 3873/122/1489 3904/122/1518 3872/121/1488
f 3905/123/1519 3936/123/1548 3904/122/1518
f 3937/124/1549 3968/124/1578 3936/123/1548
f 3969/125/1579 4000/125/1608 3968/124/1578
f 4001/126/1609 4032/126/1638 4000/125/1608
f 4033/127/1639 4064/127/1668 4032/126/1638
f 4065/128/1669 4096/128/1699 4064/127/1668
f 4097/129/1700 4128/129/1729 4096/128/1699
f 4129/130/2742 4160/130/1759 4128/129/1729
f 4161/131/1760 4192/131/1789 4160/130/1759
f 4193/132/1790 4224/132/1819 4192/131/1789
f 4225/133/1820 4256/133/1851 4224/132/1819
f 4257/134/1852 4288/134/1881 4256/133/1851
f 4289/135/1882 4320/135/1912 4288/134/1881
f 4321/136/1913 4352/136/2775 4320/135/1912
f 4353/137/2776 4384/137/1972 4352/136/2775
f 4385/138/1973 4416/138/2002 4384/137/1972
f 4417/139/2003 4448/139/2032 4416/138/2002
f 4449/140/2033 4480/140/2063 4448/139/2032
f 4481/141/2815 4512/141/2093 4480/140/2063
f 4513/142/2094 4544/142/2123 4512/141/2093
f 4545/143/2124 4576/143/2153 4544/142/2123
f 4577/144/2154 4608/144/2183 4576/143/2153
f 4609/145/2868 4640/145/2883 4608/144/2183
f 4641/146/2214 4672/146/2243 4640/145/2883
f 4673/147/2244 4704/147/2904 4672/146/2243
f 4705/148/2905 4736/148/2918 4704/147/2904
f 4737/149/2919 4768/149/2950 4736/148/2918
f 4737/149/2919 4738/149/2920 4739/149/2921
f 4739/149/2921 4740/149/2922 4741/149/2923
f 4741/149/2923 4742/149/2924 4743/149/2925
f 4743/149/2925 4744/149/2926 4745/149/2927
f 4745/149/2927 4746/149/2928 4747/149/2929
f 4747/149/2929 4748/149/2930 4749/149/2931
f 4749/149/2931 4750/149/2932 4751/149/2933
f 4751/149/2933 4752/149/2934 4753/149/2935
f 4753/149/2935 4754/149/2936 4755/149/2937
f 4755/149/2937 4756/149/2938 4757/149/2939
f 4757/149/2939 4758/149/2940 4759/149/2941
f 4759/149/2941 4760/149/2942 4761/149/2943
f 4761/149/2943 4762/149/2944 4763/149/2945
f 4763/149/2945 4764/149/2946 4765/149/2947
f 4765/149/2947 4766/149/2948 4767/149/2949
f 4767/149/2949 4768/149/2950 4737/149/2919
f 4737/149/2919 4739/149/2921 4741/149/2923
f 4741/149/2923 4743/149/2925 4745/149/2927
f 4745/149/2927 4747/149/2929 4749/149/2931
f 4749/149/2931 4751/149/2933 4753/149/2935
f 4753/149/2935 4755/149/2937 4757/149/2939
f 4757/149/2939 4759/149/2941 4761/149/2943
f 4761/149/2943 4763/149/2945 4765/149/2947
f 4765/149/2947 4767/149/2949 4737/149/2919
f 4737/149/2919 4741/149/2923 4745/149/2927
f 4745/149/2927 4749/149/2931 4753/149/2935
f 4753/149/2935 4757/149/2939 4761/149/2943
f 4761/149/2943 4765/149/2947 4737/149/2919
f 4737/149/2919 4745/149/2927 4753/149/2935
